ISO-10303-21;
HEADER;
/* Generated by software containing ST-Developer
 * from STEP Tools, Inc. (www.steptools.com) 
 */
/* OPTION: using custom renumber hook */

FILE_DESCRIPTION(
/* description */ ('STEP AP242 Edition 2',
'CAx-IF Rec.Pracs.---Representation and Presentation of Product Manufa
cturing Information (PMI)---4.0---2014-10-13',
'CAx-IF Rec.Pracs.---3D Tessellated Geometry---0.4---2014-09-14','2;1',
'CAx-IF Rec.Pracs.---User Defined Attributes---1.5---2016-08-15'),
/* implementation_level */ '2;1');

FILE_NAME(
/* name */ '6a872604cf9eeead2ad86f52',
/* time_stamp */ '2026-08-20T16:06:29Z',
/* author */ (''),
/* organization */ (''),
/* preprocessor_version */ 'ST-DEVELOPER v20',
/* originating_system */ 'ONSHAPE BY PTC INC, 1.219',
/* authorisation */ '  ');

FILE_SCHEMA (('AP242_MANAGED_MODEL_BASED_3D_ENGINEERING_MIM_LF { 1 0 10303 442 3 1 4 }'));
ENDSEC;

DATA;
#10=B_SPLINE_SURFACE_WITH_KNOTS('',3,1,((#12158,#12159),(#12160,#12161),
(#12162,#12163),(#12164,#12165)),.SURF_OF_LINEAR_EXTRUSION.,.F.,.F.,.F.,
(4,4),(2,2),(0.,1.),(0.,1.),.PIECEWISE_BEZIER_KNOTS.);
#11=B_SPLINE_SURFACE_WITH_KNOTS('',3,1,((#12171,#12172),(#12173,#12174),
(#12175,#12176),(#12177,#12178)),.SURF_OF_LINEAR_EXTRUSION.,.F.,.F.,.F.,
(4,4),(2,2),(0.,1.),(0.,1.),.PIECEWISE_BEZIER_KNOTS.);
#12=B_SPLINE_SURFACE_WITH_KNOTS('',3,1,((#12184,#12185),(#12186,#12187),
(#12188,#12189),(#12190,#12191)),.SURF_OF_LINEAR_EXTRUSION.,.F.,.F.,.F.,
(4,4),(2,2),(0.,1.),(0.,1.),.PIECEWISE_BEZIER_KNOTS.);
#13=B_SPLINE_SURFACE_WITH_KNOTS('',3,1,((#12197,#12198),(#12199,#12200),
(#12201,#12202),(#12203,#12204)),.SURF_OF_LINEAR_EXTRUSION.,.F.,.F.,.F.,
(4,4),(2,2),(0.,1.),(0.,1.),.PIECEWISE_BEZIER_KNOTS.);
#14=B_SPLINE_SURFACE_WITH_KNOTS('',3,1,((#12210,#12211),(#12212,#12213),
(#12214,#12215),(#12216,#12217)),.SURF_OF_LINEAR_EXTRUSION.,.F.,.F.,.F.,
(4,4),(2,2),(0.,1.),(0.,1.),.PIECEWISE_BEZIER_KNOTS.);
#15=B_SPLINE_SURFACE_WITH_KNOTS('',3,1,((#12227,#12228),(#12229,#12230),
(#12231,#12232),(#12233,#12234)),.SURF_OF_LINEAR_EXTRUSION.,.F.,.F.,.F.,
(4,4),(2,2),(0.,1.),(0.,1.),.PIECEWISE_BEZIER_KNOTS.);
#16=B_SPLINE_SURFACE_WITH_KNOTS('',3,1,((#12244,#12245),(#12246,#12247),
(#12248,#12249),(#12250,#12251)),.SURF_OF_LINEAR_EXTRUSION.,.F.,.F.,.F.,
(4,4),(2,2),(0.,1.),(0.,1.),.PIECEWISE_BEZIER_KNOTS.);
#17=B_SPLINE_SURFACE_WITH_KNOTS('',3,1,((#12257,#12258),(#12259,#12260),
(#12261,#12262),(#12263,#12264)),.SURF_OF_LINEAR_EXTRUSION.,.F.,.F.,.F.,
(4,4),(2,2),(0.,1.),(0.,1.),.PIECEWISE_BEZIER_KNOTS.);
#18=B_SPLINE_SURFACE_WITH_KNOTS('',3,1,((#12278,#12279),(#12280,#12281),
(#12282,#12283),(#12284,#12285)),.SURF_OF_LINEAR_EXTRUSION.,.F.,.F.,.F.,
(4,4),(2,2),(0.,1.),(0.,1.),.PIECEWISE_BEZIER_KNOTS.);
#19=B_SPLINE_SURFACE_WITH_KNOTS('',3,1,((#12320,#12321),(#12322,#12323),
(#12324,#12325),(#12326,#12327)),.SURF_OF_LINEAR_EXTRUSION.,.F.,.F.,.F.,
(4,4),(2,2),(0.,1.),(0.,1.),.PIECEWISE_BEZIER_KNOTS.);
#20=B_SPLINE_SURFACE_WITH_KNOTS('',3,1,((#12333,#12334),(#12335,#12336),
(#12337,#12338),(#12339,#12340)),.SURF_OF_LINEAR_EXTRUSION.,.F.,.F.,.F.,
(4,4),(2,2),(0.,1.),(0.,1.),.PIECEWISE_BEZIER_KNOTS.);
#21=B_SPLINE_SURFACE_WITH_KNOTS('',3,1,((#12346,#12347),(#12348,#12349),
(#12350,#12351),(#12352,#12353)),.SURF_OF_LINEAR_EXTRUSION.,.F.,.F.,.F.,
(4,4),(2,2),(0.,1.),(0.,1.),.PIECEWISE_BEZIER_KNOTS.);
#22=B_SPLINE_SURFACE_WITH_KNOTS('',3,1,((#12359,#12360),(#12361,#12362),
(#12363,#12364),(#12365,#12366)),.SURF_OF_LINEAR_EXTRUSION.,.F.,.F.,.F.,
(4,4),(2,2),(0.,1.),(0.,1.),.PIECEWISE_BEZIER_KNOTS.);
#23=B_SPLINE_SURFACE_WITH_KNOTS('',3,1,((#12372,#12373),(#12374,#12375),
(#12376,#12377),(#12378,#12379)),.SURF_OF_LINEAR_EXTRUSION.,.F.,.F.,.F.,
(4,4),(2,2),(0.,1.),(0.,1.),.PIECEWISE_BEZIER_KNOTS.);
#24=B_SPLINE_SURFACE_WITH_KNOTS('',3,1,((#12389,#12390),(#12391,#12392),
(#12393,#12394),(#12395,#12396)),.SURF_OF_LINEAR_EXTRUSION.,.F.,.F.,.F.,
(4,4),(2,2),(0.,1.),(0.,1.),.PIECEWISE_BEZIER_KNOTS.);
#25=B_SPLINE_SURFACE_WITH_KNOTS('',3,1,((#12406,#12407),(#12408,#12409),
(#12410,#12411),(#12412,#12413)),.SURF_OF_LINEAR_EXTRUSION.,.F.,.F.,.F.,
(4,4),(2,2),(0.,1.),(0.,1.),.PIECEWISE_BEZIER_KNOTS.);
#26=B_SPLINE_SURFACE_WITH_KNOTS('',3,1,((#12419,#12420),(#12421,#12422),
(#12423,#12424),(#12425,#12426)),.SURF_OF_LINEAR_EXTRUSION.,.F.,.F.,.F.,
(4,4),(2,2),(0.,1.),(0.,1.),.PIECEWISE_BEZIER_KNOTS.);
#27=B_SPLINE_SURFACE_WITH_KNOTS('',3,1,((#12440,#12441),(#12442,#12443),
(#12444,#12445),(#12446,#12447)),.SURF_OF_LINEAR_EXTRUSION.,.F.,.F.,.F.,
(4,4),(2,2),(0.,1.),(0.,1.),.PIECEWISE_BEZIER_KNOTS.);
#28=B_SPLINE_SURFACE_WITH_KNOTS('',3,1,((#12460,#12461),(#12462,#12463),
(#12464,#12465),(#12466,#12467)),.SURF_OF_LINEAR_EXTRUSION.,.F.,.F.,.F.,
(4,4),(2,2),(0.,1.),(0.,1.),.PIECEWISE_BEZIER_KNOTS.);
#29=B_SPLINE_SURFACE_WITH_KNOTS('',3,1,((#12516,#12517),(#12518,#12519),
(#12520,#12521),(#12522,#12523)),.SURF_OF_LINEAR_EXTRUSION.,.F.,.F.,.F.,
(4,4),(2,2),(0.,1.),(0.,1.),.PIECEWISE_BEZIER_KNOTS.);
#30=B_SPLINE_SURFACE_WITH_KNOTS('',3,1,((#12533,#12534),(#12535,#12536),
(#12537,#12538),(#12539,#12540)),.SURF_OF_LINEAR_EXTRUSION.,.F.,.F.,.F.,
(4,4),(2,2),(0.,1.),(0.,1.),.PIECEWISE_BEZIER_KNOTS.);
#31=B_SPLINE_SURFACE_WITH_KNOTS('',3,1,((#12550,#12551),(#12552,#12553),
(#12554,#12555),(#12556,#12557)),.SURF_OF_LINEAR_EXTRUSION.,.F.,.F.,.F.,
(4,4),(2,2),(0.,1.),(0.,1.),.PIECEWISE_BEZIER_KNOTS.);
#32=B_SPLINE_SURFACE_WITH_KNOTS('',3,1,((#12565,#12566),(#12567,#12568),
(#12569,#12570),(#12571,#12572)),.SURF_OF_LINEAR_EXTRUSION.,.F.,.F.,.F.,
(4,4),(2,2),(0.,1.),(0.,1.),.PIECEWISE_BEZIER_KNOTS.);
#33=B_SPLINE_SURFACE_WITH_KNOTS('',3,1,((#12578,#12579),(#12580,#12581),
(#12582,#12583),(#12584,#12585)),.SURF_OF_LINEAR_EXTRUSION.,.F.,.F.,.F.,
(4,4),(2,2),(0.,1.),(0.,1.),.PIECEWISE_BEZIER_KNOTS.);
#34=B_SPLINE_SURFACE_WITH_KNOTS('',3,1,((#12591,#12592),(#12593,#12594),
(#12595,#12596),(#12597,#12598)),.SURF_OF_LINEAR_EXTRUSION.,.F.,.F.,.F.,
(4,4),(2,2),(0.,1.),(0.,1.),.PIECEWISE_BEZIER_KNOTS.);
#35=B_SPLINE_SURFACE_WITH_KNOTS('',3,1,((#12604,#12605),(#12606,#12607),
(#12608,#12609),(#12610,#12611)),.SURF_OF_LINEAR_EXTRUSION.,.F.,.F.,.F.,
(4,4),(2,2),(0.,1.),(0.,1.),.PIECEWISE_BEZIER_KNOTS.);
#36=B_SPLINE_SURFACE_WITH_KNOTS('',3,1,((#12617,#12618),(#12619,#12620),
(#12621,#12622),(#12623,#12624)),.SURF_OF_LINEAR_EXTRUSION.,.F.,.F.,.F.,
(4,4),(2,2),(0.,1.),(0.,1.),.PIECEWISE_BEZIER_KNOTS.);
#37=B_SPLINE_SURFACE_WITH_KNOTS('',3,1,((#12630,#12631),(#12632,#12633),
(#12634,#12635),(#12636,#12637)),.SURF_OF_LINEAR_EXTRUSION.,.F.,.F.,.F.,
(4,4),(2,2),(0.,1.),(0.,1.),.PIECEWISE_BEZIER_KNOTS.);
#38=B_SPLINE_SURFACE_WITH_KNOTS('',3,1,((#12643,#12644),(#12645,#12646),
(#12647,#12648),(#12649,#12650)),.SURF_OF_LINEAR_EXTRUSION.,.F.,.F.,.F.,
(4,4),(2,2),(0.,1.),(0.,1.),.PIECEWISE_BEZIER_KNOTS.);
#39=B_SPLINE_SURFACE_WITH_KNOTS('',3,1,((#12660,#12661),(#12662,#12663),
(#12664,#12665),(#12666,#12667)),.SURF_OF_LINEAR_EXTRUSION.,.F.,.F.,.F.,
(4,4),(2,2),(0.,1.),(0.,1.),.PIECEWISE_BEZIER_KNOTS.);
#40=B_SPLINE_SURFACE_WITH_KNOTS('',3,1,((#12673,#12674),(#12675,#12676),
(#12677,#12678),(#12679,#12680)),.SURF_OF_LINEAR_EXTRUSION.,.F.,.F.,.F.,
(4,4),(2,2),(0.,1.),(0.,1.),.PIECEWISE_BEZIER_KNOTS.);
#41=B_SPLINE_SURFACE_WITH_KNOTS('',3,1,((#12694,#12695),(#12696,#12697),
(#12698,#12699),(#12700,#12701)),.SURF_OF_LINEAR_EXTRUSION.,.F.,.F.,.F.,
(4,4),(2,2),(0.,1.),(0.,1.),.PIECEWISE_BEZIER_KNOTS.);
#42=B_SPLINE_SURFACE_WITH_KNOTS('',3,1,((#12707,#12708),(#12709,#12710),
(#12711,#12712),(#12713,#12714)),.SURF_OF_LINEAR_EXTRUSION.,.F.,.F.,.F.,
(4,4),(2,2),(0.,1.),(0.,1.),.PIECEWISE_BEZIER_KNOTS.);
#43=B_SPLINE_SURFACE_WITH_KNOTS('',3,1,((#12718,#12719),(#12720,#12721),
(#12722,#12723),(#12724,#12725)),.SURF_OF_LINEAR_EXTRUSION.,.F.,.F.,.F.,
(4,4),(2,2),(0.,1.),(0.,1.),.PIECEWISE_BEZIER_KNOTS.);
#44=B_SPLINE_SURFACE_WITH_KNOTS('',3,1,((#12762,#12763),(#12764,#12765),
(#12766,#12767),(#12768,#12769)),.SURF_OF_LINEAR_EXTRUSION.,.F.,.F.,.F.,
(4,4),(2,2),(0.,1.),(0.,1.),.PIECEWISE_BEZIER_KNOTS.);
#45=B_SPLINE_SURFACE_WITH_KNOTS('',3,1,((#12777,#12778),(#12779,#12780),
(#12781,#12782),(#12783,#12784)),.SURF_OF_LINEAR_EXTRUSION.,.F.,.F.,.F.,
(4,4),(2,2),(0.,1.),(0.,1.),.PIECEWISE_BEZIER_KNOTS.);
#46=B_SPLINE_SURFACE_WITH_KNOTS('',3,1,((#12790,#12791),(#12792,#12793),
(#12794,#12795),(#12796,#12797)),.SURF_OF_LINEAR_EXTRUSION.,.F.,.F.,.F.,
(4,4),(2,2),(0.,1.),(0.,1.),.PIECEWISE_BEZIER_KNOTS.);
#47=B_SPLINE_SURFACE_WITH_KNOTS('',3,1,((#12803,#12804),(#12805,#12806),
(#12807,#12808),(#12809,#12810)),.SURF_OF_LINEAR_EXTRUSION.,.F.,.F.,.F.,
(4,4),(2,2),(0.,1.),(0.,1.),.PIECEWISE_BEZIER_KNOTS.);
#48=B_SPLINE_SURFACE_WITH_KNOTS('',3,1,((#12816,#12817),(#12818,#12819),
(#12820,#12821),(#12822,#12823)),.SURF_OF_LINEAR_EXTRUSION.,.F.,.F.,.F.,
(4,4),(2,2),(0.,1.),(0.,1.),.PIECEWISE_BEZIER_KNOTS.);
#49=B_SPLINE_SURFACE_WITH_KNOTS('',3,1,((#12829,#12830),(#12831,#12832),
(#12833,#12834),(#12835,#12836)),.SURF_OF_LINEAR_EXTRUSION.,.F.,.F.,.F.,
(4,4),(2,2),(0.,1.),(0.,1.),.PIECEWISE_BEZIER_KNOTS.);
#50=B_SPLINE_SURFACE_WITH_KNOTS('',3,1,((#12842,#12843),(#12844,#12845),
(#12846,#12847),(#12848,#12849)),.SURF_OF_LINEAR_EXTRUSION.,.F.,.F.,.F.,
(4,4),(2,2),(0.,1.),(0.,1.),.PIECEWISE_BEZIER_KNOTS.);
#51=B_SPLINE_SURFACE_WITH_KNOTS('',3,1,((#12855,#12856),(#12857,#12858),
(#12859,#12860),(#12861,#12862)),.SURF_OF_LINEAR_EXTRUSION.,.F.,.F.,.F.,
(4,4),(2,2),(0.,1.),(0.,1.),.PIECEWISE_BEZIER_KNOTS.);
#52=B_SPLINE_SURFACE_WITH_KNOTS('',3,1,((#12868,#12869),(#12870,#12871),
(#12872,#12873),(#12874,#12875)),.SURF_OF_LINEAR_EXTRUSION.,.F.,.F.,.F.,
(4,4),(2,2),(0.,1.),(0.,1.),.PIECEWISE_BEZIER_KNOTS.);
#53=B_SPLINE_SURFACE_WITH_KNOTS('',3,1,((#12889,#12890),(#12891,#12892),
(#12893,#12894),(#12895,#12896)),.SURF_OF_LINEAR_EXTRUSION.,.F.,.F.,.F.,
(4,4),(2,2),(0.,1.),(0.,1.),.PIECEWISE_BEZIER_KNOTS.);
#54=B_SPLINE_SURFACE_WITH_KNOTS('',3,1,((#12902,#12903),(#12904,#12905),
(#12906,#12907),(#12908,#12909)),.SURF_OF_LINEAR_EXTRUSION.,.F.,.F.,.F.,
(4,4),(2,2),(0.,1.),(0.,1.),.PIECEWISE_BEZIER_KNOTS.);
#55=B_SPLINE_SURFACE_WITH_KNOTS('',3,1,((#12915,#12916),(#12917,#12918),
(#12919,#12920),(#12921,#12922)),.SURF_OF_LINEAR_EXTRUSION.,.F.,.F.,.F.,
(4,4),(2,2),(0.,1.),(0.,1.),.PIECEWISE_BEZIER_KNOTS.);
#56=B_SPLINE_SURFACE_WITH_KNOTS('',3,1,((#12928,#12929),(#12930,#12931),
(#12932,#12933),(#12934,#12935)),.SURF_OF_LINEAR_EXTRUSION.,.F.,.F.,.F.,
(4,4),(2,2),(0.,1.),(0.,1.),.PIECEWISE_BEZIER_KNOTS.);
#57=B_SPLINE_SURFACE_WITH_KNOTS('',3,1,((#12941,#12942),(#12943,#12944),
(#12945,#12946),(#12947,#12948)),.SURF_OF_LINEAR_EXTRUSION.,.F.,.F.,.F.,
(4,4),(2,2),(0.,1.),(0.,1.),.PIECEWISE_BEZIER_KNOTS.);
#58=B_SPLINE_SURFACE_WITH_KNOTS('',3,1,((#12954,#12955),(#12956,#12957),
(#12958,#12959),(#12960,#12961)),.SURF_OF_LINEAR_EXTRUSION.,.F.,.F.,.F.,
(4,4),(2,2),(0.,1.),(0.,1.),.PIECEWISE_BEZIER_KNOTS.);
#59=B_SPLINE_SURFACE_WITH_KNOTS('',3,1,((#12967,#12968),(#12969,#12970),
(#12971,#12972),(#12973,#12974)),.SURF_OF_LINEAR_EXTRUSION.,.F.,.F.,.F.,
(4,4),(2,2),(0.,1.),(0.,1.),.PIECEWISE_BEZIER_KNOTS.);
#60=B_SPLINE_SURFACE_WITH_KNOTS('',3,1,((#12980,#12981),(#12982,#12983),
(#12984,#12985),(#12986,#12987)),.SURF_OF_LINEAR_EXTRUSION.,.F.,.F.,.F.,
(4,4),(2,2),(0.,1.),(0.,1.),.PIECEWISE_BEZIER_KNOTS.);
#61=B_SPLINE_SURFACE_WITH_KNOTS('',3,1,((#12993,#12994),(#12995,#12996),
(#12997,#12998),(#12999,#13000)),.SURF_OF_LINEAR_EXTRUSION.,.F.,.F.,.F.,
(4,4),(2,2),(0.,1.),(0.,1.),.PIECEWISE_BEZIER_KNOTS.);
#62=B_SPLINE_SURFACE_WITH_KNOTS('',3,1,((#13018,#13019),(#13020,#13021),
(#13022,#13023),(#13024,#13025)),.SURF_OF_LINEAR_EXTRUSION.,.F.,.F.,.F.,
(4,4),(2,2),(0.,1.),(0.,1.),.PIECEWISE_BEZIER_KNOTS.);
#63=B_SPLINE_SURFACE_WITH_KNOTS('',3,1,((#13031,#13032),(#13033,#13034),
(#13035,#13036),(#13037,#13038)),.SURF_OF_LINEAR_EXTRUSION.,.F.,.F.,.F.,
(4,4),(2,2),(0.,1.),(0.,1.),.PIECEWISE_BEZIER_KNOTS.);
#64=B_SPLINE_SURFACE_WITH_KNOTS('',3,1,((#13681,#13682),(#13683,#13684),
(#13685,#13686),(#13687,#13688)),.SURF_OF_LINEAR_EXTRUSION.,.F.,.F.,.F.,
(4,4),(2,2),(0.,1.),(0.,1.),.PIECEWISE_BEZIER_KNOTS.);
#65=B_SPLINE_SURFACE_WITH_KNOTS('',3,1,((#13694,#13695),(#13696,#13697),
(#13698,#13699),(#13700,#13701)),.SURF_OF_LINEAR_EXTRUSION.,.F.,.F.,.F.,
(4,4),(2,2),(0.,1.),(0.,1.),.PIECEWISE_BEZIER_KNOTS.);
#66=B_SPLINE_SURFACE_WITH_KNOTS('',3,1,((#13707,#13708),(#13709,#13710),
(#13711,#13712),(#13713,#13714)),.SURF_OF_LINEAR_EXTRUSION.,.F.,.F.,.F.,
(4,4),(2,2),(0.,1.),(0.,1.),.PIECEWISE_BEZIER_KNOTS.);
#67=B_SPLINE_SURFACE_WITH_KNOTS('',3,1,((#13720,#13721),(#13722,#13723),
(#13724,#13725),(#13726,#13727)),.SURF_OF_LINEAR_EXTRUSION.,.F.,.F.,.F.,
(4,4),(2,2),(0.,1.),(0.,1.),.PIECEWISE_BEZIER_KNOTS.);
#68=B_SPLINE_SURFACE_WITH_KNOTS('',3,1,((#13733,#13734),(#13735,#13736),
(#13737,#13738),(#13739,#13740)),.SURF_OF_LINEAR_EXTRUSION.,.F.,.F.,.F.,
(4,4),(2,2),(0.,1.),(0.,1.),.PIECEWISE_BEZIER_KNOTS.);
#69=B_SPLINE_SURFACE_WITH_KNOTS('',3,1,((#13750,#13751),(#13752,#13753),
(#13754,#13755),(#13756,#13757)),.SURF_OF_LINEAR_EXTRUSION.,.F.,.F.,.F.,
(4,4),(2,2),(0.,1.),(0.,1.),.PIECEWISE_BEZIER_KNOTS.);
#70=B_SPLINE_SURFACE_WITH_KNOTS('',3,1,((#13767,#13768),(#13769,#13770),
(#13771,#13772),(#13773,#13774)),.SURF_OF_LINEAR_EXTRUSION.,.F.,.F.,.F.,
(4,4),(2,2),(0.,1.),(0.,1.),.PIECEWISE_BEZIER_KNOTS.);
#71=B_SPLINE_SURFACE_WITH_KNOTS('',3,1,((#13780,#13781),(#13782,#13783),
(#13784,#13785),(#13786,#13787)),.SURF_OF_LINEAR_EXTRUSION.,.F.,.F.,.F.,
(4,4),(2,2),(0.,1.),(0.,1.),.PIECEWISE_BEZIER_KNOTS.);
#72=B_SPLINE_SURFACE_WITH_KNOTS('',3,1,((#13801,#13802),(#13803,#13804),
(#13805,#13806),(#13807,#13808)),.SURF_OF_LINEAR_EXTRUSION.,.F.,.F.,.F.,
(4,4),(2,2),(0.,1.),(0.,1.),.PIECEWISE_BEZIER_KNOTS.);
#73=B_SPLINE_SURFACE_WITH_KNOTS('',3,1,((#13843,#13844),(#13845,#13846),
(#13847,#13848),(#13849,#13850)),.SURF_OF_LINEAR_EXTRUSION.,.F.,.F.,.F.,
(4,4),(2,2),(0.,1.),(0.,1.),.PIECEWISE_BEZIER_KNOTS.);
#74=B_SPLINE_SURFACE_WITH_KNOTS('',3,1,((#13856,#13857),(#13858,#13859),
(#13860,#13861),(#13862,#13863)),.SURF_OF_LINEAR_EXTRUSION.,.F.,.F.,.F.,
(4,4),(2,2),(0.,1.),(0.,1.),.PIECEWISE_BEZIER_KNOTS.);
#75=B_SPLINE_SURFACE_WITH_KNOTS('',3,1,((#13869,#13870),(#13871,#13872),
(#13873,#13874),(#13875,#13876)),.SURF_OF_LINEAR_EXTRUSION.,.F.,.F.,.F.,
(4,4),(2,2),(0.,1.),(0.,1.),.PIECEWISE_BEZIER_KNOTS.);
#76=B_SPLINE_SURFACE_WITH_KNOTS('',3,1,((#13882,#13883),(#13884,#13885),
(#13886,#13887),(#13888,#13889)),.SURF_OF_LINEAR_EXTRUSION.,.F.,.F.,.F.,
(4,4),(2,2),(0.,1.),(0.,1.),.PIECEWISE_BEZIER_KNOTS.);
#77=B_SPLINE_SURFACE_WITH_KNOTS('',3,1,((#13895,#13896),(#13897,#13898),
(#13899,#13900),(#13901,#13902)),.SURF_OF_LINEAR_EXTRUSION.,.F.,.F.,.F.,
(4,4),(2,2),(0.,1.),(0.,1.),.PIECEWISE_BEZIER_KNOTS.);
#78=B_SPLINE_SURFACE_WITH_KNOTS('',3,1,((#13912,#13913),(#13914,#13915),
(#13916,#13917),(#13918,#13919)),.SURF_OF_LINEAR_EXTRUSION.,.F.,.F.,.F.,
(4,4),(2,2),(0.,1.),(0.,1.),.PIECEWISE_BEZIER_KNOTS.);
#79=B_SPLINE_SURFACE_WITH_KNOTS('',3,1,((#13929,#13930),(#13931,#13932),
(#13933,#13934),(#13935,#13936)),.SURF_OF_LINEAR_EXTRUSION.,.F.,.F.,.F.,
(4,4),(2,2),(0.,1.),(0.,1.),.PIECEWISE_BEZIER_KNOTS.);
#80=B_SPLINE_SURFACE_WITH_KNOTS('',3,1,((#13942,#13943),(#13944,#13945),
(#13946,#13947),(#13948,#13949)),.SURF_OF_LINEAR_EXTRUSION.,.F.,.F.,.F.,
(4,4),(2,2),(0.,1.),(0.,1.),.PIECEWISE_BEZIER_KNOTS.);
#81=B_SPLINE_SURFACE_WITH_KNOTS('',3,1,((#13963,#13964),(#13965,#13966),
(#13967,#13968),(#13969,#13970)),.SURF_OF_LINEAR_EXTRUSION.,.F.,.F.,.F.,
(4,4),(2,2),(0.,1.),(0.,1.),.PIECEWISE_BEZIER_KNOTS.);
#82=B_SPLINE_SURFACE_WITH_KNOTS('',3,1,((#13983,#13984),(#13985,#13986),
(#13987,#13988),(#13989,#13990)),.SURF_OF_LINEAR_EXTRUSION.,.F.,.F.,.F.,
(4,4),(2,2),(0.,1.),(0.,1.),.PIECEWISE_BEZIER_KNOTS.);
#83=B_SPLINE_SURFACE_WITH_KNOTS('',3,1,((#14039,#14040),(#14041,#14042),
(#14043,#14044),(#14045,#14046)),.SURF_OF_LINEAR_EXTRUSION.,.F.,.F.,.F.,
(4,4),(2,2),(0.,1.),(0.,1.),.PIECEWISE_BEZIER_KNOTS.);
#84=B_SPLINE_SURFACE_WITH_KNOTS('',3,1,((#14056,#14057),(#14058,#14059),
(#14060,#14061),(#14062,#14063)),.SURF_OF_LINEAR_EXTRUSION.,.F.,.F.,.F.,
(4,4),(2,2),(0.,1.),(0.,1.),.PIECEWISE_BEZIER_KNOTS.);
#85=B_SPLINE_SURFACE_WITH_KNOTS('',3,1,((#14073,#14074),(#14075,#14076),
(#14077,#14078),(#14079,#14080)),.SURF_OF_LINEAR_EXTRUSION.,.F.,.F.,.F.,
(4,4),(2,2),(0.,1.),(0.,1.),.PIECEWISE_BEZIER_KNOTS.);
#86=B_SPLINE_SURFACE_WITH_KNOTS('',3,1,((#14088,#14089),(#14090,#14091),
(#14092,#14093),(#14094,#14095)),.SURF_OF_LINEAR_EXTRUSION.,.F.,.F.,.F.,
(4,4),(2,2),(0.,1.),(0.,1.),.PIECEWISE_BEZIER_KNOTS.);
#87=B_SPLINE_SURFACE_WITH_KNOTS('',3,1,((#14101,#14102),(#14103,#14104),
(#14105,#14106),(#14107,#14108)),.SURF_OF_LINEAR_EXTRUSION.,.F.,.F.,.F.,
(4,4),(2,2),(0.,1.),(0.,1.),.PIECEWISE_BEZIER_KNOTS.);
#88=B_SPLINE_SURFACE_WITH_KNOTS('',3,1,((#14114,#14115),(#14116,#14117),
(#14118,#14119),(#14120,#14121)),.SURF_OF_LINEAR_EXTRUSION.,.F.,.F.,.F.,
(4,4),(2,2),(0.,1.),(0.,1.),.PIECEWISE_BEZIER_KNOTS.);
#89=B_SPLINE_SURFACE_WITH_KNOTS('',3,1,((#14127,#14128),(#14129,#14130),
(#14131,#14132),(#14133,#14134)),.SURF_OF_LINEAR_EXTRUSION.,.F.,.F.,.F.,
(4,4),(2,2),(0.,1.),(0.,1.),.PIECEWISE_BEZIER_KNOTS.);
#90=B_SPLINE_SURFACE_WITH_KNOTS('',3,1,((#14140,#14141),(#14142,#14143),
(#14144,#14145),(#14146,#14147)),.SURF_OF_LINEAR_EXTRUSION.,.F.,.F.,.F.,
(4,4),(2,2),(0.,1.),(0.,1.),.PIECEWISE_BEZIER_KNOTS.);
#91=B_SPLINE_SURFACE_WITH_KNOTS('',3,1,((#14153,#14154),(#14155,#14156),
(#14157,#14158),(#14159,#14160)),.SURF_OF_LINEAR_EXTRUSION.,.F.,.F.,.F.,
(4,4),(2,2),(0.,1.),(0.,1.),.PIECEWISE_BEZIER_KNOTS.);
#92=B_SPLINE_SURFACE_WITH_KNOTS('',3,1,((#14166,#14167),(#14168,#14169),
(#14170,#14171),(#14172,#14173)),.SURF_OF_LINEAR_EXTRUSION.,.F.,.F.,.F.,
(4,4),(2,2),(0.,1.),(0.,1.),.PIECEWISE_BEZIER_KNOTS.);
#93=B_SPLINE_SURFACE_WITH_KNOTS('',3,1,((#14183,#14184),(#14185,#14186),
(#14187,#14188),(#14189,#14190)),.SURF_OF_LINEAR_EXTRUSION.,.F.,.F.,.F.,
(4,4),(2,2),(0.,1.),(0.,1.),.PIECEWISE_BEZIER_KNOTS.);
#94=B_SPLINE_SURFACE_WITH_KNOTS('',3,1,((#14196,#14197),(#14198,#14199),
(#14200,#14201),(#14202,#14203)),.SURF_OF_LINEAR_EXTRUSION.,.F.,.F.,.F.,
(4,4),(2,2),(0.,1.),(0.,1.),.PIECEWISE_BEZIER_KNOTS.);
#95=B_SPLINE_SURFACE_WITH_KNOTS('',3,1,((#14217,#14218),(#14219,#14220),
(#14221,#14222),(#14223,#14224)),.SURF_OF_LINEAR_EXTRUSION.,.F.,.F.,.F.,
(4,4),(2,2),(0.,1.),(0.,1.),.PIECEWISE_BEZIER_KNOTS.);
#96=B_SPLINE_SURFACE_WITH_KNOTS('',3,1,((#14230,#14231),(#14232,#14233),
(#14234,#14235),(#14236,#14237)),.SURF_OF_LINEAR_EXTRUSION.,.F.,.F.,.F.,
(4,4),(2,2),(0.,1.),(0.,1.),.PIECEWISE_BEZIER_KNOTS.);
#97=B_SPLINE_SURFACE_WITH_KNOTS('',3,1,((#14241,#14242),(#14243,#14244),
(#14245,#14246),(#14247,#14248)),.SURF_OF_LINEAR_EXTRUSION.,.F.,.F.,.F.,
(4,4),(2,2),(0.,1.),(0.,1.),.PIECEWISE_BEZIER_KNOTS.);
#98=B_SPLINE_SURFACE_WITH_KNOTS('',3,1,((#14285,#14286),(#14287,#14288),
(#14289,#14290),(#14291,#14292)),.SURF_OF_LINEAR_EXTRUSION.,.F.,.F.,.F.,
(4,4),(2,2),(0.,1.),(0.,1.),.PIECEWISE_BEZIER_KNOTS.);
#99=B_SPLINE_SURFACE_WITH_KNOTS('',3,1,((#14300,#14301),(#14302,#14303),
(#14304,#14305),(#14306,#14307)),.SURF_OF_LINEAR_EXTRUSION.,.F.,.F.,.F.,
(4,4),(2,2),(0.,1.),(0.,1.),.PIECEWISE_BEZIER_KNOTS.);
#100=B_SPLINE_SURFACE_WITH_KNOTS('',3,1,((#14313,#14314),(#14315,#14316),
(#14317,#14318),(#14319,#14320)),.SURF_OF_LINEAR_EXTRUSION.,.F.,.F.,.F.,
(4,4),(2,2),(0.,1.),(0.,1.),.PIECEWISE_BEZIER_KNOTS.);
#101=B_SPLINE_SURFACE_WITH_KNOTS('',3,1,((#14326,#14327),(#14328,#14329),
(#14330,#14331),(#14332,#14333)),.SURF_OF_LINEAR_EXTRUSION.,.F.,.F.,.F.,
(4,4),(2,2),(0.,1.),(0.,1.),.PIECEWISE_BEZIER_KNOTS.);
#102=B_SPLINE_SURFACE_WITH_KNOTS('',3,1,((#14339,#14340),(#14341,#14342),
(#14343,#14344),(#14345,#14346)),.SURF_OF_LINEAR_EXTRUSION.,.F.,.F.,.F.,
(4,4),(2,2),(0.,1.),(0.,1.),.PIECEWISE_BEZIER_KNOTS.);
#103=B_SPLINE_SURFACE_WITH_KNOTS('',3,1,((#14352,#14353),(#14354,#14355),
(#14356,#14357),(#14358,#14359)),.SURF_OF_LINEAR_EXTRUSION.,.F.,.F.,.F.,
(4,4),(2,2),(0.,1.),(0.,1.),.PIECEWISE_BEZIER_KNOTS.);
#104=B_SPLINE_SURFACE_WITH_KNOTS('',3,1,((#14365,#14366),(#14367,#14368),
(#14369,#14370),(#14371,#14372)),.SURF_OF_LINEAR_EXTRUSION.,.F.,.F.,.F.,
(4,4),(2,2),(0.,1.),(0.,1.),.PIECEWISE_BEZIER_KNOTS.);
#105=B_SPLINE_SURFACE_WITH_KNOTS('',3,1,((#14378,#14379),(#14380,#14381),
(#14382,#14383),(#14384,#14385)),.SURF_OF_LINEAR_EXTRUSION.,.F.,.F.,.F.,
(4,4),(2,2),(0.,1.),(0.,1.),.PIECEWISE_BEZIER_KNOTS.);
#106=B_SPLINE_SURFACE_WITH_KNOTS('',3,1,((#14391,#14392),(#14393,#14394),
(#14395,#14396),(#14397,#14398)),.SURF_OF_LINEAR_EXTRUSION.,.F.,.F.,.F.,
(4,4),(2,2),(0.,1.),(0.,1.),.PIECEWISE_BEZIER_KNOTS.);
#107=B_SPLINE_SURFACE_WITH_KNOTS('',3,1,((#14412,#14413),(#14414,#14415),
(#14416,#14417),(#14418,#14419)),.SURF_OF_LINEAR_EXTRUSION.,.F.,.F.,.F.,
(4,4),(2,2),(0.,1.),(0.,1.),.PIECEWISE_BEZIER_KNOTS.);
#108=B_SPLINE_SURFACE_WITH_KNOTS('',3,1,((#14425,#14426),(#14427,#14428),
(#14429,#14430),(#14431,#14432)),.SURF_OF_LINEAR_EXTRUSION.,.F.,.F.,.F.,
(4,4),(2,2),(0.,1.),(0.,1.),.PIECEWISE_BEZIER_KNOTS.);
#109=B_SPLINE_SURFACE_WITH_KNOTS('',3,1,((#14438,#14439),(#14440,#14441),
(#14442,#14443),(#14444,#14445)),.SURF_OF_LINEAR_EXTRUSION.,.F.,.F.,.F.,
(4,4),(2,2),(0.,1.),(0.,1.),.PIECEWISE_BEZIER_KNOTS.);
#110=B_SPLINE_SURFACE_WITH_KNOTS('',3,1,((#14451,#14452),(#14453,#14454),
(#14455,#14456),(#14457,#14458)),.SURF_OF_LINEAR_EXTRUSION.,.F.,.F.,.F.,
(4,4),(2,2),(0.,1.),(0.,1.),.PIECEWISE_BEZIER_KNOTS.);
#111=B_SPLINE_SURFACE_WITH_KNOTS('',3,1,((#14464,#14465),(#14466,#14467),
(#14468,#14469),(#14470,#14471)),.SURF_OF_LINEAR_EXTRUSION.,.F.,.F.,.F.,
(4,4),(2,2),(0.,1.),(0.,1.),.PIECEWISE_BEZIER_KNOTS.);
#112=B_SPLINE_SURFACE_WITH_KNOTS('',3,1,((#14477,#14478),(#14479,#14480),
(#14481,#14482),(#14483,#14484)),.SURF_OF_LINEAR_EXTRUSION.,.F.,.F.,.F.,
(4,4),(2,2),(0.,1.),(0.,1.),.PIECEWISE_BEZIER_KNOTS.);
#113=B_SPLINE_SURFACE_WITH_KNOTS('',3,1,((#14490,#14491),(#14492,#14493),
(#14494,#14495),(#14496,#14497)),.SURF_OF_LINEAR_EXTRUSION.,.F.,.F.,.F.,
(4,4),(2,2),(0.,1.),(0.,1.),.PIECEWISE_BEZIER_KNOTS.);
#114=B_SPLINE_SURFACE_WITH_KNOTS('',3,1,((#14503,#14504),(#14505,#14506),
(#14507,#14508),(#14509,#14510)),.SURF_OF_LINEAR_EXTRUSION.,.F.,.F.,.F.,
(4,4),(2,2),(0.,1.),(0.,1.),.PIECEWISE_BEZIER_KNOTS.);
#115=B_SPLINE_SURFACE_WITH_KNOTS('',3,1,((#14516,#14517),(#14518,#14519),
(#14520,#14521),(#14522,#14523)),.SURF_OF_LINEAR_EXTRUSION.,.F.,.F.,.F.,
(4,4),(2,2),(0.,1.),(0.,1.),.PIECEWISE_BEZIER_KNOTS.);
#116=B_SPLINE_SURFACE_WITH_KNOTS('',3,1,((#14541,#14542),(#14543,#14544),
(#14545,#14546),(#14547,#14548)),.SURF_OF_LINEAR_EXTRUSION.,.F.,.F.,.F.,
(4,4),(2,2),(0.,1.),(0.,1.),.PIECEWISE_BEZIER_KNOTS.);
#117=B_SPLINE_SURFACE_WITH_KNOTS('',3,1,((#14554,#14555),(#14556,#14557),
(#14558,#14559),(#14560,#14561)),.SURF_OF_LINEAR_EXTRUSION.,.F.,.F.,.F.,
(4,4),(2,2),(0.,1.),(0.,1.),.PIECEWISE_BEZIER_KNOTS.);
#118=B_SPLINE_CURVE_WITH_KNOTS('',2,(#11725,#11726,#11727),
 .UNSPECIFIED.,.F.,.F.,(3,3),(0.,1.),.PIECEWISE_BEZIER_KNOTS.);
#119=B_SPLINE_CURVE_WITH_KNOTS('',2,(#11733,#11734,#11735),
 .UNSPECIFIED.,.F.,.F.,(3,3),(0.,1.),.PIECEWISE_BEZIER_KNOTS.);
#120=B_SPLINE_CURVE_WITH_KNOTS('',2,(#11737,#11738,#11739),
 .UNSPECIFIED.,.F.,.F.,(3,3),(0.,1.),.PIECEWISE_BEZIER_KNOTS.);
#121=B_SPLINE_CURVE_WITH_KNOTS('',2,(#11743,#11744,#11745),
 .UNSPECIFIED.,.F.,.F.,(3,3),(0.,1.),.PIECEWISE_BEZIER_KNOTS.);
#122=B_SPLINE_CURVE_WITH_KNOTS('',2,(#11749,#11750,#11751),
 .UNSPECIFIED.,.F.,.F.,(3,3),(0.,1.),.PIECEWISE_BEZIER_KNOTS.);
#123=B_SPLINE_CURVE_WITH_KNOTS('',2,(#11753,#11754,#11755),
 .UNSPECIFIED.,.F.,.F.,(3,3),(0.,1.),.PIECEWISE_BEZIER_KNOTS.);
#124=B_SPLINE_CURVE_WITH_KNOTS('',2,(#11757,#11758,#11759),
 .UNSPECIFIED.,.F.,.F.,(3,3),(0.,1.),.PIECEWISE_BEZIER_KNOTS.);
#125=B_SPLINE_CURVE_WITH_KNOTS('',2,(#11761,#11762,#11763),
 .UNSPECIFIED.,.F.,.F.,(3,3),(0.,1.),.PIECEWISE_BEZIER_KNOTS.);
#126=B_SPLINE_CURVE_WITH_KNOTS('',2,(#11765,#11766,#11767),
 .UNSPECIFIED.,.F.,.F.,(3,3),(0.,1.),.PIECEWISE_BEZIER_KNOTS.);
#127=B_SPLINE_CURVE_WITH_KNOTS('',2,(#11783,#11784,#11785),
 .UNSPECIFIED.,.F.,.F.,(3,3),(0.,1.),.PIECEWISE_BEZIER_KNOTS.);
#128=B_SPLINE_CURVE_WITH_KNOTS('',2,(#11791,#11792,#11793),
 .UNSPECIFIED.,.F.,.F.,(3,3),(0.,1.),.PIECEWISE_BEZIER_KNOTS.);
#129=B_SPLINE_CURVE_WITH_KNOTS('',2,(#11795,#11796,#11797),
 .UNSPECIFIED.,.F.,.F.,(3,3),(0.,1.),.PIECEWISE_BEZIER_KNOTS.);
#130=B_SPLINE_CURVE_WITH_KNOTS('',2,(#11801,#11802,#11803),
 .UNSPECIFIED.,.F.,.F.,(3,3),(0.,1.),.PIECEWISE_BEZIER_KNOTS.);
#131=B_SPLINE_CURVE_WITH_KNOTS('',2,(#11807,#11808,#11809),
 .UNSPECIFIED.,.F.,.F.,(3,3),(0.,1.),.PIECEWISE_BEZIER_KNOTS.);
#132=B_SPLINE_CURVE_WITH_KNOTS('',2,(#11811,#11812,#11813),
 .UNSPECIFIED.,.F.,.F.,(3,3),(0.,1.),.PIECEWISE_BEZIER_KNOTS.);
#133=B_SPLINE_CURVE_WITH_KNOTS('',2,(#11815,#11816,#11817),
 .UNSPECIFIED.,.F.,.F.,(3,3),(0.,1.),.PIECEWISE_BEZIER_KNOTS.);
#134=B_SPLINE_CURVE_WITH_KNOTS('',2,(#11819,#11820,#11821),
 .UNSPECIFIED.,.F.,.F.,(3,3),(0.,1.),.PIECEWISE_BEZIER_KNOTS.);
#135=B_SPLINE_CURVE_WITH_KNOTS('',2,(#11823,#11824,#11825),
 .UNSPECIFIED.,.F.,.F.,(3,3),(0.,1.),.PIECEWISE_BEZIER_KNOTS.);
#136=B_SPLINE_CURVE_WITH_KNOTS('',2,(#11844,#11845,#11846),
 .UNSPECIFIED.,.F.,.F.,(3,3),(0.,1.),.PIECEWISE_BEZIER_KNOTS.);
#137=B_SPLINE_CURVE_WITH_KNOTS('',2,(#11849,#11850,#11851),
 .UNSPECIFIED.,.F.,.F.,(3,3),(0.,1.),.PIECEWISE_BEZIER_KNOTS.);
#138=B_SPLINE_CURVE_WITH_KNOTS('',2,(#11853,#11854,#11855),
 .UNSPECIFIED.,.F.,.F.,(3,3),(0.,1.),.PIECEWISE_BEZIER_KNOTS.);
#139=B_SPLINE_CURVE_WITH_KNOTS('',2,(#11857,#11858,#11859),
 .UNSPECIFIED.,.F.,.F.,(3,3),(0.,1.),.PIECEWISE_BEZIER_KNOTS.);
#140=B_SPLINE_CURVE_WITH_KNOTS('',2,(#11865,#11866,#11867),
 .UNSPECIFIED.,.F.,.F.,(3,3),(0.,1.),.PIECEWISE_BEZIER_KNOTS.);
#141=B_SPLINE_CURVE_WITH_KNOTS('',2,(#11869,#11870,#11871),
 .UNSPECIFIED.,.F.,.F.,(3,3),(0.,1.),.PIECEWISE_BEZIER_KNOTS.);
#142=B_SPLINE_CURVE_WITH_KNOTS('',2,(#11875,#11876,#11877),
 .UNSPECIFIED.,.F.,.F.,(3,3),(0.,1.),.PIECEWISE_BEZIER_KNOTS.);
#143=B_SPLINE_CURVE_WITH_KNOTS('',2,(#11879,#11880,#11881),
 .UNSPECIFIED.,.F.,.F.,(3,3),(0.,1.),.PIECEWISE_BEZIER_KNOTS.);
#144=B_SPLINE_CURVE_WITH_KNOTS('',2,(#11883,#11884,#11885),
 .UNSPECIFIED.,.F.,.F.,(3,3),(0.,1.),.PIECEWISE_BEZIER_KNOTS.);
#145=B_SPLINE_CURVE_WITH_KNOTS('',2,(#11887,#11888,#11889),
 .UNSPECIFIED.,.F.,.F.,(3,3),(0.,1.),.PIECEWISE_BEZIER_KNOTS.);
#146=B_SPLINE_CURVE_WITH_KNOTS('',2,(#11891,#11892,#11893),
 .UNSPECIFIED.,.F.,.F.,(3,3),(0.,1.),.PIECEWISE_BEZIER_KNOTS.);
#147=B_SPLINE_CURVE_WITH_KNOTS('',2,(#11895,#11896,#11897),
 .UNSPECIFIED.,.F.,.F.,(3,3),(0.,1.),.PIECEWISE_BEZIER_KNOTS.);
#148=B_SPLINE_CURVE_WITH_KNOTS('',2,(#11912,#11913,#11914),
 .UNSPECIFIED.,.F.,.F.,(3,3),(0.,1.),.PIECEWISE_BEZIER_KNOTS.);
#149=B_SPLINE_CURVE_WITH_KNOTS('',2,(#11917,#11918,#11919),
 .UNSPECIFIED.,.F.,.F.,(3,3),(0.,1.),.PIECEWISE_BEZIER_KNOTS.);
#150=B_SPLINE_CURVE_WITH_KNOTS('',2,(#11921,#11922,#11923),
 .UNSPECIFIED.,.F.,.F.,(3,3),(0.,1.),.PIECEWISE_BEZIER_KNOTS.);
#151=B_SPLINE_CURVE_WITH_KNOTS('',2,(#11925,#11926,#11927),
 .UNSPECIFIED.,.F.,.F.,(3,3),(0.,1.),.PIECEWISE_BEZIER_KNOTS.);
#152=B_SPLINE_CURVE_WITH_KNOTS('',2,(#11935,#11936,#11937),
 .UNSPECIFIED.,.F.,.F.,(3,3),(0.,1.),.PIECEWISE_BEZIER_KNOTS.);
#153=B_SPLINE_CURVE_WITH_KNOTS('',2,(#11939,#11940,#11941),
 .UNSPECIFIED.,.F.,.F.,(3,3),(0.,1.),.PIECEWISE_BEZIER_KNOTS.);
#154=B_SPLINE_CURVE_WITH_KNOTS('',2,(#11943,#11944,#11945),
 .UNSPECIFIED.,.F.,.F.,(3,3),(0.,1.),.PIECEWISE_BEZIER_KNOTS.);
#155=B_SPLINE_CURVE_WITH_KNOTS('',2,(#11947,#11948,#11949),
 .UNSPECIFIED.,.F.,.F.,(3,3),(0.,1.),.PIECEWISE_BEZIER_KNOTS.);
#156=B_SPLINE_CURVE_WITH_KNOTS('',2,(#11951,#11952,#11953),
 .UNSPECIFIED.,.F.,.F.,(3,3),(0.,1.),.PIECEWISE_BEZIER_KNOTS.);
#157=B_SPLINE_CURVE_WITH_KNOTS('',2,(#11955,#11956,#11957),
 .UNSPECIFIED.,.F.,.F.,(3,3),(0.,1.),.PIECEWISE_BEZIER_KNOTS.);
#158=B_SPLINE_CURVE_WITH_KNOTS('',2,(#11959,#11960,#11961),
 .UNSPECIFIED.,.F.,.F.,(3,3),(0.,1.),.PIECEWISE_BEZIER_KNOTS.);
#159=B_SPLINE_CURVE_WITH_KNOTS('',2,(#11963,#11964,#11965),
 .UNSPECIFIED.,.F.,.F.,(3,3),(0.,1.),.PIECEWISE_BEZIER_KNOTS.);
#160=B_SPLINE_CURVE_WITH_KNOTS('',2,(#11967,#11968,#11969),
 .UNSPECIFIED.,.F.,.F.,(3,3),(0.,1.),.PIECEWISE_BEZIER_KNOTS.);
#161=B_SPLINE_CURVE_WITH_KNOTS('',2,(#11975,#11976,#11977),
 .UNSPECIFIED.,.F.,.F.,(3,3),(0.,1.),.PIECEWISE_BEZIER_KNOTS.);
#162=B_SPLINE_CURVE_WITH_KNOTS('',2,(#11979,#11980,#11981),
 .UNSPECIFIED.,.F.,.F.,(3,3),(0.,1.),.PIECEWISE_BEZIER_KNOTS.);
#163=B_SPLINE_CURVE_WITH_KNOTS('',2,(#11983,#11984,#11985),
 .UNSPECIFIED.,.F.,.F.,(3,3),(0.,1.),.PIECEWISE_BEZIER_KNOTS.);
#164=B_SPLINE_CURVE_WITH_KNOTS('',2,(#11987,#11988,#11989),
 .UNSPECIFIED.,.F.,.F.,(3,3),(0.,1.),.PIECEWISE_BEZIER_KNOTS.);
#165=B_SPLINE_CURVE_WITH_KNOTS('',2,(#11991,#11992,#11993),
 .UNSPECIFIED.,.F.,.F.,(3,3),(0.,1.),.PIECEWISE_BEZIER_KNOTS.);
#166=B_SPLINE_CURVE_WITH_KNOTS('',2,(#11995,#11996,#11997),
 .UNSPECIFIED.,.F.,.F.,(3,3),(0.,1.),.PIECEWISE_BEZIER_KNOTS.);
#167=B_SPLINE_CURVE_WITH_KNOTS('',2,(#11999,#12000,#12001),
 .UNSPECIFIED.,.F.,.F.,(3,3),(0.,1.),.PIECEWISE_BEZIER_KNOTS.);
#168=B_SPLINE_CURVE_WITH_KNOTS('',2,(#12168,#12169,#12170),
 .UNSPECIFIED.,.F.,.F.,(3,3),(0.,1.),.PIECEWISE_BEZIER_KNOTS.);
#169=B_SPLINE_CURVE_WITH_KNOTS('',2,(#12181,#12182,#12183),
 .UNSPECIFIED.,.F.,.F.,(3,3),(0.,1.),.PIECEWISE_BEZIER_KNOTS.);
#170=B_SPLINE_CURVE_WITH_KNOTS('',2,(#12194,#12195,#12196),
 .UNSPECIFIED.,.F.,.F.,(3,3),(0.,1.),.PIECEWISE_BEZIER_KNOTS.);
#171=B_SPLINE_CURVE_WITH_KNOTS('',2,(#12207,#12208,#12209),
 .UNSPECIFIED.,.F.,.F.,(3,3),(0.,1.),.PIECEWISE_BEZIER_KNOTS.);
#172=B_SPLINE_CURVE_WITH_KNOTS('',2,(#12220,#12221,#12222),
 .UNSPECIFIED.,.F.,.F.,(3,3),(0.,1.),.PIECEWISE_BEZIER_KNOTS.);
#173=B_SPLINE_CURVE_WITH_KNOTS('',2,(#12237,#12238,#12239),
 .UNSPECIFIED.,.F.,.F.,(3,3),(0.,1.),.PIECEWISE_BEZIER_KNOTS.);
#174=B_SPLINE_CURVE_WITH_KNOTS('',2,(#12254,#12255,#12256),
 .UNSPECIFIED.,.F.,.F.,(3,3),(0.,1.),.PIECEWISE_BEZIER_KNOTS.);
#175=B_SPLINE_CURVE_WITH_KNOTS('',2,(#12267,#12268,#12269),
 .UNSPECIFIED.,.F.,.F.,(3,3),(0.,1.),.PIECEWISE_BEZIER_KNOTS.);
#176=B_SPLINE_CURVE_WITH_KNOTS('',2,(#12288,#12289,#12290),
 .UNSPECIFIED.,.F.,.F.,(3,3),(0.,1.),.PIECEWISE_BEZIER_KNOTS.);
#177=B_SPLINE_CURVE_WITH_KNOTS('',2,(#12330,#12331,#12332),
 .UNSPECIFIED.,.F.,.F.,(3,3),(0.,1.),.PIECEWISE_BEZIER_KNOTS.);
#178=B_SPLINE_CURVE_WITH_KNOTS('',2,(#12343,#12344,#12345),
 .UNSPECIFIED.,.F.,.F.,(3,3),(0.,1.),.PIECEWISE_BEZIER_KNOTS.);
#179=B_SPLINE_CURVE_WITH_KNOTS('',2,(#12356,#12357,#12358),
 .UNSPECIFIED.,.F.,.F.,(3,3),(0.,1.),.PIECEWISE_BEZIER_KNOTS.);
#180=B_SPLINE_CURVE_WITH_KNOTS('',2,(#12369,#12370,#12371),
 .UNSPECIFIED.,.F.,.F.,(3,3),(0.,1.),.PIECEWISE_BEZIER_KNOTS.);
#181=B_SPLINE_CURVE_WITH_KNOTS('',2,(#12382,#12383,#12384),
 .UNSPECIFIED.,.F.,.F.,(3,3),(0.,1.),.PIECEWISE_BEZIER_KNOTS.);
#182=B_SPLINE_CURVE_WITH_KNOTS('',2,(#12399,#12400,#12401),
 .UNSPECIFIED.,.F.,.F.,(3,3),(0.,1.),.PIECEWISE_BEZIER_KNOTS.);
#183=B_SPLINE_CURVE_WITH_KNOTS('',2,(#12416,#12417,#12418),
 .UNSPECIFIED.,.F.,.F.,(3,3),(0.,1.),.PIECEWISE_BEZIER_KNOTS.);
#184=B_SPLINE_CURVE_WITH_KNOTS('',2,(#12429,#12430,#12431),
 .UNSPECIFIED.,.F.,.F.,(3,3),(0.,1.),.PIECEWISE_BEZIER_KNOTS.);
#185=B_SPLINE_CURVE_WITH_KNOTS('',2,(#12450,#12451,#12452),
 .UNSPECIFIED.,.F.,.F.,(3,3),(0.,1.),.PIECEWISE_BEZIER_KNOTS.);
#186=B_SPLINE_CURVE_WITH_KNOTS('',2,(#12468,#12469,#12470),
 .UNSPECIFIED.,.F.,.F.,(3,3),(0.,1.),.PIECEWISE_BEZIER_KNOTS.);
#187=B_SPLINE_CURVE_WITH_KNOTS('',2,(#12475,#12476,#12477),
 .UNSPECIFIED.,.F.,.F.,(3,3),(0.,1.),.PIECEWISE_BEZIER_KNOTS.);
#188=B_SPLINE_CURVE_WITH_KNOTS('',2,(#12524,#12525,#12526),
 .UNSPECIFIED.,.F.,.F.,(3,3),(0.,1.),.PIECEWISE_BEZIER_KNOTS.);
#189=B_SPLINE_CURVE_WITH_KNOTS('',2,(#12530,#12531,#12532),
 .UNSPECIFIED.,.F.,.F.,(3,3),(0.,1.),.PIECEWISE_BEZIER_KNOTS.);
#190=B_SPLINE_CURVE_WITH_KNOTS('',2,(#12541,#12542,#12543),
 .UNSPECIFIED.,.F.,.F.,(3,3),(0.,1.),.PIECEWISE_BEZIER_KNOTS.);
#191=B_SPLINE_CURVE_WITH_KNOTS('',2,(#12547,#12548,#12549),
 .UNSPECIFIED.,.F.,.F.,(3,3),(0.,1.),.PIECEWISE_BEZIER_KNOTS.);
#192=B_SPLINE_CURVE_WITH_KNOTS('',2,(#12560,#12561,#12562),
 .UNSPECIFIED.,.F.,.F.,(3,3),(0.,1.),.PIECEWISE_BEZIER_KNOTS.);
#193=B_SPLINE_CURVE_WITH_KNOTS('',2,(#12575,#12576,#12577),
 .UNSPECIFIED.,.F.,.F.,(3,3),(0.,1.),.PIECEWISE_BEZIER_KNOTS.);
#194=B_SPLINE_CURVE_WITH_KNOTS('',2,(#12588,#12589,#12590),
 .UNSPECIFIED.,.F.,.F.,(3,3),(0.,1.),.PIECEWISE_BEZIER_KNOTS.);
#195=B_SPLINE_CURVE_WITH_KNOTS('',2,(#12601,#12602,#12603),
 .UNSPECIFIED.,.F.,.F.,(3,3),(0.,1.),.PIECEWISE_BEZIER_KNOTS.);
#196=B_SPLINE_CURVE_WITH_KNOTS('',2,(#12614,#12615,#12616),
 .UNSPECIFIED.,.F.,.F.,(3,3),(0.,1.),.PIECEWISE_BEZIER_KNOTS.);
#197=B_SPLINE_CURVE_WITH_KNOTS('',2,(#12627,#12628,#12629),
 .UNSPECIFIED.,.F.,.F.,(3,3),(0.,1.),.PIECEWISE_BEZIER_KNOTS.);
#198=B_SPLINE_CURVE_WITH_KNOTS('',2,(#12640,#12641,#12642),
 .UNSPECIFIED.,.F.,.F.,(3,3),(0.,1.),.PIECEWISE_BEZIER_KNOTS.);
#199=B_SPLINE_CURVE_WITH_KNOTS('',2,(#12653,#12654,#12655),
 .UNSPECIFIED.,.F.,.F.,(3,3),(0.,1.),.PIECEWISE_BEZIER_KNOTS.);
#200=B_SPLINE_CURVE_WITH_KNOTS('',2,(#12670,#12671,#12672),
 .UNSPECIFIED.,.F.,.F.,(3,3),(0.,1.),.PIECEWISE_BEZIER_KNOTS.);
#201=B_SPLINE_CURVE_WITH_KNOTS('',2,(#12683,#12684,#12685),
 .UNSPECIFIED.,.F.,.F.,(3,3),(0.,1.),.PIECEWISE_BEZIER_KNOTS.);
#202=B_SPLINE_CURVE_WITH_KNOTS('',2,(#12704,#12705,#12706),
 .UNSPECIFIED.,.F.,.F.,(3,3),(0.,1.),.PIECEWISE_BEZIER_KNOTS.);
#203=B_SPLINE_CURVE_WITH_KNOTS('',2,(#12715,#12716,#12717),
 .UNSPECIFIED.,.F.,.F.,(3,3),(0.,1.),.PIECEWISE_BEZIER_KNOTS.);
#204=B_SPLINE_CURVE_WITH_KNOTS('',2,(#12726,#12727,#12728),
 .UNSPECIFIED.,.F.,.F.,(3,3),(0.,1.),.PIECEWISE_BEZIER_KNOTS.);
#205=B_SPLINE_CURVE_WITH_KNOTS('',2,(#12729,#12730,#12731),
 .UNSPECIFIED.,.F.,.F.,(3,3),(0.,1.),.PIECEWISE_BEZIER_KNOTS.);
#206=B_SPLINE_CURVE_WITH_KNOTS('',2,(#12772,#12773,#12774),
 .UNSPECIFIED.,.F.,.F.,(3,3),(0.,1.),.PIECEWISE_BEZIER_KNOTS.);
#207=B_SPLINE_CURVE_WITH_KNOTS('',2,(#12787,#12788,#12789),
 .UNSPECIFIED.,.F.,.F.,(3,3),(0.,1.),.PIECEWISE_BEZIER_KNOTS.);
#208=B_SPLINE_CURVE_WITH_KNOTS('',2,(#12800,#12801,#12802),
 .UNSPECIFIED.,.F.,.F.,(3,3),(0.,1.),.PIECEWISE_BEZIER_KNOTS.);
#209=B_SPLINE_CURVE_WITH_KNOTS('',2,(#12813,#12814,#12815),
 .UNSPECIFIED.,.F.,.F.,(3,3),(0.,1.),.PIECEWISE_BEZIER_KNOTS.);
#210=B_SPLINE_CURVE_WITH_KNOTS('',2,(#12826,#12827,#12828),
 .UNSPECIFIED.,.F.,.F.,(3,3),(0.,1.),.PIECEWISE_BEZIER_KNOTS.);
#211=B_SPLINE_CURVE_WITH_KNOTS('',2,(#12839,#12840,#12841),
 .UNSPECIFIED.,.F.,.F.,(3,3),(0.,1.),.PIECEWISE_BEZIER_KNOTS.);
#212=B_SPLINE_CURVE_WITH_KNOTS('',2,(#12852,#12853,#12854),
 .UNSPECIFIED.,.F.,.F.,(3,3),(0.,1.),.PIECEWISE_BEZIER_KNOTS.);
#213=B_SPLINE_CURVE_WITH_KNOTS('',2,(#12865,#12866,#12867),
 .UNSPECIFIED.,.F.,.F.,(3,3),(0.,1.),.PIECEWISE_BEZIER_KNOTS.);
#214=B_SPLINE_CURVE_WITH_KNOTS('',2,(#12878,#12879,#12880),
 .UNSPECIFIED.,.F.,.F.,(3,3),(0.,1.),.PIECEWISE_BEZIER_KNOTS.);
#215=B_SPLINE_CURVE_WITH_KNOTS('',2,(#12899,#12900,#12901),
 .UNSPECIFIED.,.F.,.F.,(3,3),(0.,1.),.PIECEWISE_BEZIER_KNOTS.);
#216=B_SPLINE_CURVE_WITH_KNOTS('',2,(#12912,#12913,#12914),
 .UNSPECIFIED.,.F.,.F.,(3,3),(0.,1.),.PIECEWISE_BEZIER_KNOTS.);
#217=B_SPLINE_CURVE_WITH_KNOTS('',2,(#12925,#12926,#12927),
 .UNSPECIFIED.,.F.,.F.,(3,3),(0.,1.),.PIECEWISE_BEZIER_KNOTS.);
#218=B_SPLINE_CURVE_WITH_KNOTS('',2,(#12938,#12939,#12940),
 .UNSPECIFIED.,.F.,.F.,(3,3),(0.,1.),.PIECEWISE_BEZIER_KNOTS.);
#219=B_SPLINE_CURVE_WITH_KNOTS('',2,(#12951,#12952,#12953),
 .UNSPECIFIED.,.F.,.F.,(3,3),(0.,1.),.PIECEWISE_BEZIER_KNOTS.);
#220=B_SPLINE_CURVE_WITH_KNOTS('',2,(#12964,#12965,#12966),
 .UNSPECIFIED.,.F.,.F.,(3,3),(0.,1.),.PIECEWISE_BEZIER_KNOTS.);
#221=B_SPLINE_CURVE_WITH_KNOTS('',2,(#12977,#12978,#12979),
 .UNSPECIFIED.,.F.,.F.,(3,3),(0.,1.),.PIECEWISE_BEZIER_KNOTS.);
#222=B_SPLINE_CURVE_WITH_KNOTS('',2,(#12990,#12991,#12992),
 .UNSPECIFIED.,.F.,.F.,(3,3),(0.,1.),.PIECEWISE_BEZIER_KNOTS.);
#223=B_SPLINE_CURVE_WITH_KNOTS('',2,(#13003,#13004,#13005),
 .UNSPECIFIED.,.F.,.F.,(3,3),(0.,1.),.PIECEWISE_BEZIER_KNOTS.);
#224=B_SPLINE_CURVE_WITH_KNOTS('',2,(#13028,#13029,#13030),
 .UNSPECIFIED.,.F.,.F.,(3,3),(0.,1.),.PIECEWISE_BEZIER_KNOTS.);
#225=B_SPLINE_CURVE_WITH_KNOTS('',2,(#13039,#13040,#13041),
 .UNSPECIFIED.,.F.,.F.,(3,3),(0.,1.),.PIECEWISE_BEZIER_KNOTS.);
#226=B_SPLINE_CURVE_WITH_KNOTS('',2,(#13141,#13142,#13143),
 .UNSPECIFIED.,.F.,.F.,(3,3),(0.,1.),.PIECEWISE_BEZIER_KNOTS.);
#227=B_SPLINE_CURVE_WITH_KNOTS('',2,(#13149,#13150,#13151),
 .UNSPECIFIED.,.F.,.F.,(3,3),(0.,1.),.PIECEWISE_BEZIER_KNOTS.);
#228=B_SPLINE_CURVE_WITH_KNOTS('',2,(#13153,#13154,#13155),
 .UNSPECIFIED.,.F.,.F.,(3,3),(0.,1.),.PIECEWISE_BEZIER_KNOTS.);
#229=B_SPLINE_CURVE_WITH_KNOTS('',2,(#13159,#13160,#13161),
 .UNSPECIFIED.,.F.,.F.,(3,3),(0.,1.),.PIECEWISE_BEZIER_KNOTS.);
#230=B_SPLINE_CURVE_WITH_KNOTS('',2,(#13165,#13166,#13167),
 .UNSPECIFIED.,.F.,.F.,(3,3),(0.,1.),.PIECEWISE_BEZIER_KNOTS.);
#231=B_SPLINE_CURVE_WITH_KNOTS('',2,(#13169,#13170,#13171),
 .UNSPECIFIED.,.F.,.F.,(3,3),(0.,1.),.PIECEWISE_BEZIER_KNOTS.);
#232=B_SPLINE_CURVE_WITH_KNOTS('',2,(#13173,#13174,#13175),
 .UNSPECIFIED.,.F.,.F.,(3,3),(0.,1.),.PIECEWISE_BEZIER_KNOTS.);
#233=B_SPLINE_CURVE_WITH_KNOTS('',2,(#13177,#13178,#13179),
 .UNSPECIFIED.,.F.,.F.,(3,3),(0.,1.),.PIECEWISE_BEZIER_KNOTS.);
#234=B_SPLINE_CURVE_WITH_KNOTS('',2,(#13181,#13182,#13183),
 .UNSPECIFIED.,.F.,.F.,(3,3),(0.,1.),.PIECEWISE_BEZIER_KNOTS.);
#235=B_SPLINE_CURVE_WITH_KNOTS('',2,(#13199,#13200,#13201),
 .UNSPECIFIED.,.F.,.F.,(3,3),(0.,1.),.PIECEWISE_BEZIER_KNOTS.);
#236=B_SPLINE_CURVE_WITH_KNOTS('',2,(#13207,#13208,#13209),
 .UNSPECIFIED.,.F.,.F.,(3,3),(0.,1.),.PIECEWISE_BEZIER_KNOTS.);
#237=B_SPLINE_CURVE_WITH_KNOTS('',2,(#13211,#13212,#13213),
 .UNSPECIFIED.,.F.,.F.,(3,3),(0.,1.),.PIECEWISE_BEZIER_KNOTS.);
#238=B_SPLINE_CURVE_WITH_KNOTS('',2,(#13217,#13218,#13219),
 .UNSPECIFIED.,.F.,.F.,(3,3),(0.,1.),.PIECEWISE_BEZIER_KNOTS.);
#239=B_SPLINE_CURVE_WITH_KNOTS('',2,(#13223,#13224,#13225),
 .UNSPECIFIED.,.F.,.F.,(3,3),(0.,1.),.PIECEWISE_BEZIER_KNOTS.);
#240=B_SPLINE_CURVE_WITH_KNOTS('',2,(#13227,#13228,#13229),
 .UNSPECIFIED.,.F.,.F.,(3,3),(0.,1.),.PIECEWISE_BEZIER_KNOTS.);
#241=B_SPLINE_CURVE_WITH_KNOTS('',2,(#13231,#13232,#13233),
 .UNSPECIFIED.,.F.,.F.,(3,3),(0.,1.),.PIECEWISE_BEZIER_KNOTS.);
#242=B_SPLINE_CURVE_WITH_KNOTS('',2,(#13235,#13236,#13237),
 .UNSPECIFIED.,.F.,.F.,(3,3),(0.,1.),.PIECEWISE_BEZIER_KNOTS.);
#243=B_SPLINE_CURVE_WITH_KNOTS('',2,(#13239,#13240,#13241),
 .UNSPECIFIED.,.F.,.F.,(3,3),(0.,1.),.PIECEWISE_BEZIER_KNOTS.);
#244=B_SPLINE_CURVE_WITH_KNOTS('',2,(#13258,#13259,#13260),
 .UNSPECIFIED.,.F.,.F.,(3,3),(0.,1.),.PIECEWISE_BEZIER_KNOTS.);
#245=B_SPLINE_CURVE_WITH_KNOTS('',2,(#13263,#13264,#13265),
 .UNSPECIFIED.,.F.,.F.,(3,3),(0.,1.),.PIECEWISE_BEZIER_KNOTS.);
#246=B_SPLINE_CURVE_WITH_KNOTS('',2,(#13267,#13268,#13269),
 .UNSPECIFIED.,.F.,.F.,(3,3),(0.,1.),.PIECEWISE_BEZIER_KNOTS.);
#247=B_SPLINE_CURVE_WITH_KNOTS('',2,(#13271,#13272,#13273),
 .UNSPECIFIED.,.F.,.F.,(3,3),(0.,1.),.PIECEWISE_BEZIER_KNOTS.);
#248=B_SPLINE_CURVE_WITH_KNOTS('',2,(#13279,#13280,#13281),
 .UNSPECIFIED.,.F.,.F.,(3,3),(0.,1.),.PIECEWISE_BEZIER_KNOTS.);
#249=B_SPLINE_CURVE_WITH_KNOTS('',2,(#13283,#13284,#13285),
 .UNSPECIFIED.,.F.,.F.,(3,3),(0.,1.),.PIECEWISE_BEZIER_KNOTS.);
#250=B_SPLINE_CURVE_WITH_KNOTS('',2,(#13289,#13290,#13291),
 .UNSPECIFIED.,.F.,.F.,(3,3),(0.,1.),.PIECEWISE_BEZIER_KNOTS.);
#251=B_SPLINE_CURVE_WITH_KNOTS('',2,(#13293,#13294,#13295),
 .UNSPECIFIED.,.F.,.F.,(3,3),(0.,1.),.PIECEWISE_BEZIER_KNOTS.);
#252=B_SPLINE_CURVE_WITH_KNOTS('',2,(#13297,#13298,#13299),
 .UNSPECIFIED.,.F.,.F.,(3,3),(0.,1.),.PIECEWISE_BEZIER_KNOTS.);
#253=B_SPLINE_CURVE_WITH_KNOTS('',2,(#13301,#13302,#13303),
 .UNSPECIFIED.,.F.,.F.,(3,3),(0.,1.),.PIECEWISE_BEZIER_KNOTS.);
#254=B_SPLINE_CURVE_WITH_KNOTS('',2,(#13305,#13306,#13307),
 .UNSPECIFIED.,.F.,.F.,(3,3),(0.,1.),.PIECEWISE_BEZIER_KNOTS.);
#255=B_SPLINE_CURVE_WITH_KNOTS('',2,(#13309,#13310,#13311),
 .UNSPECIFIED.,.F.,.F.,(3,3),(0.,1.),.PIECEWISE_BEZIER_KNOTS.);
#256=B_SPLINE_CURVE_WITH_KNOTS('',2,(#13326,#13327,#13328),
 .UNSPECIFIED.,.F.,.F.,(3,3),(0.,1.),.PIECEWISE_BEZIER_KNOTS.);
#257=B_SPLINE_CURVE_WITH_KNOTS('',2,(#13331,#13332,#13333),
 .UNSPECIFIED.,.F.,.F.,(3,3),(0.,1.),.PIECEWISE_BEZIER_KNOTS.);
#258=B_SPLINE_CURVE_WITH_KNOTS('',2,(#13335,#13336,#13337),
 .UNSPECIFIED.,.F.,.F.,(3,3),(0.,1.),.PIECEWISE_BEZIER_KNOTS.);
#259=B_SPLINE_CURVE_WITH_KNOTS('',2,(#13339,#13340,#13341),
 .UNSPECIFIED.,.F.,.F.,(3,3),(0.,1.),.PIECEWISE_BEZIER_KNOTS.);
#260=B_SPLINE_CURVE_WITH_KNOTS('',2,(#13349,#13350,#13351),
 .UNSPECIFIED.,.F.,.F.,(3,3),(0.,1.),.PIECEWISE_BEZIER_KNOTS.);
#261=B_SPLINE_CURVE_WITH_KNOTS('',2,(#13353,#13354,#13355),
 .UNSPECIFIED.,.F.,.F.,(3,3),(0.,1.),.PIECEWISE_BEZIER_KNOTS.);
#262=B_SPLINE_CURVE_WITH_KNOTS('',2,(#13357,#13358,#13359),
 .UNSPECIFIED.,.F.,.F.,(3,3),(0.,1.),.PIECEWISE_BEZIER_KNOTS.);
#263=B_SPLINE_CURVE_WITH_KNOTS('',2,(#13361,#13362,#13363),
 .UNSPECIFIED.,.F.,.F.,(3,3),(0.,1.),.PIECEWISE_BEZIER_KNOTS.);
#264=B_SPLINE_CURVE_WITH_KNOTS('',2,(#13365,#13366,#13367),
 .UNSPECIFIED.,.F.,.F.,(3,3),(0.,1.),.PIECEWISE_BEZIER_KNOTS.);
#265=B_SPLINE_CURVE_WITH_KNOTS('',2,(#13369,#13370,#13371),
 .UNSPECIFIED.,.F.,.F.,(3,3),(0.,1.),.PIECEWISE_BEZIER_KNOTS.);
#266=B_SPLINE_CURVE_WITH_KNOTS('',2,(#13373,#13374,#13375),
 .UNSPECIFIED.,.F.,.F.,(3,3),(0.,1.),.PIECEWISE_BEZIER_KNOTS.);
#267=B_SPLINE_CURVE_WITH_KNOTS('',2,(#13377,#13378,#13379),
 .UNSPECIFIED.,.F.,.F.,(3,3),(0.,1.),.PIECEWISE_BEZIER_KNOTS.);
#268=B_SPLINE_CURVE_WITH_KNOTS('',2,(#13381,#13382,#13383),
 .UNSPECIFIED.,.F.,.F.,(3,3),(0.,1.),.PIECEWISE_BEZIER_KNOTS.);
#269=B_SPLINE_CURVE_WITH_KNOTS('',2,(#13389,#13390,#13391),
 .UNSPECIFIED.,.F.,.F.,(3,3),(0.,1.),.PIECEWISE_BEZIER_KNOTS.);
#270=B_SPLINE_CURVE_WITH_KNOTS('',2,(#13393,#13394,#13395),
 .UNSPECIFIED.,.F.,.F.,(3,3),(0.,1.),.PIECEWISE_BEZIER_KNOTS.);
#271=B_SPLINE_CURVE_WITH_KNOTS('',2,(#13397,#13398,#13399),
 .UNSPECIFIED.,.F.,.F.,(3,3),(0.,1.),.PIECEWISE_BEZIER_KNOTS.);
#272=B_SPLINE_CURVE_WITH_KNOTS('',2,(#13401,#13402,#13403),
 .UNSPECIFIED.,.F.,.F.,(3,3),(0.,1.),.PIECEWISE_BEZIER_KNOTS.);
#273=B_SPLINE_CURVE_WITH_KNOTS('',2,(#13405,#13406,#13407),
 .UNSPECIFIED.,.F.,.F.,(3,3),(0.,1.),.PIECEWISE_BEZIER_KNOTS.);
#274=B_SPLINE_CURVE_WITH_KNOTS('',2,(#13409,#13410,#13411),
 .UNSPECIFIED.,.F.,.F.,(3,3),(0.,1.),.PIECEWISE_BEZIER_KNOTS.);
#275=B_SPLINE_CURVE_WITH_KNOTS('',2,(#13413,#13414,#13415),
 .UNSPECIFIED.,.F.,.F.,(3,3),(0.,1.),.PIECEWISE_BEZIER_KNOTS.);
#276=B_SPLINE_CURVE_WITH_KNOTS('',3,(#13525,#13526,#13527,#13528,#13529,
#13530,#13531,#13532,#13533,#13534,#13535),.UNSPECIFIED.,.T.,.F.,(1,1,1,
1,1,1,1,1,1,1,1,1,1,1,1),(-0.00591401093082105,-0.0039426739538807,-0.00197133697694035,
0.,0.00197133697694035,0.0039426739538807,0.00591401093082105,0.0078853479077614,
0.00985668488470175,0.0118280218616421,0.0137993588385824,0.0157706958155228,
0.0177420327924631,0.0197133697694035,0.0216847067463438),.UNSPECIFIED.);
#277=B_SPLINE_CURVE_WITH_KNOTS('',3,(#13586,#13587,#13588,#13589,#13590,
#13591,#13592,#13593,#13594,#13595,#13596),.UNSPECIFIED.,.T.,.F.,(1,1,1,
1,1,1,1,1,1,1,1,1,1,1,1),(-0.00334210735374486,-0.00222807156916324,-0.00111403578458162,
0.,0.00111403578458162,0.00222807156916324,0.00334210735374486,0.00445614313832648,
0.0055701789229081,0.00668421470748972,0.00779825049207134,0.00891228627665296,
0.0100263220612346,0.0111403578458162,0.0122543936303978),.UNSPECIFIED.);
#278=B_SPLINE_CURVE_WITH_KNOTS('',2,(#13691,#13692,#13693),
 .UNSPECIFIED.,.F.,.F.,(3,3),(0.,1.),.PIECEWISE_BEZIER_KNOTS.);
#279=B_SPLINE_CURVE_WITH_KNOTS('',2,(#13704,#13705,#13706),
 .UNSPECIFIED.,.F.,.F.,(3,3),(0.,1.),.PIECEWISE_BEZIER_KNOTS.);
#280=B_SPLINE_CURVE_WITH_KNOTS('',2,(#13717,#13718,#13719),
 .UNSPECIFIED.,.F.,.F.,(3,3),(0.,1.),.PIECEWISE_BEZIER_KNOTS.);
#281=B_SPLINE_CURVE_WITH_KNOTS('',2,(#13730,#13731,#13732),
 .UNSPECIFIED.,.F.,.F.,(3,3),(0.,1.),.PIECEWISE_BEZIER_KNOTS.);
#282=B_SPLINE_CURVE_WITH_KNOTS('',2,(#13743,#13744,#13745),
 .UNSPECIFIED.,.F.,.F.,(3,3),(0.,1.),.PIECEWISE_BEZIER_KNOTS.);
#283=B_SPLINE_CURVE_WITH_KNOTS('',2,(#13760,#13761,#13762),
 .UNSPECIFIED.,.F.,.F.,(3,3),(0.,1.),.PIECEWISE_BEZIER_KNOTS.);
#284=B_SPLINE_CURVE_WITH_KNOTS('',2,(#13777,#13778,#13779),
 .UNSPECIFIED.,.F.,.F.,(3,3),(0.,1.),.PIECEWISE_BEZIER_KNOTS.);
#285=B_SPLINE_CURVE_WITH_KNOTS('',2,(#13790,#13791,#13792),
 .UNSPECIFIED.,.F.,.F.,(3,3),(0.,1.),.PIECEWISE_BEZIER_KNOTS.);
#286=B_SPLINE_CURVE_WITH_KNOTS('',2,(#13811,#13812,#13813),
 .UNSPECIFIED.,.F.,.F.,(3,3),(0.,1.),.PIECEWISE_BEZIER_KNOTS.);
#287=B_SPLINE_CURVE_WITH_KNOTS('',2,(#13853,#13854,#13855),
 .UNSPECIFIED.,.F.,.F.,(3,3),(0.,1.),.PIECEWISE_BEZIER_KNOTS.);
#288=B_SPLINE_CURVE_WITH_KNOTS('',2,(#13866,#13867,#13868),
 .UNSPECIFIED.,.F.,.F.,(3,3),(0.,1.),.PIECEWISE_BEZIER_KNOTS.);
#289=B_SPLINE_CURVE_WITH_KNOTS('',2,(#13879,#13880,#13881),
 .UNSPECIFIED.,.F.,.F.,(3,3),(0.,1.),.PIECEWISE_BEZIER_KNOTS.);
#290=B_SPLINE_CURVE_WITH_KNOTS('',2,(#13892,#13893,#13894),
 .UNSPECIFIED.,.F.,.F.,(3,3),(0.,1.),.PIECEWISE_BEZIER_KNOTS.);
#291=B_SPLINE_CURVE_WITH_KNOTS('',2,(#13905,#13906,#13907),
 .UNSPECIFIED.,.F.,.F.,(3,3),(0.,1.),.PIECEWISE_BEZIER_KNOTS.);
#292=B_SPLINE_CURVE_WITH_KNOTS('',2,(#13922,#13923,#13924),
 .UNSPECIFIED.,.F.,.F.,(3,3),(0.,1.),.PIECEWISE_BEZIER_KNOTS.);
#293=B_SPLINE_CURVE_WITH_KNOTS('',2,(#13939,#13940,#13941),
 .UNSPECIFIED.,.F.,.F.,(3,3),(0.,1.),.PIECEWISE_BEZIER_KNOTS.);
#294=B_SPLINE_CURVE_WITH_KNOTS('',2,(#13952,#13953,#13954),
 .UNSPECIFIED.,.F.,.F.,(3,3),(0.,1.),.PIECEWISE_BEZIER_KNOTS.);
#295=B_SPLINE_CURVE_WITH_KNOTS('',2,(#13973,#13974,#13975),
 .UNSPECIFIED.,.F.,.F.,(3,3),(0.,1.),.PIECEWISE_BEZIER_KNOTS.);
#296=B_SPLINE_CURVE_WITH_KNOTS('',2,(#13991,#13992,#13993),
 .UNSPECIFIED.,.F.,.F.,(3,3),(0.,1.),.PIECEWISE_BEZIER_KNOTS.);
#297=B_SPLINE_CURVE_WITH_KNOTS('',2,(#13998,#13999,#14000),
 .UNSPECIFIED.,.F.,.F.,(3,3),(0.,1.),.PIECEWISE_BEZIER_KNOTS.);
#298=B_SPLINE_CURVE_WITH_KNOTS('',2,(#14047,#14048,#14049),
 .UNSPECIFIED.,.F.,.F.,(3,3),(0.,1.),.PIECEWISE_BEZIER_KNOTS.);
#299=B_SPLINE_CURVE_WITH_KNOTS('',2,(#14053,#14054,#14055),
 .UNSPECIFIED.,.F.,.F.,(3,3),(0.,1.),.PIECEWISE_BEZIER_KNOTS.);
#300=B_SPLINE_CURVE_WITH_KNOTS('',2,(#14064,#14065,#14066),
 .UNSPECIFIED.,.F.,.F.,(3,3),(0.,1.),.PIECEWISE_BEZIER_KNOTS.);
#301=B_SPLINE_CURVE_WITH_KNOTS('',2,(#14070,#14071,#14072),
 .UNSPECIFIED.,.F.,.F.,(3,3),(0.,1.),.PIECEWISE_BEZIER_KNOTS.);
#302=B_SPLINE_CURVE_WITH_KNOTS('',2,(#14083,#14084,#14085),
 .UNSPECIFIED.,.F.,.F.,(3,3),(0.,1.),.PIECEWISE_BEZIER_KNOTS.);
#303=B_SPLINE_CURVE_WITH_KNOTS('',2,(#14098,#14099,#14100),
 .UNSPECIFIED.,.F.,.F.,(3,3),(0.,1.),.PIECEWISE_BEZIER_KNOTS.);
#304=B_SPLINE_CURVE_WITH_KNOTS('',2,(#14111,#14112,#14113),
 .UNSPECIFIED.,.F.,.F.,(3,3),(0.,1.),.PIECEWISE_BEZIER_KNOTS.);
#305=B_SPLINE_CURVE_WITH_KNOTS('',2,(#14124,#14125,#14126),
 .UNSPECIFIED.,.F.,.F.,(3,3),(0.,1.),.PIECEWISE_BEZIER_KNOTS.);
#306=B_SPLINE_CURVE_WITH_KNOTS('',2,(#14137,#14138,#14139),
 .UNSPECIFIED.,.F.,.F.,(3,3),(0.,1.),.PIECEWISE_BEZIER_KNOTS.);
#307=B_SPLINE_CURVE_WITH_KNOTS('',2,(#14150,#14151,#14152),
 .UNSPECIFIED.,.F.,.F.,(3,3),(0.,1.),.PIECEWISE_BEZIER_KNOTS.);
#308=B_SPLINE_CURVE_WITH_KNOTS('',2,(#14163,#14164,#14165),
 .UNSPECIFIED.,.F.,.F.,(3,3),(0.,1.),.PIECEWISE_BEZIER_KNOTS.);
#309=B_SPLINE_CURVE_WITH_KNOTS('',2,(#14176,#14177,#14178),
 .UNSPECIFIED.,.F.,.F.,(3,3),(0.,1.),.PIECEWISE_BEZIER_KNOTS.);
#310=B_SPLINE_CURVE_WITH_KNOTS('',2,(#14193,#14194,#14195),
 .UNSPECIFIED.,.F.,.F.,(3,3),(0.,1.),.PIECEWISE_BEZIER_KNOTS.);
#311=B_SPLINE_CURVE_WITH_KNOTS('',2,(#14206,#14207,#14208),
 .UNSPECIFIED.,.F.,.F.,(3,3),(0.,1.),.PIECEWISE_BEZIER_KNOTS.);
#312=B_SPLINE_CURVE_WITH_KNOTS('',2,(#14227,#14228,#14229),
 .UNSPECIFIED.,.F.,.F.,(3,3),(0.,1.),.PIECEWISE_BEZIER_KNOTS.);
#313=B_SPLINE_CURVE_WITH_KNOTS('',2,(#14238,#14239,#14240),
 .UNSPECIFIED.,.F.,.F.,(3,3),(0.,1.),.PIECEWISE_BEZIER_KNOTS.);
#314=B_SPLINE_CURVE_WITH_KNOTS('',2,(#14249,#14250,#14251),
 .UNSPECIFIED.,.F.,.F.,(3,3),(0.,1.),.PIECEWISE_BEZIER_KNOTS.);
#315=B_SPLINE_CURVE_WITH_KNOTS('',2,(#14252,#14253,#14254),
 .UNSPECIFIED.,.F.,.F.,(3,3),(0.,1.),.PIECEWISE_BEZIER_KNOTS.);
#316=B_SPLINE_CURVE_WITH_KNOTS('',2,(#14295,#14296,#14297),
 .UNSPECIFIED.,.F.,.F.,(3,3),(0.,1.),.PIECEWISE_BEZIER_KNOTS.);
#317=B_SPLINE_CURVE_WITH_KNOTS('',2,(#14310,#14311,#14312),
 .UNSPECIFIED.,.F.,.F.,(3,3),(0.,1.),.PIECEWISE_BEZIER_KNOTS.);
#318=B_SPLINE_CURVE_WITH_KNOTS('',2,(#14323,#14324,#14325),
 .UNSPECIFIED.,.F.,.F.,(3,3),(0.,1.),.PIECEWISE_BEZIER_KNOTS.);
#319=B_SPLINE_CURVE_WITH_KNOTS('',2,(#14336,#14337,#14338),
 .UNSPECIFIED.,.F.,.F.,(3,3),(0.,1.),.PIECEWISE_BEZIER_KNOTS.);
#320=B_SPLINE_CURVE_WITH_KNOTS('',2,(#14349,#14350,#14351),
 .UNSPECIFIED.,.F.,.F.,(3,3),(0.,1.),.PIECEWISE_BEZIER_KNOTS.);
#321=B_SPLINE_CURVE_WITH_KNOTS('',2,(#14362,#14363,#14364),
 .UNSPECIFIED.,.F.,.F.,(3,3),(0.,1.),.PIECEWISE_BEZIER_KNOTS.);
#322=B_SPLINE_CURVE_WITH_KNOTS('',2,(#14375,#14376,#14377),
 .UNSPECIFIED.,.F.,.F.,(3,3),(0.,1.),.PIECEWISE_BEZIER_KNOTS.);
#323=B_SPLINE_CURVE_WITH_KNOTS('',2,(#14388,#14389,#14390),
 .UNSPECIFIED.,.F.,.F.,(3,3),(0.,1.),.PIECEWISE_BEZIER_KNOTS.);
#324=B_SPLINE_CURVE_WITH_KNOTS('',2,(#14401,#14402,#14403),
 .UNSPECIFIED.,.F.,.F.,(3,3),(0.,1.),.PIECEWISE_BEZIER_KNOTS.);
#325=B_SPLINE_CURVE_WITH_KNOTS('',2,(#14422,#14423,#14424),
 .UNSPECIFIED.,.F.,.F.,(3,3),(0.,1.),.PIECEWISE_BEZIER_KNOTS.);
#326=B_SPLINE_CURVE_WITH_KNOTS('',2,(#14435,#14436,#14437),
 .UNSPECIFIED.,.F.,.F.,(3,3),(0.,1.),.PIECEWISE_BEZIER_KNOTS.);
#327=B_SPLINE_CURVE_WITH_KNOTS('',2,(#14448,#14449,#14450),
 .UNSPECIFIED.,.F.,.F.,(3,3),(0.,1.),.PIECEWISE_BEZIER_KNOTS.);
#328=B_SPLINE_CURVE_WITH_KNOTS('',2,(#14461,#14462,#14463),
 .UNSPECIFIED.,.F.,.F.,(3,3),(0.,1.),.PIECEWISE_BEZIER_KNOTS.);
#329=B_SPLINE_CURVE_WITH_KNOTS('',2,(#14474,#14475,#14476),
 .UNSPECIFIED.,.F.,.F.,(3,3),(0.,1.),.PIECEWISE_BEZIER_KNOTS.);
#330=B_SPLINE_CURVE_WITH_KNOTS('',2,(#14487,#14488,#14489),
 .UNSPECIFIED.,.F.,.F.,(3,3),(0.,1.),.PIECEWISE_BEZIER_KNOTS.);
#331=B_SPLINE_CURVE_WITH_KNOTS('',2,(#14500,#14501,#14502),
 .UNSPECIFIED.,.F.,.F.,(3,3),(0.,1.),.PIECEWISE_BEZIER_KNOTS.);
#332=B_SPLINE_CURVE_WITH_KNOTS('',2,(#14513,#14514,#14515),
 .UNSPECIFIED.,.F.,.F.,(3,3),(0.,1.),.PIECEWISE_BEZIER_KNOTS.);
#333=B_SPLINE_CURVE_WITH_KNOTS('',2,(#14526,#14527,#14528),
 .UNSPECIFIED.,.F.,.F.,(3,3),(0.,1.),.PIECEWISE_BEZIER_KNOTS.);
#334=B_SPLINE_CURVE_WITH_KNOTS('',2,(#14551,#14552,#14553),
 .UNSPECIFIED.,.F.,.F.,(3,3),(0.,1.),.PIECEWISE_BEZIER_KNOTS.);
#335=B_SPLINE_CURVE_WITH_KNOTS('',2,(#14562,#14563,#14564),
 .UNSPECIFIED.,.F.,.F.,(3,3),(0.,1.),.PIECEWISE_BEZIER_KNOTS.);
#336=LINE('',#11585,#1184);
#337=LINE('',#11588,#1185);
#338=LINE('',#11590,#1186);
#339=LINE('',#11592,#1187);
#340=LINE('',#11594,#1188);
#341=LINE('',#11596,#1189);
#342=LINE('',#11598,#1190);
#343=LINE('',#11600,#1191);
#344=LINE('',#11602,#1192);
#345=LINE('',#11604,#1193);
#346=LINE('',#11606,#1194);
#347=LINE('',#11608,#1195);
#348=LINE('',#11609,#1196);
#349=LINE('',#11612,#1197);
#350=LINE('',#11614,#1198);
#351=LINE('',#11616,#1199);
#352=LINE('',#11618,#1200);
#353=LINE('',#11621,#1201);
#354=LINE('',#11623,#1202);
#355=LINE('',#11625,#1203);
#356=LINE('',#11629,#1204);
#357=LINE('',#11632,#1205);
#358=LINE('',#11633,#1206);
#359=LINE('',#11637,#1207);
#360=LINE('',#11639,#1208);
#361=LINE('',#11641,#1209);
#362=LINE('',#11645,#1210);
#363=LINE('',#11647,#1211);
#364=LINE('',#11650,#1212);
#365=LINE('',#11652,#1213);
#366=LINE('',#11654,#1214);
#367=LINE('',#11658,#1215);
#368=LINE('',#11660,#1216);
#369=LINE('',#11662,#1217);
#370=LINE('',#11666,#1218);
#371=LINE('',#11669,#1219);
#372=LINE('',#11670,#1220);
#373=LINE('',#11674,#1221);
#374=LINE('',#11676,#1222);
#375=LINE('',#11678,#1223);
#376=LINE('',#11680,#1224);
#377=LINE('',#11681,#1225);
#378=LINE('',#11684,#1226);
#379=LINE('',#11686,#1227);
#380=LINE('',#11688,#1228);
#381=LINE('',#11690,#1229);
#382=LINE('',#11691,#1230);
#383=LINE('',#11692,#1231);
#384=LINE('',#11694,#1232);
#385=LINE('',#11696,#1233);
#386=LINE('',#11697,#1234);
#387=LINE('',#11698,#1235);
#388=LINE('',#11700,#1236);
#389=LINE('',#11703,#1237);
#390=LINE('',#11705,#1238);
#391=LINE('',#11707,#1239);
#392=LINE('',#11709,#1240);
#393=LINE('',#11711,#1241);
#394=LINE('',#11713,#1242);
#395=LINE('',#11715,#1243);
#396=LINE('',#11716,#1244);
#397=LINE('',#11719,#1245);
#398=LINE('',#11721,#1246);
#399=LINE('',#11723,#1247);
#400=LINE('',#11747,#1248);
#401=LINE('',#11769,#1249);
#402=LINE('',#11771,#1250);
#403=LINE('',#11773,#1251);
#404=LINE('',#11774,#1252);
#405=LINE('',#11777,#1253);
#406=LINE('',#11779,#1254);
#407=LINE('',#11781,#1255);
#408=LINE('',#11805,#1256);
#409=LINE('',#11827,#1257);
#410=LINE('',#11829,#1258);
#411=LINE('',#11831,#1259);
#412=LINE('',#11838,#1260);
#413=LINE('',#11839,#1261);
#414=LINE('',#11861,#1262);
#415=LINE('',#11873,#1263);
#416=LINE('',#11898,#1264);
#417=LINE('',#11901,#1265);
#418=LINE('',#11903,#1266);
#419=LINE('',#11905,#1267);
#420=LINE('',#11907,#1268);
#421=LINE('',#11909,#1269);
#422=LINE('',#11911,#1270);
#423=LINE('',#11929,#1271);
#424=LINE('',#11973,#1272);
#425=LINE('',#12013,#1273);
#426=LINE('',#12017,#1274);
#427=LINE('',#12019,#1275);
#428=LINE('',#12020,#1276);
#429=LINE('',#12022,#1277);
#430=LINE('',#12024,#1278);
#431=LINE('',#12028,#1279);
#432=LINE('',#12030,#1280);
#433=LINE('',#12033,#1281);
#434=LINE('',#12034,#1282);
#435=LINE('',#12036,#1283);
#436=LINE('',#12039,#1284);
#437=LINE('',#12041,#1285);
#438=LINE('',#12043,#1286);
#439=LINE('',#12049,#1287);
#440=LINE('',#12050,#1288);
#441=LINE('',#12052,#1289);
#442=LINE('',#12054,#1290);
#443=LINE('',#12058,#1291);
#444=LINE('',#12060,#1292);
#445=LINE('',#12062,#1293);
#446=LINE('',#12064,#1294);
#447=LINE('',#12066,#1295);
#448=LINE('',#12068,#1296);
#449=LINE('',#12070,#1297);
#450=LINE('',#12072,#1298);
#451=LINE('',#12074,#1299);
#452=LINE('',#12075,#1300);
#453=LINE('',#12077,#1301);
#454=LINE('',#12080,#1302);
#455=LINE('',#12083,#1303);
#456=LINE('',#12085,#1304);
#457=LINE('',#12087,#1305);
#458=LINE('',#12089,#1306);
#459=LINE('',#12091,#1307);
#460=LINE('',#12092,#1308);
#461=LINE('',#12094,#1309);
#462=LINE('',#12096,#1310);
#463=LINE('',#12098,#1311);
#464=LINE('',#12099,#1312);
#465=LINE('',#12102,#1313);
#466=LINE('',#12104,#1314);
#467=LINE('',#12106,#1315);
#468=LINE('',#12108,#1316);
#469=LINE('',#12113,#1317);
#470=LINE('',#12115,#1318);
#471=LINE('',#12117,#1319);
#472=LINE('',#12119,#1320);
#473=LINE('',#12121,#1321);
#474=LINE('',#12123,#1322);
#475=LINE('',#12137,#1323);
#476=LINE('',#12139,#1324);
#477=LINE('',#12141,#1325);
#478=LINE('',#12143,#1326);
#479=LINE('',#12145,#1327);
#480=LINE('',#12147,#1328);
#481=LINE('',#12149,#1329);
#482=LINE('',#12151,#1330);
#483=LINE('',#12153,#1331);
#484=LINE('',#12155,#1332);
#485=LINE('',#12157,#1333);
#486=LINE('',#12166,#1334);
#487=LINE('',#12179,#1335);
#488=LINE('',#12192,#1336);
#489=LINE('',#12205,#1337);
#490=LINE('',#12218,#1338);
#491=LINE('',#12224,#1339);
#492=LINE('',#12226,#1340);
#493=LINE('',#12235,#1341);
#494=LINE('',#12241,#1342);
#495=LINE('',#12252,#1343);
#496=LINE('',#12265,#1344);
#497=LINE('',#12271,#1345);
#498=LINE('',#12275,#1346);
#499=LINE('',#12286,#1347);
#500=LINE('',#12292,#1348);
#501=LINE('',#12294,#1349);
#502=LINE('',#12296,#1350);
#503=LINE('',#12299,#1351);
#504=LINE('',#12301,#1352);
#505=LINE('',#12303,#1353);
#506=LINE('',#12305,#1354);
#507=LINE('',#12307,#1355);
#508=LINE('',#12309,#1356);
#509=LINE('',#12311,#1357);
#510=LINE('',#12313,#1358);
#511=LINE('',#12315,#1359);
#512=LINE('',#12317,#1360);
#513=LINE('',#12319,#1361);
#514=LINE('',#12328,#1362);
#515=LINE('',#12341,#1363);
#516=LINE('',#12354,#1364);
#517=LINE('',#12367,#1365);
#518=LINE('',#12380,#1366);
#519=LINE('',#12386,#1367);
#520=LINE('',#12388,#1368);
#521=LINE('',#12397,#1369);
#522=LINE('',#12403,#1370);
#523=LINE('',#12414,#1371);
#524=LINE('',#12427,#1372);
#525=LINE('',#12433,#1373);
#526=LINE('',#12437,#1374);
#527=LINE('',#12448,#1375);
#528=LINE('',#12454,#1376);
#529=LINE('',#12456,#1377);
#530=LINE('',#12458,#1378);
#531=LINE('',#12473,#1379);
#532=LINE('',#12479,#1380);
#533=LINE('',#12483,#1381);
#534=LINE('',#12489,#1382);
#535=LINE('',#12495,#1383);
#536=LINE('',#12501,#1384);
#537=LINE('',#12507,#1385);
#538=LINE('',#12513,#1386);
#539=LINE('',#12528,#1387);
#540=LINE('',#12545,#1388);
#541=LINE('',#12558,#1389);
#542=LINE('',#12564,#1390);
#543=LINE('',#12573,#1391);
#544=LINE('',#12586,#1392);
#545=LINE('',#12599,#1393);
#546=LINE('',#12612,#1394);
#547=LINE('',#12625,#1395);
#548=LINE('',#12638,#1396);
#549=LINE('',#12651,#1397);
#550=LINE('',#12657,#1398);
#551=LINE('',#12659,#1399);
#552=LINE('',#12668,#1400);
#553=LINE('',#12681,#1401);
#554=LINE('',#12687,#1402);
#555=LINE('',#12691,#1403);
#556=LINE('',#12693,#1404);
#557=LINE('',#12702,#1405);
#558=LINE('',#12734,#1406);
#559=LINE('',#12736,#1407);
#560=LINE('',#12738,#1408);
#561=LINE('',#12740,#1409);
#562=LINE('',#12742,#1410);
#563=LINE('',#12744,#1411);
#564=LINE('',#12746,#1412);
#565=LINE('',#12748,#1413);
#566=LINE('',#12750,#1414);
#567=LINE('',#12752,#1415);
#568=LINE('',#12754,#1416);
#569=LINE('',#12756,#1417);
#570=LINE('',#12758,#1418);
#571=LINE('',#12760,#1419);
#572=LINE('',#12770,#1420);
#573=LINE('',#12776,#1421);
#574=LINE('',#12785,#1422);
#575=LINE('',#12798,#1423);
#576=LINE('',#12811,#1424);
#577=LINE('',#12824,#1425);
#578=LINE('',#12837,#1426);
#579=LINE('',#12850,#1427);
#580=LINE('',#12863,#1428);
#581=LINE('',#12876,#1429);
#582=LINE('',#12882,#1430);
#583=LINE('',#12884,#1431);
#584=LINE('',#12886,#1432);
#585=LINE('',#12897,#1433);
#586=LINE('',#12910,#1434);
#587=LINE('',#12923,#1435);
#588=LINE('',#12936,#1436);
#589=LINE('',#12949,#1437);
#590=LINE('',#12962,#1438);
#591=LINE('',#12975,#1439);
#592=LINE('',#12988,#1440);
#593=LINE('',#13001,#1441);
#594=LINE('',#13007,#1442);
#595=LINE('',#13011,#1443);
#596=LINE('',#13015,#1444);
#597=LINE('',#13017,#1445);
#598=LINE('',#13026,#1446);
#599=LINE('',#13044,#1447);
#600=LINE('',#13047,#1448);
#601=LINE('',#13049,#1449);
#602=LINE('',#13051,#1450);
#603=LINE('',#13053,#1451);
#604=LINE('',#13055,#1452);
#605=LINE('',#13057,#1453);
#606=LINE('',#13059,#1454);
#607=LINE('',#13061,#1455);
#608=LINE('',#13063,#1456);
#609=LINE('',#13067,#1457);
#610=LINE('',#13071,#1458);
#611=LINE('',#13073,#1459);
#612=LINE('',#13075,#1460);
#613=LINE('',#13077,#1461);
#614=LINE('',#13079,#1462);
#615=LINE('',#13081,#1463);
#616=LINE('',#13083,#1464);
#617=LINE('',#13085,#1465);
#618=LINE('',#13087,#1466);
#619=LINE('',#13089,#1467);
#620=LINE('',#13091,#1468);
#621=LINE('',#13093,#1469);
#622=LINE('',#13095,#1470);
#623=LINE('',#13097,#1471);
#624=LINE('',#13099,#1472);
#625=LINE('',#13101,#1473);
#626=LINE('',#13116,#1474);
#627=LINE('',#13119,#1475);
#628=LINE('',#13121,#1476);
#629=LINE('',#13123,#1477);
#630=LINE('',#13125,#1478);
#631=LINE('',#13127,#1479);
#632=LINE('',#13129,#1480);
#633=LINE('',#13131,#1481);
#634=LINE('',#13132,#1482);
#635=LINE('',#13135,#1483);
#636=LINE('',#13137,#1484);
#637=LINE('',#13139,#1485);
#638=LINE('',#13163,#1486);
#639=LINE('',#13185,#1487);
#640=LINE('',#13187,#1488);
#641=LINE('',#13189,#1489);
#642=LINE('',#13190,#1490);
#643=LINE('',#13193,#1491);
#644=LINE('',#13195,#1492);
#645=LINE('',#13197,#1493);
#646=LINE('',#13221,#1494);
#647=LINE('',#13243,#1495);
#648=LINE('',#13245,#1496);
#649=LINE('',#13247,#1497);
#650=LINE('',#13275,#1498);
#651=LINE('',#13287,#1499);
#652=LINE('',#13312,#1500);
#653=LINE('',#13315,#1501);
#654=LINE('',#13317,#1502);
#655=LINE('',#13319,#1503);
#656=LINE('',#13321,#1504);
#657=LINE('',#13323,#1505);
#658=LINE('',#13325,#1506);
#659=LINE('',#13343,#1507);
#660=LINE('',#13387,#1508);
#661=LINE('',#13416,#1509);
#662=LINE('',#13419,#1510);
#663=LINE('',#13421,#1511);
#664=LINE('',#13423,#1512);
#665=LINE('',#13425,#1513);
#666=LINE('',#13428,#1514);
#667=LINE('',#13430,#1515);
#668=LINE('',#13432,#1516);
#669=LINE('',#13441,#1517);
#670=LINE('',#13444,#1518);
#671=LINE('',#13446,#1519);
#672=LINE('',#13448,#1520);
#673=LINE('',#13450,#1521);
#674=LINE('',#13452,#1522);
#675=LINE('',#13454,#1523);
#676=LINE('',#13456,#1524);
#677=LINE('',#13458,#1525);
#678=LINE('',#13460,#1526);
#679=LINE('',#13462,#1527);
#680=LINE('',#13464,#1528);
#681=LINE('',#13466,#1529);
#682=LINE('',#13469,#1530);
#683=LINE('',#13471,#1531);
#684=LINE('',#13473,#1532);
#685=LINE('',#13475,#1533);
#686=LINE('',#13477,#1534);
#687=LINE('',#13479,#1535);
#688=LINE('',#13481,#1536);
#689=LINE('',#13484,#1537);
#690=LINE('',#13485,#1538);
#691=LINE('',#13487,#1539);
#692=LINE('',#13488,#1540);
#693=LINE('',#13492,#1541);
#694=LINE('',#13494,#1542);
#695=LINE('',#13496,#1543);
#696=LINE('',#13498,#1544);
#697=LINE('',#13500,#1545);
#698=LINE('',#13501,#1546);
#699=LINE('',#13502,#1547);
#700=LINE('',#13503,#1548);
#701=LINE('',#13507,#1549);
#702=LINE('',#13510,#1550);
#703=LINE('',#13512,#1551);
#704=LINE('',#13514,#1552);
#705=LINE('',#13516,#1553);
#706=LINE('',#13518,#1554);
#707=LINE('',#13520,#1555);
#708=LINE('',#13522,#1556);
#709=LINE('',#13543,#1557);
#710=LINE('',#13547,#1558);
#711=LINE('',#13567,#1559);
#712=LINE('',#13570,#1560);
#713=LINE('',#13572,#1561);
#714=LINE('',#13574,#1562);
#715=LINE('',#13576,#1563);
#716=LINE('',#13577,#1564);
#717=LINE('',#13578,#1565);
#718=LINE('',#13580,#1566);
#719=LINE('',#13582,#1567);
#720=LINE('',#13584,#1568);
#721=LINE('',#13603,#1569);
#722=LINE('',#13604,#1570);
#723=LINE('',#13606,#1571);
#724=LINE('',#13608,#1572);
#725=LINE('',#13610,#1573);
#726=LINE('',#13612,#1574);
#727=LINE('',#13614,#1575);
#728=LINE('',#13616,#1576);
#729=LINE('',#13617,#1577);
#730=LINE('',#13619,#1578);
#731=LINE('',#13621,#1579);
#732=LINE('',#13623,#1580);
#733=LINE('',#13625,#1581);
#734=LINE('',#13627,#1582);
#735=LINE('',#13629,#1583);
#736=LINE('',#13631,#1584);
#737=LINE('',#13633,#1585);
#738=LINE('',#13635,#1586);
#739=LINE('',#13637,#1587);
#740=LINE('',#13638,#1588);
#741=LINE('',#13640,#1589);
#742=LINE('',#13642,#1590);
#743=LINE('',#13646,#1591);
#744=LINE('',#13649,#1592);
#745=LINE('',#13660,#1593);
#746=LINE('',#13662,#1594);
#747=LINE('',#13664,#1595);
#748=LINE('',#13666,#1596);
#749=LINE('',#13668,#1597);
#750=LINE('',#13670,#1598);
#751=LINE('',#13672,#1599);
#752=LINE('',#13674,#1600);
#753=LINE('',#13676,#1601);
#754=LINE('',#13678,#1602);
#755=LINE('',#13680,#1603);
#756=LINE('',#13689,#1604);
#757=LINE('',#13702,#1605);
#758=LINE('',#13715,#1606);
#759=LINE('',#13728,#1607);
#760=LINE('',#13741,#1608);
#761=LINE('',#13747,#1609);
#762=LINE('',#13749,#1610);
#763=LINE('',#13758,#1611);
#764=LINE('',#13764,#1612);
#765=LINE('',#13775,#1613);
#766=LINE('',#13788,#1614);
#767=LINE('',#13794,#1615);
#768=LINE('',#13798,#1616);
#769=LINE('',#13809,#1617);
#770=LINE('',#13815,#1618);
#771=LINE('',#13817,#1619);
#772=LINE('',#13819,#1620);
#773=LINE('',#13822,#1621);
#774=LINE('',#13824,#1622);
#775=LINE('',#13826,#1623);
#776=LINE('',#13828,#1624);
#777=LINE('',#13830,#1625);
#778=LINE('',#13832,#1626);
#779=LINE('',#13834,#1627);
#780=LINE('',#13836,#1628);
#781=LINE('',#13838,#1629);
#782=LINE('',#13840,#1630);
#783=LINE('',#13842,#1631);
#784=LINE('',#13851,#1632);
#785=LINE('',#13864,#1633);
#786=LINE('',#13877,#1634);
#787=LINE('',#13890,#1635);
#788=LINE('',#13903,#1636);
#789=LINE('',#13909,#1637);
#790=LINE('',#13911,#1638);
#791=LINE('',#13920,#1639);
#792=LINE('',#13926,#1640);
#793=LINE('',#13937,#1641);
#794=LINE('',#13950,#1642);
#795=LINE('',#13956,#1643);
#796=LINE('',#13960,#1644);
#797=LINE('',#13971,#1645);
#798=LINE('',#13977,#1646);
#799=LINE('',#13979,#1647);
#800=LINE('',#13981,#1648);
#801=LINE('',#13996,#1649);
#802=LINE('',#14002,#1650);
#803=LINE('',#14006,#1651);
#804=LINE('',#14012,#1652);
#805=LINE('',#14018,#1653);
#806=LINE('',#14024,#1654);
#807=LINE('',#14030,#1655);
#808=LINE('',#14036,#1656);
#809=LINE('',#14051,#1657);
#810=LINE('',#14068,#1658);
#811=LINE('',#14081,#1659);
#812=LINE('',#14087,#1660);
#813=LINE('',#14096,#1661);
#814=LINE('',#14109,#1662);
#815=LINE('',#14122,#1663);
#816=LINE('',#14135,#1664);
#817=LINE('',#14148,#1665);
#818=LINE('',#14161,#1666);
#819=LINE('',#14174,#1667);
#820=LINE('',#14180,#1668);
#821=LINE('',#14182,#1669);
#822=LINE('',#14191,#1670);
#823=LINE('',#14204,#1671);
#824=LINE('',#14210,#1672);
#825=LINE('',#14214,#1673);
#826=LINE('',#14216,#1674);
#827=LINE('',#14225,#1675);
#828=LINE('',#14257,#1676);
#829=LINE('',#14259,#1677);
#830=LINE('',#14261,#1678);
#831=LINE('',#14263,#1679);
#832=LINE('',#14265,#1680);
#833=LINE('',#14267,#1681);
#834=LINE('',#14269,#1682);
#835=LINE('',#14271,#1683);
#836=LINE('',#14273,#1684);
#837=LINE('',#14275,#1685);
#838=LINE('',#14277,#1686);
#839=LINE('',#14279,#1687);
#840=LINE('',#14281,#1688);
#841=LINE('',#14283,#1689);
#842=LINE('',#14293,#1690);
#843=LINE('',#14299,#1691);
#844=LINE('',#14308,#1692);
#845=LINE('',#14321,#1693);
#846=LINE('',#14334,#1694);
#847=LINE('',#14347,#1695);
#848=LINE('',#14360,#1696);
#849=LINE('',#14373,#1697);
#850=LINE('',#14386,#1698);
#851=LINE('',#14399,#1699);
#852=LINE('',#14405,#1700);
#853=LINE('',#14407,#1701);
#854=LINE('',#14409,#1702);
#855=LINE('',#14420,#1703);
#856=LINE('',#14433,#1704);
#857=LINE('',#14446,#1705);
#858=LINE('',#14459,#1706);
#859=LINE('',#14472,#1707);
#860=LINE('',#14485,#1708);
#861=LINE('',#14498,#1709);
#862=LINE('',#14511,#1710);
#863=LINE('',#14524,#1711);
#864=LINE('',#14530,#1712);
#865=LINE('',#14534,#1713);
#866=LINE('',#14538,#1714);
#867=LINE('',#14540,#1715);
#868=LINE('',#14549,#1716);
#869=LINE('',#14567,#1717);
#870=LINE('',#14570,#1718);
#871=LINE('',#14572,#1719);
#872=LINE('',#14574,#1720);
#873=LINE('',#14576,#1721);
#874=LINE('',#14578,#1722);
#875=LINE('',#14580,#1723);
#876=LINE('',#14582,#1724);
#877=LINE('',#14584,#1725);
#878=LINE('',#14586,#1726);
#879=LINE('',#14590,#1727);
#880=LINE('',#14594,#1728);
#881=LINE('',#14596,#1729);
#882=LINE('',#14598,#1730);
#883=LINE('',#14600,#1731);
#884=LINE('',#14602,#1732);
#885=LINE('',#14604,#1733);
#886=LINE('',#14606,#1734);
#887=LINE('',#14608,#1735);
#888=LINE('',#14610,#1736);
#889=LINE('',#14612,#1737);
#890=LINE('',#14614,#1738);
#891=LINE('',#14616,#1739);
#892=LINE('',#14618,#1740);
#893=LINE('',#14620,#1741);
#894=LINE('',#14622,#1742);
#895=LINE('',#14624,#1743);
#896=LINE('',#14635,#1744);
#897=LINE('',#14638,#1745);
#898=LINE('',#14640,#1746);
#899=LINE('',#14642,#1747);
#900=LINE('',#14643,#1748);
#901=LINE('',#14646,#1749);
#902=LINE('',#14648,#1750);
#903=LINE('',#14650,#1751);
#904=LINE('',#14651,#1752);
#905=LINE('',#14654,#1753);
#906=LINE('',#14656,#1754);
#907=LINE('',#14658,#1755);
#908=LINE('',#14659,#1756);
#909=LINE('',#14662,#1757);
#910=LINE('',#14664,#1758);
#911=LINE('',#14666,#1759);
#912=LINE('',#14667,#1760);
#913=LINE('',#14670,#1761);
#914=LINE('',#14672,#1762);
#915=LINE('',#14674,#1763);
#916=LINE('',#14679,#1764);
#917=LINE('',#14682,#1765);
#918=LINE('',#14684,#1766);
#919=LINE('',#14686,#1767);
#920=LINE('',#14687,#1768);
#921=LINE('',#14690,#1769);
#922=LINE('',#14692,#1770);
#923=LINE('',#14694,#1771);
#924=LINE('',#14695,#1772);
#925=LINE('',#14698,#1773);
#926=LINE('',#14700,#1774);
#927=LINE('',#14702,#1775);
#928=LINE('',#14704,#1776);
#929=LINE('',#14707,#1777);
#930=LINE('',#14709,#1778);
#931=LINE('',#14711,#1779);
#932=LINE('',#14713,#1780);
#933=LINE('',#14714,#1781);
#934=LINE('',#14716,#1782);
#935=LINE('',#14718,#1783);
#936=LINE('',#14721,#1784);
#937=LINE('',#14724,#1785);
#938=LINE('',#14726,#1786);
#939=LINE('',#14728,#1787);
#940=LINE('',#14730,#1788);
#941=LINE('',#14731,#1789);
#942=LINE('',#14733,#1790);
#943=LINE('',#14735,#1791);
#944=LINE('',#14738,#1792);
#945=LINE('',#14741,#1793);
#946=LINE('',#14743,#1794);
#947=LINE('',#14745,#1795);
#948=LINE('',#14747,#1796);
#949=LINE('',#14748,#1797);
#950=LINE('',#14750,#1798);
#951=LINE('',#14752,#1799);
#952=LINE('',#14754,#1800);
#953=LINE('',#14756,#1801);
#954=LINE('',#14759,#1802);
#955=LINE('',#14761,#1803);
#956=LINE('',#14763,#1804);
#957=LINE('',#14765,#1805);
#958=LINE('',#14766,#1806);
#959=LINE('',#14768,#1807);
#960=LINE('',#14770,#1808);
#961=LINE('',#14773,#1809);
#962=LINE('',#14776,#1810);
#963=LINE('',#14778,#1811);
#964=LINE('',#14780,#1812);
#965=LINE('',#14782,#1813);
#966=LINE('',#14783,#1814);
#967=LINE('',#14785,#1815);
#968=LINE('',#14787,#1816);
#969=LINE('',#14790,#1817);
#970=LINE('',#14793,#1818);
#971=LINE('',#14795,#1819);
#972=LINE('',#14797,#1820);
#973=LINE('',#14799,#1821);
#974=LINE('',#14800,#1822);
#975=LINE('',#14802,#1823);
#976=LINE('',#14804,#1824);
#977=LINE('',#14807,#1825);
#978=LINE('',#14809,#1826);
#979=LINE('',#14811,#1827);
#980=LINE('',#14813,#1828);
#981=LINE('',#14815,#1829);
#982=LINE('',#14818,#1830);
#983=LINE('',#14821,#1831);
#984=LINE('',#14823,#1832);
#985=LINE('',#14825,#1833);
#986=LINE('',#14826,#1834);
#987=LINE('',#14829,#1835);
#988=LINE('',#14831,#1836);
#989=LINE('',#14833,#1837);
#990=LINE('',#14835,#1838);
#991=LINE('',#14836,#1839);
#992=LINE('',#14838,#1840);
#993=LINE('',#14841,#1841);
#994=LINE('',#14842,#1842);
#995=LINE('',#14844,#1843);
#996=LINE('',#14846,#1844);
#997=LINE('',#14848,#1845);
#998=LINE('',#14850,#1846);
#999=LINE('',#14852,#1847);
#1000=LINE('',#14854,#1848);
#1001=LINE('',#14856,#1849);
#1002=LINE('',#14859,#1850);
#1003=LINE('',#14862,#1851);
#1004=LINE('',#14863,#1852);
#1005=LINE('',#14865,#1853);
#1006=LINE('',#14867,#1854);
#1007=LINE('',#14880,#1855);
#1008=LINE('',#14882,#1856);
#1009=LINE('',#14884,#1857);
#1010=LINE('',#14901,#1858);
#1011=LINE('',#14904,#1859);
#1012=LINE('',#14906,#1860);
#1013=LINE('',#14908,#1861);
#1014=LINE('',#14910,#1862);
#1015=LINE('',#14912,#1863);
#1016=LINE('',#14914,#1864);
#1017=LINE('',#14916,#1865);
#1018=LINE('',#14928,#1866);
#1019=LINE('',#14931,#1867);
#1020=LINE('',#14933,#1868);
#1021=LINE('',#14935,#1869);
#1022=LINE('',#14939,#1870);
#1023=LINE('',#14940,#1871);
#1024=LINE('',#14943,#1872);
#1025=LINE('',#14945,#1873);
#1026=LINE('',#14975,#1874);
#1027=LINE('',#14978,#1875);
#1028=LINE('',#14980,#1876);
#1029=LINE('',#14982,#1877);
#1030=LINE('',#14984,#1878);
#1031=LINE('',#14986,#1879);
#1032=LINE('',#14988,#1880);
#1033=LINE('',#14990,#1881);
#1034=LINE('',#14992,#1882);
#1035=LINE('',#14994,#1883);
#1036=LINE('',#14996,#1884);
#1037=LINE('',#14998,#1885);
#1038=LINE('',#15002,#1886);
#1039=LINE('',#15005,#1887);
#1040=LINE('',#15007,#1888);
#1041=LINE('',#15009,#1889);
#1042=LINE('',#15013,#1890);
#1043=LINE('',#15015,#1891);
#1044=LINE('',#15018,#1892);
#1045=LINE('',#15020,#1893);
#1046=LINE('',#15022,#1894);
#1047=LINE('',#15024,#1895);
#1048=LINE('',#15025,#1896);
#1049=LINE('',#15027,#1897);
#1050=LINE('',#15029,#1898);
#1051=LINE('',#15031,#1899);
#1052=LINE('',#15032,#1900);
#1053=LINE('',#15034,#1901);
#1054=LINE('',#15049,#1902);
#1055=LINE('',#15052,#1903);
#1056=LINE('',#15054,#1904);
#1057=LINE('',#15056,#1905);
#1058=LINE('',#15057,#1906);
#1059=LINE('',#15060,#1907);
#1060=LINE('',#15062,#1908);
#1061=LINE('',#15064,#1909);
#1062=LINE('',#15065,#1910);
#1063=LINE('',#15068,#1911);
#1064=LINE('',#15070,#1912);
#1065=LINE('',#15072,#1913);
#1066=LINE('',#15073,#1914);
#1067=LINE('',#15076,#1915);
#1068=LINE('',#15078,#1916);
#1069=LINE('',#15080,#1917);
#1070=LINE('',#15081,#1918);
#1071=LINE('',#15084,#1919);
#1072=LINE('',#15086,#1920);
#1073=LINE('',#15088,#1921);
#1074=LINE('',#15089,#1922);
#1075=LINE('',#15092,#1923);
#1076=LINE('',#15094,#1924);
#1077=LINE('',#15096,#1925);
#1078=LINE('',#15097,#1926);
#1079=LINE('',#15100,#1927);
#1080=LINE('',#15102,#1928);
#1081=LINE('',#15104,#1929);
#1082=LINE('',#15105,#1930);
#1083=LINE('',#15108,#1931);
#1084=LINE('',#15110,#1932);
#1085=LINE('',#15112,#1933);
#1086=LINE('',#15118,#1934);
#1087=LINE('',#15120,#1935);
#1088=LINE('',#15122,#1936);
#1089=LINE('',#15134,#1937);
#1090=LINE('',#15136,#1938);
#1091=LINE('',#15138,#1939);
#1092=LINE('',#15140,#1940);
#1093=LINE('',#15141,#1941);
#1094=LINE('',#15143,#1942);
#1095=LINE('',#15146,#1943);
#1096=LINE('',#15148,#1944);
#1097=LINE('',#15150,#1945);
#1098=LINE('',#15152,#1946);
#1099=LINE('',#15153,#1947);
#1100=LINE('',#15155,#1948);
#1101=LINE('',#15157,#1949);
#1102=LINE('',#15160,#1950);
#1103=LINE('',#15163,#1951);
#1104=LINE('',#15165,#1952);
#1105=LINE('',#15167,#1953);
#1106=LINE('',#15169,#1954);
#1107=LINE('',#15170,#1955);
#1108=LINE('',#15172,#1956);
#1109=LINE('',#15174,#1957);
#1110=LINE('',#15177,#1958);
#1111=LINE('',#15180,#1959);
#1112=LINE('',#15182,#1960);
#1113=LINE('',#15184,#1961);
#1114=LINE('',#15186,#1962);
#1115=LINE('',#15187,#1963);
#1116=LINE('',#15189,#1964);
#1117=LINE('',#15191,#1965);
#1118=LINE('',#15193,#1966);
#1119=LINE('',#15195,#1967);
#1120=LINE('',#15198,#1968);
#1121=LINE('',#15200,#1969);
#1122=LINE('',#15202,#1970);
#1123=LINE('',#15204,#1971);
#1124=LINE('',#15205,#1972);
#1125=LINE('',#15207,#1973);
#1126=LINE('',#15209,#1974);
#1127=LINE('',#15212,#1975);
#1128=LINE('',#15215,#1976);
#1129=LINE('',#15217,#1977);
#1130=LINE('',#15219,#1978);
#1131=LINE('',#15221,#1979);
#1132=LINE('',#15222,#1980);
#1133=LINE('',#15224,#1981);
#1134=LINE('',#15226,#1982);
#1135=LINE('',#15229,#1983);
#1136=LINE('',#15232,#1984);
#1137=LINE('',#15234,#1985);
#1138=LINE('',#15236,#1986);
#1139=LINE('',#15238,#1987);
#1140=LINE('',#15239,#1988);
#1141=LINE('',#15241,#1989);
#1142=LINE('',#15243,#1990);
#1143=LINE('',#15246,#1991);
#1144=LINE('',#15248,#1992);
#1145=LINE('',#15250,#1993);
#1146=LINE('',#15252,#1994);
#1147=LINE('',#15254,#1995);
#1148=LINE('',#15257,#1996);
#1149=LINE('',#15260,#1997);
#1150=LINE('',#15262,#1998);
#1151=LINE('',#15264,#1999);
#1152=LINE('',#15265,#2000);
#1153=LINE('',#15268,#2001);
#1154=LINE('',#15270,#2002);
#1155=LINE('',#15272,#2003);
#1156=LINE('',#15274,#2004);
#1157=LINE('',#15275,#2005);
#1158=LINE('',#15277,#2006);
#1159=LINE('',#15280,#2007);
#1160=LINE('',#15281,#2008);
#1161=LINE('',#15283,#2009);
#1162=LINE('',#15285,#2010);
#1163=LINE('',#15287,#2011);
#1164=LINE('',#15289,#2012);
#1165=LINE('',#15291,#2013);
#1166=LINE('',#15293,#2014);
#1167=LINE('',#15295,#2015);
#1168=LINE('',#15299,#2016);
#1169=LINE('',#15300,#2017);
#1170=LINE('',#15302,#2018);
#1171=LINE('',#15303,#2019);
#1172=LINE('',#15315,#2020);
#1173=LINE('',#15318,#2021);
#1174=LINE('',#15320,#2022);
#1175=LINE('',#15322,#2023);
#1176=LINE('',#15324,#2024);
#1177=LINE('',#15327,#2025);
#1178=LINE('',#15329,#2026);
#1179=LINE('',#15331,#2027);
#1180=LINE('',#15333,#2028);
#1181=LINE('',#15334,#2029);
#1182=LINE('',#15336,#2030);
#1183=LINE('',#15338,#2031);
#1184=VECTOR('',#9621,1.);
#1185=VECTOR('',#9622,1.);
#1186=VECTOR('',#9623,1.);
#1187=VECTOR('',#9624,1.);
#1188=VECTOR('',#9625,1.);
#1189=VECTOR('',#9626,1.);
#1190=VECTOR('',#9627,1.);
#1191=VECTOR('',#9628,1.);
#1192=VECTOR('',#9629,1.);
#1193=VECTOR('',#9630,1.);
#1194=VECTOR('',#9631,1.);
#1195=VECTOR('',#9632,1.);
#1196=VECTOR('',#9633,1.);
#1197=VECTOR('',#9634,1.);
#1198=VECTOR('',#9635,1.);
#1199=VECTOR('',#9636,1.);
#1200=VECTOR('',#9639,1.);
#1201=VECTOR('',#9640,1.);
#1202=VECTOR('',#9641,1.);
#1203=VECTOR('',#9642,1.);
#1204=VECTOR('',#9647,1.);
#1205=VECTOR('',#9648,1.);
#1206=VECTOR('',#9649,1.);
#1207=VECTOR('',#9654,1.);
#1208=VECTOR('',#9655,1.);
#1209=VECTOR('',#9656,1.);
#1210=VECTOR('',#9659,1.);
#1211=VECTOR('',#9662,1.);
#1212=VECTOR('',#9663,1.);
#1213=VECTOR('',#9664,1.);
#1214=VECTOR('',#9665,1.);
#1215=VECTOR('',#9670,1.);
#1216=VECTOR('',#9671,1.);
#1217=VECTOR('',#9672,1.);
#1218=VECTOR('',#9677,1.);
#1219=VECTOR('',#9678,1.);
#1220=VECTOR('',#9679,1.);
#1221=VECTOR('',#9682,1.);
#1222=VECTOR('',#9685,1.);
#1223=VECTOR('',#9686,1.);
#1224=VECTOR('',#9687,1.);
#1225=VECTOR('',#9688,1.);
#1226=VECTOR('',#9689,1.);
#1227=VECTOR('',#9690,1.);
#1228=VECTOR('',#9691,1.);
#1229=VECTOR('',#9694,1.);
#1230=VECTOR('',#9695,1.);
#1231=VECTOR('',#9696,1.);
#1232=VECTOR('',#9697,1.);
#1233=VECTOR('',#9698,1.);
#1234=VECTOR('',#9699,1.);
#1235=VECTOR('',#9700,1.);
#1236=VECTOR('',#9703,1.);
#1237=VECTOR('',#9704,1.);
#1238=VECTOR('',#9705,1.);
#1239=VECTOR('',#9706,1.);
#1240=VECTOR('',#9707,1.);
#1241=VECTOR('',#9708,1.);
#1242=VECTOR('',#9709,1.);
#1243=VECTOR('',#9710,1.);
#1244=VECTOR('',#9711,1.);
#1245=VECTOR('',#9712,1.);
#1246=VECTOR('',#9713,1.);
#1247=VECTOR('',#9714,1.);
#1248=VECTOR('',#9721,1.);
#1249=VECTOR('',#9722,1.);
#1250=VECTOR('',#9723,1.);
#1251=VECTOR('',#9724,1.);
#1252=VECTOR('',#9725,1.);
#1253=VECTOR('',#9726,1.);
#1254=VECTOR('',#9727,1.);
#1255=VECTOR('',#9728,1.);
#1256=VECTOR('',#9735,1.);
#1257=VECTOR('',#9736,1.);
#1258=VECTOR('',#9737,1.);
#1259=VECTOR('',#9738,1.);
#1260=VECTOR('',#9745,1.);
#1261=VECTOR('',#9746,1.);
#1262=VECTOR('',#9751,1.);
#1263=VECTOR('',#9754,1.);
#1264=VECTOR('',#9755,1.);
#1265=VECTOR('',#9756,1.);
#1266=VECTOR('',#9757,1.);
#1267=VECTOR('',#9758,1.);
#1268=VECTOR('',#9759,1.);
#1269=VECTOR('',#9760,1.);
#1270=VECTOR('',#9761,1.);
#1271=VECTOR('',#9762,1.);
#1272=VECTOR('',#9769,1.);
#1273=VECTOR('',#9784,1.);
#1274=VECTOR('',#9787,1.);
#1275=VECTOR('',#9790,1.);
#1276=VECTOR('',#9791,1.);
#1277=VECTOR('',#9794,1.);
#1278=VECTOR('',#9795,1.);
#1279=VECTOR('',#9800,1.);
#1280=VECTOR('',#9803,1.);
#1281=VECTOR('',#9804,1.);
#1282=VECTOR('',#9805,1.);
#1283=VECTOR('',#9808,1.);
#1284=VECTOR('',#9809,1.);
#1285=VECTOR('',#9810,1.);
#1286=VECTOR('',#9811,1.);
#1287=VECTOR('',#9820,1.);
#1288=VECTOR('',#9821,1.);
#1289=VECTOR('',#9824,1.);
#1290=VECTOR('',#9827,1.);
#1291=VECTOR('',#9834,1.);
#1292=VECTOR('',#9835,1.);
#1293=VECTOR('',#9836,1.);
#1294=VECTOR('',#9837,1.);
#1295=VECTOR('',#9840,1.);
#1296=VECTOR('',#9841,1.);
#1297=VECTOR('',#9842,1.);
#1298=VECTOR('',#9845,1.);
#1299=VECTOR('',#9846,1.);
#1300=VECTOR('',#9847,1.);
#1301=VECTOR('',#9850,1.);
#1302=VECTOR('',#9855,1.);
#1303=VECTOR('',#9856,1.);
#1304=VECTOR('',#9857,1.);
#1305=VECTOR('',#9858,1.);
#1306=VECTOR('',#9861,1.);
#1307=VECTOR('',#9862,1.);
#1308=VECTOR('',#9863,1.);
#1309=VECTOR('',#9866,1.);
#1310=VECTOR('',#9867,1.);
#1311=VECTOR('',#9870,1.);
#1312=VECTOR('',#9871,1.);
#1313=VECTOR('',#9876,1.);
#1314=VECTOR('',#9877,1.);
#1315=VECTOR('',#9880,1.);
#1316=VECTOR('',#9881,1.);
#1317=VECTOR('',#9888,1.);
#1318=VECTOR('',#9889,1.);
#1319=VECTOR('',#9892,1.);
#1320=VECTOR('',#9893,1.);
#1321=VECTOR('',#9896,1.);
#1322=VECTOR('',#9899,1.);
#1323=VECTOR('',#9920,1.);
#1324=VECTOR('',#9921,1.);
#1325=VECTOR('',#9922,1.);
#1326=VECTOR('',#9925,1.);
#1327=VECTOR('',#9926,1.);
#1328=VECTOR('',#9929,1.);
#1329=VECTOR('',#9930,1.);
#1330=VECTOR('',#9933,1.);
#1331=VECTOR('',#9934,1.);
#1332=VECTOR('',#9937,1.);
#1333=VECTOR('',#9938,1.);
#1334=VECTOR('',#9939,1.);
#1335=VECTOR('',#9940,1.);
#1336=VECTOR('',#9941,1.);
#1337=VECTOR('',#9942,1.);
#1338=VECTOR('',#9943,1.);
#1339=VECTOR('',#9946,1.);
#1340=VECTOR('',#9947,1.);
#1341=VECTOR('',#9948,1.);
#1342=VECTOR('',#9951,1.);
#1343=VECTOR('',#9954,1.);
#1344=VECTOR('',#9955,1.);
#1345=VECTOR('',#9958,1.);
#1346=VECTOR('',#9963,1.);
#1347=VECTOR('',#9966,1.);
#1348=VECTOR('',#9969,1.);
#1349=VECTOR('',#9970,1.);
#1350=VECTOR('',#9973,1.);
#1351=VECTOR('',#9978,1.);
#1352=VECTOR('',#9979,1.);
#1353=VECTOR('',#9980,1.);
#1354=VECTOR('',#9983,1.);
#1355=VECTOR('',#9984,1.);
#1356=VECTOR('',#9987,1.);
#1357=VECTOR('',#9988,1.);
#1358=VECTOR('',#9991,1.);
#1359=VECTOR('',#9992,1.);
#1360=VECTOR('',#9995,1.);
#1361=VECTOR('',#9996,1.);
#1362=VECTOR('',#9997,1.);
#1363=VECTOR('',#9998,1.);
#1364=VECTOR('',#9999,1.);
#1365=VECTOR('',#10000,1.);
#1366=VECTOR('',#10001,1.);
#1367=VECTOR('',#10004,1.);
#1368=VECTOR('',#10005,1.);
#1369=VECTOR('',#10006,1.);
#1370=VECTOR('',#10009,1.);
#1371=VECTOR('',#10012,1.);
#1372=VECTOR('',#10013,1.);
#1373=VECTOR('',#10016,1.);
#1374=VECTOR('',#10021,1.);
#1375=VECTOR('',#10024,1.);
#1376=VECTOR('',#10027,1.);
#1377=VECTOR('',#10028,1.);
#1378=VECTOR('',#10031,1.);
#1379=VECTOR('',#10034,1.);
#1380=VECTOR('',#10035,1.);
#1381=VECTOR('',#10040,1.);
#1382=VECTOR('',#10047,1.);
#1383=VECTOR('',#10054,1.);
#1384=VECTOR('',#10061,1.);
#1385=VECTOR('',#10068,1.);
#1386=VECTOR('',#10075,1.);
#1387=VECTOR('',#10078,1.);
#1388=VECTOR('',#10079,1.);
#1389=VECTOR('',#10080,1.);
#1390=VECTOR('',#10081,1.);
#1391=VECTOR('',#10082,1.);
#1392=VECTOR('',#10083,1.);
#1393=VECTOR('',#10084,1.);
#1394=VECTOR('',#10085,1.);
#1395=VECTOR('',#10086,1.);
#1396=VECTOR('',#10087,1.);
#1397=VECTOR('',#10088,1.);
#1398=VECTOR('',#10091,1.);
#1399=VECTOR('',#10092,1.);
#1400=VECTOR('',#10093,1.);
#1401=VECTOR('',#10094,1.);
#1402=VECTOR('',#10097,1.);
#1403=VECTOR('',#10102,1.);
#1404=VECTOR('',#10103,1.);
#1405=VECTOR('',#10104,1.);
#1406=VECTOR('',#10109,1.);
#1407=VECTOR('',#10110,1.);
#1408=VECTOR('',#10111,1.);
#1409=VECTOR('',#10114,1.);
#1410=VECTOR('',#10115,1.);
#1411=VECTOR('',#10118,1.);
#1412=VECTOR('',#10119,1.);
#1413=VECTOR('',#10122,1.);
#1414=VECTOR('',#10123,1.);
#1415=VECTOR('',#10126,1.);
#1416=VECTOR('',#10127,1.);
#1417=VECTOR('',#10130,1.);
#1418=VECTOR('',#10131,1.);
#1419=VECTOR('',#10134,1.);
#1420=VECTOR('',#10137,1.);
#1421=VECTOR('',#10138,1.);
#1422=VECTOR('',#10139,1.);
#1423=VECTOR('',#10140,1.);
#1424=VECTOR('',#10141,1.);
#1425=VECTOR('',#10142,1.);
#1426=VECTOR('',#10143,1.);
#1427=VECTOR('',#10144,1.);
#1428=VECTOR('',#10145,1.);
#1429=VECTOR('',#10146,1.);
#1430=VECTOR('',#10149,1.);
#1431=VECTOR('',#10150,1.);
#1432=VECTOR('',#10153,1.);
#1433=VECTOR('',#10156,1.);
#1434=VECTOR('',#10157,1.);
#1435=VECTOR('',#10158,1.);
#1436=VECTOR('',#10159,1.);
#1437=VECTOR('',#10160,1.);
#1438=VECTOR('',#10161,1.);
#1439=VECTOR('',#10162,1.);
#1440=VECTOR('',#10163,1.);
#1441=VECTOR('',#10164,1.);
#1442=VECTOR('',#10167,1.);
#1443=VECTOR('',#10172,1.);
#1444=VECTOR('',#10177,1.);
#1445=VECTOR('',#10178,1.);
#1446=VECTOR('',#10179,1.);
#1447=VECTOR('',#10184,1.);
#1448=VECTOR('',#10185,1.);
#1449=VECTOR('',#10186,1.);
#1450=VECTOR('',#10187,1.);
#1451=VECTOR('',#10190,1.);
#1452=VECTOR('',#10191,1.);
#1453=VECTOR('',#10192,1.);
#1454=VECTOR('',#10195,1.);
#1455=VECTOR('',#10196,1.);
#1456=VECTOR('',#10197,1.);
#1457=VECTOR('',#10202,1.);
#1458=VECTOR('',#10207,1.);
#1459=VECTOR('',#10208,1.);
#1460=VECTOR('',#10209,1.);
#1461=VECTOR('',#10212,1.);
#1462=VECTOR('',#10213,1.);
#1463=VECTOR('',#10216,1.);
#1464=VECTOR('',#10217,1.);
#1465=VECTOR('',#10220,1.);
#1466=VECTOR('',#10221,1.);
#1467=VECTOR('',#10224,1.);
#1468=VECTOR('',#10225,1.);
#1469=VECTOR('',#10228,1.);
#1470=VECTOR('',#10229,1.);
#1471=VECTOR('',#10232,1.);
#1472=VECTOR('',#10233,1.);
#1473=VECTOR('',#10236,1.);
#1474=VECTOR('',#10265,1.);
#1475=VECTOR('',#10266,1.);
#1476=VECTOR('',#10267,1.);
#1477=VECTOR('',#10268,1.);
#1478=VECTOR('',#10269,1.);
#1479=VECTOR('',#10270,1.);
#1480=VECTOR('',#10271,1.);
#1481=VECTOR('',#10272,1.);
#1482=VECTOR('',#10273,1.);
#1483=VECTOR('',#10274,1.);
#1484=VECTOR('',#10275,1.);
#1485=VECTOR('',#10276,1.);
#1486=VECTOR('',#10283,1.);
#1487=VECTOR('',#10284,1.);
#1488=VECTOR('',#10285,1.);
#1489=VECTOR('',#10286,1.);
#1490=VECTOR('',#10287,1.);
#1491=VECTOR('',#10288,1.);
#1492=VECTOR('',#10289,1.);
#1493=VECTOR('',#10290,1.);
#1494=VECTOR('',#10297,1.);
#1495=VECTOR('',#10298,1.);
#1496=VECTOR('',#10299,1.);
#1497=VECTOR('',#10300,1.);
#1498=VECTOR('',#10311,1.);
#1499=VECTOR('',#10314,1.);
#1500=VECTOR('',#10315,1.);
#1501=VECTOR('',#10316,1.);
#1502=VECTOR('',#10317,1.);
#1503=VECTOR('',#10318,1.);
#1504=VECTOR('',#10319,1.);
#1505=VECTOR('',#10320,1.);
#1506=VECTOR('',#10321,1.);
#1507=VECTOR('',#10322,1.);
#1508=VECTOR('',#10329,1.);
#1509=VECTOR('',#10330,1.);
#1510=VECTOR('',#10331,1.);
#1511=VECTOR('',#10332,1.);
#1512=VECTOR('',#10333,1.);
#1513=VECTOR('',#10336,1.);
#1514=VECTOR('',#10337,1.);
#1515=VECTOR('',#10338,1.);
#1516=VECTOR('',#10339,1.);
#1517=VECTOR('',#10348,1.);
#1518=VECTOR('',#10349,1.);
#1519=VECTOR('',#10350,1.);
#1520=VECTOR('',#10351,1.);
#1521=VECTOR('',#10352,1.);
#1522=VECTOR('',#10353,1.);
#1523=VECTOR('',#10354,1.);
#1524=VECTOR('',#10355,1.);
#1525=VECTOR('',#10356,1.);
#1526=VECTOR('',#10357,1.);
#1527=VECTOR('',#10358,1.);
#1528=VECTOR('',#10359,1.);
#1529=VECTOR('',#10362,1.);
#1530=VECTOR('',#10363,1.);
#1531=VECTOR('',#10364,1.);
#1532=VECTOR('',#10365,1.);
#1533=VECTOR('',#10368,1.);
#1534=VECTOR('',#10369,1.);
#1535=VECTOR('',#10370,1.);
#1536=VECTOR('',#10373,1.);
#1537=VECTOR('',#10374,1.);
#1538=VECTOR('',#10375,1.);
#1539=VECTOR('',#10378,1.);
#1540=VECTOR('',#10379,1.);
#1541=VECTOR('',#10384,1.);
#1542=VECTOR('',#10385,1.);
#1543=VECTOR('',#10386,1.);
#1544=VECTOR('',#10387,1.);
#1545=VECTOR('',#10388,1.);
#1546=VECTOR('',#10389,1.);
#1547=VECTOR('',#10390,1.);
#1548=VECTOR('',#10391,1.);
#1549=VECTOR('',#10396,1.);
#1550=VECTOR('',#10397,1.);
#1551=VECTOR('',#10398,1.);
#1552=VECTOR('',#10399,1.);
#1553=VECTOR('',#10400,1.);
#1554=VECTOR('',#10401,1.);
#1555=VECTOR('',#10402,1.);
#1556=VECTOR('',#10403,1.);
#1557=VECTOR('',#10414,1.);
#1558=VECTOR('',#10417,1.);
#1559=VECTOR('',#10446,1.);
#1560=VECTOR('',#10447,1.);
#1561=VECTOR('',#10448,1.);
#1562=VECTOR('',#10449,1.);
#1563=VECTOR('',#10452,1.);
#1564=VECTOR('',#10453,1.);
#1565=VECTOR('',#10454,1.);
#1566=VECTOR('',#10457,1.);
#1567=VECTOR('',#10460,1.);
#1568=VECTOR('',#10463,1.);
#1569=VECTOR('',#10474,1.);
#1570=VECTOR('',#10475,1.);
#1571=VECTOR('',#10478,1.);
#1572=VECTOR('',#10479,1.);
#1573=VECTOR('',#10480,1.);
#1574=VECTOR('',#10483,1.);
#1575=VECTOR('',#10484,1.);
#1576=VECTOR('',#10487,1.);
#1577=VECTOR('',#10488,1.);
#1578=VECTOR('',#10489,1.);
#1579=VECTOR('',#10492,1.);
#1580=VECTOR('',#10495,1.);
#1581=VECTOR('',#10498,1.);
#1582=VECTOR('',#10501,1.);
#1583=VECTOR('',#10502,1.);
#1584=VECTOR('',#10503,1.);
#1585=VECTOR('',#10506,1.);
#1586=VECTOR('',#10507,1.);
#1587=VECTOR('',#10510,1.);
#1588=VECTOR('',#10511,1.);
#1589=VECTOR('',#10512,1.);
#1590=VECTOR('',#10515,1.);
#1591=VECTOR('',#10522,1.);
#1592=VECTOR('',#10527,1.);
#1593=VECTOR('',#10544,1.);
#1594=VECTOR('',#10545,1.);
#1595=VECTOR('',#10546,1.);
#1596=VECTOR('',#10549,1.);
#1597=VECTOR('',#10550,1.);
#1598=VECTOR('',#10553,1.);
#1599=VECTOR('',#10554,1.);
#1600=VECTOR('',#10557,1.);
#1601=VECTOR('',#10558,1.);
#1602=VECTOR('',#10561,1.);
#1603=VECTOR('',#10562,1.);
#1604=VECTOR('',#10563,1.);
#1605=VECTOR('',#10564,1.);
#1606=VECTOR('',#10565,1.);
#1607=VECTOR('',#10566,1.);
#1608=VECTOR('',#10567,1.);
#1609=VECTOR('',#10570,1.);
#1610=VECTOR('',#10571,1.);
#1611=VECTOR('',#10572,1.);
#1612=VECTOR('',#10575,1.);
#1613=VECTOR('',#10578,1.);
#1614=VECTOR('',#10579,1.);
#1615=VECTOR('',#10582,1.);
#1616=VECTOR('',#10587,1.);
#1617=VECTOR('',#10590,1.);
#1618=VECTOR('',#10593,1.);
#1619=VECTOR('',#10594,1.);
#1620=VECTOR('',#10597,1.);
#1621=VECTOR('',#10602,1.);
#1622=VECTOR('',#10603,1.);
#1623=VECTOR('',#10604,1.);
#1624=VECTOR('',#10607,1.);
#1625=VECTOR('',#10608,1.);
#1626=VECTOR('',#10611,1.);
#1627=VECTOR('',#10612,1.);
#1628=VECTOR('',#10615,1.);
#1629=VECTOR('',#10616,1.);
#1630=VECTOR('',#10619,1.);
#1631=VECTOR('',#10620,1.);
#1632=VECTOR('',#10621,1.);
#1633=VECTOR('',#10622,1.);
#1634=VECTOR('',#10623,1.);
#1635=VECTOR('',#10624,1.);
#1636=VECTOR('',#10625,1.);
#1637=VECTOR('',#10628,1.);
#1638=VECTOR('',#10629,1.);
#1639=VECTOR('',#10630,1.);
#1640=VECTOR('',#10633,1.);
#1641=VECTOR('',#10636,1.);
#1642=VECTOR('',#10637,1.);
#1643=VECTOR('',#10640,1.);
#1644=VECTOR('',#10645,1.);
#1645=VECTOR('',#10648,1.);
#1646=VECTOR('',#10651,1.);
#1647=VECTOR('',#10652,1.);
#1648=VECTOR('',#10655,1.);
#1649=VECTOR('',#10658,1.);
#1650=VECTOR('',#10659,1.);
#1651=VECTOR('',#10664,1.);
#1652=VECTOR('',#10671,1.);
#1653=VECTOR('',#10678,1.);
#1654=VECTOR('',#10685,1.);
#1655=VECTOR('',#10692,1.);
#1656=VECTOR('',#10699,1.);
#1657=VECTOR('',#10702,1.);
#1658=VECTOR('',#10703,1.);
#1659=VECTOR('',#10704,1.);
#1660=VECTOR('',#10705,1.);
#1661=VECTOR('',#10706,1.);
#1662=VECTOR('',#10707,1.);
#1663=VECTOR('',#10708,1.);
#1664=VECTOR('',#10709,1.);
#1665=VECTOR('',#10710,1.);
#1666=VECTOR('',#10711,1.);
#1667=VECTOR('',#10712,1.);
#1668=VECTOR('',#10715,1.);
#1669=VECTOR('',#10716,1.);
#1670=VECTOR('',#10717,1.);
#1671=VECTOR('',#10718,1.);
#1672=VECTOR('',#10721,1.);
#1673=VECTOR('',#10726,1.);
#1674=VECTOR('',#10727,1.);
#1675=VECTOR('',#10728,1.);
#1676=VECTOR('',#10733,1.);
#1677=VECTOR('',#10734,1.);
#1678=VECTOR('',#10735,1.);
#1679=VECTOR('',#10738,1.);
#1680=VECTOR('',#10739,1.);
#1681=VECTOR('',#10742,1.);
#1682=VECTOR('',#10743,1.);
#1683=VECTOR('',#10746,1.);
#1684=VECTOR('',#10747,1.);
#1685=VECTOR('',#10750,1.);
#1686=VECTOR('',#10751,1.);
#1687=VECTOR('',#10754,1.);
#1688=VECTOR('',#10755,1.);
#1689=VECTOR('',#10758,1.);
#1690=VECTOR('',#10761,1.);
#1691=VECTOR('',#10762,1.);
#1692=VECTOR('',#10763,1.);
#1693=VECTOR('',#10764,1.);
#1694=VECTOR('',#10765,1.);
#1695=VECTOR('',#10766,1.);
#1696=VECTOR('',#10767,1.);
#1697=VECTOR('',#10768,1.);
#1698=VECTOR('',#10769,1.);
#1699=VECTOR('',#10770,1.);
#1700=VECTOR('',#10773,1.);
#1701=VECTOR('',#10774,1.);
#1702=VECTOR('',#10777,1.);
#1703=VECTOR('',#10780,1.);
#1704=VECTOR('',#10781,1.);
#1705=VECTOR('',#10782,1.);
#1706=VECTOR('',#10783,1.);
#1707=VECTOR('',#10784,1.);
#1708=VECTOR('',#10785,1.);
#1709=VECTOR('',#10786,1.);
#1710=VECTOR('',#10787,1.);
#1711=VECTOR('',#10788,1.);
#1712=VECTOR('',#10791,1.);
#1713=VECTOR('',#10796,1.);
#1714=VECTOR('',#10801,1.);
#1715=VECTOR('',#10802,1.);
#1716=VECTOR('',#10803,1.);
#1717=VECTOR('',#10808,1.);
#1718=VECTOR('',#10809,1.);
#1719=VECTOR('',#10810,1.);
#1720=VECTOR('',#10811,1.);
#1721=VECTOR('',#10814,1.);
#1722=VECTOR('',#10815,1.);
#1723=VECTOR('',#10816,1.);
#1724=VECTOR('',#10819,1.);
#1725=VECTOR('',#10820,1.);
#1726=VECTOR('',#10821,1.);
#1727=VECTOR('',#10826,1.);
#1728=VECTOR('',#10831,1.);
#1729=VECTOR('',#10832,1.);
#1730=VECTOR('',#10833,1.);
#1731=VECTOR('',#10836,1.);
#1732=VECTOR('',#10837,1.);
#1733=VECTOR('',#10840,1.);
#1734=VECTOR('',#10841,1.);
#1735=VECTOR('',#10844,1.);
#1736=VECTOR('',#10845,1.);
#1737=VECTOR('',#10848,1.);
#1738=VECTOR('',#10849,1.);
#1739=VECTOR('',#10852,1.);
#1740=VECTOR('',#10853,1.);
#1741=VECTOR('',#10856,1.);
#1742=VECTOR('',#10857,1.);
#1743=VECTOR('',#10860,1.);
#1744=VECTOR('',#10881,1.);
#1745=VECTOR('',#10882,1.);
#1746=VECTOR('',#10883,1.);
#1747=VECTOR('',#10884,1.);
#1748=VECTOR('',#10885,1.);
#1749=VECTOR('',#10886,1.);
#1750=VECTOR('',#10887,1.);
#1751=VECTOR('',#10888,1.);
#1752=VECTOR('',#10889,1.);
#1753=VECTOR('',#10890,1.);
#1754=VECTOR('',#10891,1.);
#1755=VECTOR('',#10892,1.);
#1756=VECTOR('',#10893,1.);
#1757=VECTOR('',#10894,1.);
#1758=VECTOR('',#10895,1.);
#1759=VECTOR('',#10896,1.);
#1760=VECTOR('',#10897,1.);
#1761=VECTOR('',#10898,1.);
#1762=VECTOR('',#10899,1.);
#1763=VECTOR('',#10900,1.);
#1764=VECTOR('',#10905,1.);
#1765=VECTOR('',#10906,1.);
#1766=VECTOR('',#10907,1.);
#1767=VECTOR('',#10908,1.);
#1768=VECTOR('',#10909,1.);
#1769=VECTOR('',#10910,1.);
#1770=VECTOR('',#10911,1.);
#1771=VECTOR('',#10912,1.);
#1772=VECTOR('',#10913,1.);
#1773=VECTOR('',#10914,1.);
#1774=VECTOR('',#10915,1.);
#1775=VECTOR('',#10916,1.);
#1776=VECTOR('',#10919,1.);
#1777=VECTOR('',#10920,1.);
#1778=VECTOR('',#10921,1.);
#1779=VECTOR('',#10922,1.);
#1780=VECTOR('',#10925,1.);
#1781=VECTOR('',#10926,1.);
#1782=VECTOR('',#10929,1.);
#1783=VECTOR('',#10932,1.);
#1784=VECTOR('',#10937,1.);
#1785=VECTOR('',#10938,1.);
#1786=VECTOR('',#10939,1.);
#1787=VECTOR('',#10940,1.);
#1788=VECTOR('',#10943,1.);
#1789=VECTOR('',#10944,1.);
#1790=VECTOR('',#10947,1.);
#1791=VECTOR('',#10950,1.);
#1792=VECTOR('',#10955,1.);
#1793=VECTOR('',#10956,1.);
#1794=VECTOR('',#10957,1.);
#1795=VECTOR('',#10958,1.);
#1796=VECTOR('',#10961,1.);
#1797=VECTOR('',#10962,1.);
#1798=VECTOR('',#10965,1.);
#1799=VECTOR('',#10966,1.);
#1800=VECTOR('',#10967,1.);
#1801=VECTOR('',#10970,1.);
#1802=VECTOR('',#10971,1.);
#1803=VECTOR('',#10972,1.);
#1804=VECTOR('',#10973,1.);
#1805=VECTOR('',#10976,1.);
#1806=VECTOR('',#10977,1.);
#1807=VECTOR('',#10980,1.);
#1808=VECTOR('',#10983,1.);
#1809=VECTOR('',#10988,1.);
#1810=VECTOR('',#10989,1.);
#1811=VECTOR('',#10990,1.);
#1812=VECTOR('',#10991,1.);
#1813=VECTOR('',#10994,1.);
#1814=VECTOR('',#10995,1.);
#1815=VECTOR('',#10998,1.);
#1816=VECTOR('',#11001,1.);
#1817=VECTOR('',#11006,1.);
#1818=VECTOR('',#11007,1.);
#1819=VECTOR('',#11008,1.);
#1820=VECTOR('',#11009,1.);
#1821=VECTOR('',#11012,1.);
#1822=VECTOR('',#11013,1.);
#1823=VECTOR('',#11016,1.);
#1824=VECTOR('',#11019,1.);
#1825=VECTOR('',#11024,1.);
#1826=VECTOR('',#11025,1.);
#1827=VECTOR('',#11026,1.);
#1828=VECTOR('',#11029,1.);
#1829=VECTOR('',#11032,1.);
#1830=VECTOR('',#11037,1.);
#1831=VECTOR('',#11038,1.);
#1832=VECTOR('',#11039,1.);
#1833=VECTOR('',#11040,1.);
#1834=VECTOR('',#11041,1.);
#1835=VECTOR('',#11042,1.);
#1836=VECTOR('',#11043,1.);
#1837=VECTOR('',#11044,1.);
#1838=VECTOR('',#11047,1.);
#1839=VECTOR('',#11048,1.);
#1840=VECTOR('',#11051,1.);
#1841=VECTOR('',#11052,1.);
#1842=VECTOR('',#11053,1.);
#1843=VECTOR('',#11056,1.);
#1844=VECTOR('',#11057,1.);
#1845=VECTOR('',#11060,1.);
#1846=VECTOR('',#11061,1.);
#1847=VECTOR('',#11064,1.);
#1848=VECTOR('',#11067,1.);
#1849=VECTOR('',#11070,1.);
#1850=VECTOR('',#11075,1.);
#1851=VECTOR('',#11076,1.);
#1852=VECTOR('',#11077,1.);
#1853=VECTOR('',#11080,1.);
#1854=VECTOR('',#11081,1.);
#1855=VECTOR('',#11098,1.);
#1856=VECTOR('',#11099,1.);
#1857=VECTOR('',#11102,1.);
#1858=VECTOR('',#11127,1.);
#1859=VECTOR('',#11128,1.);
#1860=VECTOR('',#11129,1.);
#1861=VECTOR('',#11130,1.);
#1862=VECTOR('',#11131,1.);
#1863=VECTOR('',#11132,1.);
#1864=VECTOR('',#11133,1.);
#1865=VECTOR('',#11134,1.);
#1866=VECTOR('',#11147,1.);
#1867=VECTOR('',#11148,1.);
#1868=VECTOR('',#11149,1.);
#1869=VECTOR('',#11150,1.);
#1870=VECTOR('',#11155,1.);
#1871=VECTOR('',#11156,1.);
#1872=VECTOR('',#11161,1.);
#1873=VECTOR('',#11164,1.);
#1874=VECTOR('',#11215,1.);
#1875=VECTOR('',#11216,1.);
#1876=VECTOR('',#11217,1.);
#1877=VECTOR('',#11218,1.);
#1878=VECTOR('',#11221,1.);
#1879=VECTOR('',#11222,1.);
#1880=VECTOR('',#11223,1.);
#1881=VECTOR('',#11226,1.);
#1882=VECTOR('',#11227,1.);
#1883=VECTOR('',#11230,1.);
#1884=VECTOR('',#11231,1.);
#1885=VECTOR('',#11234,1.);
#1886=VECTOR('',#11241,1.);
#1887=VECTOR('',#11242,1.);
#1888=VECTOR('',#11243,1.);
#1889=VECTOR('',#11244,1.);
#1890=VECTOR('',#11247,1.);
#1891=VECTOR('',#11250,1.);
#1892=VECTOR('',#11251,1.);
#1893=VECTOR('',#11252,1.);
#1894=VECTOR('',#11253,1.);
#1895=VECTOR('',#11256,1.);
#1896=VECTOR('',#11257,1.);
#1897=VECTOR('',#11260,1.);
#1898=VECTOR('',#11261,1.);
#1899=VECTOR('',#11262,1.);
#1900=VECTOR('',#11263,1.);
#1901=VECTOR('',#11266,1.);
#1902=VECTOR('',#11291,1.);
#1903=VECTOR('',#11292,1.);
#1904=VECTOR('',#11293,1.);
#1905=VECTOR('',#11294,1.);
#1906=VECTOR('',#11295,1.);
#1907=VECTOR('',#11296,1.);
#1908=VECTOR('',#11297,1.);
#1909=VECTOR('',#11298,1.);
#1910=VECTOR('',#11299,1.);
#1911=VECTOR('',#11300,1.);
#1912=VECTOR('',#11301,1.);
#1913=VECTOR('',#11302,1.);
#1914=VECTOR('',#11303,1.);
#1915=VECTOR('',#11304,1.);
#1916=VECTOR('',#11305,1.);
#1917=VECTOR('',#11306,1.);
#1918=VECTOR('',#11307,1.);
#1919=VECTOR('',#11308,1.);
#1920=VECTOR('',#11309,1.);
#1921=VECTOR('',#11310,1.);
#1922=VECTOR('',#11311,1.);
#1923=VECTOR('',#11312,1.);
#1924=VECTOR('',#11313,1.);
#1925=VECTOR('',#11314,1.);
#1926=VECTOR('',#11315,1.);
#1927=VECTOR('',#11316,1.);
#1928=VECTOR('',#11317,1.);
#1929=VECTOR('',#11318,1.);
#1930=VECTOR('',#11319,1.);
#1931=VECTOR('',#11320,1.);
#1932=VECTOR('',#11321,1.);
#1933=VECTOR('',#11322,1.);
#1934=VECTOR('',#11329,1.);
#1935=VECTOR('',#11330,1.);
#1936=VECTOR('',#11331,1.);
#1937=VECTOR('',#11344,1.);
#1938=VECTOR('',#11345,1.);
#1939=VECTOR('',#11346,1.);
#1940=VECTOR('',#11349,1.);
#1941=VECTOR('',#11350,1.);
#1942=VECTOR('',#11353,1.);
#1943=VECTOR('',#11354,1.);
#1944=VECTOR('',#11355,1.);
#1945=VECTOR('',#11356,1.);
#1946=VECTOR('',#11359,1.);
#1947=VECTOR('',#11360,1.);
#1948=VECTOR('',#11363,1.);
#1949=VECTOR('',#11366,1.);
#1950=VECTOR('',#11371,1.);
#1951=VECTOR('',#11372,1.);
#1952=VECTOR('',#11373,1.);
#1953=VECTOR('',#11374,1.);
#1954=VECTOR('',#11377,1.);
#1955=VECTOR('',#11378,1.);
#1956=VECTOR('',#11381,1.);
#1957=VECTOR('',#11384,1.);
#1958=VECTOR('',#11389,1.);
#1959=VECTOR('',#11390,1.);
#1960=VECTOR('',#11391,1.);
#1961=VECTOR('',#11392,1.);
#1962=VECTOR('',#11395,1.);
#1963=VECTOR('',#11396,1.);
#1964=VECTOR('',#11399,1.);
#1965=VECTOR('',#11400,1.);
#1966=VECTOR('',#11401,1.);
#1967=VECTOR('',#11404,1.);
#1968=VECTOR('',#11405,1.);
#1969=VECTOR('',#11406,1.);
#1970=VECTOR('',#11407,1.);
#1971=VECTOR('',#11410,1.);
#1972=VECTOR('',#11411,1.);
#1973=VECTOR('',#11414,1.);
#1974=VECTOR('',#11417,1.);
#1975=VECTOR('',#11422,1.);
#1976=VECTOR('',#11423,1.);
#1977=VECTOR('',#11424,1.);
#1978=VECTOR('',#11425,1.);
#1979=VECTOR('',#11428,1.);
#1980=VECTOR('',#11429,1.);
#1981=VECTOR('',#11432,1.);
#1982=VECTOR('',#11435,1.);
#1983=VECTOR('',#11440,1.);
#1984=VECTOR('',#11441,1.);
#1985=VECTOR('',#11442,1.);
#1986=VECTOR('',#11443,1.);
#1987=VECTOR('',#11446,1.);
#1988=VECTOR('',#11447,1.);
#1989=VECTOR('',#11450,1.);
#1990=VECTOR('',#11453,1.);
#1991=VECTOR('',#11458,1.);
#1992=VECTOR('',#11459,1.);
#1993=VECTOR('',#11460,1.);
#1994=VECTOR('',#11463,1.);
#1995=VECTOR('',#11466,1.);
#1996=VECTOR('',#11471,1.);
#1997=VECTOR('',#11472,1.);
#1998=VECTOR('',#11473,1.);
#1999=VECTOR('',#11474,1.);
#2000=VECTOR('',#11475,1.);
#2001=VECTOR('',#11476,1.);
#2002=VECTOR('',#11477,1.);
#2003=VECTOR('',#11478,1.);
#2004=VECTOR('',#11481,1.);
#2005=VECTOR('',#11482,1.);
#2006=VECTOR('',#11485,1.);
#2007=VECTOR('',#11486,1.);
#2008=VECTOR('',#11487,1.);
#2009=VECTOR('',#11490,1.);
#2010=VECTOR('',#11491,1.);
#2011=VECTOR('',#11494,1.);
#2012=VECTOR('',#11495,1.);
#2013=VECTOR('',#11498,1.);
#2014=VECTOR('',#11501,1.);
#2015=VECTOR('',#11504,1.);
#2016=VECTOR('',#11511,1.);
#2017=VECTOR('',#11512,1.);
#2018=VECTOR('',#11515,1.);
#2019=VECTOR('',#11516,1.);
#2020=VECTOR('',#11537,1.);
#2021=VECTOR('',#11538,1.);
#2022=VECTOR('',#11539,1.);
#2023=VECTOR('',#11540,1.);
#2024=VECTOR('',#11543,1.);
#2025=VECTOR('',#11544,1.);
#2026=VECTOR('',#11545,1.);
#2027=VECTOR('',#11546,1.);
#2028=VECTOR('',#11549,1.);
#2029=VECTOR('',#11550,1.);
#2030=VECTOR('',#11553,1.);
#2031=VECTOR('',#11556,1.);
#2032=CONTEXT_DEPENDENT_SHAPE_REPRESENTATION(#2080,#15376);
#2033=CONTEXT_DEPENDENT_SHAPE_REPRESENTATION(#2081,#15378);
#2034=CONTEXT_DEPENDENT_SHAPE_REPRESENTATION(#2082,#15380);
#2035=CONTEXT_DEPENDENT_SHAPE_REPRESENTATION(#2083,#15382);
#2036=CONTEXT_DEPENDENT_SHAPE_REPRESENTATION(#2084,#15384);
#2037=CONTEXT_DEPENDENT_SHAPE_REPRESENTATION(#2085,#15386);
#2038=CONTEXT_DEPENDENT_SHAPE_REPRESENTATION(#2086,#15388);
#2039=CONTEXT_DEPENDENT_SHAPE_REPRESENTATION(#2087,#15389);
#2040=CONTEXT_DEPENDENT_SHAPE_REPRESENTATION(#2088,#15391);
#2041=CONTEXT_DEPENDENT_SHAPE_REPRESENTATION(#2089,#15392);
#2042=CONTEXT_DEPENDENT_SHAPE_REPRESENTATION(#2090,#15393);
#2043=CONTEXT_DEPENDENT_SHAPE_REPRESENTATION(#2091,#15395);
#2044=CONTEXT_DEPENDENT_SHAPE_REPRESENTATION(#2092,#15397);
#2045=CONTEXT_DEPENDENT_SHAPE_REPRESENTATION(#2093,#15398);
#2046=CONTEXT_DEPENDENT_SHAPE_REPRESENTATION(#2094,#15399);
#2047=CONTEXT_DEPENDENT_SHAPE_REPRESENTATION(#2095,#15400);
#2048=CONTEXT_DEPENDENT_SHAPE_REPRESENTATION(#2096,#15401);
#2049=CONTEXT_DEPENDENT_SHAPE_REPRESENTATION(#2097,#15403);
#2050=CONTEXT_DEPENDENT_SHAPE_REPRESENTATION(#2098,#15404);
#2051=CONTEXT_DEPENDENT_SHAPE_REPRESENTATION(#2099,#15405);
#2052=CONTEXT_DEPENDENT_SHAPE_REPRESENTATION(#2100,#15407);
#2053=CONTEXT_DEPENDENT_SHAPE_REPRESENTATION(#2101,#15408);
#2054=CONTEXT_DEPENDENT_SHAPE_REPRESENTATION(#2102,#15409);
#2055=CONTEXT_DEPENDENT_SHAPE_REPRESENTATION(#2103,#15410);
#2056=NEXT_ASSEMBLY_USAGE_OCCURRENCE('NAUO1','Part 4','Part 4',#15411,#15412,
'');
#2057=NEXT_ASSEMBLY_USAGE_OCCURRENCE('NAUO2','Part 1','Part 1',#15411,#15413,
'');
#2058=NEXT_ASSEMBLY_USAGE_OCCURRENCE('NAUO3','Part 1','Part 1',#15411,#15414,
'');
#2059=NEXT_ASSEMBLY_USAGE_OCCURRENCE('NAUO4','Part 1','Part 1',#15411,#15415,
'');
#2060=NEXT_ASSEMBLY_USAGE_OCCURRENCE('NAUO5','Part 6','Part 6',#15411,#15416,
'');
#2061=NEXT_ASSEMBLY_USAGE_OCCURRENCE('NAUO6','Part 6','Part 6',#15411,#15417,
'');
#2062=NEXT_ASSEMBLY_USAGE_OCCURRENCE('NAUO7','Part 3','Part 3',#15411,#15418,
'');
#2063=NEXT_ASSEMBLY_USAGE_OCCURRENCE('NAUO8','Part 4','Part 4',#15411,#15412,
'');
#2064=NEXT_ASSEMBLY_USAGE_OCCURRENCE('NAUO9','Part 5','Part 5',#15411,#15419,
'');
#2065=NEXT_ASSEMBLY_USAGE_OCCURRENCE('NAUO10','Part 5','Part 5',#15411,
#15419,'');
#2066=NEXT_ASSEMBLY_USAGE_OCCURRENCE('NAUO11','Part 1','Part 1',#15411,
#15413,'');
#2067=NEXT_ASSEMBLY_USAGE_OCCURRENCE('NAUO12','Part 3','Part 3',#15411,
#15420,'');
#2068=NEXT_ASSEMBLY_USAGE_OCCURRENCE('NAUO13','Part 5','Part 5',#15411,
#15421,'');
#2069=NEXT_ASSEMBLY_USAGE_OCCURRENCE('NAUO14','Part 6','Part 6',#15411,
#15417,'');
#2070=NEXT_ASSEMBLY_USAGE_OCCURRENCE('NAUO15','Part 1','Part 1',#15411,
#15415,'');
#2071=NEXT_ASSEMBLY_USAGE_OCCURRENCE('NAUO16','Part 6','Part 6',#15411,
#15416,'');
#2072=NEXT_ASSEMBLY_USAGE_OCCURRENCE('NAUO17','Part 3','Part 3',#15411,
#15420,'');
#2073=NEXT_ASSEMBLY_USAGE_OCCURRENCE('NAUO18','Part 1','Part 1',#15411,
#15422,'');
#2074=NEXT_ASSEMBLY_USAGE_OCCURRENCE('NAUO19','Part 5','Part 5',#15411,
#15421,'');
#2075=NEXT_ASSEMBLY_USAGE_OCCURRENCE('NAUO20','Part 1','Part 1',#15411,
#15414,'');
#2076=NEXT_ASSEMBLY_USAGE_OCCURRENCE('NAUO21','Part 4','Part 4',#15411,
#15423,'');
#2077=NEXT_ASSEMBLY_USAGE_OCCURRENCE('NAUO22','Part 4','Part 4',#15411,
#15423,'');
#2078=NEXT_ASSEMBLY_USAGE_OCCURRENCE('NAUO23','Part 1','Part 1',#15411,
#15422,'');
#2079=NEXT_ASSEMBLY_USAGE_OCCURRENCE('NAUO24','Part 3','Part 3',#15411,
#15418,'');
#2080=(
REPRESENTATION_RELATIONSHIP(' ',' ',#9024,#9023)
REPRESENTATION_RELATIONSHIP_WITH_TRANSFORMATION(#2104)
SHAPE_REPRESENTATION_RELATIONSHIP()
);
#2081=(
REPRESENTATION_RELATIONSHIP(' ',' ',#9025,#9023)
REPRESENTATION_RELATIONSHIP_WITH_TRANSFORMATION(#2105)
SHAPE_REPRESENTATION_RELATIONSHIP()
);
#2082=(
REPRESENTATION_RELATIONSHIP(' ',' ',#9026,#9023)
REPRESENTATION_RELATIONSHIP_WITH_TRANSFORMATION(#2106)
SHAPE_REPRESENTATION_RELATIONSHIP()
);
#2083=(
REPRESENTATION_RELATIONSHIP(' ',' ',#9027,#9023)
REPRESENTATION_RELATIONSHIP_WITH_TRANSFORMATION(#2107)
SHAPE_REPRESENTATION_RELATIONSHIP()
);
#2084=(
REPRESENTATION_RELATIONSHIP(' ',' ',#9028,#9023)
REPRESENTATION_RELATIONSHIP_WITH_TRANSFORMATION(#2108)
SHAPE_REPRESENTATION_RELATIONSHIP()
);
#2085=(
REPRESENTATION_RELATIONSHIP(' ',' ',#9029,#9023)
REPRESENTATION_RELATIONSHIP_WITH_TRANSFORMATION(#2109)
SHAPE_REPRESENTATION_RELATIONSHIP()
);
#2086=(
REPRESENTATION_RELATIONSHIP(' ',' ',#9030,#9023)
REPRESENTATION_RELATIONSHIP_WITH_TRANSFORMATION(#2110)
SHAPE_REPRESENTATION_RELATIONSHIP()
);
#2087=(
REPRESENTATION_RELATIONSHIP(' ',' ',#9024,#9023)
REPRESENTATION_RELATIONSHIP_WITH_TRANSFORMATION(#2111)
SHAPE_REPRESENTATION_RELATIONSHIP()
);
#2088=(
REPRESENTATION_RELATIONSHIP(' ',' ',#9031,#9023)
REPRESENTATION_RELATIONSHIP_WITH_TRANSFORMATION(#2112)
SHAPE_REPRESENTATION_RELATIONSHIP()
);
#2089=(
REPRESENTATION_RELATIONSHIP(' ',' ',#9031,#9023)
REPRESENTATION_RELATIONSHIP_WITH_TRANSFORMATION(#2113)
SHAPE_REPRESENTATION_RELATIONSHIP()
);
#2090=(
REPRESENTATION_RELATIONSHIP(' ',' ',#9025,#9023)
REPRESENTATION_RELATIONSHIP_WITH_TRANSFORMATION(#2114)
SHAPE_REPRESENTATION_RELATIONSHIP()
);
#2091=(
REPRESENTATION_RELATIONSHIP(' ',' ',#9032,#9023)
REPRESENTATION_RELATIONSHIP_WITH_TRANSFORMATION(#2115)
SHAPE_REPRESENTATION_RELATIONSHIP()
);
#2092=(
REPRESENTATION_RELATIONSHIP(' ',' ',#9033,#9023)
REPRESENTATION_RELATIONSHIP_WITH_TRANSFORMATION(#2116)
SHAPE_REPRESENTATION_RELATIONSHIP()
);
#2093=(
REPRESENTATION_RELATIONSHIP(' ',' ',#9029,#9023)
REPRESENTATION_RELATIONSHIP_WITH_TRANSFORMATION(#2117)
SHAPE_REPRESENTATION_RELATIONSHIP()
);
#2094=(
REPRESENTATION_RELATIONSHIP(' ',' ',#9027,#9023)
REPRESENTATION_RELATIONSHIP_WITH_TRANSFORMATION(#2118)
SHAPE_REPRESENTATION_RELATIONSHIP()
);
#2095=(
REPRESENTATION_RELATIONSHIP(' ',' ',#9028,#9023)
REPRESENTATION_RELATIONSHIP_WITH_TRANSFORMATION(#2119)
SHAPE_REPRESENTATION_RELATIONSHIP()
);
#2096=(
REPRESENTATION_RELATIONSHIP(' ',' ',#9032,#9023)
REPRESENTATION_RELATIONSHIP_WITH_TRANSFORMATION(#2120)
SHAPE_REPRESENTATION_RELATIONSHIP()
);
#2097=(
REPRESENTATION_RELATIONSHIP(' ',' ',#9034,#9023)
REPRESENTATION_RELATIONSHIP_WITH_TRANSFORMATION(#2121)
SHAPE_REPRESENTATION_RELATIONSHIP()
);
#2098=(
REPRESENTATION_RELATIONSHIP(' ',' ',#9033,#9023)
REPRESENTATION_RELATIONSHIP_WITH_TRANSFORMATION(#2122)
SHAPE_REPRESENTATION_RELATIONSHIP()
);
#2099=(
REPRESENTATION_RELATIONSHIP(' ',' ',#9026,#9023)
REPRESENTATION_RELATIONSHIP_WITH_TRANSFORMATION(#2123)
SHAPE_REPRESENTATION_RELATIONSHIP()
);
#2100=(
REPRESENTATION_RELATIONSHIP(' ',' ',#9035,#9023)
REPRESENTATION_RELATIONSHIP_WITH_TRANSFORMATION(#2124)
SHAPE_REPRESENTATION_RELATIONSHIP()
);
#2101=(
REPRESENTATION_RELATIONSHIP(' ',' ',#9035,#9023)
REPRESENTATION_RELATIONSHIP_WITH_TRANSFORMATION(#2125)
SHAPE_REPRESENTATION_RELATIONSHIP()
);
#2102=(
REPRESENTATION_RELATIONSHIP(' ',' ',#9034,#9023)
REPRESENTATION_RELATIONSHIP_WITH_TRANSFORMATION(#2126)
SHAPE_REPRESENTATION_RELATIONSHIP()
);
#2103=(
REPRESENTATION_RELATIONSHIP(' ',' ',#9030,#9023)
REPRESENTATION_RELATIONSHIP_WITH_TRANSFORMATION(#2127)
SHAPE_REPRESENTATION_RELATIONSHIP()
);
#2104=ITEM_DEFINED_TRANSFORMATION(' ',' ',#9036,#9042);
#2105=ITEM_DEFINED_TRANSFORMATION(' ',' ',#9036,#9223);
#2106=ITEM_DEFINED_TRANSFORMATION(' ',' ',#9036,#9396);
#2107=ITEM_DEFINED_TRANSFORMATION(' ',' ',#9036,#9454);
#2108=ITEM_DEFINED_TRANSFORMATION(' ',' ',#9036,#9460);
#2109=ITEM_DEFINED_TRANSFORMATION(' ',' ',#9036,#9483);
#2110=ITEM_DEFINED_TRANSFORMATION(' ',' ',#9036,#9489);
#2111=ITEM_DEFINED_TRANSFORMATION(' ',' ',#9036,#9490);
#2112=ITEM_DEFINED_TRANSFORMATION(' ',' ',#9036,#9496);
#2113=ITEM_DEFINED_TRANSFORMATION(' ',' ',#9036,#9497);
#2114=ITEM_DEFINED_TRANSFORMATION(' ',' ',#9036,#9498);
#2115=ITEM_DEFINED_TRANSFORMATION(' ',' ',#9036,#9505);
#2116=ITEM_DEFINED_TRANSFORMATION(' ',' ',#9036,#9516);
#2117=ITEM_DEFINED_TRANSFORMATION(' ',' ',#9036,#9517);
#2118=ITEM_DEFINED_TRANSFORMATION(' ',' ',#9036,#9518);
#2119=ITEM_DEFINED_TRANSFORMATION(' ',' ',#9036,#9519);
#2120=ITEM_DEFINED_TRANSFORMATION(' ',' ',#9036,#9520);
#2121=ITEM_DEFINED_TRANSFORMATION(' ',' ',#9036,#9584);
#2122=ITEM_DEFINED_TRANSFORMATION(' ',' ',#9036,#9585);
#2123=ITEM_DEFINED_TRANSFORMATION(' ',' ',#9036,#9586);
#2124=ITEM_DEFINED_TRANSFORMATION(' ',' ',#9036,#9593);
#2125=ITEM_DEFINED_TRANSFORMATION(' ',' ',#9036,#9594);
#2126=ITEM_DEFINED_TRANSFORMATION(' ',' ',#9036,#9595);
#2127=ITEM_DEFINED_TRANSFORMATION(' ',' ',#9036,#9596);
#2128=SHAPE_REPRESENTATION_RELATIONSHIP('','',#9024,#2140);
#2129=SHAPE_REPRESENTATION_RELATIONSHIP('','',#9025,#2141);
#2130=SHAPE_REPRESENTATION_RELATIONSHIP('','',#9026,#2142);
#2131=SHAPE_REPRESENTATION_RELATIONSHIP('','',#9027,#2143);
#2132=SHAPE_REPRESENTATION_RELATIONSHIP('','',#9028,#2144);
#2133=SHAPE_REPRESENTATION_RELATIONSHIP('','',#9029,#2145);
#2134=SHAPE_REPRESENTATION_RELATIONSHIP('','',#9030,#2146);
#2135=SHAPE_REPRESENTATION_RELATIONSHIP('','',#9031,#2147);
#2136=SHAPE_REPRESENTATION_RELATIONSHIP('','',#9032,#2148);
#2137=SHAPE_REPRESENTATION_RELATIONSHIP('','',#9033,#2149);
#2138=SHAPE_REPRESENTATION_RELATIONSHIP('','',#9034,#2150);
#2139=SHAPE_REPRESENTATION_RELATIONSHIP('','',#9035,#2151);
#2140=ADVANCED_BREP_SHAPE_REPRESENTATION('',(#8998),#15346);
#2141=ADVANCED_BREP_SHAPE_REPRESENTATION('',(#8999),#15347);
#2142=ADVANCED_BREP_SHAPE_REPRESENTATION('',(#9000),#15348);
#2143=ADVANCED_BREP_SHAPE_REPRESENTATION('',(#9001),#15349);
#2144=ADVANCED_BREP_SHAPE_REPRESENTATION('',(#9002),#15350);
#2145=ADVANCED_BREP_SHAPE_REPRESENTATION('',(#9003),#15351);
#2146=ADVANCED_BREP_SHAPE_REPRESENTATION('',(#9004),#15352);
#2147=ADVANCED_BREP_SHAPE_REPRESENTATION('',(#9005),#15353);
#2148=ADVANCED_BREP_SHAPE_REPRESENTATION('',(#9006),#15354);
#2149=ADVANCED_BREP_SHAPE_REPRESENTATION('',(#9007),#15355);
#2150=ADVANCED_BREP_SHAPE_REPRESENTATION('',(#9008),#15356);
#2151=ADVANCED_BREP_SHAPE_REPRESENTATION('',(#9009),#15357);
#2152=CYLINDRICAL_SURFACE('',#9039,0.001725);
#2153=CYLINDRICAL_SURFACE('',#9078,0.001725);
#2154=CYLINDRICAL_SURFACE('',#9079,0.0025);
#2155=CYLINDRICAL_SURFACE('',#9082,0.001725);
#2156=CYLINDRICAL_SURFACE('',#9086,0.00155);
#2157=CYLINDRICAL_SURFACE('',#9087,0.00155);
#2158=CYLINDRICAL_SURFACE('',#9092,0.001725);
#2159=CYLINDRICAL_SURFACE('',#9093,0.0013);
#2160=CYLINDRICAL_SURFACE('',#9099,0.001725);
#2161=CYLINDRICAL_SURFACE('',#9118,0.0020574);
#2162=CYLINDRICAL_SURFACE('',#9121,0.000889);
#2163=CYLINDRICAL_SURFACE('',#9124,0.000889);
#2164=CYLINDRICAL_SURFACE('',#9133,0.00113947855251428);
#2165=CYLINDRICAL_SURFACE('',#9135,0.000975981169833136);
#2166=CYLINDRICAL_SURFACE('',#9137,0.00149984655190563);
#2167=CYLINDRICAL_SURFACE('',#9148,0.00113947855251459);
#2168=CYLINDRICAL_SURFACE('',#9150,0.000975981169833366);
#2169=CYLINDRICAL_SURFACE('',#9152,0.00149984655190205);
#2170=CYLINDRICAL_SURFACE('',#9157,0.000650545984210365);
#2171=CYLINDRICAL_SURFACE('',#9160,0.00077976393947166);
#2172=CYLINDRICAL_SURFACE('',#9163,0.00106581029930203);
#2173=CYLINDRICAL_SURFACE('',#9166,0.000543291705979592);
#2174=CYLINDRICAL_SURFACE('',#9169,0.000705119820926792);
#2175=CYLINDRICAL_SURFACE('',#9172,0.000845126036505951);
#2176=CYLINDRICAL_SURFACE('',#9176,0.00132094540009512);
#2177=CYLINDRICAL_SURFACE('',#9189,0.00228223420819945);
#2178=CYLINDRICAL_SURFACE('',#9191,0.00236515553357702);
#2179=CYLINDRICAL_SURFACE('',#9193,0.00248211481465531);
#2180=CYLINDRICAL_SURFACE('',#9200,0.00441360716631786);
#2181=CYLINDRICAL_SURFACE('',#9211,0.00566898655062546);
#2182=CYLINDRICAL_SURFACE('',#9218,0.00154503035325107);
#2183=CYLINDRICAL_SURFACE('',#9253,0.001725);
#2184=CYLINDRICAL_SURFACE('',#9254,0.0025);
#2185=CYLINDRICAL_SURFACE('',#9256,0.001725);
#2186=CYLINDRICAL_SURFACE('',#9264,0.007555);
#2187=CYLINDRICAL_SURFACE('',#9267,0.00155);
#2188=CYLINDRICAL_SURFACE('',#9270,0.00155);
#2189=CYLINDRICAL_SURFACE('',#9277,0.0014195);
#2190=CYLINDRICAL_SURFACE('',#9278,0.007675);
#2191=CYLINDRICAL_SURFACE('',#9292,0.0020574);
#2192=CYLINDRICAL_SURFACE('',#9298,0.000889);
#2193=CYLINDRICAL_SURFACE('',#9301,0.000889);
#2194=CYLINDRICAL_SURFACE('',#9310,0.00113947855251456);
#2195=CYLINDRICAL_SURFACE('',#9312,0.000975981169833485);
#2196=CYLINDRICAL_SURFACE('',#9314,0.00149984655189967);
#2197=CYLINDRICAL_SURFACE('',#9325,0.0011394785525129);
#2198=CYLINDRICAL_SURFACE('',#9327,0.000975981169834237);
#2199=CYLINDRICAL_SURFACE('',#9329,0.00149984655190024);
#2200=CYLINDRICAL_SURFACE('',#9334,0.000650545984210172);
#2201=CYLINDRICAL_SURFACE('',#9337,0.00077976393946136);
#2202=CYLINDRICAL_SURFACE('',#9340,0.00106581029930207);
#2203=CYLINDRICAL_SURFACE('',#9343,0.000543291705979764);
#2204=CYLINDRICAL_SURFACE('',#9346,0.000705119820922828);
#2205=CYLINDRICAL_SURFACE('',#9349,0.000845126036509079);
#2206=CYLINDRICAL_SURFACE('',#9353,0.00132094540009591);
#2207=CYLINDRICAL_SURFACE('',#9366,0.00228223420819976);
#2208=CYLINDRICAL_SURFACE('',#9368,0.00236515553357682);
#2209=CYLINDRICAL_SURFACE('',#9370,0.00248211481465591);
#2210=CYLINDRICAL_SURFACE('',#9377,0.00441360716631267);
#2211=CYLINDRICAL_SURFACE('',#9388,0.00566898655060353);
#2212=CYLINDRICAL_SURFACE('',#9443,0.00155);
#2213=CYLINDRICAL_SURFACE('',#9445,0.00155);
#2214=CYLINDRICAL_SURFACE('',#9447,0.00135);
#2215=CYLINDRICAL_SURFACE('',#9457,0.001725);
#2216=CYLINDRICAL_SURFACE('',#9476,0.00155);
#2217=CYLINDRICAL_SURFACE('',#9479,0.0015494);
#2218=CYLINDRICAL_SURFACE('',#9480,0.0015494);
#2219=CYLINDRICAL_SURFACE('',#9481,0.0015494);
#2220=CYLINDRICAL_SURFACE('',#9482,0.0015494);
#2221=CYLINDRICAL_SURFACE('',#9486,0.001725);
#2222=CYLINDRICAL_SURFACE('',#9493,0.001725);
#2223=CYLINDRICAL_SURFACE('',#9512,0.00154503035325107);
#2224=CYLINDRICAL_SURFACE('',#9576,0.00155);
#2225=CYLINDRICAL_SURFACE('',#9577,0.00155);
#2226=CYLINDRICAL_SURFACE('',#9578,0.00135);
#2227=CYLINDRICAL_SURFACE('',#9582,0.00154503035325107);
#2228=CYLINDRICAL_SURFACE('',#9583,0.00155);
#2229=ORIENTED_EDGE('',*,*,#4673,.F.);
#2230=ORIENTED_EDGE('',*,*,#4673,.T.);
#2231=ORIENTED_EDGE('',*,*,#4674,.T.);
#2232=ORIENTED_EDGE('',*,*,#4674,.F.);
#2233=ORIENTED_EDGE('',*,*,#4675,.F.);
#2234=ORIENTED_EDGE('',*,*,#4676,.F.);
#2235=ORIENTED_EDGE('',*,*,#4677,.T.);
#2236=ORIENTED_EDGE('',*,*,#4678,.T.);
#2237=ORIENTED_EDGE('',*,*,#4679,.F.);
#2238=ORIENTED_EDGE('',*,*,#4680,.T.);
#2239=ORIENTED_EDGE('',*,*,#4681,.F.);
#2240=ORIENTED_EDGE('',*,*,#4682,.F.);
#2241=ORIENTED_EDGE('',*,*,#4683,.T.);
#2242=ORIENTED_EDGE('',*,*,#4684,.F.);
#2243=ORIENTED_EDGE('',*,*,#4685,.F.);
#2244=ORIENTED_EDGE('',*,*,#4686,.F.);
#2245=ORIENTED_EDGE('',*,*,#4687,.T.);
#2246=ORIENTED_EDGE('',*,*,#4688,.T.);
#2247=ORIENTED_EDGE('',*,*,#4689,.T.);
#2248=ORIENTED_EDGE('',*,*,#4690,.T.);
#2249=ORIENTED_EDGE('',*,*,#4691,.T.);
#2250=ORIENTED_EDGE('',*,*,#4692,.T.);
#2251=ORIENTED_EDGE('',*,*,#4693,.F.);
#2252=ORIENTED_EDGE('',*,*,#4694,.T.);
#2253=ORIENTED_EDGE('',*,*,#4695,.F.);
#2254=ORIENTED_EDGE('',*,*,#4696,.T.);
#2255=ORIENTED_EDGE('',*,*,#4697,.T.);
#2256=ORIENTED_EDGE('',*,*,#4698,.T.);
#2257=ORIENTED_EDGE('',*,*,#4699,.F.);
#2258=ORIENTED_EDGE('',*,*,#4700,.F.);
#2259=ORIENTED_EDGE('',*,*,#4701,.T.);
#2260=ORIENTED_EDGE('',*,*,#4695,.T.);
#2261=ORIENTED_EDGE('',*,*,#4702,.T.);
#2262=ORIENTED_EDGE('',*,*,#4703,.T.);
#2263=ORIENTED_EDGE('',*,*,#4704,.F.);
#2264=ORIENTED_EDGE('',*,*,#4705,.T.);
#2265=ORIENTED_EDGE('',*,*,#4706,.F.);
#2266=ORIENTED_EDGE('',*,*,#4707,.T.);
#2267=ORIENTED_EDGE('',*,*,#4708,.F.);
#2268=ORIENTED_EDGE('',*,*,#4697,.F.);
#2269=ORIENTED_EDGE('',*,*,#4709,.F.);
#2270=ORIENTED_EDGE('',*,*,#4710,.T.);
#2271=ORIENTED_EDGE('',*,*,#4711,.T.);
#2272=ORIENTED_EDGE('',*,*,#4712,.F.);
#2273=ORIENTED_EDGE('',*,*,#4713,.T.);
#2274=ORIENTED_EDGE('',*,*,#4714,.F.);
#2275=ORIENTED_EDGE('',*,*,#4715,.T.);
#2276=ORIENTED_EDGE('',*,*,#4716,.F.);
#2277=ORIENTED_EDGE('',*,*,#4711,.F.);
#2278=ORIENTED_EDGE('',*,*,#4717,.F.);
#2279=ORIENTED_EDGE('',*,*,#4718,.F.);
#2280=ORIENTED_EDGE('',*,*,#4719,.T.);
#2281=ORIENTED_EDGE('',*,*,#4709,.T.);
#2282=ORIENTED_EDGE('',*,*,#4720,.T.);
#2283=ORIENTED_EDGE('',*,*,#4721,.F.);
#2284=ORIENTED_EDGE('',*,*,#4722,.T.);
#2285=ORIENTED_EDGE('',*,*,#4723,.F.);
#2286=ORIENTED_EDGE('',*,*,#4691,.F.);
#2287=ORIENTED_EDGE('',*,*,#4724,.T.);
#2288=ORIENTED_EDGE('',*,*,#4725,.T.);
#2289=ORIENTED_EDGE('',*,*,#4726,.F.);
#2290=ORIENTED_EDGE('',*,*,#4727,.T.);
#2291=ORIENTED_EDGE('',*,*,#4728,.T.);
#2292=ORIENTED_EDGE('',*,*,#4729,.F.);
#2293=ORIENTED_EDGE('',*,*,#4693,.T.);
#2294=ORIENTED_EDGE('',*,*,#4730,.T.);
#2295=ORIENTED_EDGE('',*,*,#4700,.T.);
#2296=ORIENTED_EDGE('',*,*,#4731,.F.);
#2297=ORIENTED_EDGE('',*,*,#4705,.F.);
#2298=ORIENTED_EDGE('',*,*,#4732,.T.);
#2299=ORIENTED_EDGE('',*,*,#4733,.F.);
#2300=ORIENTED_EDGE('',*,*,#4734,.F.);
#2301=ORIENTED_EDGE('',*,*,#4718,.T.);
#2302=ORIENTED_EDGE('',*,*,#4735,.T.);
#2303=ORIENTED_EDGE('',*,*,#4715,.F.);
#2304=ORIENTED_EDGE('',*,*,#4736,.F.);
#2305=ORIENTED_EDGE('',*,*,#4737,.T.);
#2306=ORIENTED_EDGE('',*,*,#4738,.T.);
#2307=ORIENTED_EDGE('',*,*,#4739,.T.);
#2308=ORIENTED_EDGE('',*,*,#4740,.T.);
#2309=ORIENTED_EDGE('',*,*,#4741,.T.);
#2310=ORIENTED_EDGE('',*,*,#4742,.T.);
#2311=ORIENTED_EDGE('',*,*,#4743,.T.);
#2312=ORIENTED_EDGE('',*,*,#4744,.T.);
#2313=ORIENTED_EDGE('',*,*,#4745,.T.);
#2314=ORIENTED_EDGE('',*,*,#4746,.T.);
#2315=ORIENTED_EDGE('',*,*,#4747,.T.);
#2316=ORIENTED_EDGE('',*,*,#4748,.T.);
#2317=ORIENTED_EDGE('',*,*,#4749,.T.);
#2318=ORIENTED_EDGE('',*,*,#4750,.T.);
#2319=ORIENTED_EDGE('',*,*,#4751,.T.);
#2320=ORIENTED_EDGE('',*,*,#4752,.T.);
#2321=ORIENTED_EDGE('',*,*,#4753,.T.);
#2322=ORIENTED_EDGE('',*,*,#4754,.T.);
#2323=ORIENTED_EDGE('',*,*,#4755,.T.);
#2324=ORIENTED_EDGE('',*,*,#4756,.T.);
#2325=ORIENTED_EDGE('',*,*,#4757,.T.);
#2326=ORIENTED_EDGE('',*,*,#4758,.T.);
#2327=ORIENTED_EDGE('',*,*,#4759,.T.);
#2328=ORIENTED_EDGE('',*,*,#4760,.T.);
#2329=ORIENTED_EDGE('',*,*,#4761,.T.);
#2330=ORIENTED_EDGE('',*,*,#4762,.T.);
#2331=ORIENTED_EDGE('',*,*,#4763,.T.);
#2332=ORIENTED_EDGE('',*,*,#4764,.T.);
#2333=ORIENTED_EDGE('',*,*,#4765,.T.);
#2334=ORIENTED_EDGE('',*,*,#4766,.T.);
#2335=ORIENTED_EDGE('',*,*,#4767,.T.);
#2336=ORIENTED_EDGE('',*,*,#4768,.T.);
#2337=ORIENTED_EDGE('',*,*,#4769,.T.);
#2338=ORIENTED_EDGE('',*,*,#4770,.T.);
#2339=ORIENTED_EDGE('',*,*,#4771,.T.);
#2340=ORIENTED_EDGE('',*,*,#4772,.T.);
#2341=ORIENTED_EDGE('',*,*,#4773,.T.);
#2342=ORIENTED_EDGE('',*,*,#4774,.T.);
#2343=ORIENTED_EDGE('',*,*,#4775,.T.);
#2344=ORIENTED_EDGE('',*,*,#4776,.T.);
#2345=ORIENTED_EDGE('',*,*,#4777,.T.);
#2346=ORIENTED_EDGE('',*,*,#4778,.T.);
#2347=ORIENTED_EDGE('',*,*,#4779,.T.);
#2348=ORIENTED_EDGE('',*,*,#4780,.T.);
#2349=ORIENTED_EDGE('',*,*,#4781,.T.);
#2350=ORIENTED_EDGE('',*,*,#4782,.T.);
#2351=ORIENTED_EDGE('',*,*,#4783,.T.);
#2352=ORIENTED_EDGE('',*,*,#4784,.T.);
#2353=ORIENTED_EDGE('',*,*,#4785,.T.);
#2354=ORIENTED_EDGE('',*,*,#4786,.T.);
#2355=ORIENTED_EDGE('',*,*,#4787,.T.);
#2356=ORIENTED_EDGE('',*,*,#4733,.T.);
#2357=ORIENTED_EDGE('',*,*,#4788,.T.);
#2358=ORIENTED_EDGE('',*,*,#4725,.F.);
#2359=ORIENTED_EDGE('',*,*,#4789,.T.);
#2360=ORIENTED_EDGE('',*,*,#4790,.F.);
#2361=ORIENTED_EDGE('',*,*,#4791,.F.);
#2362=ORIENTED_EDGE('',*,*,#4792,.T.);
#2363=ORIENTED_EDGE('',*,*,#4793,.T.);
#2364=ORIENTED_EDGE('',*,*,#4794,.T.);
#2365=ORIENTED_EDGE('',*,*,#4795,.T.);
#2366=ORIENTED_EDGE('',*,*,#4796,.T.);
#2367=ORIENTED_EDGE('',*,*,#4797,.T.);
#2368=ORIENTED_EDGE('',*,*,#4798,.T.);
#2369=ORIENTED_EDGE('',*,*,#4799,.T.);
#2370=ORIENTED_EDGE('',*,*,#4800,.T.);
#2371=ORIENTED_EDGE('',*,*,#4801,.T.);
#2372=ORIENTED_EDGE('',*,*,#4802,.T.);
#2373=ORIENTED_EDGE('',*,*,#4803,.T.);
#2374=ORIENTED_EDGE('',*,*,#4804,.T.);
#2375=ORIENTED_EDGE('',*,*,#4805,.T.);
#2376=ORIENTED_EDGE('',*,*,#4806,.T.);
#2377=ORIENTED_EDGE('',*,*,#4807,.T.);
#2378=ORIENTED_EDGE('',*,*,#4808,.T.);
#2379=ORIENTED_EDGE('',*,*,#4809,.T.);
#2380=ORIENTED_EDGE('',*,*,#4810,.T.);
#2381=ORIENTED_EDGE('',*,*,#4811,.T.);
#2382=ORIENTED_EDGE('',*,*,#4812,.T.);
#2383=ORIENTED_EDGE('',*,*,#4813,.T.);
#2384=ORIENTED_EDGE('',*,*,#4814,.T.);
#2385=ORIENTED_EDGE('',*,*,#4815,.T.);
#2386=ORIENTED_EDGE('',*,*,#4816,.T.);
#2387=ORIENTED_EDGE('',*,*,#4817,.T.);
#2388=ORIENTED_EDGE('',*,*,#4818,.T.);
#2389=ORIENTED_EDGE('',*,*,#4819,.T.);
#2390=ORIENTED_EDGE('',*,*,#4820,.T.);
#2391=ORIENTED_EDGE('',*,*,#4821,.T.);
#2392=ORIENTED_EDGE('',*,*,#4822,.T.);
#2393=ORIENTED_EDGE('',*,*,#4823,.T.);
#2394=ORIENTED_EDGE('',*,*,#4824,.T.);
#2395=ORIENTED_EDGE('',*,*,#4825,.T.);
#2396=ORIENTED_EDGE('',*,*,#4826,.T.);
#2397=ORIENTED_EDGE('',*,*,#4827,.T.);
#2398=ORIENTED_EDGE('',*,*,#4828,.T.);
#2399=ORIENTED_EDGE('',*,*,#4829,.T.);
#2400=ORIENTED_EDGE('',*,*,#4830,.T.);
#2401=ORIENTED_EDGE('',*,*,#4831,.T.);
#2402=ORIENTED_EDGE('',*,*,#4832,.T.);
#2403=ORIENTED_EDGE('',*,*,#4833,.T.);
#2404=ORIENTED_EDGE('',*,*,#4834,.T.);
#2405=ORIENTED_EDGE('',*,*,#4835,.T.);
#2406=ORIENTED_EDGE('',*,*,#4836,.T.);
#2407=ORIENTED_EDGE('',*,*,#4837,.T.);
#2408=ORIENTED_EDGE('',*,*,#4838,.T.);
#2409=ORIENTED_EDGE('',*,*,#4713,.F.);
#2410=ORIENTED_EDGE('',*,*,#4677,.F.);
#2411=ORIENTED_EDGE('',*,*,#4839,.F.);
#2412=ORIENTED_EDGE('',*,*,#4840,.F.);
#2413=ORIENTED_EDGE('',*,*,#4699,.T.);
#2414=ORIENTED_EDGE('',*,*,#4678,.F.);
#2415=ORIENTED_EDGE('',*,*,#4841,.F.);
#2416=ORIENTED_EDGE('',*,*,#4842,.T.);
#2417=ORIENTED_EDGE('',*,*,#4843,.T.);
#2418=ORIENTED_EDGE('',*,*,#4844,.T.);
#2419=ORIENTED_EDGE('',*,*,#4843,.F.);
#2420=ORIENTED_EDGE('',*,*,#4845,.T.);
#2421=ORIENTED_EDGE('',*,*,#4707,.F.);
#2422=ORIENTED_EDGE('',*,*,#4846,.F.);
#2423=ORIENTED_EDGE('',*,*,#4790,.T.);
#2424=ORIENTED_EDGE('',*,*,#4791,.T.);
#2425=ORIENTED_EDGE('',*,*,#4847,.T.);
#2426=ORIENTED_EDGE('',*,*,#4721,.T.);
#2427=ORIENTED_EDGE('',*,*,#4848,.F.);
#2428=ORIENTED_EDGE('',*,*,#4849,.F.);
#2429=ORIENTED_EDGE('',*,*,#4847,.F.);
#2430=ORIENTED_EDGE('',*,*,#4850,.T.);
#2431=ORIENTED_EDGE('',*,*,#4848,.T.);
#2432=ORIENTED_EDGE('',*,*,#4720,.F.);
#2433=ORIENTED_EDGE('',*,*,#4712,.T.);
#2434=ORIENTED_EDGE('',*,*,#4716,.T.);
#2435=ORIENTED_EDGE('',*,*,#4735,.F.);
#2436=ORIENTED_EDGE('',*,*,#4722,.F.);
#2437=ORIENTED_EDGE('',*,*,#4851,.F.);
#2438=ORIENTED_EDGE('',*,*,#4852,.T.);
#2439=ORIENTED_EDGE('',*,*,#4844,.F.);
#2440=ORIENTED_EDGE('',*,*,#4846,.T.);
#2441=ORIENTED_EDGE('',*,*,#4706,.T.);
#2442=ORIENTED_EDGE('',*,*,#4731,.T.);
#2443=ORIENTED_EDGE('',*,*,#4702,.F.);
#2444=ORIENTED_EDGE('',*,*,#4698,.F.);
#2445=ORIENTED_EDGE('',*,*,#4708,.T.);
#2446=ORIENTED_EDGE('',*,*,#4845,.F.);
#2447=ORIENTED_EDGE('',*,*,#4842,.F.);
#2448=ORIENTED_EDGE('',*,*,#4853,.T.);
#2449=ORIENTED_EDGE('',*,*,#4854,.T.);
#2450=ORIENTED_EDGE('',*,*,#4855,.T.);
#2451=ORIENTED_EDGE('',*,*,#4856,.F.);
#2452=ORIENTED_EDGE('',*,*,#4857,.F.);
#2453=ORIENTED_EDGE('',*,*,#4703,.F.);
#2454=ORIENTED_EDGE('',*,*,#4786,.F.);
#2455=ORIENTED_EDGE('',*,*,#4858,.T.);
#2456=ORIENTED_EDGE('',*,*,#4787,.F.);
#2457=ORIENTED_EDGE('',*,*,#4859,.F.);
#2458=ORIENTED_EDGE('',*,*,#4856,.T.);
#2459=ORIENTED_EDGE('',*,*,#4860,.T.);
#2460=ORIENTED_EDGE('',*,*,#4728,.F.);
#2461=ORIENTED_EDGE('',*,*,#4855,.F.);
#2462=ORIENTED_EDGE('',*,*,#4861,.T.);
#2463=ORIENTED_EDGE('',*,*,#4729,.T.);
#2464=ORIENTED_EDGE('',*,*,#4860,.F.);
#2465=ORIENTED_EDGE('',*,*,#4839,.T.);
#2466=ORIENTED_EDGE('',*,*,#4854,.F.);
#2467=ORIENTED_EDGE('',*,*,#4862,.T.);
#2468=ORIENTED_EDGE('',*,*,#4726,.T.);
#2469=ORIENTED_EDGE('',*,*,#4861,.F.);
#2470=ORIENTED_EDGE('',*,*,#4862,.F.);
#2471=ORIENTED_EDGE('',*,*,#4857,.T.);
#2472=ORIENTED_EDGE('',*,*,#4859,.T.);
#2473=ORIENTED_EDGE('',*,*,#4727,.F.);
#2474=ORIENTED_EDGE('',*,*,#4858,.F.);
#2475=ORIENTED_EDGE('',*,*,#4717,.T.);
#2476=ORIENTED_EDGE('',*,*,#4785,.F.);
#2477=ORIENTED_EDGE('',*,*,#4689,.F.);
#2478=ORIENTED_EDGE('',*,*,#4863,.F.);
#2479=ORIENTED_EDGE('',*,*,#4864,.F.);
#2480=ORIENTED_EDGE('',*,*,#4865,.T.);
#2481=ORIENTED_EDGE('',*,*,#4866,.T.);
#2482=ORIENTED_EDGE('',*,*,#4864,.T.);
#2483=ORIENTED_EDGE('',*,*,#4867,.T.);
#2484=ORIENTED_EDGE('',*,*,#4868,.F.);
#2485=ORIENTED_EDGE('',*,*,#4869,.F.);
#2486=ORIENTED_EDGE('',*,*,#4679,.T.);
#2487=ORIENTED_EDGE('',*,*,#4870,.F.);
#2488=ORIENTED_EDGE('',*,*,#4871,.F.);
#2489=ORIENTED_EDGE('',*,*,#4868,.T.);
#2490=ORIENTED_EDGE('',*,*,#4872,.T.);
#2491=ORIENTED_EDGE('',*,*,#4690,.F.);
#2492=ORIENTED_EDGE('',*,*,#4866,.F.);
#2493=ORIENTED_EDGE('',*,*,#4873,.T.);
#2494=ORIENTED_EDGE('',*,*,#4870,.T.);
#2495=ORIENTED_EDGE('',*,*,#4865,.F.);
#2496=ORIENTED_EDGE('',*,*,#4869,.T.);
#2497=ORIENTED_EDGE('',*,*,#4871,.T.);
#2498=ORIENTED_EDGE('',*,*,#4873,.F.);
#2499=ORIENTED_EDGE('',*,*,#4874,.F.);
#2500=ORIENTED_EDGE('',*,*,#4875,.F.);
#2501=ORIENTED_EDGE('',*,*,#4876,.T.);
#2502=ORIENTED_EDGE('',*,*,#4877,.T.);
#2503=ORIENTED_EDGE('',*,*,#4685,.T.);
#2504=ORIENTED_EDGE('',*,*,#4878,.F.);
#2505=ORIENTED_EDGE('',*,*,#4879,.F.);
#2506=ORIENTED_EDGE('',*,*,#4875,.T.);
#2507=ORIENTED_EDGE('',*,*,#4880,.T.);
#2508=ORIENTED_EDGE('',*,*,#4684,.T.);
#2509=ORIENTED_EDGE('',*,*,#4881,.F.);
#2510=ORIENTED_EDGE('',*,*,#4882,.F.);
#2511=ORIENTED_EDGE('',*,*,#4878,.T.);
#2512=ORIENTED_EDGE('',*,*,#4683,.F.);
#2513=ORIENTED_EDGE('',*,*,#4883,.F.);
#2514=ORIENTED_EDGE('',*,*,#4877,.F.);
#2515=ORIENTED_EDGE('',*,*,#4884,.T.);
#2516=ORIENTED_EDGE('',*,*,#4881,.T.);
#2517=ORIENTED_EDGE('',*,*,#4876,.F.);
#2518=ORIENTED_EDGE('',*,*,#4879,.T.);
#2519=ORIENTED_EDGE('',*,*,#4882,.T.);
#2520=ORIENTED_EDGE('',*,*,#4884,.F.);
#2521=ORIENTED_EDGE('',*,*,#4872,.F.);
#2522=ORIENTED_EDGE('',*,*,#4885,.T.);
#2523=ORIENTED_EDGE('',*,*,#4886,.T.);
#2524=ORIENTED_EDGE('',*,*,#4680,.F.);
#2525=ORIENTED_EDGE('',*,*,#4887,.F.);
#2526=ORIENTED_EDGE('',*,*,#4883,.T.);
#2527=ORIENTED_EDGE('',*,*,#4682,.T.);
#2528=ORIENTED_EDGE('',*,*,#4888,.F.);
#2529=ORIENTED_EDGE('',*,*,#4889,.T.);
#2530=ORIENTED_EDGE('',*,*,#4840,.T.);
#2531=ORIENTED_EDGE('',*,*,#4890,.T.);
#2532=ORIENTED_EDGE('',*,*,#4863,.T.);
#2533=ORIENTED_EDGE('',*,*,#4688,.F.);
#2534=ORIENTED_EDGE('',*,*,#4891,.F.);
#2535=ORIENTED_EDGE('',*,*,#4687,.F.);
#2536=ORIENTED_EDGE('',*,*,#4892,.F.);
#2537=ORIENTED_EDGE('',*,*,#4893,.T.);
#2538=ORIENTED_EDGE('',*,*,#4891,.T.);
#2539=ORIENTED_EDGE('',*,*,#4880,.F.);
#2540=ORIENTED_EDGE('',*,*,#4894,.F.);
#2541=ORIENTED_EDGE('',*,*,#4892,.T.);
#2542=ORIENTED_EDGE('',*,*,#4686,.T.);
#2543=ORIENTED_EDGE('',*,*,#4681,.T.);
#2544=ORIENTED_EDGE('',*,*,#4886,.F.);
#2545=ORIENTED_EDGE('',*,*,#4895,.F.);
#2546=ORIENTED_EDGE('',*,*,#4888,.T.);
#2547=ORIENTED_EDGE('',*,*,#4896,.T.);
#2548=ORIENTED_EDGE('',*,*,#4889,.F.);
#2549=ORIENTED_EDGE('',*,*,#4890,.F.);
#2550=ORIENTED_EDGE('',*,*,#4893,.F.);
#2551=ORIENTED_EDGE('',*,*,#4894,.T.);
#2552=ORIENTED_EDGE('',*,*,#4874,.T.);
#2553=ORIENTED_EDGE('',*,*,#4887,.T.);
#2554=ORIENTED_EDGE('',*,*,#4895,.T.);
#2555=ORIENTED_EDGE('',*,*,#4885,.F.);
#2556=ORIENTED_EDGE('',*,*,#4867,.F.);
#2557=ORIENTED_EDGE('',*,*,#4896,.F.);
#2558=ORIENTED_EDGE('',*,*,#4897,.F.);
#2559=ORIENTED_EDGE('',*,*,#4676,.T.);
#2560=ORIENTED_EDGE('',*,*,#4897,.T.);
#2561=ORIENTED_EDGE('',*,*,#4898,.F.);
#2562=ORIENTED_EDGE('',*,*,#4675,.T.);
#2563=ORIENTED_EDGE('',*,*,#4898,.T.);
#2564=ORIENTED_EDGE('',*,*,#4766,.F.);
#2565=ORIENTED_EDGE('',*,*,#4899,.F.);
#2566=ORIENTED_EDGE('',*,*,#4900,.T.);
#2567=ORIENTED_EDGE('',*,*,#4901,.T.);
#2568=ORIENTED_EDGE('',*,*,#4765,.F.);
#2569=ORIENTED_EDGE('',*,*,#4902,.F.);
#2570=ORIENTED_EDGE('',*,*,#4903,.T.);
#2571=ORIENTED_EDGE('',*,*,#4899,.T.);
#2572=ORIENTED_EDGE('',*,*,#4784,.F.);
#2573=ORIENTED_EDGE('',*,*,#4904,.F.);
#2574=ORIENTED_EDGE('',*,*,#4905,.T.);
#2575=ORIENTED_EDGE('',*,*,#4902,.T.);
#2576=ORIENTED_EDGE('',*,*,#4783,.F.);
#2577=ORIENTED_EDGE('',*,*,#4906,.F.);
#2578=ORIENTED_EDGE('',*,*,#4907,.T.);
#2579=ORIENTED_EDGE('',*,*,#4904,.T.);
#2580=ORIENTED_EDGE('',*,*,#4782,.F.);
#2581=ORIENTED_EDGE('',*,*,#4908,.F.);
#2582=ORIENTED_EDGE('',*,*,#4909,.T.);
#2583=ORIENTED_EDGE('',*,*,#4906,.T.);
#2584=ORIENTED_EDGE('',*,*,#4781,.F.);
#2585=ORIENTED_EDGE('',*,*,#4910,.F.);
#2586=ORIENTED_EDGE('',*,*,#4911,.T.);
#2587=ORIENTED_EDGE('',*,*,#4908,.T.);
#2588=ORIENTED_EDGE('',*,*,#4780,.F.);
#2589=ORIENTED_EDGE('',*,*,#4912,.F.);
#2590=ORIENTED_EDGE('',*,*,#4913,.T.);
#2591=ORIENTED_EDGE('',*,*,#4910,.T.);
#2592=ORIENTED_EDGE('',*,*,#4779,.F.);
#2593=ORIENTED_EDGE('',*,*,#4914,.F.);
#2594=ORIENTED_EDGE('',*,*,#4915,.T.);
#2595=ORIENTED_EDGE('',*,*,#4912,.T.);
#2596=ORIENTED_EDGE('',*,*,#4778,.F.);
#2597=ORIENTED_EDGE('',*,*,#4916,.F.);
#2598=ORIENTED_EDGE('',*,*,#4917,.T.);
#2599=ORIENTED_EDGE('',*,*,#4914,.T.);
#2600=ORIENTED_EDGE('',*,*,#4777,.F.);
#2601=ORIENTED_EDGE('',*,*,#4918,.F.);
#2602=ORIENTED_EDGE('',*,*,#4919,.T.);
#2603=ORIENTED_EDGE('',*,*,#4916,.T.);
#2604=ORIENTED_EDGE('',*,*,#4776,.F.);
#2605=ORIENTED_EDGE('',*,*,#4920,.F.);
#2606=ORIENTED_EDGE('',*,*,#4921,.T.);
#2607=ORIENTED_EDGE('',*,*,#4918,.T.);
#2608=ORIENTED_EDGE('',*,*,#4775,.F.);
#2609=ORIENTED_EDGE('',*,*,#4922,.F.);
#2610=ORIENTED_EDGE('',*,*,#4923,.T.);
#2611=ORIENTED_EDGE('',*,*,#4920,.T.);
#2612=ORIENTED_EDGE('',*,*,#4774,.F.);
#2613=ORIENTED_EDGE('',*,*,#4924,.F.);
#2614=ORIENTED_EDGE('',*,*,#4925,.T.);
#2615=ORIENTED_EDGE('',*,*,#4922,.T.);
#2616=ORIENTED_EDGE('',*,*,#4773,.F.);
#2617=ORIENTED_EDGE('',*,*,#4926,.F.);
#2618=ORIENTED_EDGE('',*,*,#4927,.T.);
#2619=ORIENTED_EDGE('',*,*,#4924,.T.);
#2620=ORIENTED_EDGE('',*,*,#4772,.F.);
#2621=ORIENTED_EDGE('',*,*,#4928,.F.);
#2622=ORIENTED_EDGE('',*,*,#4929,.T.);
#2623=ORIENTED_EDGE('',*,*,#4926,.T.);
#2624=ORIENTED_EDGE('',*,*,#4771,.F.);
#2625=ORIENTED_EDGE('',*,*,#4930,.F.);
#2626=ORIENTED_EDGE('',*,*,#4931,.T.);
#2627=ORIENTED_EDGE('',*,*,#4928,.T.);
#2628=ORIENTED_EDGE('',*,*,#4770,.F.);
#2629=ORIENTED_EDGE('',*,*,#4932,.F.);
#2630=ORIENTED_EDGE('',*,*,#4933,.T.);
#2631=ORIENTED_EDGE('',*,*,#4930,.T.);
#2632=ORIENTED_EDGE('',*,*,#4769,.F.);
#2633=ORIENTED_EDGE('',*,*,#4934,.F.);
#2634=ORIENTED_EDGE('',*,*,#4935,.T.);
#2635=ORIENTED_EDGE('',*,*,#4932,.T.);
#2636=ORIENTED_EDGE('',*,*,#4768,.F.);
#2637=ORIENTED_EDGE('',*,*,#4936,.F.);
#2638=ORIENTED_EDGE('',*,*,#4937,.T.);
#2639=ORIENTED_EDGE('',*,*,#4934,.T.);
#2640=ORIENTED_EDGE('',*,*,#4767,.F.);
#2641=ORIENTED_EDGE('',*,*,#4901,.F.);
#2642=ORIENTED_EDGE('',*,*,#4938,.T.);
#2643=ORIENTED_EDGE('',*,*,#4936,.T.);
#2644=ORIENTED_EDGE('',*,*,#4900,.F.);
#2645=ORIENTED_EDGE('',*,*,#4903,.F.);
#2646=ORIENTED_EDGE('',*,*,#4905,.F.);
#2647=ORIENTED_EDGE('',*,*,#4907,.F.);
#2648=ORIENTED_EDGE('',*,*,#4909,.F.);
#2649=ORIENTED_EDGE('',*,*,#4911,.F.);
#2650=ORIENTED_EDGE('',*,*,#4913,.F.);
#2651=ORIENTED_EDGE('',*,*,#4915,.F.);
#2652=ORIENTED_EDGE('',*,*,#4917,.F.);
#2653=ORIENTED_EDGE('',*,*,#4919,.F.);
#2654=ORIENTED_EDGE('',*,*,#4921,.F.);
#2655=ORIENTED_EDGE('',*,*,#4923,.F.);
#2656=ORIENTED_EDGE('',*,*,#4925,.F.);
#2657=ORIENTED_EDGE('',*,*,#4927,.F.);
#2658=ORIENTED_EDGE('',*,*,#4929,.F.);
#2659=ORIENTED_EDGE('',*,*,#4931,.F.);
#2660=ORIENTED_EDGE('',*,*,#4933,.F.);
#2661=ORIENTED_EDGE('',*,*,#4935,.F.);
#2662=ORIENTED_EDGE('',*,*,#4937,.F.);
#2663=ORIENTED_EDGE('',*,*,#4938,.F.);
#2664=ORIENTED_EDGE('',*,*,#4746,.F.);
#2665=ORIENTED_EDGE('',*,*,#4939,.F.);
#2666=ORIENTED_EDGE('',*,*,#4940,.T.);
#2667=ORIENTED_EDGE('',*,*,#4941,.T.);
#2668=ORIENTED_EDGE('',*,*,#4745,.F.);
#2669=ORIENTED_EDGE('',*,*,#4942,.F.);
#2670=ORIENTED_EDGE('',*,*,#4943,.T.);
#2671=ORIENTED_EDGE('',*,*,#4939,.T.);
#2672=ORIENTED_EDGE('',*,*,#4764,.F.);
#2673=ORIENTED_EDGE('',*,*,#4944,.F.);
#2674=ORIENTED_EDGE('',*,*,#4945,.T.);
#2675=ORIENTED_EDGE('',*,*,#4942,.T.);
#2676=ORIENTED_EDGE('',*,*,#4763,.F.);
#2677=ORIENTED_EDGE('',*,*,#4946,.F.);
#2678=ORIENTED_EDGE('',*,*,#4947,.T.);
#2679=ORIENTED_EDGE('',*,*,#4944,.T.);
#2680=ORIENTED_EDGE('',*,*,#4762,.F.);
#2681=ORIENTED_EDGE('',*,*,#4948,.F.);
#2682=ORIENTED_EDGE('',*,*,#4949,.T.);
#2683=ORIENTED_EDGE('',*,*,#4946,.T.);
#2684=ORIENTED_EDGE('',*,*,#4761,.F.);
#2685=ORIENTED_EDGE('',*,*,#4950,.F.);
#2686=ORIENTED_EDGE('',*,*,#4951,.T.);
#2687=ORIENTED_EDGE('',*,*,#4948,.T.);
#2688=ORIENTED_EDGE('',*,*,#4760,.F.);
#2689=ORIENTED_EDGE('',*,*,#4952,.F.);
#2690=ORIENTED_EDGE('',*,*,#4953,.T.);
#2691=ORIENTED_EDGE('',*,*,#4950,.T.);
#2692=ORIENTED_EDGE('',*,*,#4759,.F.);
#2693=ORIENTED_EDGE('',*,*,#4954,.F.);
#2694=ORIENTED_EDGE('',*,*,#4955,.T.);
#2695=ORIENTED_EDGE('',*,*,#4952,.T.);
#2696=ORIENTED_EDGE('',*,*,#4758,.F.);
#2697=ORIENTED_EDGE('',*,*,#4956,.F.);
#2698=ORIENTED_EDGE('',*,*,#4957,.T.);
#2699=ORIENTED_EDGE('',*,*,#4954,.T.);
#2700=ORIENTED_EDGE('',*,*,#4757,.F.);
#2701=ORIENTED_EDGE('',*,*,#4958,.F.);
#2702=ORIENTED_EDGE('',*,*,#4959,.T.);
#2703=ORIENTED_EDGE('',*,*,#4956,.T.);
#2704=ORIENTED_EDGE('',*,*,#4756,.F.);
#2705=ORIENTED_EDGE('',*,*,#4960,.F.);
#2706=ORIENTED_EDGE('',*,*,#4961,.T.);
#2707=ORIENTED_EDGE('',*,*,#4958,.T.);
#2708=ORIENTED_EDGE('',*,*,#4755,.F.);
#2709=ORIENTED_EDGE('',*,*,#4962,.F.);
#2710=ORIENTED_EDGE('',*,*,#4963,.T.);
#2711=ORIENTED_EDGE('',*,*,#4960,.T.);
#2712=ORIENTED_EDGE('',*,*,#4754,.F.);
#2713=ORIENTED_EDGE('',*,*,#4964,.F.);
#2714=ORIENTED_EDGE('',*,*,#4965,.T.);
#2715=ORIENTED_EDGE('',*,*,#4962,.T.);
#2716=ORIENTED_EDGE('',*,*,#4753,.F.);
#2717=ORIENTED_EDGE('',*,*,#4966,.F.);
#2718=ORIENTED_EDGE('',*,*,#4967,.T.);
#2719=ORIENTED_EDGE('',*,*,#4964,.T.);
#2720=ORIENTED_EDGE('',*,*,#4752,.F.);
#2721=ORIENTED_EDGE('',*,*,#4968,.F.);
#2722=ORIENTED_EDGE('',*,*,#4969,.T.);
#2723=ORIENTED_EDGE('',*,*,#4966,.T.);
#2724=ORIENTED_EDGE('',*,*,#4751,.F.);
#2725=ORIENTED_EDGE('',*,*,#4970,.F.);
#2726=ORIENTED_EDGE('',*,*,#4971,.T.);
#2727=ORIENTED_EDGE('',*,*,#4968,.T.);
#2728=ORIENTED_EDGE('',*,*,#4750,.F.);
#2729=ORIENTED_EDGE('',*,*,#4972,.F.);
#2730=ORIENTED_EDGE('',*,*,#4973,.T.);
#2731=ORIENTED_EDGE('',*,*,#4970,.T.);
#2732=ORIENTED_EDGE('',*,*,#4749,.F.);
#2733=ORIENTED_EDGE('',*,*,#4974,.F.);
#2734=ORIENTED_EDGE('',*,*,#4975,.T.);
#2735=ORIENTED_EDGE('',*,*,#4972,.T.);
#2736=ORIENTED_EDGE('',*,*,#4748,.F.);
#2737=ORIENTED_EDGE('',*,*,#4976,.F.);
#2738=ORIENTED_EDGE('',*,*,#4977,.T.);
#2739=ORIENTED_EDGE('',*,*,#4974,.T.);
#2740=ORIENTED_EDGE('',*,*,#4747,.F.);
#2741=ORIENTED_EDGE('',*,*,#4941,.F.);
#2742=ORIENTED_EDGE('',*,*,#4978,.T.);
#2743=ORIENTED_EDGE('',*,*,#4976,.T.);
#2744=ORIENTED_EDGE('',*,*,#4940,.F.);
#2745=ORIENTED_EDGE('',*,*,#4943,.F.);
#2746=ORIENTED_EDGE('',*,*,#4945,.F.);
#2747=ORIENTED_EDGE('',*,*,#4947,.F.);
#2748=ORIENTED_EDGE('',*,*,#4949,.F.);
#2749=ORIENTED_EDGE('',*,*,#4951,.F.);
#2750=ORIENTED_EDGE('',*,*,#4953,.F.);
#2751=ORIENTED_EDGE('',*,*,#4955,.F.);
#2752=ORIENTED_EDGE('',*,*,#4957,.F.);
#2753=ORIENTED_EDGE('',*,*,#4959,.F.);
#2754=ORIENTED_EDGE('',*,*,#4961,.F.);
#2755=ORIENTED_EDGE('',*,*,#4963,.F.);
#2756=ORIENTED_EDGE('',*,*,#4965,.F.);
#2757=ORIENTED_EDGE('',*,*,#4967,.F.);
#2758=ORIENTED_EDGE('',*,*,#4969,.F.);
#2759=ORIENTED_EDGE('',*,*,#4971,.F.);
#2760=ORIENTED_EDGE('',*,*,#4973,.F.);
#2761=ORIENTED_EDGE('',*,*,#4975,.F.);
#2762=ORIENTED_EDGE('',*,*,#4977,.F.);
#2763=ORIENTED_EDGE('',*,*,#4978,.F.);
#2764=ORIENTED_EDGE('',*,*,#4979,.F.);
#2765=ORIENTED_EDGE('',*,*,#4980,.F.);
#2766=ORIENTED_EDGE('',*,*,#4981,.T.);
#2767=ORIENTED_EDGE('',*,*,#4982,.T.);
#2768=ORIENTED_EDGE('',*,*,#4983,.F.);
#2769=ORIENTED_EDGE('',*,*,#4984,.F.);
#2770=ORIENTED_EDGE('',*,*,#4985,.T.);
#2771=ORIENTED_EDGE('',*,*,#4980,.T.);
#2772=ORIENTED_EDGE('',*,*,#4986,.F.);
#2773=ORIENTED_EDGE('',*,*,#4987,.F.);
#2774=ORIENTED_EDGE('',*,*,#4988,.T.);
#2775=ORIENTED_EDGE('',*,*,#4984,.T.);
#2776=ORIENTED_EDGE('',*,*,#4989,.F.);
#2777=ORIENTED_EDGE('',*,*,#4990,.F.);
#2778=ORIENTED_EDGE('',*,*,#4991,.T.);
#2779=ORIENTED_EDGE('',*,*,#4987,.T.);
#2780=ORIENTED_EDGE('',*,*,#4992,.F.);
#2781=ORIENTED_EDGE('',*,*,#4993,.F.);
#2782=ORIENTED_EDGE('',*,*,#4994,.T.);
#2783=ORIENTED_EDGE('',*,*,#4990,.T.);
#2784=ORIENTED_EDGE('',*,*,#4995,.F.);
#2785=ORIENTED_EDGE('',*,*,#4996,.F.);
#2786=ORIENTED_EDGE('',*,*,#4997,.T.);
#2787=ORIENTED_EDGE('',*,*,#4993,.T.);
#2788=ORIENTED_EDGE('',*,*,#4998,.F.);
#2789=ORIENTED_EDGE('',*,*,#4999,.F.);
#2790=ORIENTED_EDGE('',*,*,#5000,.T.);
#2791=ORIENTED_EDGE('',*,*,#4996,.T.);
#2792=ORIENTED_EDGE('',*,*,#5001,.F.);
#2793=ORIENTED_EDGE('',*,*,#5002,.F.);
#2794=ORIENTED_EDGE('',*,*,#5003,.T.);
#2795=ORIENTED_EDGE('',*,*,#4999,.T.);
#2796=ORIENTED_EDGE('',*,*,#5004,.F.);
#2797=ORIENTED_EDGE('',*,*,#5005,.F.);
#2798=ORIENTED_EDGE('',*,*,#5006,.T.);
#2799=ORIENTED_EDGE('',*,*,#5002,.T.);
#2800=ORIENTED_EDGE('',*,*,#4793,.F.);
#2801=ORIENTED_EDGE('',*,*,#5007,.F.);
#2802=ORIENTED_EDGE('',*,*,#5008,.T.);
#2803=ORIENTED_EDGE('',*,*,#5009,.T.);
#2804=ORIENTED_EDGE('',*,*,#4792,.F.);
#2805=ORIENTED_EDGE('',*,*,#5010,.F.);
#2806=ORIENTED_EDGE('',*,*,#5011,.T.);
#2807=ORIENTED_EDGE('',*,*,#5007,.T.);
#2808=ORIENTED_EDGE('',*,*,#4806,.F.);
#2809=ORIENTED_EDGE('',*,*,#5012,.F.);
#2810=ORIENTED_EDGE('',*,*,#5013,.T.);
#2811=ORIENTED_EDGE('',*,*,#5010,.T.);
#2812=ORIENTED_EDGE('',*,*,#4805,.F.);
#2813=ORIENTED_EDGE('',*,*,#5014,.F.);
#2814=ORIENTED_EDGE('',*,*,#5015,.T.);
#2815=ORIENTED_EDGE('',*,*,#5012,.T.);
#2816=ORIENTED_EDGE('',*,*,#4804,.F.);
#2817=ORIENTED_EDGE('',*,*,#5016,.F.);
#2818=ORIENTED_EDGE('',*,*,#5017,.T.);
#2819=ORIENTED_EDGE('',*,*,#5014,.T.);
#2820=ORIENTED_EDGE('',*,*,#4803,.F.);
#2821=ORIENTED_EDGE('',*,*,#5018,.F.);
#2822=ORIENTED_EDGE('',*,*,#5019,.T.);
#2823=ORIENTED_EDGE('',*,*,#5016,.T.);
#2824=ORIENTED_EDGE('',*,*,#4802,.F.);
#2825=ORIENTED_EDGE('',*,*,#5020,.F.);
#2826=ORIENTED_EDGE('',*,*,#5021,.T.);
#2827=ORIENTED_EDGE('',*,*,#5018,.T.);
#2828=ORIENTED_EDGE('',*,*,#4801,.F.);
#2829=ORIENTED_EDGE('',*,*,#5022,.F.);
#2830=ORIENTED_EDGE('',*,*,#5023,.T.);
#2831=ORIENTED_EDGE('',*,*,#5020,.T.);
#2832=ORIENTED_EDGE('',*,*,#4800,.F.);
#2833=ORIENTED_EDGE('',*,*,#5024,.F.);
#2834=ORIENTED_EDGE('',*,*,#5025,.T.);
#2835=ORIENTED_EDGE('',*,*,#5022,.T.);
#2836=ORIENTED_EDGE('',*,*,#4799,.F.);
#2837=ORIENTED_EDGE('',*,*,#5026,.F.);
#2838=ORIENTED_EDGE('',*,*,#5027,.T.);
#2839=ORIENTED_EDGE('',*,*,#5024,.T.);
#2840=ORIENTED_EDGE('',*,*,#4798,.F.);
#2841=ORIENTED_EDGE('',*,*,#5028,.F.);
#2842=ORIENTED_EDGE('',*,*,#5029,.T.);
#2843=ORIENTED_EDGE('',*,*,#5026,.T.);
#2844=ORIENTED_EDGE('',*,*,#4797,.F.);
#2845=ORIENTED_EDGE('',*,*,#5030,.F.);
#2846=ORIENTED_EDGE('',*,*,#5031,.T.);
#2847=ORIENTED_EDGE('',*,*,#5028,.T.);
#2848=ORIENTED_EDGE('',*,*,#4796,.F.);
#2849=ORIENTED_EDGE('',*,*,#5032,.F.);
#2850=ORIENTED_EDGE('',*,*,#5033,.T.);
#2851=ORIENTED_EDGE('',*,*,#5030,.T.);
#2852=ORIENTED_EDGE('',*,*,#4795,.F.);
#2853=ORIENTED_EDGE('',*,*,#5034,.F.);
#2854=ORIENTED_EDGE('',*,*,#5035,.T.);
#2855=ORIENTED_EDGE('',*,*,#5032,.T.);
#2856=ORIENTED_EDGE('',*,*,#4794,.F.);
#2857=ORIENTED_EDGE('',*,*,#5009,.F.);
#2858=ORIENTED_EDGE('',*,*,#5036,.T.);
#2859=ORIENTED_EDGE('',*,*,#5034,.T.);
#2860=ORIENTED_EDGE('',*,*,#5037,.F.);
#2861=ORIENTED_EDGE('',*,*,#4982,.F.);
#2862=ORIENTED_EDGE('',*,*,#5038,.T.);
#2863=ORIENTED_EDGE('',*,*,#5005,.T.);
#2864=ORIENTED_EDGE('',*,*,#5008,.F.);
#2865=ORIENTED_EDGE('',*,*,#5011,.F.);
#2866=ORIENTED_EDGE('',*,*,#5013,.F.);
#2867=ORIENTED_EDGE('',*,*,#5015,.F.);
#2868=ORIENTED_EDGE('',*,*,#5017,.F.);
#2869=ORIENTED_EDGE('',*,*,#5019,.F.);
#2870=ORIENTED_EDGE('',*,*,#5021,.F.);
#2871=ORIENTED_EDGE('',*,*,#5023,.F.);
#2872=ORIENTED_EDGE('',*,*,#5025,.F.);
#2873=ORIENTED_EDGE('',*,*,#5027,.F.);
#2874=ORIENTED_EDGE('',*,*,#5029,.F.);
#2875=ORIENTED_EDGE('',*,*,#5031,.F.);
#2876=ORIENTED_EDGE('',*,*,#5033,.F.);
#2877=ORIENTED_EDGE('',*,*,#5035,.F.);
#2878=ORIENTED_EDGE('',*,*,#5036,.F.);
#2879=ORIENTED_EDGE('',*,*,#4981,.F.);
#2880=ORIENTED_EDGE('',*,*,#4985,.F.);
#2881=ORIENTED_EDGE('',*,*,#4988,.F.);
#2882=ORIENTED_EDGE('',*,*,#4991,.F.);
#2883=ORIENTED_EDGE('',*,*,#4994,.F.);
#2884=ORIENTED_EDGE('',*,*,#4997,.F.);
#2885=ORIENTED_EDGE('',*,*,#5000,.F.);
#2886=ORIENTED_EDGE('',*,*,#5003,.F.);
#2887=ORIENTED_EDGE('',*,*,#5006,.F.);
#2888=ORIENTED_EDGE('',*,*,#5038,.F.);
#2889=ORIENTED_EDGE('',*,*,#4808,.F.);
#2890=ORIENTED_EDGE('',*,*,#5039,.F.);
#2891=ORIENTED_EDGE('',*,*,#5040,.T.);
#2892=ORIENTED_EDGE('',*,*,#5041,.T.);
#2893=ORIENTED_EDGE('',*,*,#4807,.F.);
#2894=ORIENTED_EDGE('',*,*,#5042,.F.);
#2895=ORIENTED_EDGE('',*,*,#5043,.T.);
#2896=ORIENTED_EDGE('',*,*,#5039,.T.);
#2897=ORIENTED_EDGE('',*,*,#4813,.F.);
#2898=ORIENTED_EDGE('',*,*,#5044,.F.);
#2899=ORIENTED_EDGE('',*,*,#5045,.T.);
#2900=ORIENTED_EDGE('',*,*,#5042,.T.);
#2901=ORIENTED_EDGE('',*,*,#4812,.F.);
#2902=ORIENTED_EDGE('',*,*,#5046,.F.);
#2903=ORIENTED_EDGE('',*,*,#5047,.T.);
#2904=ORIENTED_EDGE('',*,*,#5044,.T.);
#2905=ORIENTED_EDGE('',*,*,#4811,.F.);
#2906=ORIENTED_EDGE('',*,*,#5048,.F.);
#2907=ORIENTED_EDGE('',*,*,#5049,.T.);
#2908=ORIENTED_EDGE('',*,*,#5046,.T.);
#2909=ORIENTED_EDGE('',*,*,#4810,.F.);
#2910=ORIENTED_EDGE('',*,*,#5050,.F.);
#2911=ORIENTED_EDGE('',*,*,#5051,.T.);
#2912=ORIENTED_EDGE('',*,*,#5048,.T.);
#2913=ORIENTED_EDGE('',*,*,#4809,.F.);
#2914=ORIENTED_EDGE('',*,*,#5041,.F.);
#2915=ORIENTED_EDGE('',*,*,#5052,.T.);
#2916=ORIENTED_EDGE('',*,*,#5050,.T.);
#2917=ORIENTED_EDGE('',*,*,#5040,.F.);
#2918=ORIENTED_EDGE('',*,*,#5043,.F.);
#2919=ORIENTED_EDGE('',*,*,#5045,.F.);
#2920=ORIENTED_EDGE('',*,*,#5047,.F.);
#2921=ORIENTED_EDGE('',*,*,#5049,.F.);
#2922=ORIENTED_EDGE('',*,*,#5051,.F.);
#2923=ORIENTED_EDGE('',*,*,#5052,.F.);
#2924=ORIENTED_EDGE('',*,*,#4815,.F.);
#2925=ORIENTED_EDGE('',*,*,#5053,.F.);
#2926=ORIENTED_EDGE('',*,*,#5054,.T.);
#2927=ORIENTED_EDGE('',*,*,#5055,.T.);
#2928=ORIENTED_EDGE('',*,*,#4814,.F.);
#2929=ORIENTED_EDGE('',*,*,#5056,.F.);
#2930=ORIENTED_EDGE('',*,*,#5057,.T.);
#2931=ORIENTED_EDGE('',*,*,#5053,.T.);
#2932=ORIENTED_EDGE('',*,*,#4838,.F.);
#2933=ORIENTED_EDGE('',*,*,#5058,.F.);
#2934=ORIENTED_EDGE('',*,*,#5059,.T.);
#2935=ORIENTED_EDGE('',*,*,#5056,.T.);
#2936=ORIENTED_EDGE('',*,*,#4837,.F.);
#2937=ORIENTED_EDGE('',*,*,#5060,.F.);
#2938=ORIENTED_EDGE('',*,*,#5061,.T.);
#2939=ORIENTED_EDGE('',*,*,#5058,.T.);
#2940=ORIENTED_EDGE('',*,*,#4836,.F.);
#2941=ORIENTED_EDGE('',*,*,#5062,.F.);
#2942=ORIENTED_EDGE('',*,*,#5063,.T.);
#2943=ORIENTED_EDGE('',*,*,#5060,.T.);
#2944=ORIENTED_EDGE('',*,*,#4835,.F.);
#2945=ORIENTED_EDGE('',*,*,#5064,.F.);
#2946=ORIENTED_EDGE('',*,*,#5065,.T.);
#2947=ORIENTED_EDGE('',*,*,#5062,.T.);
#2948=ORIENTED_EDGE('',*,*,#4834,.F.);
#2949=ORIENTED_EDGE('',*,*,#5066,.F.);
#2950=ORIENTED_EDGE('',*,*,#5067,.T.);
#2951=ORIENTED_EDGE('',*,*,#5064,.T.);
#2952=ORIENTED_EDGE('',*,*,#4833,.F.);
#2953=ORIENTED_EDGE('',*,*,#5068,.F.);
#2954=ORIENTED_EDGE('',*,*,#5069,.T.);
#2955=ORIENTED_EDGE('',*,*,#5066,.T.);
#2956=ORIENTED_EDGE('',*,*,#4832,.F.);
#2957=ORIENTED_EDGE('',*,*,#5070,.F.);
#2958=ORIENTED_EDGE('',*,*,#5071,.T.);
#2959=ORIENTED_EDGE('',*,*,#5068,.T.);
#2960=ORIENTED_EDGE('',*,*,#4831,.F.);
#2961=ORIENTED_EDGE('',*,*,#5072,.F.);
#2962=ORIENTED_EDGE('',*,*,#5073,.T.);
#2963=ORIENTED_EDGE('',*,*,#5070,.T.);
#2964=ORIENTED_EDGE('',*,*,#4830,.F.);
#2965=ORIENTED_EDGE('',*,*,#5074,.F.);
#2966=ORIENTED_EDGE('',*,*,#5075,.T.);
#2967=ORIENTED_EDGE('',*,*,#5072,.T.);
#2968=ORIENTED_EDGE('',*,*,#4829,.F.);
#2969=ORIENTED_EDGE('',*,*,#5076,.F.);
#2970=ORIENTED_EDGE('',*,*,#5077,.T.);
#2971=ORIENTED_EDGE('',*,*,#5074,.T.);
#2972=ORIENTED_EDGE('',*,*,#4828,.F.);
#2973=ORIENTED_EDGE('',*,*,#5078,.F.);
#2974=ORIENTED_EDGE('',*,*,#5079,.T.);
#2975=ORIENTED_EDGE('',*,*,#5076,.T.);
#2976=ORIENTED_EDGE('',*,*,#4827,.F.);
#2977=ORIENTED_EDGE('',*,*,#5080,.F.);
#2978=ORIENTED_EDGE('',*,*,#5081,.T.);
#2979=ORIENTED_EDGE('',*,*,#5078,.T.);
#2980=ORIENTED_EDGE('',*,*,#4826,.F.);
#2981=ORIENTED_EDGE('',*,*,#5082,.F.);
#2982=ORIENTED_EDGE('',*,*,#5083,.T.);
#2983=ORIENTED_EDGE('',*,*,#5080,.T.);
#2984=ORIENTED_EDGE('',*,*,#4825,.F.);
#2985=ORIENTED_EDGE('',*,*,#5084,.F.);
#2986=ORIENTED_EDGE('',*,*,#5085,.T.);
#2987=ORIENTED_EDGE('',*,*,#5082,.T.);
#2988=ORIENTED_EDGE('',*,*,#4824,.F.);
#2989=ORIENTED_EDGE('',*,*,#5086,.F.);
#2990=ORIENTED_EDGE('',*,*,#5087,.T.);
#2991=ORIENTED_EDGE('',*,*,#5084,.T.);
#2992=ORIENTED_EDGE('',*,*,#4823,.F.);
#2993=ORIENTED_EDGE('',*,*,#5088,.F.);
#2994=ORIENTED_EDGE('',*,*,#5089,.T.);
#2995=ORIENTED_EDGE('',*,*,#5086,.T.);
#2996=ORIENTED_EDGE('',*,*,#4822,.F.);
#2997=ORIENTED_EDGE('',*,*,#5090,.F.);
#2998=ORIENTED_EDGE('',*,*,#5091,.T.);
#2999=ORIENTED_EDGE('',*,*,#5088,.T.);
#3000=ORIENTED_EDGE('',*,*,#4821,.F.);
#3001=ORIENTED_EDGE('',*,*,#5092,.F.);
#3002=ORIENTED_EDGE('',*,*,#5093,.T.);
#3003=ORIENTED_EDGE('',*,*,#5090,.T.);
#3004=ORIENTED_EDGE('',*,*,#4820,.F.);
#3005=ORIENTED_EDGE('',*,*,#5094,.F.);
#3006=ORIENTED_EDGE('',*,*,#5095,.T.);
#3007=ORIENTED_EDGE('',*,*,#5092,.T.);
#3008=ORIENTED_EDGE('',*,*,#4819,.F.);
#3009=ORIENTED_EDGE('',*,*,#5096,.F.);
#3010=ORIENTED_EDGE('',*,*,#5097,.T.);
#3011=ORIENTED_EDGE('',*,*,#5094,.T.);
#3012=ORIENTED_EDGE('',*,*,#4818,.F.);
#3013=ORIENTED_EDGE('',*,*,#5098,.F.);
#3014=ORIENTED_EDGE('',*,*,#5099,.T.);
#3015=ORIENTED_EDGE('',*,*,#5096,.T.);
#3016=ORIENTED_EDGE('',*,*,#4817,.F.);
#3017=ORIENTED_EDGE('',*,*,#5100,.F.);
#3018=ORIENTED_EDGE('',*,*,#5101,.T.);
#3019=ORIENTED_EDGE('',*,*,#5098,.T.);
#3020=ORIENTED_EDGE('',*,*,#4816,.F.);
#3021=ORIENTED_EDGE('',*,*,#5055,.F.);
#3022=ORIENTED_EDGE('',*,*,#5102,.T.);
#3023=ORIENTED_EDGE('',*,*,#5100,.T.);
#3024=ORIENTED_EDGE('',*,*,#5054,.F.);
#3025=ORIENTED_EDGE('',*,*,#5057,.F.);
#3026=ORIENTED_EDGE('',*,*,#5059,.F.);
#3027=ORIENTED_EDGE('',*,*,#5061,.F.);
#3028=ORIENTED_EDGE('',*,*,#5063,.F.);
#3029=ORIENTED_EDGE('',*,*,#5065,.F.);
#3030=ORIENTED_EDGE('',*,*,#5067,.F.);
#3031=ORIENTED_EDGE('',*,*,#5069,.F.);
#3032=ORIENTED_EDGE('',*,*,#5071,.F.);
#3033=ORIENTED_EDGE('',*,*,#5073,.F.);
#3034=ORIENTED_EDGE('',*,*,#5075,.F.);
#3035=ORIENTED_EDGE('',*,*,#5077,.F.);
#3036=ORIENTED_EDGE('',*,*,#5079,.F.);
#3037=ORIENTED_EDGE('',*,*,#5081,.F.);
#3038=ORIENTED_EDGE('',*,*,#5083,.F.);
#3039=ORIENTED_EDGE('',*,*,#5085,.F.);
#3040=ORIENTED_EDGE('',*,*,#5087,.F.);
#3041=ORIENTED_EDGE('',*,*,#5089,.F.);
#3042=ORIENTED_EDGE('',*,*,#5091,.F.);
#3043=ORIENTED_EDGE('',*,*,#5093,.F.);
#3044=ORIENTED_EDGE('',*,*,#5095,.F.);
#3045=ORIENTED_EDGE('',*,*,#5097,.F.);
#3046=ORIENTED_EDGE('',*,*,#5099,.F.);
#3047=ORIENTED_EDGE('',*,*,#5101,.F.);
#3048=ORIENTED_EDGE('',*,*,#5102,.F.);
#3049=ORIENTED_EDGE('',*,*,#5103,.F.);
#3050=ORIENTED_EDGE('',*,*,#5104,.F.);
#3051=ORIENTED_EDGE('',*,*,#5105,.T.);
#3052=ORIENTED_EDGE('',*,*,#5106,.T.);
#3053=ORIENTED_EDGE('',*,*,#5107,.F.);
#3054=ORIENTED_EDGE('',*,*,#5108,.F.);
#3055=ORIENTED_EDGE('',*,*,#5109,.T.);
#3056=ORIENTED_EDGE('',*,*,#5104,.T.);
#3057=ORIENTED_EDGE('',*,*,#5110,.F.);
#3058=ORIENTED_EDGE('',*,*,#5111,.F.);
#3059=ORIENTED_EDGE('',*,*,#5112,.T.);
#3060=ORIENTED_EDGE('',*,*,#5108,.T.);
#3061=ORIENTED_EDGE('',*,*,#5113,.F.);
#3062=ORIENTED_EDGE('',*,*,#5114,.F.);
#3063=ORIENTED_EDGE('',*,*,#5115,.T.);
#3064=ORIENTED_EDGE('',*,*,#5111,.T.);
#3065=ORIENTED_EDGE('',*,*,#4738,.F.);
#3066=ORIENTED_EDGE('',*,*,#5116,.F.);
#3067=ORIENTED_EDGE('',*,*,#5117,.T.);
#3068=ORIENTED_EDGE('',*,*,#5118,.T.);
#3069=ORIENTED_EDGE('',*,*,#4737,.F.);
#3070=ORIENTED_EDGE('',*,*,#5119,.F.);
#3071=ORIENTED_EDGE('',*,*,#5120,.T.);
#3072=ORIENTED_EDGE('',*,*,#5116,.T.);
#3073=ORIENTED_EDGE('',*,*,#4744,.F.);
#3074=ORIENTED_EDGE('',*,*,#5121,.F.);
#3075=ORIENTED_EDGE('',*,*,#5122,.T.);
#3076=ORIENTED_EDGE('',*,*,#5119,.T.);
#3077=ORIENTED_EDGE('',*,*,#4743,.F.);
#3078=ORIENTED_EDGE('',*,*,#5123,.F.);
#3079=ORIENTED_EDGE('',*,*,#5124,.T.);
#3080=ORIENTED_EDGE('',*,*,#5121,.T.);
#3081=ORIENTED_EDGE('',*,*,#4742,.F.);
#3082=ORIENTED_EDGE('',*,*,#5125,.F.);
#3083=ORIENTED_EDGE('',*,*,#5126,.T.);
#3084=ORIENTED_EDGE('',*,*,#5123,.T.);
#3085=ORIENTED_EDGE('',*,*,#4741,.F.);
#3086=ORIENTED_EDGE('',*,*,#5127,.F.);
#3087=ORIENTED_EDGE('',*,*,#5128,.T.);
#3088=ORIENTED_EDGE('',*,*,#5125,.T.);
#3089=ORIENTED_EDGE('',*,*,#4740,.F.);
#3090=ORIENTED_EDGE('',*,*,#5129,.F.);
#3091=ORIENTED_EDGE('',*,*,#5130,.T.);
#3092=ORIENTED_EDGE('',*,*,#5127,.T.);
#3093=ORIENTED_EDGE('',*,*,#4739,.F.);
#3094=ORIENTED_EDGE('',*,*,#5118,.F.);
#3095=ORIENTED_EDGE('',*,*,#5131,.T.);
#3096=ORIENTED_EDGE('',*,*,#5129,.T.);
#3097=ORIENTED_EDGE('',*,*,#5132,.F.);
#3098=ORIENTED_EDGE('',*,*,#5106,.F.);
#3099=ORIENTED_EDGE('',*,*,#5133,.T.);
#3100=ORIENTED_EDGE('',*,*,#5114,.T.);
#3101=ORIENTED_EDGE('',*,*,#5117,.F.);
#3102=ORIENTED_EDGE('',*,*,#5120,.F.);
#3103=ORIENTED_EDGE('',*,*,#5122,.F.);
#3104=ORIENTED_EDGE('',*,*,#5124,.F.);
#3105=ORIENTED_EDGE('',*,*,#5126,.F.);
#3106=ORIENTED_EDGE('',*,*,#5128,.F.);
#3107=ORIENTED_EDGE('',*,*,#5130,.F.);
#3108=ORIENTED_EDGE('',*,*,#5131,.F.);
#3109=ORIENTED_EDGE('',*,*,#5105,.F.);
#3110=ORIENTED_EDGE('',*,*,#5109,.F.);
#3111=ORIENTED_EDGE('',*,*,#5112,.F.);
#3112=ORIENTED_EDGE('',*,*,#5115,.F.);
#3113=ORIENTED_EDGE('',*,*,#5133,.F.);
#3114=ORIENTED_EDGE('',*,*,#4983,.T.);
#3115=ORIENTED_EDGE('',*,*,#4979,.T.);
#3116=ORIENTED_EDGE('',*,*,#5037,.T.);
#3117=ORIENTED_EDGE('',*,*,#5004,.T.);
#3118=ORIENTED_EDGE('',*,*,#5001,.T.);
#3119=ORIENTED_EDGE('',*,*,#4998,.T.);
#3120=ORIENTED_EDGE('',*,*,#4995,.T.);
#3121=ORIENTED_EDGE('',*,*,#4992,.T.);
#3122=ORIENTED_EDGE('',*,*,#4989,.T.);
#3123=ORIENTED_EDGE('',*,*,#4986,.T.);
#3124=ORIENTED_EDGE('',*,*,#5107,.T.);
#3125=ORIENTED_EDGE('',*,*,#5103,.T.);
#3126=ORIENTED_EDGE('',*,*,#5132,.T.);
#3127=ORIENTED_EDGE('',*,*,#5113,.T.);
#3128=ORIENTED_EDGE('',*,*,#5110,.T.);
#3129=ORIENTED_EDGE('',*,*,#4736,.T.);
#3130=ORIENTED_EDGE('',*,*,#4714,.T.);
#3131=ORIENTED_EDGE('',*,*,#4710,.F.);
#3132=ORIENTED_EDGE('',*,*,#4719,.F.);
#3133=ORIENTED_EDGE('',*,*,#4734,.T.);
#3134=ORIENTED_EDGE('',*,*,#4789,.F.);
#3135=ORIENTED_EDGE('',*,*,#4724,.F.);
#3136=ORIENTED_EDGE('',*,*,#4694,.F.);
#3137=ORIENTED_EDGE('',*,*,#5134,.F.);
#3138=ORIENTED_EDGE('',*,*,#4853,.F.);
#3139=ORIENTED_EDGE('',*,*,#4841,.T.);
#3140=ORIENTED_EDGE('',*,*,#4852,.F.);
#3141=ORIENTED_EDGE('',*,*,#4851,.T.);
#3142=ORIENTED_EDGE('',*,*,#5134,.T.);
#3143=ORIENTED_EDGE('',*,*,#4849,.T.);
#3144=ORIENTED_EDGE('',*,*,#4850,.F.);
#3145=ORIENTED_EDGE('',*,*,#4723,.T.);
#3146=ORIENTED_EDGE('',*,*,#4788,.F.);
#3147=ORIENTED_EDGE('',*,*,#4732,.F.);
#3148=ORIENTED_EDGE('',*,*,#4704,.T.);
#3149=ORIENTED_EDGE('',*,*,#4696,.F.);
#3150=ORIENTED_EDGE('',*,*,#4701,.F.);
#3151=ORIENTED_EDGE('',*,*,#4730,.F.);
#3152=ORIENTED_EDGE('',*,*,#4692,.F.);
#3153=ORIENTED_EDGE('',*,*,#5135,.T.);
#3154=ORIENTED_EDGE('',*,*,#5136,.T.);
#3155=ORIENTED_EDGE('',*,*,#5137,.T.);
#3156=ORIENTED_EDGE('',*,*,#5138,.T.);
#3157=ORIENTED_EDGE('',*,*,#5139,.T.);
#3158=ORIENTED_EDGE('',*,*,#5140,.T.);
#3159=ORIENTED_EDGE('',*,*,#5141,.T.);
#3160=ORIENTED_EDGE('',*,*,#5142,.T.);
#3161=ORIENTED_EDGE('',*,*,#5143,.T.);
#3162=ORIENTED_EDGE('',*,*,#5144,.T.);
#3163=ORIENTED_EDGE('',*,*,#5145,.T.);
#3164=ORIENTED_EDGE('',*,*,#5146,.T.);
#3165=ORIENTED_EDGE('',*,*,#5147,.T.);
#3166=ORIENTED_EDGE('',*,*,#5148,.T.);
#3167=ORIENTED_EDGE('',*,*,#5149,.T.);
#3168=ORIENTED_EDGE('',*,*,#5150,.T.);
#3169=ORIENTED_EDGE('',*,*,#5151,.T.);
#3170=ORIENTED_EDGE('',*,*,#5152,.T.);
#3171=ORIENTED_EDGE('',*,*,#5153,.T.);
#3172=ORIENTED_EDGE('',*,*,#5154,.T.);
#3173=ORIENTED_EDGE('',*,*,#5155,.T.);
#3174=ORIENTED_EDGE('',*,*,#5156,.T.);
#3175=ORIENTED_EDGE('',*,*,#5157,.T.);
#3176=ORIENTED_EDGE('',*,*,#5158,.T.);
#3177=ORIENTED_EDGE('',*,*,#5159,.T.);
#3178=ORIENTED_EDGE('',*,*,#5160,.T.);
#3179=ORIENTED_EDGE('',*,*,#5161,.T.);
#3180=ORIENTED_EDGE('',*,*,#5162,.T.);
#3181=ORIENTED_EDGE('',*,*,#5163,.T.);
#3182=ORIENTED_EDGE('',*,*,#5164,.T.);
#3183=ORIENTED_EDGE('',*,*,#5165,.T.);
#3184=ORIENTED_EDGE('',*,*,#5166,.T.);
#3185=ORIENTED_EDGE('',*,*,#5167,.T.);
#3186=ORIENTED_EDGE('',*,*,#5168,.T.);
#3187=ORIENTED_EDGE('',*,*,#5169,.T.);
#3188=ORIENTED_EDGE('',*,*,#5170,.T.);
#3189=ORIENTED_EDGE('',*,*,#5171,.T.);
#3190=ORIENTED_EDGE('',*,*,#5172,.T.);
#3191=ORIENTED_EDGE('',*,*,#5173,.T.);
#3192=ORIENTED_EDGE('',*,*,#5174,.T.);
#3193=ORIENTED_EDGE('',*,*,#5175,.T.);
#3194=ORIENTED_EDGE('',*,*,#5176,.T.);
#3195=ORIENTED_EDGE('',*,*,#5177,.T.);
#3196=ORIENTED_EDGE('',*,*,#5178,.T.);
#3197=ORIENTED_EDGE('',*,*,#5179,.T.);
#3198=ORIENTED_EDGE('',*,*,#5180,.T.);
#3199=ORIENTED_EDGE('',*,*,#5181,.T.);
#3200=ORIENTED_EDGE('',*,*,#5182,.T.);
#3201=ORIENTED_EDGE('',*,*,#5183,.T.);
#3202=ORIENTED_EDGE('',*,*,#5184,.T.);
#3203=ORIENTED_EDGE('',*,*,#5185,.T.);
#3204=ORIENTED_EDGE('',*,*,#5186,.F.);
#3205=ORIENTED_EDGE('',*,*,#5187,.F.);
#3206=ORIENTED_EDGE('',*,*,#5188,.T.);
#3207=ORIENTED_EDGE('',*,*,#5189,.T.);
#3208=ORIENTED_EDGE('',*,*,#5190,.T.);
#3209=ORIENTED_EDGE('',*,*,#5191,.T.);
#3210=ORIENTED_EDGE('',*,*,#5192,.T.);
#3211=ORIENTED_EDGE('',*,*,#5193,.T.);
#3212=ORIENTED_EDGE('',*,*,#5194,.T.);
#3213=ORIENTED_EDGE('',*,*,#5195,.T.);
#3214=ORIENTED_EDGE('',*,*,#5196,.T.);
#3215=ORIENTED_EDGE('',*,*,#5197,.T.);
#3216=ORIENTED_EDGE('',*,*,#5198,.T.);
#3217=ORIENTED_EDGE('',*,*,#5199,.T.);
#3218=ORIENTED_EDGE('',*,*,#5200,.T.);
#3219=ORIENTED_EDGE('',*,*,#5201,.T.);
#3220=ORIENTED_EDGE('',*,*,#5202,.T.);
#3221=ORIENTED_EDGE('',*,*,#5203,.T.);
#3222=ORIENTED_EDGE('',*,*,#5204,.T.);
#3223=ORIENTED_EDGE('',*,*,#5205,.T.);
#3224=ORIENTED_EDGE('',*,*,#5206,.T.);
#3225=ORIENTED_EDGE('',*,*,#5207,.T.);
#3226=ORIENTED_EDGE('',*,*,#5208,.T.);
#3227=ORIENTED_EDGE('',*,*,#5209,.T.);
#3228=ORIENTED_EDGE('',*,*,#5210,.T.);
#3229=ORIENTED_EDGE('',*,*,#5211,.T.);
#3230=ORIENTED_EDGE('',*,*,#5212,.T.);
#3231=ORIENTED_EDGE('',*,*,#5213,.T.);
#3232=ORIENTED_EDGE('',*,*,#5214,.T.);
#3233=ORIENTED_EDGE('',*,*,#5215,.T.);
#3234=ORIENTED_EDGE('',*,*,#5216,.T.);
#3235=ORIENTED_EDGE('',*,*,#5217,.T.);
#3236=ORIENTED_EDGE('',*,*,#5218,.T.);
#3237=ORIENTED_EDGE('',*,*,#5219,.T.);
#3238=ORIENTED_EDGE('',*,*,#5220,.T.);
#3239=ORIENTED_EDGE('',*,*,#5221,.T.);
#3240=ORIENTED_EDGE('',*,*,#5222,.T.);
#3241=ORIENTED_EDGE('',*,*,#5223,.T.);
#3242=ORIENTED_EDGE('',*,*,#5224,.T.);
#3243=ORIENTED_EDGE('',*,*,#5225,.T.);
#3244=ORIENTED_EDGE('',*,*,#5226,.T.);
#3245=ORIENTED_EDGE('',*,*,#5227,.T.);
#3246=ORIENTED_EDGE('',*,*,#5228,.T.);
#3247=ORIENTED_EDGE('',*,*,#5229,.T.);
#3248=ORIENTED_EDGE('',*,*,#5230,.T.);
#3249=ORIENTED_EDGE('',*,*,#5231,.T.);
#3250=ORIENTED_EDGE('',*,*,#5232,.T.);
#3251=ORIENTED_EDGE('',*,*,#5233,.T.);
#3252=ORIENTED_EDGE('',*,*,#5234,.T.);
#3253=ORIENTED_EDGE('',*,*,#5235,.F.);
#3254=ORIENTED_EDGE('',*,*,#5236,.F.);
#3255=ORIENTED_EDGE('',*,*,#5237,.F.);
#3256=ORIENTED_EDGE('',*,*,#5238,.T.);
#3257=ORIENTED_EDGE('',*,*,#5239,.F.);
#3258=ORIENTED_EDGE('',*,*,#5240,.F.);
#3259=ORIENTED_EDGE('',*,*,#5241,.T.);
#3260=ORIENTED_EDGE('',*,*,#5242,.T.);
#3261=ORIENTED_EDGE('',*,*,#5243,.F.);
#3262=ORIENTED_EDGE('',*,*,#5244,.F.);
#3263=ORIENTED_EDGE('',*,*,#5245,.T.);
#3264=ORIENTED_EDGE('',*,*,#5246,.T.);
#3265=ORIENTED_EDGE('',*,*,#5247,.F.);
#3266=ORIENTED_EDGE('',*,*,#5248,.T.);
#3267=ORIENTED_EDGE('',*,*,#5249,.F.);
#3268=ORIENTED_EDGE('',*,*,#5250,.F.);
#3269=ORIENTED_EDGE('',*,*,#5251,.T.);
#3270=ORIENTED_EDGE('',*,*,#5252,.F.);
#3271=ORIENTED_EDGE('',*,*,#5253,.F.);
#3272=ORIENTED_EDGE('',*,*,#5254,.F.);
#3273=ORIENTED_EDGE('',*,*,#5255,.T.);
#3274=ORIENTED_EDGE('',*,*,#5256,.T.);
#3275=ORIENTED_EDGE('',*,*,#5257,.T.);
#3276=ORIENTED_EDGE('',*,*,#5258,.T.);
#3277=ORIENTED_EDGE('',*,*,#5259,.F.);
#3278=ORIENTED_EDGE('',*,*,#5260,.T.);
#3279=ORIENTED_EDGE('',*,*,#5261,.T.);
#3280=ORIENTED_EDGE('',*,*,#5262,.F.);
#3281=ORIENTED_EDGE('',*,*,#5263,.F.);
#3282=ORIENTED_EDGE('',*,*,#5264,.T.);
#3283=ORIENTED_EDGE('',*,*,#5265,.F.);
#3284=ORIENTED_EDGE('',*,*,#5261,.F.);
#3285=ORIENTED_EDGE('',*,*,#5266,.F.);
#3286=ORIENTED_EDGE('',*,*,#5267,.T.);
#3287=ORIENTED_EDGE('',*,*,#5259,.T.);
#3288=ORIENTED_EDGE('',*,*,#5268,.T.);
#3289=ORIENTED_EDGE('',*,*,#5269,.F.);
#3290=ORIENTED_EDGE('',*,*,#5242,.F.);
#3291=ORIENTED_EDGE('',*,*,#5270,.T.);
#3292=ORIENTED_EDGE('',*,*,#5236,.T.);
#3293=ORIENTED_EDGE('',*,*,#5271,.F.);
#3294=ORIENTED_EDGE('',*,*,#5240,.T.);
#3295=ORIENTED_EDGE('',*,*,#5272,.T.);
#3296=ORIENTED_EDGE('',*,*,#5273,.F.);
#3297=ORIENTED_EDGE('',*,*,#5274,.F.);
#3298=ORIENTED_EDGE('',*,*,#5275,.T.);
#3299=ORIENTED_EDGE('',*,*,#5276,.T.);
#3300=ORIENTED_EDGE('',*,*,#5238,.F.);
#3301=ORIENTED_EDGE('',*,*,#5277,.F.);
#3302=ORIENTED_EDGE('',*,*,#5266,.T.);
#3303=ORIENTED_EDGE('',*,*,#5278,.T.);
#3304=ORIENTED_EDGE('',*,*,#5264,.F.);
#3305=ORIENTED_EDGE('',*,*,#5279,.F.);
#3306=ORIENTED_EDGE('',*,*,#5280,.F.);
#3307=ORIENTED_EDGE('',*,*,#5281,.F.);
#3308=ORIENTED_EDGE('',*,*,#5282,.T.);
#3309=ORIENTED_EDGE('',*,*,#5283,.F.);
#3310=ORIENTED_EDGE('',*,*,#5284,.F.);
#3311=ORIENTED_EDGE('',*,*,#5285,.T.);
#3312=ORIENTED_EDGE('',*,*,#5286,.F.);
#3313=ORIENTED_EDGE('',*,*,#5287,.T.);
#3314=ORIENTED_EDGE('',*,*,#5288,.T.);
#3315=ORIENTED_EDGE('',*,*,#5184,.F.);
#3316=ORIENTED_EDGE('',*,*,#5245,.F.);
#3317=ORIENTED_EDGE('',*,*,#5289,.F.);
#3318=ORIENTED_EDGE('',*,*,#5290,.F.);
#3319=ORIENTED_EDGE('',*,*,#5183,.F.);
#3320=ORIENTED_EDGE('',*,*,#5291,.T.);
#3321=ORIENTED_EDGE('',*,*,#5292,.F.);
#3322=ORIENTED_EDGE('',*,*,#5293,.F.);
#3323=ORIENTED_EDGE('',*,*,#5294,.T.);
#3324=ORIENTED_EDGE('',*,*,#5246,.F.);
#3325=ORIENTED_EDGE('',*,*,#5295,.T.);
#3326=ORIENTED_EDGE('',*,*,#5296,.T.);
#3327=ORIENTED_EDGE('',*,*,#5297,.F.);
#3328=ORIENTED_EDGE('',*,*,#5295,.F.);
#3329=ORIENTED_EDGE('',*,*,#5297,.T.);
#3330=ORIENTED_EDGE('',*,*,#5298,.T.);
#3331=ORIENTED_EDGE('',*,*,#5187,.T.);
#3332=ORIENTED_EDGE('',*,*,#5298,.F.);
#3333=ORIENTED_EDGE('',*,*,#5299,.T.);
#3334=ORIENTED_EDGE('',*,*,#5186,.T.);
#3335=ORIENTED_EDGE('',*,*,#5299,.F.);
#3336=ORIENTED_EDGE('',*,*,#5278,.F.);
#3337=ORIENTED_EDGE('',*,*,#5268,.F.);
#3338=ORIENTED_EDGE('',*,*,#5262,.T.);
#3339=ORIENTED_EDGE('',*,*,#5265,.T.);
#3340=ORIENTED_EDGE('',*,*,#5300,.F.);
#3341=ORIENTED_EDGE('',*,*,#5301,.F.);
#3342=ORIENTED_EDGE('',*,*,#5302,.T.);
#3343=ORIENTED_EDGE('',*,*,#5303,.T.);
#3344=ORIENTED_EDGE('',*,*,#5273,.T.);
#3345=ORIENTED_EDGE('',*,*,#5304,.T.);
#3346=ORIENTED_EDGE('',*,*,#5303,.F.);
#3347=ORIENTED_EDGE('',*,*,#5305,.T.);
#3348=ORIENTED_EDGE('',*,*,#5293,.T.);
#3349=ORIENTED_EDGE('',*,*,#5306,.T.);
#3350=ORIENTED_EDGE('',*,*,#5305,.F.);
#3351=ORIENTED_EDGE('',*,*,#5302,.F.);
#3352=ORIENTED_EDGE('',*,*,#5307,.T.);
#3353=ORIENTED_EDGE('',*,*,#5294,.F.);
#3354=ORIENTED_EDGE('',*,*,#5308,.T.);
#3355=ORIENTED_EDGE('',*,*,#5274,.T.);
#3356=ORIENTED_EDGE('',*,*,#5306,.F.);
#3357=ORIENTED_EDGE('',*,*,#5292,.T.);
#3358=ORIENTED_EDGE('',*,*,#5309,.F.);
#3359=ORIENTED_EDGE('',*,*,#5275,.F.);
#3360=ORIENTED_EDGE('',*,*,#5308,.F.);
#3361=ORIENTED_EDGE('',*,*,#5291,.F.);
#3362=ORIENTED_EDGE('',*,*,#5307,.F.);
#3363=ORIENTED_EDGE('',*,*,#5301,.T.);
#3364=ORIENTED_EDGE('',*,*,#5310,.F.);
#3365=ORIENTED_EDGE('',*,*,#5185,.F.);
#3366=ORIENTED_EDGE('',*,*,#5271,.T.);
#3367=ORIENTED_EDGE('',*,*,#5310,.T.);
#3368=ORIENTED_EDGE('',*,*,#5289,.T.);
#3369=ORIENTED_EDGE('',*,*,#5296,.F.);
#3370=ORIENTED_EDGE('',*,*,#5311,.T.);
#3371=ORIENTED_EDGE('',*,*,#5290,.T.);
#3372=ORIENTED_EDGE('',*,*,#5248,.F.);
#3373=ORIENTED_EDGE('',*,*,#5312,.F.);
#3374=ORIENTED_EDGE('',*,*,#5281,.T.);
#3375=ORIENTED_EDGE('',*,*,#5313,.T.);
#3376=ORIENTED_EDGE('',*,*,#5247,.T.);
#3377=ORIENTED_EDGE('',*,*,#5314,.F.);
#3378=ORIENTED_EDGE('',*,*,#5315,.F.);
#3379=ORIENTED_EDGE('',*,*,#5316,.T.);
#3380=ORIENTED_EDGE('',*,*,#5312,.T.);
#3381=ORIENTED_EDGE('',*,*,#5258,.F.);
#3382=ORIENTED_EDGE('',*,*,#5317,.F.);
#3383=ORIENTED_EDGE('',*,*,#5318,.T.);
#3384=ORIENTED_EDGE('',*,*,#5314,.T.);
#3385=ORIENTED_EDGE('',*,*,#5257,.F.);
#3386=ORIENTED_EDGE('',*,*,#5319,.F.);
#3387=ORIENTED_EDGE('',*,*,#5320,.F.);
#3388=ORIENTED_EDGE('',*,*,#5321,.T.);
#3389=ORIENTED_EDGE('',*,*,#5317,.T.);
#3390=ORIENTED_EDGE('',*,*,#5256,.F.);
#3391=ORIENTED_EDGE('',*,*,#5322,.F.);
#3392=ORIENTED_EDGE('',*,*,#5283,.T.);
#3393=ORIENTED_EDGE('',*,*,#5319,.T.);
#3394=ORIENTED_EDGE('',*,*,#5255,.F.);
#3395=ORIENTED_EDGE('',*,*,#5323,.F.);
#3396=ORIENTED_EDGE('',*,*,#5284,.T.);
#3397=ORIENTED_EDGE('',*,*,#5322,.T.);
#3398=ORIENTED_EDGE('',*,*,#5254,.T.);
#3399=ORIENTED_EDGE('',*,*,#5324,.F.);
#3400=ORIENTED_EDGE('',*,*,#5285,.F.);
#3401=ORIENTED_EDGE('',*,*,#5323,.T.);
#3402=ORIENTED_EDGE('',*,*,#5253,.T.);
#3403=ORIENTED_EDGE('',*,*,#5325,.F.);
#3404=ORIENTED_EDGE('',*,*,#5326,.F.);
#3405=ORIENTED_EDGE('',*,*,#5327,.T.);
#3406=ORIENTED_EDGE('',*,*,#5324,.T.);
#3407=ORIENTED_EDGE('',*,*,#5252,.T.);
#3408=ORIENTED_EDGE('',*,*,#5328,.F.);
#3409=ORIENTED_EDGE('',*,*,#5329,.F.);
#3410=ORIENTED_EDGE('',*,*,#5325,.T.);
#3411=ORIENTED_EDGE('',*,*,#5251,.F.);
#3412=ORIENTED_EDGE('',*,*,#5330,.F.);
#3413=ORIENTED_EDGE('',*,*,#5331,.F.);
#3414=ORIENTED_EDGE('',*,*,#5332,.T.);
#3415=ORIENTED_EDGE('',*,*,#5328,.T.);
#3416=ORIENTED_EDGE('',*,*,#5250,.T.);
#3417=ORIENTED_EDGE('',*,*,#5333,.F.);
#3418=ORIENTED_EDGE('',*,*,#5287,.F.);
#3419=ORIENTED_EDGE('',*,*,#5330,.T.);
#3420=ORIENTED_EDGE('',*,*,#5280,.T.);
#3421=ORIENTED_EDGE('',*,*,#5311,.F.);
#3422=ORIENTED_EDGE('',*,*,#5249,.T.);
#3423=ORIENTED_EDGE('',*,*,#5313,.F.);
#3424=ORIENTED_EDGE('',*,*,#5288,.F.);
#3425=ORIENTED_EDGE('',*,*,#5333,.T.);
#3426=ORIENTED_EDGE('',*,*,#5286,.T.);
#3427=ORIENTED_EDGE('',*,*,#5327,.F.);
#3428=ORIENTED_EDGE('',*,*,#5334,.F.);
#3429=ORIENTED_EDGE('',*,*,#5331,.T.);
#3430=ORIENTED_EDGE('',*,*,#5332,.F.);
#3431=ORIENTED_EDGE('',*,*,#5334,.T.);
#3432=ORIENTED_EDGE('',*,*,#5326,.T.);
#3433=ORIENTED_EDGE('',*,*,#5329,.T.);
#3434=ORIENTED_EDGE('',*,*,#5282,.F.);
#3435=ORIENTED_EDGE('',*,*,#5316,.F.);
#3436=ORIENTED_EDGE('',*,*,#5335,.T.);
#3437=ORIENTED_EDGE('',*,*,#5320,.T.);
#3438=ORIENTED_EDGE('',*,*,#5335,.F.);
#3439=ORIENTED_EDGE('',*,*,#5315,.T.);
#3440=ORIENTED_EDGE('',*,*,#5318,.F.);
#3441=ORIENTED_EDGE('',*,*,#5321,.F.);
#3442=ORIENTED_EDGE('',*,*,#5336,.F.);
#3443=ORIENTED_EDGE('',*,*,#5244,.T.);
#3444=ORIENTED_EDGE('',*,*,#5336,.T.);
#3445=ORIENTED_EDGE('',*,*,#5337,.F.);
#3446=ORIENTED_EDGE('',*,*,#5243,.T.);
#3447=ORIENTED_EDGE('',*,*,#5337,.T.);
#3448=ORIENTED_EDGE('',*,*,#5164,.F.);
#3449=ORIENTED_EDGE('',*,*,#5338,.F.);
#3450=ORIENTED_EDGE('',*,*,#5339,.T.);
#3451=ORIENTED_EDGE('',*,*,#5340,.T.);
#3452=ORIENTED_EDGE('',*,*,#5163,.F.);
#3453=ORIENTED_EDGE('',*,*,#5341,.F.);
#3454=ORIENTED_EDGE('',*,*,#5342,.T.);
#3455=ORIENTED_EDGE('',*,*,#5338,.T.);
#3456=ORIENTED_EDGE('',*,*,#5182,.F.);
#3457=ORIENTED_EDGE('',*,*,#5343,.F.);
#3458=ORIENTED_EDGE('',*,*,#5344,.T.);
#3459=ORIENTED_EDGE('',*,*,#5341,.T.);
#3460=ORIENTED_EDGE('',*,*,#5181,.F.);
#3461=ORIENTED_EDGE('',*,*,#5345,.F.);
#3462=ORIENTED_EDGE('',*,*,#5346,.T.);
#3463=ORIENTED_EDGE('',*,*,#5343,.T.);
#3464=ORIENTED_EDGE('',*,*,#5180,.F.);
#3465=ORIENTED_EDGE('',*,*,#5347,.F.);
#3466=ORIENTED_EDGE('',*,*,#5348,.T.);
#3467=ORIENTED_EDGE('',*,*,#5345,.T.);
#3468=ORIENTED_EDGE('',*,*,#5179,.F.);
#3469=ORIENTED_EDGE('',*,*,#5349,.F.);
#3470=ORIENTED_EDGE('',*,*,#5350,.T.);
#3471=ORIENTED_EDGE('',*,*,#5347,.T.);
#3472=ORIENTED_EDGE('',*,*,#5178,.F.);
#3473=ORIENTED_EDGE('',*,*,#5351,.F.);
#3474=ORIENTED_EDGE('',*,*,#5352,.T.);
#3475=ORIENTED_EDGE('',*,*,#5349,.T.);
#3476=ORIENTED_EDGE('',*,*,#5177,.F.);
#3477=ORIENTED_EDGE('',*,*,#5353,.F.);
#3478=ORIENTED_EDGE('',*,*,#5354,.T.);
#3479=ORIENTED_EDGE('',*,*,#5351,.T.);
#3480=ORIENTED_EDGE('',*,*,#5176,.F.);
#3481=ORIENTED_EDGE('',*,*,#5355,.F.);
#3482=ORIENTED_EDGE('',*,*,#5356,.T.);
#3483=ORIENTED_EDGE('',*,*,#5353,.T.);
#3484=ORIENTED_EDGE('',*,*,#5175,.F.);
#3485=ORIENTED_EDGE('',*,*,#5357,.F.);
#3486=ORIENTED_EDGE('',*,*,#5358,.T.);
#3487=ORIENTED_EDGE('',*,*,#5355,.T.);
#3488=ORIENTED_EDGE('',*,*,#5174,.F.);
#3489=ORIENTED_EDGE('',*,*,#5359,.F.);
#3490=ORIENTED_EDGE('',*,*,#5360,.T.);
#3491=ORIENTED_EDGE('',*,*,#5357,.T.);
#3492=ORIENTED_EDGE('',*,*,#5173,.F.);
#3493=ORIENTED_EDGE('',*,*,#5361,.F.);
#3494=ORIENTED_EDGE('',*,*,#5362,.T.);
#3495=ORIENTED_EDGE('',*,*,#5359,.T.);
#3496=ORIENTED_EDGE('',*,*,#5172,.F.);
#3497=ORIENTED_EDGE('',*,*,#5363,.F.);
#3498=ORIENTED_EDGE('',*,*,#5364,.T.);
#3499=ORIENTED_EDGE('',*,*,#5361,.T.);
#3500=ORIENTED_EDGE('',*,*,#5171,.F.);
#3501=ORIENTED_EDGE('',*,*,#5365,.F.);
#3502=ORIENTED_EDGE('',*,*,#5366,.T.);
#3503=ORIENTED_EDGE('',*,*,#5363,.T.);
#3504=ORIENTED_EDGE('',*,*,#5170,.F.);
#3505=ORIENTED_EDGE('',*,*,#5367,.F.);
#3506=ORIENTED_EDGE('',*,*,#5368,.T.);
#3507=ORIENTED_EDGE('',*,*,#5365,.T.);
#3508=ORIENTED_EDGE('',*,*,#5169,.F.);
#3509=ORIENTED_EDGE('',*,*,#5369,.F.);
#3510=ORIENTED_EDGE('',*,*,#5370,.T.);
#3511=ORIENTED_EDGE('',*,*,#5367,.T.);
#3512=ORIENTED_EDGE('',*,*,#5168,.F.);
#3513=ORIENTED_EDGE('',*,*,#5371,.F.);
#3514=ORIENTED_EDGE('',*,*,#5372,.T.);
#3515=ORIENTED_EDGE('',*,*,#5369,.T.);
#3516=ORIENTED_EDGE('',*,*,#5167,.F.);
#3517=ORIENTED_EDGE('',*,*,#5373,.F.);
#3518=ORIENTED_EDGE('',*,*,#5374,.T.);
#3519=ORIENTED_EDGE('',*,*,#5371,.T.);
#3520=ORIENTED_EDGE('',*,*,#5166,.F.);
#3521=ORIENTED_EDGE('',*,*,#5375,.F.);
#3522=ORIENTED_EDGE('',*,*,#5376,.T.);
#3523=ORIENTED_EDGE('',*,*,#5373,.T.);
#3524=ORIENTED_EDGE('',*,*,#5165,.F.);
#3525=ORIENTED_EDGE('',*,*,#5340,.F.);
#3526=ORIENTED_EDGE('',*,*,#5377,.T.);
#3527=ORIENTED_EDGE('',*,*,#5375,.T.);
#3528=ORIENTED_EDGE('',*,*,#5339,.F.);
#3529=ORIENTED_EDGE('',*,*,#5342,.F.);
#3530=ORIENTED_EDGE('',*,*,#5344,.F.);
#3531=ORIENTED_EDGE('',*,*,#5346,.F.);
#3532=ORIENTED_EDGE('',*,*,#5348,.F.);
#3533=ORIENTED_EDGE('',*,*,#5350,.F.);
#3534=ORIENTED_EDGE('',*,*,#5352,.F.);
#3535=ORIENTED_EDGE('',*,*,#5354,.F.);
#3536=ORIENTED_EDGE('',*,*,#5356,.F.);
#3537=ORIENTED_EDGE('',*,*,#5358,.F.);
#3538=ORIENTED_EDGE('',*,*,#5360,.F.);
#3539=ORIENTED_EDGE('',*,*,#5362,.F.);
#3540=ORIENTED_EDGE('',*,*,#5364,.F.);
#3541=ORIENTED_EDGE('',*,*,#5366,.F.);
#3542=ORIENTED_EDGE('',*,*,#5368,.F.);
#3543=ORIENTED_EDGE('',*,*,#5370,.F.);
#3544=ORIENTED_EDGE('',*,*,#5372,.F.);
#3545=ORIENTED_EDGE('',*,*,#5374,.F.);
#3546=ORIENTED_EDGE('',*,*,#5376,.F.);
#3547=ORIENTED_EDGE('',*,*,#5377,.F.);
#3548=ORIENTED_EDGE('',*,*,#5144,.F.);
#3549=ORIENTED_EDGE('',*,*,#5378,.F.);
#3550=ORIENTED_EDGE('',*,*,#5379,.T.);
#3551=ORIENTED_EDGE('',*,*,#5380,.T.);
#3552=ORIENTED_EDGE('',*,*,#5143,.F.);
#3553=ORIENTED_EDGE('',*,*,#5381,.F.);
#3554=ORIENTED_EDGE('',*,*,#5382,.T.);
#3555=ORIENTED_EDGE('',*,*,#5378,.T.);
#3556=ORIENTED_EDGE('',*,*,#5162,.F.);
#3557=ORIENTED_EDGE('',*,*,#5383,.F.);
#3558=ORIENTED_EDGE('',*,*,#5384,.T.);
#3559=ORIENTED_EDGE('',*,*,#5381,.T.);
#3560=ORIENTED_EDGE('',*,*,#5161,.F.);
#3561=ORIENTED_EDGE('',*,*,#5385,.F.);
#3562=ORIENTED_EDGE('',*,*,#5386,.T.);
#3563=ORIENTED_EDGE('',*,*,#5383,.T.);
#3564=ORIENTED_EDGE('',*,*,#5160,.F.);
#3565=ORIENTED_EDGE('',*,*,#5387,.F.);
#3566=ORIENTED_EDGE('',*,*,#5388,.T.);
#3567=ORIENTED_EDGE('',*,*,#5385,.T.);
#3568=ORIENTED_EDGE('',*,*,#5159,.F.);
#3569=ORIENTED_EDGE('',*,*,#5389,.F.);
#3570=ORIENTED_EDGE('',*,*,#5390,.T.);
#3571=ORIENTED_EDGE('',*,*,#5387,.T.);
#3572=ORIENTED_EDGE('',*,*,#5158,.F.);
#3573=ORIENTED_EDGE('',*,*,#5391,.F.);
#3574=ORIENTED_EDGE('',*,*,#5392,.T.);
#3575=ORIENTED_EDGE('',*,*,#5389,.T.);
#3576=ORIENTED_EDGE('',*,*,#5157,.F.);
#3577=ORIENTED_EDGE('',*,*,#5393,.F.);
#3578=ORIENTED_EDGE('',*,*,#5394,.T.);
#3579=ORIENTED_EDGE('',*,*,#5391,.T.);
#3580=ORIENTED_EDGE('',*,*,#5156,.F.);
#3581=ORIENTED_EDGE('',*,*,#5395,.F.);
#3582=ORIENTED_EDGE('',*,*,#5396,.T.);
#3583=ORIENTED_EDGE('',*,*,#5393,.T.);
#3584=ORIENTED_EDGE('',*,*,#5155,.F.);
#3585=ORIENTED_EDGE('',*,*,#5397,.F.);
#3586=ORIENTED_EDGE('',*,*,#5398,.T.);
#3587=ORIENTED_EDGE('',*,*,#5395,.T.);
#3588=ORIENTED_EDGE('',*,*,#5154,.F.);
#3589=ORIENTED_EDGE('',*,*,#5399,.F.);
#3590=ORIENTED_EDGE('',*,*,#5400,.T.);
#3591=ORIENTED_EDGE('',*,*,#5397,.T.);
#3592=ORIENTED_EDGE('',*,*,#5153,.F.);
#3593=ORIENTED_EDGE('',*,*,#5401,.F.);
#3594=ORIENTED_EDGE('',*,*,#5402,.T.);
#3595=ORIENTED_EDGE('',*,*,#5399,.T.);
#3596=ORIENTED_EDGE('',*,*,#5152,.F.);
#3597=ORIENTED_EDGE('',*,*,#5403,.F.);
#3598=ORIENTED_EDGE('',*,*,#5404,.T.);
#3599=ORIENTED_EDGE('',*,*,#5401,.T.);
#3600=ORIENTED_EDGE('',*,*,#5151,.F.);
#3601=ORIENTED_EDGE('',*,*,#5405,.F.);
#3602=ORIENTED_EDGE('',*,*,#5406,.T.);
#3603=ORIENTED_EDGE('',*,*,#5403,.T.);
#3604=ORIENTED_EDGE('',*,*,#5150,.F.);
#3605=ORIENTED_EDGE('',*,*,#5407,.F.);
#3606=ORIENTED_EDGE('',*,*,#5408,.T.);
#3607=ORIENTED_EDGE('',*,*,#5405,.T.);
#3608=ORIENTED_EDGE('',*,*,#5149,.F.);
#3609=ORIENTED_EDGE('',*,*,#5409,.F.);
#3610=ORIENTED_EDGE('',*,*,#5410,.T.);
#3611=ORIENTED_EDGE('',*,*,#5407,.T.);
#3612=ORIENTED_EDGE('',*,*,#5148,.F.);
#3613=ORIENTED_EDGE('',*,*,#5411,.F.);
#3614=ORIENTED_EDGE('',*,*,#5412,.T.);
#3615=ORIENTED_EDGE('',*,*,#5409,.T.);
#3616=ORIENTED_EDGE('',*,*,#5147,.F.);
#3617=ORIENTED_EDGE('',*,*,#5413,.F.);
#3618=ORIENTED_EDGE('',*,*,#5414,.T.);
#3619=ORIENTED_EDGE('',*,*,#5411,.T.);
#3620=ORIENTED_EDGE('',*,*,#5146,.F.);
#3621=ORIENTED_EDGE('',*,*,#5415,.F.);
#3622=ORIENTED_EDGE('',*,*,#5416,.T.);
#3623=ORIENTED_EDGE('',*,*,#5413,.T.);
#3624=ORIENTED_EDGE('',*,*,#5145,.F.);
#3625=ORIENTED_EDGE('',*,*,#5380,.F.);
#3626=ORIENTED_EDGE('',*,*,#5417,.T.);
#3627=ORIENTED_EDGE('',*,*,#5415,.T.);
#3628=ORIENTED_EDGE('',*,*,#5379,.F.);
#3629=ORIENTED_EDGE('',*,*,#5382,.F.);
#3630=ORIENTED_EDGE('',*,*,#5384,.F.);
#3631=ORIENTED_EDGE('',*,*,#5386,.F.);
#3632=ORIENTED_EDGE('',*,*,#5388,.F.);
#3633=ORIENTED_EDGE('',*,*,#5390,.F.);
#3634=ORIENTED_EDGE('',*,*,#5392,.F.);
#3635=ORIENTED_EDGE('',*,*,#5394,.F.);
#3636=ORIENTED_EDGE('',*,*,#5396,.F.);
#3637=ORIENTED_EDGE('',*,*,#5398,.F.);
#3638=ORIENTED_EDGE('',*,*,#5400,.F.);
#3639=ORIENTED_EDGE('',*,*,#5402,.F.);
#3640=ORIENTED_EDGE('',*,*,#5404,.F.);
#3641=ORIENTED_EDGE('',*,*,#5406,.F.);
#3642=ORIENTED_EDGE('',*,*,#5408,.F.);
#3643=ORIENTED_EDGE('',*,*,#5410,.F.);
#3644=ORIENTED_EDGE('',*,*,#5412,.F.);
#3645=ORIENTED_EDGE('',*,*,#5414,.F.);
#3646=ORIENTED_EDGE('',*,*,#5416,.F.);
#3647=ORIENTED_EDGE('',*,*,#5417,.F.);
#3648=ORIENTED_EDGE('',*,*,#5418,.F.);
#3649=ORIENTED_EDGE('',*,*,#5419,.F.);
#3650=ORIENTED_EDGE('',*,*,#5420,.T.);
#3651=ORIENTED_EDGE('',*,*,#5421,.T.);
#3652=ORIENTED_EDGE('',*,*,#5422,.F.);
#3653=ORIENTED_EDGE('',*,*,#5423,.F.);
#3654=ORIENTED_EDGE('',*,*,#5424,.T.);
#3655=ORIENTED_EDGE('',*,*,#5419,.T.);
#3656=ORIENTED_EDGE('',*,*,#5425,.F.);
#3657=ORIENTED_EDGE('',*,*,#5426,.F.);
#3658=ORIENTED_EDGE('',*,*,#5427,.T.);
#3659=ORIENTED_EDGE('',*,*,#5423,.T.);
#3660=ORIENTED_EDGE('',*,*,#5428,.F.);
#3661=ORIENTED_EDGE('',*,*,#5429,.F.);
#3662=ORIENTED_EDGE('',*,*,#5430,.T.);
#3663=ORIENTED_EDGE('',*,*,#5426,.T.);
#3664=ORIENTED_EDGE('',*,*,#5431,.F.);
#3665=ORIENTED_EDGE('',*,*,#5432,.F.);
#3666=ORIENTED_EDGE('',*,*,#5433,.T.);
#3667=ORIENTED_EDGE('',*,*,#5429,.T.);
#3668=ORIENTED_EDGE('',*,*,#5434,.F.);
#3669=ORIENTED_EDGE('',*,*,#5435,.F.);
#3670=ORIENTED_EDGE('',*,*,#5436,.T.);
#3671=ORIENTED_EDGE('',*,*,#5432,.T.);
#3672=ORIENTED_EDGE('',*,*,#5437,.F.);
#3673=ORIENTED_EDGE('',*,*,#5438,.F.);
#3674=ORIENTED_EDGE('',*,*,#5439,.T.);
#3675=ORIENTED_EDGE('',*,*,#5435,.T.);
#3676=ORIENTED_EDGE('',*,*,#5440,.F.);
#3677=ORIENTED_EDGE('',*,*,#5441,.F.);
#3678=ORIENTED_EDGE('',*,*,#5442,.T.);
#3679=ORIENTED_EDGE('',*,*,#5438,.T.);
#3680=ORIENTED_EDGE('',*,*,#5443,.F.);
#3681=ORIENTED_EDGE('',*,*,#5444,.F.);
#3682=ORIENTED_EDGE('',*,*,#5445,.T.);
#3683=ORIENTED_EDGE('',*,*,#5441,.T.);
#3684=ORIENTED_EDGE('',*,*,#5189,.F.);
#3685=ORIENTED_EDGE('',*,*,#5446,.F.);
#3686=ORIENTED_EDGE('',*,*,#5447,.T.);
#3687=ORIENTED_EDGE('',*,*,#5448,.T.);
#3688=ORIENTED_EDGE('',*,*,#5188,.F.);
#3689=ORIENTED_EDGE('',*,*,#5449,.F.);
#3690=ORIENTED_EDGE('',*,*,#5450,.T.);
#3691=ORIENTED_EDGE('',*,*,#5446,.T.);
#3692=ORIENTED_EDGE('',*,*,#5202,.F.);
#3693=ORIENTED_EDGE('',*,*,#5451,.F.);
#3694=ORIENTED_EDGE('',*,*,#5452,.T.);
#3695=ORIENTED_EDGE('',*,*,#5449,.T.);
#3696=ORIENTED_EDGE('',*,*,#5201,.F.);
#3697=ORIENTED_EDGE('',*,*,#5453,.F.);
#3698=ORIENTED_EDGE('',*,*,#5454,.T.);
#3699=ORIENTED_EDGE('',*,*,#5451,.T.);
#3700=ORIENTED_EDGE('',*,*,#5200,.F.);
#3701=ORIENTED_EDGE('',*,*,#5455,.F.);
#3702=ORIENTED_EDGE('',*,*,#5456,.T.);
#3703=ORIENTED_EDGE('',*,*,#5453,.T.);
#3704=ORIENTED_EDGE('',*,*,#5199,.F.);
#3705=ORIENTED_EDGE('',*,*,#5457,.F.);
#3706=ORIENTED_EDGE('',*,*,#5458,.T.);
#3707=ORIENTED_EDGE('',*,*,#5455,.T.);
#3708=ORIENTED_EDGE('',*,*,#5198,.F.);
#3709=ORIENTED_EDGE('',*,*,#5459,.F.);
#3710=ORIENTED_EDGE('',*,*,#5460,.T.);
#3711=ORIENTED_EDGE('',*,*,#5457,.T.);
#3712=ORIENTED_EDGE('',*,*,#5197,.F.);
#3713=ORIENTED_EDGE('',*,*,#5461,.F.);
#3714=ORIENTED_EDGE('',*,*,#5462,.T.);
#3715=ORIENTED_EDGE('',*,*,#5459,.T.);
#3716=ORIENTED_EDGE('',*,*,#5196,.F.);
#3717=ORIENTED_EDGE('',*,*,#5463,.F.);
#3718=ORIENTED_EDGE('',*,*,#5464,.T.);
#3719=ORIENTED_EDGE('',*,*,#5461,.T.);
#3720=ORIENTED_EDGE('',*,*,#5195,.F.);
#3721=ORIENTED_EDGE('',*,*,#5465,.F.);
#3722=ORIENTED_EDGE('',*,*,#5466,.T.);
#3723=ORIENTED_EDGE('',*,*,#5463,.T.);
#3724=ORIENTED_EDGE('',*,*,#5194,.F.);
#3725=ORIENTED_EDGE('',*,*,#5467,.F.);
#3726=ORIENTED_EDGE('',*,*,#5468,.T.);
#3727=ORIENTED_EDGE('',*,*,#5465,.T.);
#3728=ORIENTED_EDGE('',*,*,#5193,.F.);
#3729=ORIENTED_EDGE('',*,*,#5469,.F.);
#3730=ORIENTED_EDGE('',*,*,#5470,.T.);
#3731=ORIENTED_EDGE('',*,*,#5467,.T.);
#3732=ORIENTED_EDGE('',*,*,#5192,.F.);
#3733=ORIENTED_EDGE('',*,*,#5471,.F.);
#3734=ORIENTED_EDGE('',*,*,#5472,.T.);
#3735=ORIENTED_EDGE('',*,*,#5469,.T.);
#3736=ORIENTED_EDGE('',*,*,#5191,.F.);
#3737=ORIENTED_EDGE('',*,*,#5473,.F.);
#3738=ORIENTED_EDGE('',*,*,#5474,.T.);
#3739=ORIENTED_EDGE('',*,*,#5471,.T.);
#3740=ORIENTED_EDGE('',*,*,#5190,.F.);
#3741=ORIENTED_EDGE('',*,*,#5448,.F.);
#3742=ORIENTED_EDGE('',*,*,#5475,.T.);
#3743=ORIENTED_EDGE('',*,*,#5473,.T.);
#3744=ORIENTED_EDGE('',*,*,#5476,.F.);
#3745=ORIENTED_EDGE('',*,*,#5421,.F.);
#3746=ORIENTED_EDGE('',*,*,#5477,.T.);
#3747=ORIENTED_EDGE('',*,*,#5444,.T.);
#3748=ORIENTED_EDGE('',*,*,#5447,.F.);
#3749=ORIENTED_EDGE('',*,*,#5450,.F.);
#3750=ORIENTED_EDGE('',*,*,#5452,.F.);
#3751=ORIENTED_EDGE('',*,*,#5454,.F.);
#3752=ORIENTED_EDGE('',*,*,#5456,.F.);
#3753=ORIENTED_EDGE('',*,*,#5458,.F.);
#3754=ORIENTED_EDGE('',*,*,#5460,.F.);
#3755=ORIENTED_EDGE('',*,*,#5462,.F.);
#3756=ORIENTED_EDGE('',*,*,#5464,.F.);
#3757=ORIENTED_EDGE('',*,*,#5466,.F.);
#3758=ORIENTED_EDGE('',*,*,#5468,.F.);
#3759=ORIENTED_EDGE('',*,*,#5470,.F.);
#3760=ORIENTED_EDGE('',*,*,#5472,.F.);
#3761=ORIENTED_EDGE('',*,*,#5474,.F.);
#3762=ORIENTED_EDGE('',*,*,#5475,.F.);
#3763=ORIENTED_EDGE('',*,*,#5420,.F.);
#3764=ORIENTED_EDGE('',*,*,#5424,.F.);
#3765=ORIENTED_EDGE('',*,*,#5427,.F.);
#3766=ORIENTED_EDGE('',*,*,#5430,.F.);
#3767=ORIENTED_EDGE('',*,*,#5433,.F.);
#3768=ORIENTED_EDGE('',*,*,#5436,.F.);
#3769=ORIENTED_EDGE('',*,*,#5439,.F.);
#3770=ORIENTED_EDGE('',*,*,#5442,.F.);
#3771=ORIENTED_EDGE('',*,*,#5445,.F.);
#3772=ORIENTED_EDGE('',*,*,#5477,.F.);
#3773=ORIENTED_EDGE('',*,*,#5204,.F.);
#3774=ORIENTED_EDGE('',*,*,#5478,.F.);
#3775=ORIENTED_EDGE('',*,*,#5479,.T.);
#3776=ORIENTED_EDGE('',*,*,#5480,.T.);
#3777=ORIENTED_EDGE('',*,*,#5203,.F.);
#3778=ORIENTED_EDGE('',*,*,#5481,.F.);
#3779=ORIENTED_EDGE('',*,*,#5482,.T.);
#3780=ORIENTED_EDGE('',*,*,#5478,.T.);
#3781=ORIENTED_EDGE('',*,*,#5209,.F.);
#3782=ORIENTED_EDGE('',*,*,#5483,.F.);
#3783=ORIENTED_EDGE('',*,*,#5484,.T.);
#3784=ORIENTED_EDGE('',*,*,#5481,.T.);
#3785=ORIENTED_EDGE('',*,*,#5208,.F.);
#3786=ORIENTED_EDGE('',*,*,#5485,.F.);
#3787=ORIENTED_EDGE('',*,*,#5486,.T.);
#3788=ORIENTED_EDGE('',*,*,#5483,.T.);
#3789=ORIENTED_EDGE('',*,*,#5207,.F.);
#3790=ORIENTED_EDGE('',*,*,#5487,.F.);
#3791=ORIENTED_EDGE('',*,*,#5488,.T.);
#3792=ORIENTED_EDGE('',*,*,#5485,.T.);
#3793=ORIENTED_EDGE('',*,*,#5206,.F.);
#3794=ORIENTED_EDGE('',*,*,#5489,.F.);
#3795=ORIENTED_EDGE('',*,*,#5490,.T.);
#3796=ORIENTED_EDGE('',*,*,#5487,.T.);
#3797=ORIENTED_EDGE('',*,*,#5205,.F.);
#3798=ORIENTED_EDGE('',*,*,#5480,.F.);
#3799=ORIENTED_EDGE('',*,*,#5491,.T.);
#3800=ORIENTED_EDGE('',*,*,#5489,.T.);
#3801=ORIENTED_EDGE('',*,*,#5479,.F.);
#3802=ORIENTED_EDGE('',*,*,#5482,.F.);
#3803=ORIENTED_EDGE('',*,*,#5484,.F.);
#3804=ORIENTED_EDGE('',*,*,#5486,.F.);
#3805=ORIENTED_EDGE('',*,*,#5488,.F.);
#3806=ORIENTED_EDGE('',*,*,#5490,.F.);
#3807=ORIENTED_EDGE('',*,*,#5491,.F.);
#3808=ORIENTED_EDGE('',*,*,#5211,.F.);
#3809=ORIENTED_EDGE('',*,*,#5492,.F.);
#3810=ORIENTED_EDGE('',*,*,#5493,.T.);
#3811=ORIENTED_EDGE('',*,*,#5494,.T.);
#3812=ORIENTED_EDGE('',*,*,#5210,.F.);
#3813=ORIENTED_EDGE('',*,*,#5495,.F.);
#3814=ORIENTED_EDGE('',*,*,#5496,.T.);
#3815=ORIENTED_EDGE('',*,*,#5492,.T.);
#3816=ORIENTED_EDGE('',*,*,#5234,.F.);
#3817=ORIENTED_EDGE('',*,*,#5497,.F.);
#3818=ORIENTED_EDGE('',*,*,#5498,.T.);
#3819=ORIENTED_EDGE('',*,*,#5495,.T.);
#3820=ORIENTED_EDGE('',*,*,#5233,.F.);
#3821=ORIENTED_EDGE('',*,*,#5499,.F.);
#3822=ORIENTED_EDGE('',*,*,#5500,.T.);
#3823=ORIENTED_EDGE('',*,*,#5497,.T.);
#3824=ORIENTED_EDGE('',*,*,#5232,.F.);
#3825=ORIENTED_EDGE('',*,*,#5501,.F.);
#3826=ORIENTED_EDGE('',*,*,#5502,.T.);
#3827=ORIENTED_EDGE('',*,*,#5499,.T.);
#3828=ORIENTED_EDGE('',*,*,#5231,.F.);
#3829=ORIENTED_EDGE('',*,*,#5503,.F.);
#3830=ORIENTED_EDGE('',*,*,#5504,.T.);
#3831=ORIENTED_EDGE('',*,*,#5501,.T.);
#3832=ORIENTED_EDGE('',*,*,#5230,.F.);
#3833=ORIENTED_EDGE('',*,*,#5505,.F.);
#3834=ORIENTED_EDGE('',*,*,#5506,.T.);
#3835=ORIENTED_EDGE('',*,*,#5503,.T.);
#3836=ORIENTED_EDGE('',*,*,#5229,.F.);
#3837=ORIENTED_EDGE('',*,*,#5507,.F.);
#3838=ORIENTED_EDGE('',*,*,#5508,.T.);
#3839=ORIENTED_EDGE('',*,*,#5505,.T.);
#3840=ORIENTED_EDGE('',*,*,#5228,.F.);
#3841=ORIENTED_EDGE('',*,*,#5509,.F.);
#3842=ORIENTED_EDGE('',*,*,#5510,.T.);
#3843=ORIENTED_EDGE('',*,*,#5507,.T.);
#3844=ORIENTED_EDGE('',*,*,#5227,.F.);
#3845=ORIENTED_EDGE('',*,*,#5511,.F.);
#3846=ORIENTED_EDGE('',*,*,#5512,.T.);
#3847=ORIENTED_EDGE('',*,*,#5509,.T.);
#3848=ORIENTED_EDGE('',*,*,#5226,.F.);
#3849=ORIENTED_EDGE('',*,*,#5513,.F.);
#3850=ORIENTED_EDGE('',*,*,#5514,.T.);
#3851=ORIENTED_EDGE('',*,*,#5511,.T.);
#3852=ORIENTED_EDGE('',*,*,#5225,.F.);
#3853=ORIENTED_EDGE('',*,*,#5515,.F.);
#3854=ORIENTED_EDGE('',*,*,#5516,.T.);
#3855=ORIENTED_EDGE('',*,*,#5513,.T.);
#3856=ORIENTED_EDGE('',*,*,#5224,.F.);
#3857=ORIENTED_EDGE('',*,*,#5517,.F.);
#3858=ORIENTED_EDGE('',*,*,#5518,.T.);
#3859=ORIENTED_EDGE('',*,*,#5515,.T.);
#3860=ORIENTED_EDGE('',*,*,#5223,.F.);
#3861=ORIENTED_EDGE('',*,*,#5519,.F.);
#3862=ORIENTED_EDGE('',*,*,#5520,.T.);
#3863=ORIENTED_EDGE('',*,*,#5517,.T.);
#3864=ORIENTED_EDGE('',*,*,#5222,.F.);
#3865=ORIENTED_EDGE('',*,*,#5521,.F.);
#3866=ORIENTED_EDGE('',*,*,#5522,.T.);
#3867=ORIENTED_EDGE('',*,*,#5519,.T.);
#3868=ORIENTED_EDGE('',*,*,#5221,.F.);
#3869=ORIENTED_EDGE('',*,*,#5523,.F.);
#3870=ORIENTED_EDGE('',*,*,#5524,.T.);
#3871=ORIENTED_EDGE('',*,*,#5521,.T.);
#3872=ORIENTED_EDGE('',*,*,#5220,.F.);
#3873=ORIENTED_EDGE('',*,*,#5525,.F.);
#3874=ORIENTED_EDGE('',*,*,#5526,.T.);
#3875=ORIENTED_EDGE('',*,*,#5523,.T.);
#3876=ORIENTED_EDGE('',*,*,#5219,.F.);
#3877=ORIENTED_EDGE('',*,*,#5527,.F.);
#3878=ORIENTED_EDGE('',*,*,#5528,.T.);
#3879=ORIENTED_EDGE('',*,*,#5525,.T.);
#3880=ORIENTED_EDGE('',*,*,#5218,.F.);
#3881=ORIENTED_EDGE('',*,*,#5529,.F.);
#3882=ORIENTED_EDGE('',*,*,#5530,.T.);
#3883=ORIENTED_EDGE('',*,*,#5527,.T.);
#3884=ORIENTED_EDGE('',*,*,#5217,.F.);
#3885=ORIENTED_EDGE('',*,*,#5531,.F.);
#3886=ORIENTED_EDGE('',*,*,#5532,.T.);
#3887=ORIENTED_EDGE('',*,*,#5529,.T.);
#3888=ORIENTED_EDGE('',*,*,#5216,.F.);
#3889=ORIENTED_EDGE('',*,*,#5533,.F.);
#3890=ORIENTED_EDGE('',*,*,#5534,.T.);
#3891=ORIENTED_EDGE('',*,*,#5531,.T.);
#3892=ORIENTED_EDGE('',*,*,#5215,.F.);
#3893=ORIENTED_EDGE('',*,*,#5535,.F.);
#3894=ORIENTED_EDGE('',*,*,#5536,.T.);
#3895=ORIENTED_EDGE('',*,*,#5533,.T.);
#3896=ORIENTED_EDGE('',*,*,#5214,.F.);
#3897=ORIENTED_EDGE('',*,*,#5537,.F.);
#3898=ORIENTED_EDGE('',*,*,#5538,.T.);
#3899=ORIENTED_EDGE('',*,*,#5535,.T.);
#3900=ORIENTED_EDGE('',*,*,#5213,.F.);
#3901=ORIENTED_EDGE('',*,*,#5539,.F.);
#3902=ORIENTED_EDGE('',*,*,#5540,.T.);
#3903=ORIENTED_EDGE('',*,*,#5537,.T.);
#3904=ORIENTED_EDGE('',*,*,#5212,.F.);
#3905=ORIENTED_EDGE('',*,*,#5494,.F.);
#3906=ORIENTED_EDGE('',*,*,#5541,.T.);
#3907=ORIENTED_EDGE('',*,*,#5539,.T.);
#3908=ORIENTED_EDGE('',*,*,#5493,.F.);
#3909=ORIENTED_EDGE('',*,*,#5496,.F.);
#3910=ORIENTED_EDGE('',*,*,#5498,.F.);
#3911=ORIENTED_EDGE('',*,*,#5500,.F.);
#3912=ORIENTED_EDGE('',*,*,#5502,.F.);
#3913=ORIENTED_EDGE('',*,*,#5504,.F.);
#3914=ORIENTED_EDGE('',*,*,#5506,.F.);
#3915=ORIENTED_EDGE('',*,*,#5508,.F.);
#3916=ORIENTED_EDGE('',*,*,#5510,.F.);
#3917=ORIENTED_EDGE('',*,*,#5512,.F.);
#3918=ORIENTED_EDGE('',*,*,#5514,.F.);
#3919=ORIENTED_EDGE('',*,*,#5516,.F.);
#3920=ORIENTED_EDGE('',*,*,#5518,.F.);
#3921=ORIENTED_EDGE('',*,*,#5520,.F.);
#3922=ORIENTED_EDGE('',*,*,#5522,.F.);
#3923=ORIENTED_EDGE('',*,*,#5524,.F.);
#3924=ORIENTED_EDGE('',*,*,#5526,.F.);
#3925=ORIENTED_EDGE('',*,*,#5528,.F.);
#3926=ORIENTED_EDGE('',*,*,#5530,.F.);
#3927=ORIENTED_EDGE('',*,*,#5532,.F.);
#3928=ORIENTED_EDGE('',*,*,#5534,.F.);
#3929=ORIENTED_EDGE('',*,*,#5536,.F.);
#3930=ORIENTED_EDGE('',*,*,#5538,.F.);
#3931=ORIENTED_EDGE('',*,*,#5540,.F.);
#3932=ORIENTED_EDGE('',*,*,#5541,.F.);
#3933=ORIENTED_EDGE('',*,*,#5542,.F.);
#3934=ORIENTED_EDGE('',*,*,#5543,.F.);
#3935=ORIENTED_EDGE('',*,*,#5544,.T.);
#3936=ORIENTED_EDGE('',*,*,#5545,.T.);
#3937=ORIENTED_EDGE('',*,*,#5546,.F.);
#3938=ORIENTED_EDGE('',*,*,#5547,.F.);
#3939=ORIENTED_EDGE('',*,*,#5548,.T.);
#3940=ORIENTED_EDGE('',*,*,#5543,.T.);
#3941=ORIENTED_EDGE('',*,*,#5549,.F.);
#3942=ORIENTED_EDGE('',*,*,#5550,.F.);
#3943=ORIENTED_EDGE('',*,*,#5551,.T.);
#3944=ORIENTED_EDGE('',*,*,#5547,.T.);
#3945=ORIENTED_EDGE('',*,*,#5552,.F.);
#3946=ORIENTED_EDGE('',*,*,#5553,.F.);
#3947=ORIENTED_EDGE('',*,*,#5554,.T.);
#3948=ORIENTED_EDGE('',*,*,#5550,.T.);
#3949=ORIENTED_EDGE('',*,*,#5136,.F.);
#3950=ORIENTED_EDGE('',*,*,#5555,.F.);
#3951=ORIENTED_EDGE('',*,*,#5556,.T.);
#3952=ORIENTED_EDGE('',*,*,#5557,.T.);
#3953=ORIENTED_EDGE('',*,*,#5135,.F.);
#3954=ORIENTED_EDGE('',*,*,#5558,.F.);
#3955=ORIENTED_EDGE('',*,*,#5559,.T.);
#3956=ORIENTED_EDGE('',*,*,#5555,.T.);
#3957=ORIENTED_EDGE('',*,*,#5142,.F.);
#3958=ORIENTED_EDGE('',*,*,#5560,.F.);
#3959=ORIENTED_EDGE('',*,*,#5561,.T.);
#3960=ORIENTED_EDGE('',*,*,#5558,.T.);
#3961=ORIENTED_EDGE('',*,*,#5141,.F.);
#3962=ORIENTED_EDGE('',*,*,#5562,.F.);
#3963=ORIENTED_EDGE('',*,*,#5563,.T.);
#3964=ORIENTED_EDGE('',*,*,#5560,.T.);
#3965=ORIENTED_EDGE('',*,*,#5140,.F.);
#3966=ORIENTED_EDGE('',*,*,#5564,.F.);
#3967=ORIENTED_EDGE('',*,*,#5565,.T.);
#3968=ORIENTED_EDGE('',*,*,#5562,.T.);
#3969=ORIENTED_EDGE('',*,*,#5139,.F.);
#3970=ORIENTED_EDGE('',*,*,#5566,.F.);
#3971=ORIENTED_EDGE('',*,*,#5567,.T.);
#3972=ORIENTED_EDGE('',*,*,#5564,.T.);
#3973=ORIENTED_EDGE('',*,*,#5138,.F.);
#3974=ORIENTED_EDGE('',*,*,#5568,.F.);
#3975=ORIENTED_EDGE('',*,*,#5569,.T.);
#3976=ORIENTED_EDGE('',*,*,#5566,.T.);
#3977=ORIENTED_EDGE('',*,*,#5137,.F.);
#3978=ORIENTED_EDGE('',*,*,#5557,.F.);
#3979=ORIENTED_EDGE('',*,*,#5570,.T.);
#3980=ORIENTED_EDGE('',*,*,#5568,.T.);
#3981=ORIENTED_EDGE('',*,*,#5571,.F.);
#3982=ORIENTED_EDGE('',*,*,#5545,.F.);
#3983=ORIENTED_EDGE('',*,*,#5572,.T.);
#3984=ORIENTED_EDGE('',*,*,#5553,.T.);
#3985=ORIENTED_EDGE('',*,*,#5556,.F.);
#3986=ORIENTED_EDGE('',*,*,#5559,.F.);
#3987=ORIENTED_EDGE('',*,*,#5561,.F.);
#3988=ORIENTED_EDGE('',*,*,#5563,.F.);
#3989=ORIENTED_EDGE('',*,*,#5565,.F.);
#3990=ORIENTED_EDGE('',*,*,#5567,.F.);
#3991=ORIENTED_EDGE('',*,*,#5569,.F.);
#3992=ORIENTED_EDGE('',*,*,#5570,.F.);
#3993=ORIENTED_EDGE('',*,*,#5544,.F.);
#3994=ORIENTED_EDGE('',*,*,#5548,.F.);
#3995=ORIENTED_EDGE('',*,*,#5551,.F.);
#3996=ORIENTED_EDGE('',*,*,#5554,.F.);
#3997=ORIENTED_EDGE('',*,*,#5572,.F.);
#3998=ORIENTED_EDGE('',*,*,#5422,.T.);
#3999=ORIENTED_EDGE('',*,*,#5418,.T.);
#4000=ORIENTED_EDGE('',*,*,#5476,.T.);
#4001=ORIENTED_EDGE('',*,*,#5443,.T.);
#4002=ORIENTED_EDGE('',*,*,#5440,.T.);
#4003=ORIENTED_EDGE('',*,*,#5437,.T.);
#4004=ORIENTED_EDGE('',*,*,#5434,.T.);
#4005=ORIENTED_EDGE('',*,*,#5431,.T.);
#4006=ORIENTED_EDGE('',*,*,#5428,.T.);
#4007=ORIENTED_EDGE('',*,*,#5425,.T.);
#4008=ORIENTED_EDGE('',*,*,#5546,.T.);
#4009=ORIENTED_EDGE('',*,*,#5542,.T.);
#4010=ORIENTED_EDGE('',*,*,#5571,.T.);
#4011=ORIENTED_EDGE('',*,*,#5552,.T.);
#4012=ORIENTED_EDGE('',*,*,#5549,.T.);
#4013=ORIENTED_EDGE('',*,*,#5279,.T.);
#4014=ORIENTED_EDGE('',*,*,#5263,.T.);
#4015=ORIENTED_EDGE('',*,*,#5260,.F.);
#4016=ORIENTED_EDGE('',*,*,#5267,.F.);
#4017=ORIENTED_EDGE('',*,*,#5277,.T.);
#4018=ORIENTED_EDGE('',*,*,#5237,.T.);
#4019=ORIENTED_EDGE('',*,*,#5270,.F.);
#4020=ORIENTED_EDGE('',*,*,#5241,.F.);
#4021=ORIENTED_EDGE('',*,*,#5239,.T.);
#4022=ORIENTED_EDGE('',*,*,#5269,.T.);
#4023=ORIENTED_EDGE('',*,*,#5235,.T.);
#4024=ORIENTED_EDGE('',*,*,#5276,.F.);
#4025=ORIENTED_EDGE('',*,*,#5309,.T.);
#4026=ORIENTED_EDGE('',*,*,#5300,.T.);
#4027=ORIENTED_EDGE('',*,*,#5304,.F.);
#4028=ORIENTED_EDGE('',*,*,#5272,.F.);
#4029=ORIENTED_EDGE('',*,*,#5573,.F.);
#4030=ORIENTED_EDGE('',*,*,#5574,.T.);
#4031=ORIENTED_EDGE('',*,*,#5575,.T.);
#4032=ORIENTED_EDGE('',*,*,#5576,.F.);
#4033=ORIENTED_EDGE('',*,*,#5577,.F.);
#4034=ORIENTED_EDGE('',*,*,#5578,.T.);
#4035=ORIENTED_EDGE('',*,*,#5579,.T.);
#4036=ORIENTED_EDGE('',*,*,#5580,.F.);
#4037=ORIENTED_EDGE('',*,*,#5581,.F.);
#4038=ORIENTED_EDGE('',*,*,#5582,.T.);
#4039=ORIENTED_EDGE('',*,*,#5583,.T.);
#4040=ORIENTED_EDGE('',*,*,#5584,.F.);
#4041=ORIENTED_EDGE('',*,*,#5585,.F.);
#4042=ORIENTED_EDGE('',*,*,#5586,.T.);
#4043=ORIENTED_EDGE('',*,*,#5587,.T.);
#4044=ORIENTED_EDGE('',*,*,#5588,.F.);
#4045=ORIENTED_EDGE('',*,*,#5589,.F.);
#4046=ORIENTED_EDGE('',*,*,#5590,.T.);
#4047=ORIENTED_EDGE('',*,*,#5591,.T.);
#4048=ORIENTED_EDGE('',*,*,#5592,.F.);
#4049=ORIENTED_EDGE('',*,*,#5593,.F.);
#4050=ORIENTED_EDGE('',*,*,#5594,.T.);
#4051=ORIENTED_EDGE('',*,*,#5595,.T.);
#4052=ORIENTED_EDGE('',*,*,#5596,.T.);
#4053=ORIENTED_EDGE('',*,*,#5597,.F.);
#4054=ORIENTED_EDGE('',*,*,#5598,.F.);
#4055=ORIENTED_EDGE('',*,*,#5599,.F.);
#4056=ORIENTED_EDGE('',*,*,#5600,.T.);
#4057=ORIENTED_EDGE('',*,*,#5601,.T.);
#4058=ORIENTED_EDGE('',*,*,#5602,.F.);
#4059=ORIENTED_EDGE('',*,*,#5603,.F.);
#4060=ORIENTED_EDGE('',*,*,#5604,.T.);
#4061=ORIENTED_EDGE('',*,*,#5605,.F.);
#4062=ORIENTED_EDGE('',*,*,#5606,.T.);
#4063=ORIENTED_EDGE('',*,*,#5607,.F.);
#4064=ORIENTED_EDGE('',*,*,#5608,.T.);
#4065=ORIENTED_EDGE('',*,*,#5609,.T.);
#4066=ORIENTED_EDGE('',*,*,#5610,.F.);
#4067=ORIENTED_EDGE('',*,*,#5575,.F.);
#4068=ORIENTED_EDGE('',*,*,#5611,.F.);
#4069=ORIENTED_EDGE('',*,*,#5610,.T.);
#4070=ORIENTED_EDGE('',*,*,#5612,.T.);
#4071=ORIENTED_EDGE('',*,*,#5576,.T.);
#4072=ORIENTED_EDGE('',*,*,#5612,.F.);
#4073=ORIENTED_EDGE('',*,*,#5609,.F.);
#4074=ORIENTED_EDGE('',*,*,#5613,.T.);
#4075=ORIENTED_EDGE('',*,*,#5573,.T.);
#4076=ORIENTED_EDGE('',*,*,#5613,.F.);
#4077=ORIENTED_EDGE('',*,*,#5608,.F.);
#4078=ORIENTED_EDGE('',*,*,#5614,.T.);
#4079=ORIENTED_EDGE('',*,*,#5574,.F.);
#4080=ORIENTED_EDGE('',*,*,#5614,.F.);
#4081=ORIENTED_EDGE('',*,*,#5607,.T.);
#4082=ORIENTED_EDGE('',*,*,#5611,.T.);
#4083=ORIENTED_EDGE('',*,*,#5615,.F.);
#4084=ORIENTED_EDGE('',*,*,#5616,.T.);
#4085=ORIENTED_EDGE('',*,*,#5617,.T.);
#4086=ORIENTED_EDGE('',*,*,#5618,.F.);
#4087=ORIENTED_EDGE('',*,*,#5579,.F.);
#4088=ORIENTED_EDGE('',*,*,#5619,.F.);
#4089=ORIENTED_EDGE('',*,*,#5618,.T.);
#4090=ORIENTED_EDGE('',*,*,#5620,.T.);
#4091=ORIENTED_EDGE('',*,*,#5580,.T.);
#4092=ORIENTED_EDGE('',*,*,#5620,.F.);
#4093=ORIENTED_EDGE('',*,*,#5617,.F.);
#4094=ORIENTED_EDGE('',*,*,#5621,.T.);
#4095=ORIENTED_EDGE('',*,*,#5577,.T.);
#4096=ORIENTED_EDGE('',*,*,#5621,.F.);
#4097=ORIENTED_EDGE('',*,*,#5616,.F.);
#4098=ORIENTED_EDGE('',*,*,#5622,.T.);
#4099=ORIENTED_EDGE('',*,*,#5578,.F.);
#4100=ORIENTED_EDGE('',*,*,#5622,.F.);
#4101=ORIENTED_EDGE('',*,*,#5615,.T.);
#4102=ORIENTED_EDGE('',*,*,#5619,.T.);
#4103=ORIENTED_EDGE('',*,*,#5623,.F.);
#4104=ORIENTED_EDGE('',*,*,#5624,.T.);
#4105=ORIENTED_EDGE('',*,*,#5625,.T.);
#4106=ORIENTED_EDGE('',*,*,#5626,.F.);
#4107=ORIENTED_EDGE('',*,*,#5600,.F.);
#4108=ORIENTED_EDGE('',*,*,#5627,.F.);
#4109=ORIENTED_EDGE('',*,*,#5626,.T.);
#4110=ORIENTED_EDGE('',*,*,#5628,.T.);
#4111=ORIENTED_EDGE('',*,*,#5629,.T.);
#4112=ORIENTED_EDGE('',*,*,#5630,.T.);
#4113=ORIENTED_EDGE('',*,*,#5631,.F.);
#4114=ORIENTED_EDGE('',*,*,#5624,.F.);
#4115=ORIENTED_EDGE('',*,*,#5632,.F.);
#4116=ORIENTED_EDGE('',*,*,#5633,.T.);
#4117=ORIENTED_EDGE('',*,*,#5634,.T.);
#4118=ORIENTED_EDGE('',*,*,#5635,.F.);
#4119=ORIENTED_EDGE('',*,*,#5583,.F.);
#4120=ORIENTED_EDGE('',*,*,#5636,.F.);
#4121=ORIENTED_EDGE('',*,*,#5635,.T.);
#4122=ORIENTED_EDGE('',*,*,#5637,.T.);
#4123=ORIENTED_EDGE('',*,*,#5584,.T.);
#4124=ORIENTED_EDGE('',*,*,#5637,.F.);
#4125=ORIENTED_EDGE('',*,*,#5634,.F.);
#4126=ORIENTED_EDGE('',*,*,#5638,.T.);
#4127=ORIENTED_EDGE('',*,*,#5581,.T.);
#4128=ORIENTED_EDGE('',*,*,#5638,.F.);
#4129=ORIENTED_EDGE('',*,*,#5633,.F.);
#4130=ORIENTED_EDGE('',*,*,#5639,.T.);
#4131=ORIENTED_EDGE('',*,*,#5582,.F.);
#4132=ORIENTED_EDGE('',*,*,#5639,.F.);
#4133=ORIENTED_EDGE('',*,*,#5632,.T.);
#4134=ORIENTED_EDGE('',*,*,#5636,.T.);
#4135=ORIENTED_EDGE('',*,*,#5640,.F.);
#4136=ORIENTED_EDGE('',*,*,#5641,.T.);
#4137=ORIENTED_EDGE('',*,*,#5642,.T.);
#4138=ORIENTED_EDGE('',*,*,#5643,.F.);
#4139=ORIENTED_EDGE('',*,*,#5587,.F.);
#4140=ORIENTED_EDGE('',*,*,#5644,.F.);
#4141=ORIENTED_EDGE('',*,*,#5643,.T.);
#4142=ORIENTED_EDGE('',*,*,#5645,.T.);
#4143=ORIENTED_EDGE('',*,*,#5588,.T.);
#4144=ORIENTED_EDGE('',*,*,#5645,.F.);
#4145=ORIENTED_EDGE('',*,*,#5642,.F.);
#4146=ORIENTED_EDGE('',*,*,#5646,.T.);
#4147=ORIENTED_EDGE('',*,*,#5585,.T.);
#4148=ORIENTED_EDGE('',*,*,#5646,.F.);
#4149=ORIENTED_EDGE('',*,*,#5641,.F.);
#4150=ORIENTED_EDGE('',*,*,#5647,.T.);
#4151=ORIENTED_EDGE('',*,*,#5586,.F.);
#4152=ORIENTED_EDGE('',*,*,#5647,.F.);
#4153=ORIENTED_EDGE('',*,*,#5640,.T.);
#4154=ORIENTED_EDGE('',*,*,#5644,.T.);
#4155=ORIENTED_EDGE('',*,*,#5648,.F.);
#4156=ORIENTED_EDGE('',*,*,#5649,.T.);
#4157=ORIENTED_EDGE('',*,*,#5650,.T.);
#4158=ORIENTED_EDGE('',*,*,#5651,.F.);
#4159=ORIENTED_EDGE('',*,*,#5591,.F.);
#4160=ORIENTED_EDGE('',*,*,#5652,.F.);
#4161=ORIENTED_EDGE('',*,*,#5651,.T.);
#4162=ORIENTED_EDGE('',*,*,#5653,.T.);
#4163=ORIENTED_EDGE('',*,*,#5592,.T.);
#4164=ORIENTED_EDGE('',*,*,#5653,.F.);
#4165=ORIENTED_EDGE('',*,*,#5650,.F.);
#4166=ORIENTED_EDGE('',*,*,#5654,.T.);
#4167=ORIENTED_EDGE('',*,*,#5589,.T.);
#4168=ORIENTED_EDGE('',*,*,#5654,.F.);
#4169=ORIENTED_EDGE('',*,*,#5649,.F.);
#4170=ORIENTED_EDGE('',*,*,#5655,.T.);
#4171=ORIENTED_EDGE('',*,*,#5590,.F.);
#4172=ORIENTED_EDGE('',*,*,#5655,.F.);
#4173=ORIENTED_EDGE('',*,*,#5648,.T.);
#4174=ORIENTED_EDGE('',*,*,#5652,.T.);
#4175=ORIENTED_EDGE('',*,*,#5656,.T.);
#4176=ORIENTED_EDGE('',*,*,#5657,.T.);
#4177=ORIENTED_EDGE('',*,*,#5658,.F.);
#4178=ORIENTED_EDGE('',*,*,#5630,.F.);
#4179=ORIENTED_EDGE('',*,*,#5601,.F.);
#4180=ORIENTED_EDGE('',*,*,#5628,.F.);
#4181=ORIENTED_EDGE('',*,*,#5625,.F.);
#4182=ORIENTED_EDGE('',*,*,#5631,.T.);
#4183=ORIENTED_EDGE('',*,*,#5658,.T.);
#4184=ORIENTED_EDGE('',*,*,#5659,.T.);
#4185=ORIENTED_EDGE('',*,*,#5602,.T.);
#4186=ORIENTED_EDGE('',*,*,#5659,.F.);
#4187=ORIENTED_EDGE('',*,*,#5657,.F.);
#4188=ORIENTED_EDGE('',*,*,#5660,.T.);
#4189=ORIENTED_EDGE('',*,*,#5599,.T.);
#4190=ORIENTED_EDGE('',*,*,#5660,.F.);
#4191=ORIENTED_EDGE('',*,*,#5656,.F.);
#4192=ORIENTED_EDGE('',*,*,#5629,.F.);
#4193=ORIENTED_EDGE('',*,*,#5623,.T.);
#4194=ORIENTED_EDGE('',*,*,#5627,.T.);
#4195=ORIENTED_EDGE('',*,*,#5661,.F.);
#4196=ORIENTED_EDGE('',*,*,#5662,.F.);
#4197=ORIENTED_EDGE('',*,*,#5663,.T.);
#4198=ORIENTED_EDGE('',*,*,#5664,.T.);
#4199=ORIENTED_EDGE('',*,*,#5665,.F.);
#4200=ORIENTED_EDGE('',*,*,#5666,.T.);
#4201=ORIENTED_EDGE('',*,*,#5667,.F.);
#4202=ORIENTED_EDGE('',*,*,#5668,.F.);
#4203=ORIENTED_EDGE('',*,*,#5597,.T.);
#4204=ORIENTED_EDGE('',*,*,#5669,.F.);
#4205=ORIENTED_EDGE('',*,*,#5664,.F.);
#4206=ORIENTED_EDGE('',*,*,#5670,.T.);
#4207=ORIENTED_EDGE('',*,*,#5671,.F.);
#4208=ORIENTED_EDGE('',*,*,#5672,.F.);
#4209=ORIENTED_EDGE('',*,*,#5668,.T.);
#4210=ORIENTED_EDGE('',*,*,#5673,.T.);
#4211=ORIENTED_EDGE('',*,*,#5674,.F.);
#4212=ORIENTED_EDGE('',*,*,#5673,.F.);
#4213=ORIENTED_EDGE('',*,*,#5667,.T.);
#4214=ORIENTED_EDGE('',*,*,#5675,.T.);
#4215=ORIENTED_EDGE('',*,*,#5676,.T.);
#4216=ORIENTED_EDGE('',*,*,#5675,.F.);
#4217=ORIENTED_EDGE('',*,*,#5666,.F.);
#4218=ORIENTED_EDGE('',*,*,#5677,.T.);
#4219=ORIENTED_EDGE('',*,*,#5678,.F.);
#4220=ORIENTED_EDGE('',*,*,#5677,.F.);
#4221=ORIENTED_EDGE('',*,*,#5665,.T.);
#4222=ORIENTED_EDGE('',*,*,#5672,.T.);
#4223=ORIENTED_EDGE('',*,*,#5598,.T.);
#4224=ORIENTED_EDGE('',*,*,#5670,.F.);
#4225=ORIENTED_EDGE('',*,*,#5663,.F.);
#4226=ORIENTED_EDGE('',*,*,#5679,.T.);
#4227=ORIENTED_EDGE('',*,*,#5595,.F.);
#4228=ORIENTED_EDGE('',*,*,#5679,.F.);
#4229=ORIENTED_EDGE('',*,*,#5662,.T.);
#4230=ORIENTED_EDGE('',*,*,#5680,.T.);
#4231=ORIENTED_EDGE('',*,*,#5596,.F.);
#4232=ORIENTED_EDGE('',*,*,#5680,.F.);
#4233=ORIENTED_EDGE('',*,*,#5661,.T.);
#4234=ORIENTED_EDGE('',*,*,#5669,.T.);
#4235=ORIENTED_EDGE('',*,*,#5681,.F.);
#4236=ORIENTED_EDGE('',*,*,#5682,.T.);
#4237=ORIENTED_EDGE('',*,*,#5605,.T.);
#4238=ORIENTED_EDGE('',*,*,#5683,.F.);
#4239=ORIENTED_EDGE('',*,*,#5684,.F.);
#4240=ORIENTED_EDGE('',*,*,#5606,.F.);
#4241=ORIENTED_EDGE('',*,*,#5682,.F.);
#4242=ORIENTED_EDGE('',*,*,#5685,.T.);
#4243=ORIENTED_EDGE('',*,*,#5593,.T.);
#4244=ORIENTED_EDGE('',*,*,#5686,.F.);
#4245=ORIENTED_EDGE('',*,*,#5594,.F.);
#4246=ORIENTED_EDGE('',*,*,#5687,.F.);
#4247=ORIENTED_EDGE('',*,*,#5688,.T.);
#4248=ORIENTED_EDGE('',*,*,#5689,.F.);
#4249=ORIENTED_EDGE('',*,*,#5687,.T.);
#4250=ORIENTED_EDGE('',*,*,#5686,.T.);
#4251=ORIENTED_EDGE('',*,*,#5689,.T.);
#4252=ORIENTED_EDGE('',*,*,#5690,.T.);
#4253=ORIENTED_EDGE('',*,*,#5691,.T.);
#4254=ORIENTED_EDGE('',*,*,#5685,.F.);
#4255=ORIENTED_EDGE('',*,*,#5681,.T.);
#4256=ORIENTED_EDGE('',*,*,#5692,.F.);
#4257=ORIENTED_EDGE('',*,*,#5690,.F.);
#4258=ORIENTED_EDGE('',*,*,#5683,.T.);
#4259=ORIENTED_EDGE('',*,*,#5604,.F.);
#4260=ORIENTED_EDGE('',*,*,#5688,.F.);
#4261=ORIENTED_EDGE('',*,*,#5676,.F.);
#4262=ORIENTED_EDGE('',*,*,#5678,.T.);
#4263=ORIENTED_EDGE('',*,*,#5671,.T.);
#4264=ORIENTED_EDGE('',*,*,#5674,.T.);
#4265=ORIENTED_EDGE('',*,*,#5684,.T.);
#4266=ORIENTED_EDGE('',*,*,#5691,.F.);
#4267=ORIENTED_EDGE('',*,*,#5692,.T.);
#4268=ORIENTED_EDGE('',*,*,#5603,.T.);
#4269=ORIENTED_EDGE('',*,*,#5693,.F.);
#4270=ORIENTED_EDGE('',*,*,#5693,.T.);
#4271=ORIENTED_EDGE('',*,*,#5694,.T.);
#4272=ORIENTED_EDGE('',*,*,#5694,.F.);
#4273=ORIENTED_EDGE('',*,*,#5695,.T.);
#4274=ORIENTED_EDGE('',*,*,#5696,.T.);
#4275=ORIENTED_EDGE('',*,*,#5697,.F.);
#4276=ORIENTED_EDGE('',*,*,#5698,.T.);
#4277=ORIENTED_EDGE('',*,*,#5699,.T.);
#4278=ORIENTED_EDGE('',*,*,#5700,.T.);
#4279=ORIENTED_EDGE('',*,*,#5701,.F.);
#4280=ORIENTED_EDGE('',*,*,#5702,.F.);
#4281=ORIENTED_EDGE('',*,*,#5703,.T.);
#4282=ORIENTED_EDGE('',*,*,#5704,.T.);
#4283=ORIENTED_EDGE('',*,*,#5705,.F.);
#4284=ORIENTED_EDGE('',*,*,#5706,.F.);
#4285=ORIENTED_EDGE('',*,*,#5707,.F.);
#4286=ORIENTED_EDGE('',*,*,#5708,.T.);
#4287=ORIENTED_EDGE('',*,*,#5709,.F.);
#4288=ORIENTED_EDGE('',*,*,#5710,.T.);
#4289=ORIENTED_EDGE('',*,*,#5711,.F.);
#4290=ORIENTED_EDGE('',*,*,#5712,.F.);
#4291=ORIENTED_EDGE('',*,*,#5713,.T.);
#4292=ORIENTED_EDGE('',*,*,#5714,.T.);
#4293=ORIENTED_EDGE('',*,*,#5715,.F.);
#4294=ORIENTED_EDGE('',*,*,#5711,.T.);
#4295=ORIENTED_EDGE('',*,*,#5716,.T.);
#4296=ORIENTED_EDGE('',*,*,#5702,.T.);
#4297=ORIENTED_EDGE('',*,*,#5699,.F.);
#4298=ORIENTED_EDGE('',*,*,#5717,.T.);
#4299=ORIENTED_EDGE('',*,*,#5703,.F.);
#4300=ORIENTED_EDGE('',*,*,#5716,.F.);
#4301=ORIENTED_EDGE('',*,*,#5710,.F.);
#4302=ORIENTED_EDGE('',*,*,#5718,.T.);
#4303=ORIENTED_EDGE('',*,*,#5719,.F.);
#4304=ORIENTED_EDGE('',*,*,#5712,.T.);
#4305=ORIENTED_EDGE('',*,*,#5715,.T.);
#4306=ORIENTED_EDGE('',*,*,#5701,.T.);
#4307=ORIENTED_EDGE('',*,*,#5713,.F.);
#4308=ORIENTED_EDGE('',*,*,#5719,.T.);
#4309=ORIENTED_EDGE('',*,*,#5700,.F.);
#4310=ORIENTED_EDGE('',*,*,#5718,.F.);
#4311=ORIENTED_EDGE('',*,*,#5720,.F.);
#4312=ORIENTED_EDGE('',*,*,#5704,.F.);
#4313=ORIENTED_EDGE('',*,*,#5717,.F.);
#4314=ORIENTED_EDGE('',*,*,#5698,.F.);
#4315=ORIENTED_EDGE('',*,*,#5697,.T.);
#4316=ORIENTED_EDGE('',*,*,#5720,.T.);
#4317=ORIENTED_EDGE('',*,*,#5709,.T.);
#4318=ORIENTED_EDGE('',*,*,#5696,.F.);
#4319=ORIENTED_EDGE('',*,*,#5708,.F.);
#4320=ORIENTED_EDGE('',*,*,#5705,.T.);
#4321=ORIENTED_EDGE('',*,*,#5714,.F.);
#4322=ORIENTED_EDGE('',*,*,#5706,.T.);
#4323=ORIENTED_EDGE('',*,*,#5707,.T.);
#4324=ORIENTED_EDGE('',*,*,#5695,.F.);
#4325=ORIENTED_EDGE('',*,*,#5721,.F.);
#4326=ORIENTED_EDGE('',*,*,#5721,.T.);
#4327=ORIENTED_EDGE('',*,*,#5722,.T.);
#4328=ORIENTED_EDGE('',*,*,#5722,.F.);
#4329=ORIENTED_EDGE('',*,*,#5723,.F.);
#4330=ORIENTED_EDGE('',*,*,#5723,.T.);
#4331=ORIENTED_EDGE('',*,*,#5724,.T.);
#4332=ORIENTED_EDGE('',*,*,#5724,.F.);
#4333=ORIENTED_EDGE('',*,*,#5725,.T.);
#4334=ORIENTED_EDGE('',*,*,#5726,.T.);
#4335=ORIENTED_EDGE('',*,*,#5727,.F.);
#4336=ORIENTED_EDGE('',*,*,#5728,.T.);
#4337=ORIENTED_EDGE('',*,*,#5727,.T.);
#4338=ORIENTED_EDGE('',*,*,#5729,.T.);
#4339=ORIENTED_EDGE('',*,*,#5730,.F.);
#4340=ORIENTED_EDGE('',*,*,#5731,.T.);
#4341=ORIENTED_EDGE('',*,*,#5728,.F.);
#4342=ORIENTED_EDGE('',*,*,#5731,.F.);
#4343=ORIENTED_EDGE('',*,*,#5732,.T.);
#4344=ORIENTED_EDGE('',*,*,#5733,.T.);
#4345=ORIENTED_EDGE('',*,*,#5734,.F.);
#4346=ORIENTED_EDGE('',*,*,#5725,.F.);
#4347=ORIENTED_EDGE('',*,*,#5733,.F.);
#4348=ORIENTED_EDGE('',*,*,#5735,.T.);
#4349=ORIENTED_EDGE('',*,*,#5730,.T.);
#4350=ORIENTED_EDGE('',*,*,#5736,.T.);
#4351=ORIENTED_EDGE('',*,*,#5735,.F.);
#4352=ORIENTED_EDGE('',*,*,#5732,.F.);
#4353=ORIENTED_EDGE('',*,*,#5726,.F.);
#4354=ORIENTED_EDGE('',*,*,#5734,.T.);
#4355=ORIENTED_EDGE('',*,*,#5736,.F.);
#4356=ORIENTED_EDGE('',*,*,#5729,.F.);
#4357=ORIENTED_EDGE('',*,*,#5737,.F.);
#4358=ORIENTED_EDGE('',*,*,#5738,.T.);
#4359=ORIENTED_EDGE('',*,*,#5739,.T.);
#4360=ORIENTED_EDGE('',*,*,#5740,.T.);
#4361=ORIENTED_EDGE('',*,*,#5741,.F.);
#4362=ORIENTED_EDGE('',*,*,#5742,.T.);
#4363=ORIENTED_EDGE('',*,*,#5743,.F.);
#4364=ORIENTED_EDGE('',*,*,#5744,.T.);
#4365=ORIENTED_EDGE('',*,*,#5745,.F.);
#4366=ORIENTED_EDGE('',*,*,#5746,.F.);
#4367=ORIENTED_EDGE('',*,*,#5744,.F.);
#4368=ORIENTED_EDGE('',*,*,#5747,.T.);
#4369=ORIENTED_EDGE('',*,*,#5737,.T.);
#4370=ORIENTED_EDGE('',*,*,#5748,.T.);
#4371=ORIENTED_EDGE('',*,*,#5749,.F.);
#4372=ORIENTED_EDGE('',*,*,#5750,.T.);
#4373=ORIENTED_EDGE('',*,*,#5751,.F.);
#4374=ORIENTED_EDGE('',*,*,#5740,.F.);
#4375=ORIENTED_EDGE('',*,*,#5752,.T.);
#4376=ORIENTED_EDGE('',*,*,#5745,.T.);
#4377=ORIENTED_EDGE('',*,*,#5748,.F.);
#4378=ORIENTED_EDGE('',*,*,#5742,.F.);
#4379=ORIENTED_EDGE('',*,*,#5753,.F.);
#4380=ORIENTED_EDGE('',*,*,#5746,.T.);
#4381=ORIENTED_EDGE('',*,*,#5752,.F.);
#4382=ORIENTED_EDGE('',*,*,#5739,.F.);
#4383=ORIENTED_EDGE('',*,*,#5749,.T.);
#4384=ORIENTED_EDGE('',*,*,#5741,.T.);
#4385=ORIENTED_EDGE('',*,*,#5751,.T.);
#4386=ORIENTED_EDGE('',*,*,#5754,.F.);
#4387=ORIENTED_EDGE('',*,*,#5754,.T.);
#4388=ORIENTED_EDGE('',*,*,#5750,.F.);
#4389=ORIENTED_EDGE('',*,*,#5747,.F.);
#4390=ORIENTED_EDGE('',*,*,#5743,.T.);
#4391=ORIENTED_EDGE('',*,*,#5753,.T.);
#4392=ORIENTED_EDGE('',*,*,#5738,.F.);
#4393=ORIENTED_EDGE('',*,*,#5755,.F.);
#4394=ORIENTED_EDGE('',*,*,#5756,.T.);
#4395=ORIENTED_EDGE('',*,*,#5757,.F.);
#4396=ORIENTED_EDGE('',*,*,#5758,.T.);
#4397=ORIENTED_EDGE('',*,*,#5759,.T.);
#4398=ORIENTED_EDGE('',*,*,#5760,.F.);
#4399=ORIENTED_EDGE('',*,*,#5761,.T.);
#4400=ORIENTED_EDGE('',*,*,#5762,.T.);
#4401=ORIENTED_EDGE('',*,*,#5763,.F.);
#4402=ORIENTED_EDGE('',*,*,#5764,.F.);
#4403=ORIENTED_EDGE('',*,*,#5765,.T.);
#4404=ORIENTED_EDGE('',*,*,#5766,.T.);
#4405=ORIENTED_EDGE('',*,*,#5767,.T.);
#4406=ORIENTED_EDGE('',*,*,#5768,.T.);
#4407=ORIENTED_EDGE('',*,*,#5769,.F.);
#4408=ORIENTED_EDGE('',*,*,#5770,.T.);
#4409=ORIENTED_EDGE('',*,*,#5771,.T.);
#4410=ORIENTED_EDGE('',*,*,#5772,.F.);
#4411=ORIENTED_EDGE('',*,*,#5773,.F.);
#4412=ORIENTED_EDGE('',*,*,#5774,.T.);
#4413=ORIENTED_EDGE('',*,*,#5775,.T.);
#4414=ORIENTED_EDGE('',*,*,#5776,.F.);
#4415=ORIENTED_EDGE('',*,*,#5777,.F.);
#4416=ORIENTED_EDGE('',*,*,#5778,.T.);
#4417=ORIENTED_EDGE('',*,*,#5779,.T.);
#4418=ORIENTED_EDGE('',*,*,#5780,.F.);
#4419=ORIENTED_EDGE('',*,*,#5781,.F.);
#4420=ORIENTED_EDGE('',*,*,#5782,.T.);
#4421=ORIENTED_EDGE('',*,*,#5783,.T.);
#4422=ORIENTED_EDGE('',*,*,#5784,.F.);
#4423=ORIENTED_EDGE('',*,*,#5785,.F.);
#4424=ORIENTED_EDGE('',*,*,#5786,.T.);
#4425=ORIENTED_EDGE('',*,*,#5787,.T.);
#4426=ORIENTED_EDGE('',*,*,#5788,.F.);
#4427=ORIENTED_EDGE('',*,*,#5789,.F.);
#4428=ORIENTED_EDGE('',*,*,#5790,.F.);
#4429=ORIENTED_EDGE('',*,*,#5767,.F.);
#4430=ORIENTED_EDGE('',*,*,#5791,.T.);
#4431=ORIENTED_EDGE('',*,*,#5792,.T.);
#4432=ORIENTED_EDGE('',*,*,#5793,.T.);
#4433=ORIENTED_EDGE('',*,*,#5794,.T.);
#4434=ORIENTED_EDGE('',*,*,#5795,.T.);
#4435=ORIENTED_EDGE('',*,*,#5796,.T.);
#4436=ORIENTED_EDGE('',*,*,#5797,.T.);
#4437=ORIENTED_EDGE('',*,*,#5798,.T.);
#4438=ORIENTED_EDGE('',*,*,#5799,.F.);
#4439=ORIENTED_EDGE('',*,*,#5800,.T.);
#4440=ORIENTED_EDGE('',*,*,#5801,.F.);
#4441=ORIENTED_EDGE('',*,*,#5792,.F.);
#4442=ORIENTED_EDGE('',*,*,#5800,.F.);
#4443=ORIENTED_EDGE('',*,*,#5802,.T.);
#4444=ORIENTED_EDGE('',*,*,#5765,.F.);
#4445=ORIENTED_EDGE('',*,*,#5803,.F.);
#4446=ORIENTED_EDGE('',*,*,#5804,.F.);
#4447=ORIENTED_EDGE('',*,*,#5805,.T.);
#4448=ORIENTED_EDGE('',*,*,#5806,.T.);
#4449=ORIENTED_EDGE('',*,*,#5807,.F.);
#4450=ORIENTED_EDGE('',*,*,#5787,.F.);
#4451=ORIENTED_EDGE('',*,*,#5808,.F.);
#4452=ORIENTED_EDGE('',*,*,#5807,.T.);
#4453=ORIENTED_EDGE('',*,*,#5809,.T.);
#4454=ORIENTED_EDGE('',*,*,#5788,.T.);
#4455=ORIENTED_EDGE('',*,*,#5809,.F.);
#4456=ORIENTED_EDGE('',*,*,#5806,.F.);
#4457=ORIENTED_EDGE('',*,*,#5810,.T.);
#4458=ORIENTED_EDGE('',*,*,#5785,.T.);
#4459=ORIENTED_EDGE('',*,*,#5810,.F.);
#4460=ORIENTED_EDGE('',*,*,#5805,.F.);
#4461=ORIENTED_EDGE('',*,*,#5811,.T.);
#4462=ORIENTED_EDGE('',*,*,#5786,.F.);
#4463=ORIENTED_EDGE('',*,*,#5811,.F.);
#4464=ORIENTED_EDGE('',*,*,#5804,.T.);
#4465=ORIENTED_EDGE('',*,*,#5808,.T.);
#4466=ORIENTED_EDGE('',*,*,#5812,.F.);
#4467=ORIENTED_EDGE('',*,*,#5813,.T.);
#4468=ORIENTED_EDGE('',*,*,#5814,.T.);
#4469=ORIENTED_EDGE('',*,*,#5815,.F.);
#4470=ORIENTED_EDGE('',*,*,#5783,.F.);
#4471=ORIENTED_EDGE('',*,*,#5816,.F.);
#4472=ORIENTED_EDGE('',*,*,#5815,.T.);
#4473=ORIENTED_EDGE('',*,*,#5817,.T.);
#4474=ORIENTED_EDGE('',*,*,#5784,.T.);
#4475=ORIENTED_EDGE('',*,*,#5817,.F.);
#4476=ORIENTED_EDGE('',*,*,#5814,.F.);
#4477=ORIENTED_EDGE('',*,*,#5818,.T.);
#4478=ORIENTED_EDGE('',*,*,#5781,.T.);
#4479=ORIENTED_EDGE('',*,*,#5818,.F.);
#4480=ORIENTED_EDGE('',*,*,#5813,.F.);
#4481=ORIENTED_EDGE('',*,*,#5819,.T.);
#4482=ORIENTED_EDGE('',*,*,#5782,.F.);
#4483=ORIENTED_EDGE('',*,*,#5819,.F.);
#4484=ORIENTED_EDGE('',*,*,#5812,.T.);
#4485=ORIENTED_EDGE('',*,*,#5816,.T.);
#4486=ORIENTED_EDGE('',*,*,#5820,.F.);
#4487=ORIENTED_EDGE('',*,*,#5821,.T.);
#4488=ORIENTED_EDGE('',*,*,#5822,.T.);
#4489=ORIENTED_EDGE('',*,*,#5823,.F.);
#4490=ORIENTED_EDGE('',*,*,#5758,.F.);
#4491=ORIENTED_EDGE('',*,*,#5824,.F.);
#4492=ORIENTED_EDGE('',*,*,#5823,.T.);
#4493=ORIENTED_EDGE('',*,*,#5825,.T.);
#4494=ORIENTED_EDGE('',*,*,#5826,.T.);
#4495=ORIENTED_EDGE('',*,*,#5827,.T.);
#4496=ORIENTED_EDGE('',*,*,#5828,.F.);
#4497=ORIENTED_EDGE('',*,*,#5821,.F.);
#4498=ORIENTED_EDGE('',*,*,#5829,.F.);
#4499=ORIENTED_EDGE('',*,*,#5830,.T.);
#4500=ORIENTED_EDGE('',*,*,#5831,.T.);
#4501=ORIENTED_EDGE('',*,*,#5832,.F.);
#4502=ORIENTED_EDGE('',*,*,#5779,.F.);
#4503=ORIENTED_EDGE('',*,*,#5833,.F.);
#4504=ORIENTED_EDGE('',*,*,#5832,.T.);
#4505=ORIENTED_EDGE('',*,*,#5834,.T.);
#4506=ORIENTED_EDGE('',*,*,#5780,.T.);
#4507=ORIENTED_EDGE('',*,*,#5834,.F.);
#4508=ORIENTED_EDGE('',*,*,#5831,.F.);
#4509=ORIENTED_EDGE('',*,*,#5835,.T.);
#4510=ORIENTED_EDGE('',*,*,#5777,.T.);
#4511=ORIENTED_EDGE('',*,*,#5835,.F.);
#4512=ORIENTED_EDGE('',*,*,#5830,.F.);
#4513=ORIENTED_EDGE('',*,*,#5836,.T.);
#4514=ORIENTED_EDGE('',*,*,#5778,.F.);
#4515=ORIENTED_EDGE('',*,*,#5836,.F.);
#4516=ORIENTED_EDGE('',*,*,#5829,.T.);
#4517=ORIENTED_EDGE('',*,*,#5833,.T.);
#4518=ORIENTED_EDGE('',*,*,#5837,.F.);
#4519=ORIENTED_EDGE('',*,*,#5838,.T.);
#4520=ORIENTED_EDGE('',*,*,#5839,.T.);
#4521=ORIENTED_EDGE('',*,*,#5840,.F.);
#4522=ORIENTED_EDGE('',*,*,#5775,.F.);
#4523=ORIENTED_EDGE('',*,*,#5841,.F.);
#4524=ORIENTED_EDGE('',*,*,#5840,.T.);
#4525=ORIENTED_EDGE('',*,*,#5842,.T.);
#4526=ORIENTED_EDGE('',*,*,#5776,.T.);
#4527=ORIENTED_EDGE('',*,*,#5842,.F.);
#4528=ORIENTED_EDGE('',*,*,#5839,.F.);
#4529=ORIENTED_EDGE('',*,*,#5843,.T.);
#4530=ORIENTED_EDGE('',*,*,#5773,.T.);
#4531=ORIENTED_EDGE('',*,*,#5843,.F.);
#4532=ORIENTED_EDGE('',*,*,#5838,.F.);
#4533=ORIENTED_EDGE('',*,*,#5844,.T.);
#4534=ORIENTED_EDGE('',*,*,#5774,.F.);
#4535=ORIENTED_EDGE('',*,*,#5844,.F.);
#4536=ORIENTED_EDGE('',*,*,#5837,.T.);
#4537=ORIENTED_EDGE('',*,*,#5841,.T.);
#4538=ORIENTED_EDGE('',*,*,#5845,.F.);
#4539=ORIENTED_EDGE('',*,*,#5846,.T.);
#4540=ORIENTED_EDGE('',*,*,#5847,.T.);
#4541=ORIENTED_EDGE('',*,*,#5848,.F.);
#4542=ORIENTED_EDGE('',*,*,#5771,.F.);
#4543=ORIENTED_EDGE('',*,*,#5849,.F.);
#4544=ORIENTED_EDGE('',*,*,#5848,.T.);
#4545=ORIENTED_EDGE('',*,*,#5850,.T.);
#4546=ORIENTED_EDGE('',*,*,#5772,.T.);
#4547=ORIENTED_EDGE('',*,*,#5850,.F.);
#4548=ORIENTED_EDGE('',*,*,#5847,.F.);
#4549=ORIENTED_EDGE('',*,*,#5851,.T.);
#4550=ORIENTED_EDGE('',*,*,#5769,.T.);
#4551=ORIENTED_EDGE('',*,*,#5851,.F.);
#4552=ORIENTED_EDGE('',*,*,#5846,.F.);
#4553=ORIENTED_EDGE('',*,*,#5852,.T.);
#4554=ORIENTED_EDGE('',*,*,#5770,.F.);
#4555=ORIENTED_EDGE('',*,*,#5852,.F.);
#4556=ORIENTED_EDGE('',*,*,#5845,.T.);
#4557=ORIENTED_EDGE('',*,*,#5849,.T.);
#4558=ORIENTED_EDGE('',*,*,#5853,.T.);
#4559=ORIENTED_EDGE('',*,*,#5854,.T.);
#4560=ORIENTED_EDGE('',*,*,#5855,.F.);
#4561=ORIENTED_EDGE('',*,*,#5827,.F.);
#4562=ORIENTED_EDGE('',*,*,#5759,.F.);
#4563=ORIENTED_EDGE('',*,*,#5825,.F.);
#4564=ORIENTED_EDGE('',*,*,#5822,.F.);
#4565=ORIENTED_EDGE('',*,*,#5828,.T.);
#4566=ORIENTED_EDGE('',*,*,#5855,.T.);
#4567=ORIENTED_EDGE('',*,*,#5856,.T.);
#4568=ORIENTED_EDGE('',*,*,#5760,.T.);
#4569=ORIENTED_EDGE('',*,*,#5856,.F.);
#4570=ORIENTED_EDGE('',*,*,#5854,.F.);
#4571=ORIENTED_EDGE('',*,*,#5857,.T.);
#4572=ORIENTED_EDGE('',*,*,#5757,.T.);
#4573=ORIENTED_EDGE('',*,*,#5857,.F.);
#4574=ORIENTED_EDGE('',*,*,#5853,.F.);
#4575=ORIENTED_EDGE('',*,*,#5826,.F.);
#4576=ORIENTED_EDGE('',*,*,#5820,.T.);
#4577=ORIENTED_EDGE('',*,*,#5824,.T.);
#4578=ORIENTED_EDGE('',*,*,#5858,.F.);
#4579=ORIENTED_EDGE('',*,*,#5859,.F.);
#4580=ORIENTED_EDGE('',*,*,#5860,.T.);
#4581=ORIENTED_EDGE('',*,*,#5861,.T.);
#4582=ORIENTED_EDGE('',*,*,#5862,.F.);
#4583=ORIENTED_EDGE('',*,*,#5863,.T.);
#4584=ORIENTED_EDGE('',*,*,#5864,.F.);
#4585=ORIENTED_EDGE('',*,*,#5865,.F.);
#4586=ORIENTED_EDGE('',*,*,#5763,.T.);
#4587=ORIENTED_EDGE('',*,*,#5866,.F.);
#4588=ORIENTED_EDGE('',*,*,#5861,.F.);
#4589=ORIENTED_EDGE('',*,*,#5867,.T.);
#4590=ORIENTED_EDGE('',*,*,#5868,.F.);
#4591=ORIENTED_EDGE('',*,*,#5869,.F.);
#4592=ORIENTED_EDGE('',*,*,#5865,.T.);
#4593=ORIENTED_EDGE('',*,*,#5870,.T.);
#4594=ORIENTED_EDGE('',*,*,#5871,.F.);
#4595=ORIENTED_EDGE('',*,*,#5870,.F.);
#4596=ORIENTED_EDGE('',*,*,#5864,.T.);
#4597=ORIENTED_EDGE('',*,*,#5872,.T.);
#4598=ORIENTED_EDGE('',*,*,#5873,.T.);
#4599=ORIENTED_EDGE('',*,*,#5872,.F.);
#4600=ORIENTED_EDGE('',*,*,#5863,.F.);
#4601=ORIENTED_EDGE('',*,*,#5874,.T.);
#4602=ORIENTED_EDGE('',*,*,#5875,.F.);
#4603=ORIENTED_EDGE('',*,*,#5874,.F.);
#4604=ORIENTED_EDGE('',*,*,#5862,.T.);
#4605=ORIENTED_EDGE('',*,*,#5869,.T.);
#4606=ORIENTED_EDGE('',*,*,#5764,.T.);
#4607=ORIENTED_EDGE('',*,*,#5867,.F.);
#4608=ORIENTED_EDGE('',*,*,#5860,.F.);
#4609=ORIENTED_EDGE('',*,*,#5876,.T.);
#4610=ORIENTED_EDGE('',*,*,#5761,.F.);
#4611=ORIENTED_EDGE('',*,*,#5876,.F.);
#4612=ORIENTED_EDGE('',*,*,#5859,.T.);
#4613=ORIENTED_EDGE('',*,*,#5877,.T.);
#4614=ORIENTED_EDGE('',*,*,#5762,.F.);
#4615=ORIENTED_EDGE('',*,*,#5877,.F.);
#4616=ORIENTED_EDGE('',*,*,#5858,.T.);
#4617=ORIENTED_EDGE('',*,*,#5866,.T.);
#4618=ORIENTED_EDGE('',*,*,#5793,.F.);
#4619=ORIENTED_EDGE('',*,*,#5801,.T.);
#4620=ORIENTED_EDGE('',*,*,#5803,.T.);
#4621=ORIENTED_EDGE('',*,*,#5768,.F.);
#4622=ORIENTED_EDGE('',*,*,#5795,.F.);
#4623=ORIENTED_EDGE('',*,*,#5878,.T.);
#4624=ORIENTED_EDGE('',*,*,#5790,.T.);
#4625=ORIENTED_EDGE('',*,*,#5879,.T.);
#4626=ORIENTED_EDGE('',*,*,#5797,.F.);
#4627=ORIENTED_EDGE('',*,*,#5880,.T.);
#4628=ORIENTED_EDGE('',*,*,#5756,.F.);
#4629=ORIENTED_EDGE('',*,*,#5881,.T.);
#4630=ORIENTED_EDGE('',*,*,#5882,.T.);
#4631=ORIENTED_EDGE('',*,*,#5794,.F.);
#4632=ORIENTED_EDGE('',*,*,#5882,.F.);
#4633=ORIENTED_EDGE('',*,*,#5873,.F.);
#4634=ORIENTED_EDGE('',*,*,#5875,.T.);
#4635=ORIENTED_EDGE('',*,*,#5868,.T.);
#4636=ORIENTED_EDGE('',*,*,#5871,.T.);
#4637=ORIENTED_EDGE('',*,*,#5766,.F.);
#4638=ORIENTED_EDGE('',*,*,#5802,.F.);
#4639=ORIENTED_EDGE('',*,*,#5799,.T.);
#4640=ORIENTED_EDGE('',*,*,#5791,.F.);
#4641=ORIENTED_EDGE('',*,*,#5798,.F.);
#4642=ORIENTED_EDGE('',*,*,#5881,.F.);
#4643=ORIENTED_EDGE('',*,*,#5755,.T.);
#4644=ORIENTED_EDGE('',*,*,#5880,.F.);
#4645=ORIENTED_EDGE('',*,*,#5796,.F.);
#4646=ORIENTED_EDGE('',*,*,#5879,.F.);
#4647=ORIENTED_EDGE('',*,*,#5789,.T.);
#4648=ORIENTED_EDGE('',*,*,#5878,.F.);
#4649=ORIENTED_EDGE('',*,*,#5883,.F.);
#4650=ORIENTED_EDGE('',*,*,#5884,.T.);
#4651=ORIENTED_EDGE('',*,*,#5885,.F.);
#4652=ORIENTED_EDGE('',*,*,#5886,.F.);
#4653=ORIENTED_EDGE('',*,*,#5887,.F.);
#4654=ORIENTED_EDGE('',*,*,#5888,.T.);
#4655=ORIENTED_EDGE('',*,*,#5889,.T.);
#4656=ORIENTED_EDGE('',*,*,#5890,.T.);
#4657=ORIENTED_EDGE('',*,*,#5891,.F.);
#4658=ORIENTED_EDGE('',*,*,#5886,.T.);
#4659=ORIENTED_EDGE('',*,*,#5892,.T.);
#4660=ORIENTED_EDGE('',*,*,#5889,.F.);
#4661=ORIENTED_EDGE('',*,*,#5893,.T.);
#4662=ORIENTED_EDGE('',*,*,#5890,.F.);
#4663=ORIENTED_EDGE('',*,*,#5892,.F.);
#4664=ORIENTED_EDGE('',*,*,#5885,.T.);
#4665=ORIENTED_EDGE('',*,*,#5894,.F.);
#4666=ORIENTED_EDGE('',*,*,#5887,.T.);
#4667=ORIENTED_EDGE('',*,*,#5893,.F.);
#4668=ORIENTED_EDGE('',*,*,#5884,.F.);
#4669=ORIENTED_EDGE('',*,*,#5894,.T.);
#4670=ORIENTED_EDGE('',*,*,#5883,.T.);
#4671=ORIENTED_EDGE('',*,*,#5891,.T.);
#4672=ORIENTED_EDGE('',*,*,#5888,.F.);
#4673=EDGE_CURVE('',#5895,#5895,#6729,.T.);
#4674=EDGE_CURVE('',#5896,#5896,#6730,.F.);
#4675=EDGE_CURVE('',#5897,#5897,#6731,.T.);
#4676=EDGE_CURVE('',#5898,#5898,#6732,.T.);
#4677=EDGE_CURVE('',#5899,#5899,#6733,.F.);
#4678=EDGE_CURVE('',#5900,#5900,#6734,.F.);
#4679=EDGE_CURVE('',#5901,#5902,#336,.T.);
#4680=EDGE_CURVE('',#5901,#5903,#337,.T.);
#4681=EDGE_CURVE('',#5904,#5903,#338,.T.);
#4682=EDGE_CURVE('',#5905,#5904,#339,.T.);
#4683=EDGE_CURVE('',#5905,#5906,#340,.T.);
#4684=EDGE_CURVE('',#5907,#5906,#341,.T.);
#4685=EDGE_CURVE('',#5908,#5907,#342,.T.);
#4686=EDGE_CURVE('',#5909,#5908,#343,.T.);
#4687=EDGE_CURVE('',#5909,#5910,#344,.T.);
#4688=EDGE_CURVE('',#5910,#5911,#345,.T.);
#4689=EDGE_CURVE('',#5911,#5912,#346,.T.);
#4690=EDGE_CURVE('',#5912,#5902,#347,.T.);
#4691=EDGE_CURVE('',#5913,#5914,#348,.T.);
#4692=EDGE_CURVE('',#5914,#5915,#349,.T.);
#4693=EDGE_CURVE('',#5916,#5915,#350,.T.);
#4694=EDGE_CURVE('',#5916,#5913,#351,.T.);
#4695=EDGE_CURVE('',#5917,#5918,#352,.T.);
#4696=EDGE_CURVE('',#5917,#5919,#353,.T.);
#4697=EDGE_CURVE('',#5919,#5920,#354,.T.);
#4698=EDGE_CURVE('',#5920,#5918,#355,.T.);
#4699=EDGE_CURVE('',#5921,#5921,#6735,.T.);
#4700=EDGE_CURVE('',#5922,#5923,#356,.T.);
#4701=EDGE_CURVE('',#5922,#5917,#357,.T.);
#4702=EDGE_CURVE('',#5918,#5923,#358,.T.);
#4703=EDGE_CURVE('',#5924,#5924,#6736,.T.);
#4704=EDGE_CURVE('',#5925,#5919,#359,.T.);
#4705=EDGE_CURVE('',#5925,#5926,#360,.T.);
#4706=EDGE_CURVE('',#5927,#5926,#361,.T.);
#4707=EDGE_CURVE('',#5927,#5928,#6737,.T.);
#4708=EDGE_CURVE('',#5920,#5928,#362,.T.);
#4709=EDGE_CURVE('',#5929,#5930,#363,.T.);
#4710=EDGE_CURVE('',#5929,#5931,#364,.T.);
#4711=EDGE_CURVE('',#5931,#5932,#365,.T.);
#4712=EDGE_CURVE('',#5930,#5932,#366,.T.);
#4713=EDGE_CURVE('',#5933,#5933,#6738,.T.);
#4714=EDGE_CURVE('',#5934,#5931,#367,.T.);
#4715=EDGE_CURVE('',#5934,#5935,#368,.T.);
#4716=EDGE_CURVE('',#5932,#5935,#369,.T.);
#4717=EDGE_CURVE('',#5936,#5936,#6739,.T.);
#4718=EDGE_CURVE('',#5937,#5938,#370,.T.);
#4719=EDGE_CURVE('',#5937,#5929,#371,.T.);
#4720=EDGE_CURVE('',#5930,#5939,#372,.T.);
#4721=EDGE_CURVE('',#5940,#5939,#6740,.T.);
#4722=EDGE_CURVE('',#5940,#5938,#373,.T.);
#4723=EDGE_CURVE('',#5914,#5941,#374,.T.);
#4724=EDGE_CURVE('',#5913,#5942,#375,.T.);
#4725=EDGE_CURVE('',#5942,#5941,#376,.T.);
#4726=EDGE_CURVE('',#5943,#5944,#377,.T.);
#4727=EDGE_CURVE('',#5943,#5945,#378,.T.);
#4728=EDGE_CURVE('',#5945,#5946,#379,.T.);
#4729=EDGE_CURVE('',#5944,#5946,#380,.T.);
#4730=EDGE_CURVE('',#5915,#5922,#381,.T.);
#4731=EDGE_CURVE('',#5926,#5923,#382,.T.);
#4732=EDGE_CURVE('',#5925,#5947,#383,.T.);
#4733=EDGE_CURVE('',#5948,#5947,#384,.T.);
#4734=EDGE_CURVE('',#5937,#5948,#385,.T.);
#4735=EDGE_CURVE('',#5938,#5935,#386,.T.);
#4736=EDGE_CURVE('',#5916,#5934,#387,.T.);
#4737=EDGE_CURVE('',#5949,#5950,#388,.T.);
#4738=EDGE_CURVE('',#5950,#5951,#389,.T.);
#4739=EDGE_CURVE('',#5951,#5952,#390,.T.);
#4740=EDGE_CURVE('',#5952,#5953,#391,.T.);
#4741=EDGE_CURVE('',#5953,#5954,#392,.T.);
#4742=EDGE_CURVE('',#5954,#5955,#393,.T.);
#4743=EDGE_CURVE('',#5955,#5956,#394,.T.);
#4744=EDGE_CURVE('',#5956,#5949,#395,.T.);
#4745=EDGE_CURVE('',#5957,#5958,#396,.T.);
#4746=EDGE_CURVE('',#5958,#5959,#397,.T.);
#4747=EDGE_CURVE('',#5959,#5960,#398,.T.);
#4748=EDGE_CURVE('',#5960,#5961,#399,.T.);
#4749=EDGE_CURVE('',#5961,#5962,#118,.T.);
#4750=EDGE_CURVE('',#5962,#5963,#6741,.F.);
#4751=EDGE_CURVE('',#5963,#5964,#6742,.F.);
#4752=EDGE_CURVE('',#5964,#5965,#119,.T.);
#4753=EDGE_CURVE('',#5965,#5966,#120,.T.);
#4754=EDGE_CURVE('',#5966,#5967,#6743,.F.);
#4755=EDGE_CURVE('',#5967,#5968,#121,.T.);
#4756=EDGE_CURVE('',#5968,#5969,#400,.T.);
#4757=EDGE_CURVE('',#5969,#5970,#122,.T.);
#4758=EDGE_CURVE('',#5970,#5971,#123,.T.);
#4759=EDGE_CURVE('',#5971,#5972,#124,.T.);
#4760=EDGE_CURVE('',#5972,#5973,#125,.T.);
#4761=EDGE_CURVE('',#5973,#5974,#126,.T.);
#4762=EDGE_CURVE('',#5974,#5975,#401,.T.);
#4763=EDGE_CURVE('',#5975,#5976,#402,.T.);
#4764=EDGE_CURVE('',#5976,#5957,#403,.T.);
#4765=EDGE_CURVE('',#5977,#5978,#404,.T.);
#4766=EDGE_CURVE('',#5978,#5979,#405,.T.);
#4767=EDGE_CURVE('',#5979,#5980,#406,.T.);
#4768=EDGE_CURVE('',#5980,#5981,#407,.T.);
#4769=EDGE_CURVE('',#5981,#5982,#127,.T.);
#4770=EDGE_CURVE('',#5982,#5983,#6744,.F.);
#4771=EDGE_CURVE('',#5983,#5984,#6745,.F.);
#4772=EDGE_CURVE('',#5984,#5985,#128,.T.);
#4773=EDGE_CURVE('',#5985,#5986,#129,.T.);
#4774=EDGE_CURVE('',#5986,#5987,#6746,.F.);
#4775=EDGE_CURVE('',#5987,#5988,#130,.T.);
#4776=EDGE_CURVE('',#5988,#5989,#408,.T.);
#4777=EDGE_CURVE('',#5989,#5990,#131,.T.);
#4778=EDGE_CURVE('',#5990,#5991,#132,.T.);
#4779=EDGE_CURVE('',#5991,#5992,#133,.T.);
#4780=EDGE_CURVE('',#5992,#5993,#134,.T.);
#4781=EDGE_CURVE('',#5993,#5994,#135,.T.);
#4782=EDGE_CURVE('',#5994,#5995,#409,.T.);
#4783=EDGE_CURVE('',#5995,#5996,#410,.T.);
#4784=EDGE_CURVE('',#5996,#5977,#411,.T.);
#4785=EDGE_CURVE('',#5997,#5997,#6747,.T.);
#4786=EDGE_CURVE('',#5998,#5998,#6748,.T.);
#4787=EDGE_CURVE('',#5999,#5999,#6749,.T.);
#4788=EDGE_CURVE('',#5947,#5941,#412,.T.);
#4789=EDGE_CURVE('',#5942,#5948,#413,.T.);
#4790=EDGE_CURVE('',#6000,#6000,#6750,.T.);
#4791=EDGE_CURVE('',#6001,#6001,#6751,.T.);
#4792=EDGE_CURVE('',#6002,#6003,#136,.T.);
#4793=EDGE_CURVE('',#6003,#6004,#137,.T.);
#4794=EDGE_CURVE('',#6004,#6005,#138,.T.);
#4795=EDGE_CURVE('',#6005,#6006,#139,.T.);
#4796=EDGE_CURVE('',#6006,#6007,#414,.T.);
#4797=EDGE_CURVE('',#6007,#6008,#6752,.F.);
#4798=EDGE_CURVE('',#6008,#6009,#140,.T.);
#4799=EDGE_CURVE('',#6009,#6010,#141,.T.);
#4800=EDGE_CURVE('',#6010,#6011,#415,.T.);
#4801=EDGE_CURVE('',#6011,#6012,#142,.T.);
#4802=EDGE_CURVE('',#6012,#6013,#143,.T.);
#4803=EDGE_CURVE('',#6013,#6014,#144,.T.);
#4804=EDGE_CURVE('',#6014,#6015,#145,.T.);
#4805=EDGE_CURVE('',#6015,#6016,#146,.T.);
#4806=EDGE_CURVE('',#6016,#6002,#147,.T.);
#4807=EDGE_CURVE('',#6017,#6018,#416,.T.);
#4808=EDGE_CURVE('',#6018,#6019,#417,.T.);
#4809=EDGE_CURVE('',#6019,#6020,#418,.T.);
#4810=EDGE_CURVE('',#6020,#6021,#419,.T.);
#4811=EDGE_CURVE('',#6021,#6022,#420,.T.);
#4812=EDGE_CURVE('',#6022,#6023,#421,.T.);
#4813=EDGE_CURVE('',#6023,#6017,#422,.T.);
#4814=EDGE_CURVE('',#6024,#6025,#148,.T.);
#4815=EDGE_CURVE('',#6025,#6026,#149,.T.);
#4816=EDGE_CURVE('',#6026,#6027,#150,.T.);
#4817=EDGE_CURVE('',#6027,#6028,#151,.T.);
#4818=EDGE_CURVE('',#6028,#6029,#423,.T.);
#4819=EDGE_CURVE('',#6029,#6030,#6753,.F.);
#4820=EDGE_CURVE('',#6030,#6031,#6754,.F.);
#4821=EDGE_CURVE('',#6031,#6032,#152,.T.);
#4822=EDGE_CURVE('',#6032,#6033,#153,.T.);
#4823=EDGE_CURVE('',#6033,#6034,#154,.T.);
#4824=EDGE_CURVE('',#6034,#6035,#155,.T.);
#4825=EDGE_CURVE('',#6035,#6036,#156,.T.);
#4826=EDGE_CURVE('',#6036,#6037,#157,.T.);
#4827=EDGE_CURVE('',#6037,#6038,#158,.T.);
#4828=EDGE_CURVE('',#6038,#6039,#159,.T.);
#4829=EDGE_CURVE('',#6039,#6040,#160,.T.);
#4830=EDGE_CURVE('',#6040,#6041,#6755,.T.);
#4831=EDGE_CURVE('',#6041,#6042,#424,.T.);
#4832=EDGE_CURVE('',#6042,#6043,#161,.T.);
#4833=EDGE_CURVE('',#6043,#6044,#162,.T.);
#4834=EDGE_CURVE('',#6044,#6045,#163,.T.);
#4835=EDGE_CURVE('',#6045,#6046,#164,.T.);
#4836=EDGE_CURVE('',#6046,#6047,#165,.T.);
#4837=EDGE_CURVE('',#6047,#6048,#166,.T.);
#4838=EDGE_CURVE('',#6048,#6024,#167,.T.);
#4839=EDGE_CURVE('',#6049,#6049,#6756,.T.);
#4840=EDGE_CURVE('',#6050,#6050,#6757,.F.);
#4841=EDGE_CURVE('',#6051,#6052,#6758,.T.);
#4842=EDGE_CURVE('',#6051,#6053,#425,.T.);
#4843=EDGE_CURVE('',#6053,#6054,#6759,.T.);
#4844=EDGE_CURVE('',#6054,#6052,#426,.T.);
#4845=EDGE_CURVE('',#6053,#5928,#427,.T.);
#4846=EDGE_CURVE('',#6054,#5927,#428,.T.);
#4847=EDGE_CURVE('',#6055,#5940,#429,.T.);
#4848=EDGE_CURVE('',#6056,#5939,#430,.T.);
#4849=EDGE_CURVE('',#6055,#6056,#6760,.T.);
#4850=EDGE_CURVE('',#6055,#6056,#431,.T.);
#4851=EDGE_CURVE('',#6057,#6058,#432,.T.);
#4852=EDGE_CURVE('',#6057,#6052,#433,.T.);
#4853=EDGE_CURVE('',#6051,#6058,#434,.F.);
#4854=EDGE_CURVE('',#6059,#6060,#435,.T.);
#4855=EDGE_CURVE('',#6060,#6061,#436,.T.);
#4856=EDGE_CURVE('',#6062,#6061,#437,.T.);
#4857=EDGE_CURVE('',#6059,#6062,#438,.T.);
#4858=EDGE_CURVE('',#6063,#6063,#6761,.T.);
#4859=EDGE_CURVE('',#6062,#5945,#439,.T.);
#4860=EDGE_CURVE('',#6061,#5946,#440,.T.);
#4861=EDGE_CURVE('',#6060,#5944,#441,.T.);
#4862=EDGE_CURVE('',#6059,#5943,#442,.T.);
#4863=EDGE_CURVE('',#6064,#5911,#443,.T.);
#4864=EDGE_CURVE('',#6065,#6064,#444,.T.);
#4865=EDGE_CURVE('',#6065,#6066,#445,.T.);
#4866=EDGE_CURVE('',#6066,#5912,#446,.T.);
#4867=EDGE_CURVE('',#6064,#6067,#447,.T.);
#4868=EDGE_CURVE('',#6068,#6067,#448,.T.);
#4869=EDGE_CURVE('',#6065,#6068,#449,.T.);
#4870=EDGE_CURVE('',#6069,#5902,#450,.T.);
#4871=EDGE_CURVE('',#6068,#6069,#451,.T.);
#4872=EDGE_CURVE('',#6067,#5901,#452,.T.);
#4873=EDGE_CURVE('',#6066,#6069,#453,.T.);
#4874=EDGE_CURVE('',#6070,#6071,#454,.T.);
#4875=EDGE_CURVE('',#6072,#6070,#455,.T.);
#4876=EDGE_CURVE('',#6072,#6073,#456,.T.);
#4877=EDGE_CURVE('',#6073,#6071,#457,.T.);
#4878=EDGE_CURVE('',#6074,#5907,#458,.T.);
#4879=EDGE_CURVE('',#6072,#6074,#459,.T.);
#4880=EDGE_CURVE('',#6070,#5908,#460,.T.);
#4881=EDGE_CURVE('',#6075,#5906,#461,.T.);
#4882=EDGE_CURVE('',#6074,#6075,#462,.T.);
#4883=EDGE_CURVE('',#6071,#5905,#463,.T.);
#4884=EDGE_CURVE('',#6073,#6075,#464,.T.);
#4885=EDGE_CURVE('',#6067,#6076,#465,.T.);
#4886=EDGE_CURVE('',#6076,#5903,#466,.T.);
#4887=EDGE_CURVE('',#6071,#6077,#467,.T.);
#4888=EDGE_CURVE('',#6077,#5904,#468,.T.);
#4889=EDGE_CURVE('',#6078,#6078,#6762,.T.);
#4890=EDGE_CURVE('',#6079,#6064,#469,.T.);
#4891=EDGE_CURVE('',#6079,#5910,#470,.T.);
#4892=EDGE_CURVE('',#6080,#5909,#471,.T.);
#4893=EDGE_CURVE('',#6080,#6079,#472,.T.);
#4894=EDGE_CURVE('',#6080,#6070,#473,.T.);
#4895=EDGE_CURVE('',#6077,#6076,#474,.T.);
#4896=EDGE_CURVE('',#6081,#6081,#6763,.T.);
#4897=EDGE_CURVE('',#6082,#6082,#6764,.T.);
#4898=EDGE_CURVE('',#6083,#6083,#6765,.T.);
#4899=EDGE_CURVE('',#6084,#5978,#475,.T.);
#4900=EDGE_CURVE('',#6084,#6085,#476,.T.);
#4901=EDGE_CURVE('',#6085,#5979,#477,.T.);
#4902=EDGE_CURVE('',#6086,#5977,#478,.T.);
#4903=EDGE_CURVE('',#6086,#6084,#479,.T.);
#4904=EDGE_CURVE('',#6087,#5996,#480,.T.);
#4905=EDGE_CURVE('',#6087,#6086,#481,.T.);
#4906=EDGE_CURVE('',#6088,#5995,#482,.T.);
#4907=EDGE_CURVE('',#6088,#6087,#483,.T.);
#4908=EDGE_CURVE('',#6089,#5994,#484,.T.);
#4909=EDGE_CURVE('',#6089,#6088,#485,.T.);
#4910=EDGE_CURVE('',#6090,#5993,#486,.T.);
#4911=EDGE_CURVE('',#6090,#6089,#168,.T.);
#4912=EDGE_CURVE('',#6091,#5992,#487,.T.);
#4913=EDGE_CURVE('',#6091,#6090,#169,.T.);
#4914=EDGE_CURVE('',#6092,#5991,#488,.T.);
#4915=EDGE_CURVE('',#6092,#6091,#170,.T.);
#4916=EDGE_CURVE('',#6093,#5990,#489,.T.);
#4917=EDGE_CURVE('',#6093,#6092,#171,.T.);
#4918=EDGE_CURVE('',#6094,#5989,#490,.T.);
#4919=EDGE_CURVE('',#6094,#6093,#172,.T.);
#4920=EDGE_CURVE('',#6095,#5988,#491,.T.);
#4921=EDGE_CURVE('',#6095,#6094,#492,.T.);
#4922=EDGE_CURVE('',#6096,#5987,#493,.T.);
#4923=EDGE_CURVE('',#6096,#6095,#173,.T.);
#4924=EDGE_CURVE('',#6097,#5986,#494,.T.);
#4925=EDGE_CURVE('',#6097,#6096,#6766,.F.);
#4926=EDGE_CURVE('',#6098,#5985,#495,.T.);
#4927=EDGE_CURVE('',#6098,#6097,#174,.T.);
#4928=EDGE_CURVE('',#6099,#5984,#496,.T.);
#4929=EDGE_CURVE('',#6099,#6098,#175,.T.);
#4930=EDGE_CURVE('',#6100,#5983,#497,.T.);
#4931=EDGE_CURVE('',#6100,#6099,#6767,.F.);
#4932=EDGE_CURVE('',#6101,#5982,#498,.T.);
#4933=EDGE_CURVE('',#6101,#6100,#6768,.F.);
#4934=EDGE_CURVE('',#6102,#5981,#499,.T.);
#4935=EDGE_CURVE('',#6102,#6101,#176,.T.);
#4936=EDGE_CURVE('',#6103,#5980,#500,.T.);
#4937=EDGE_CURVE('',#6103,#6102,#501,.T.);
#4938=EDGE_CURVE('',#6085,#6103,#502,.T.);
#4939=EDGE_CURVE('',#6104,#5958,#503,.T.);
#4940=EDGE_CURVE('',#6104,#6105,#504,.T.);
#4941=EDGE_CURVE('',#6105,#5959,#505,.T.);
#4942=EDGE_CURVE('',#6106,#5957,#506,.T.);
#4943=EDGE_CURVE('',#6106,#6104,#507,.T.);
#4944=EDGE_CURVE('',#6107,#5976,#508,.T.);
#4945=EDGE_CURVE('',#6107,#6106,#509,.T.);
#4946=EDGE_CURVE('',#6108,#5975,#510,.T.);
#4947=EDGE_CURVE('',#6108,#6107,#511,.T.);
#4948=EDGE_CURVE('',#6109,#5974,#512,.T.);
#4949=EDGE_CURVE('',#6109,#6108,#513,.T.);
#4950=EDGE_CURVE('',#6110,#5973,#514,.T.);
#4951=EDGE_CURVE('',#6110,#6109,#177,.T.);
#4952=EDGE_CURVE('',#6111,#5972,#515,.T.);
#4953=EDGE_CURVE('',#6111,#6110,#178,.T.);
#4954=EDGE_CURVE('',#6112,#5971,#516,.T.);
#4955=EDGE_CURVE('',#6112,#6111,#179,.T.);
#4956=EDGE_CURVE('',#6113,#5970,#517,.T.);
#4957=EDGE_CURVE('',#6113,#6112,#180,.T.);
#4958=EDGE_CURVE('',#6114,#5969,#518,.T.);
#4959=EDGE_CURVE('',#6114,#6113,#181,.T.);
#4960=EDGE_CURVE('',#6115,#5968,#519,.T.);
#4961=EDGE_CURVE('',#6115,#6114,#520,.T.);
#4962=EDGE_CURVE('',#6116,#5967,#521,.T.);
#4963=EDGE_CURVE('',#6116,#6115,#182,.T.);
#4964=EDGE_CURVE('',#6117,#5966,#522,.T.);
#4965=EDGE_CURVE('',#6117,#6116,#6769,.F.);
#4966=EDGE_CURVE('',#6118,#5965,#523,.T.);
#4967=EDGE_CURVE('',#6118,#6117,#183,.T.);
#4968=EDGE_CURVE('',#6119,#5964,#524,.T.);
#4969=EDGE_CURVE('',#6119,#6118,#184,.T.);
#4970=EDGE_CURVE('',#6120,#5963,#525,.T.);
#4971=EDGE_CURVE('',#6120,#6119,#6770,.F.);
#4972=EDGE_CURVE('',#6121,#5962,#526,.T.);
#4973=EDGE_CURVE('',#6121,#6120,#6771,.F.);
#4974=EDGE_CURVE('',#6122,#5961,#527,.T.);
#4975=EDGE_CURVE('',#6122,#6121,#185,.T.);
#4976=EDGE_CURVE('',#6123,#5960,#528,.T.);
#4977=EDGE_CURVE('',#6123,#6122,#529,.T.);
#4978=EDGE_CURVE('',#6105,#6123,#530,.T.);
#4979=EDGE_CURVE('',#6124,#6125,#186,.T.);
#4980=EDGE_CURVE('',#6126,#6124,#531,.T.);
#4981=EDGE_CURVE('',#6126,#6127,#187,.T.);
#4982=EDGE_CURVE('',#6127,#6125,#532,.T.);
#4983=EDGE_CURVE('',#6128,#6124,#6772,.F.);
#4984=EDGE_CURVE('',#6129,#6128,#533,.T.);
#4985=EDGE_CURVE('',#6129,#6126,#6773,.F.);
#4986=EDGE_CURVE('',#6130,#6128,#6774,.F.);
#4987=EDGE_CURVE('',#6131,#6130,#534,.T.);
#4988=EDGE_CURVE('',#6131,#6129,#6775,.F.);
#4989=EDGE_CURVE('',#6132,#6130,#6776,.F.);
#4990=EDGE_CURVE('',#6133,#6132,#535,.T.);
#4991=EDGE_CURVE('',#6133,#6131,#6777,.F.);
#4992=EDGE_CURVE('',#6134,#6132,#6778,.F.);
#4993=EDGE_CURVE('',#6135,#6134,#536,.T.);
#4994=EDGE_CURVE('',#6135,#6133,#6779,.F.);
#4995=EDGE_CURVE('',#6136,#6134,#6780,.F.);
#4996=EDGE_CURVE('',#6137,#6136,#537,.T.);
#4997=EDGE_CURVE('',#6137,#6135,#6781,.F.);
#4998=EDGE_CURVE('',#6138,#6136,#6782,.F.);
#4999=EDGE_CURVE('',#6139,#6138,#538,.T.);
#5000=EDGE_CURVE('',#6139,#6137,#6783,.F.);
#5001=EDGE_CURVE('',#6140,#6138,#188,.T.);
#5002=EDGE_CURVE('',#6141,#6140,#539,.T.);
#5003=EDGE_CURVE('',#6141,#6139,#189,.T.);
#5004=EDGE_CURVE('',#6142,#6140,#190,.T.);
#5005=EDGE_CURVE('',#6143,#6142,#540,.T.);
#5006=EDGE_CURVE('',#6143,#6141,#191,.T.);
#5007=EDGE_CURVE('',#6144,#6003,#541,.T.);
#5008=EDGE_CURVE('',#6144,#6145,#192,.T.);
#5009=EDGE_CURVE('',#6145,#6004,#542,.T.);
#5010=EDGE_CURVE('',#6146,#6002,#543,.T.);
#5011=EDGE_CURVE('',#6146,#6144,#193,.T.);
#5012=EDGE_CURVE('',#6147,#6016,#544,.T.);
#5013=EDGE_CURVE('',#6147,#6146,#194,.T.);
#5014=EDGE_CURVE('',#6148,#6015,#545,.T.);
#5015=EDGE_CURVE('',#6148,#6147,#195,.T.);
#5016=EDGE_CURVE('',#6149,#6014,#546,.T.);
#5017=EDGE_CURVE('',#6149,#6148,#196,.T.);
#5018=EDGE_CURVE('',#6150,#6013,#547,.T.);
#5019=EDGE_CURVE('',#6150,#6149,#197,.T.);
#5020=EDGE_CURVE('',#6151,#6012,#548,.T.);
#5021=EDGE_CURVE('',#6151,#6150,#198,.T.);
#5022=EDGE_CURVE('',#6152,#6011,#549,.T.);
#5023=EDGE_CURVE('',#6152,#6151,#199,.T.);
#5024=EDGE_CURVE('',#6153,#6010,#550,.T.);
#5025=EDGE_CURVE('',#6153,#6152,#551,.T.);
#5026=EDGE_CURVE('',#6154,#6009,#552,.T.);
#5027=EDGE_CURVE('',#6154,#6153,#200,.T.);
#5028=EDGE_CURVE('',#6155,#6008,#553,.T.);
#5029=EDGE_CURVE('',#6155,#6154,#201,.T.);
#5030=EDGE_CURVE('',#6156,#6007,#554,.T.);
#5031=EDGE_CURVE('',#6156,#6155,#6784,.F.);
#5032=EDGE_CURVE('',#6157,#6006,#555,.T.);
#5033=EDGE_CURVE('',#6157,#6156,#556,.T.);
#5034=EDGE_CURVE('',#6158,#6005,#557,.T.);
#5035=EDGE_CURVE('',#6158,#6157,#202,.T.);
#5036=EDGE_CURVE('',#6145,#6158,#203,.T.);
#5037=EDGE_CURVE('',#6125,#6142,#204,.T.);
#5038=EDGE_CURVE('',#6127,#6143,#205,.T.);
#5039=EDGE_CURVE('',#6159,#6018,#558,.T.);
#5040=EDGE_CURVE('',#6159,#6160,#559,.T.);
#5041=EDGE_CURVE('',#6160,#6019,#560,.T.);
#5042=EDGE_CURVE('',#6161,#6017,#561,.T.);
#5043=EDGE_CURVE('',#6161,#6159,#562,.T.);
#5044=EDGE_CURVE('',#6162,#6023,#563,.T.);
#5045=EDGE_CURVE('',#6162,#6161,#564,.T.);
#5046=EDGE_CURVE('',#6163,#6022,#565,.T.);
#5047=EDGE_CURVE('',#6163,#6162,#566,.T.);
#5048=EDGE_CURVE('',#6164,#6021,#567,.T.);
#5049=EDGE_CURVE('',#6164,#6163,#568,.T.);
#5050=EDGE_CURVE('',#6165,#6020,#569,.T.);
#5051=EDGE_CURVE('',#6165,#6164,#570,.T.);
#5052=EDGE_CURVE('',#6160,#6165,#571,.T.);
#5053=EDGE_CURVE('',#6166,#6025,#572,.T.);
#5054=EDGE_CURVE('',#6166,#6167,#206,.T.);
#5055=EDGE_CURVE('',#6167,#6026,#573,.T.);
#5056=EDGE_CURVE('',#6168,#6024,#574,.T.);
#5057=EDGE_CURVE('',#6168,#6166,#207,.T.);
#5058=EDGE_CURVE('',#6169,#6048,#575,.T.);
#5059=EDGE_CURVE('',#6169,#6168,#208,.T.);
#5060=EDGE_CURVE('',#6170,#6047,#576,.T.);
#5061=EDGE_CURVE('',#6170,#6169,#209,.T.);
#5062=EDGE_CURVE('',#6171,#6046,#577,.T.);
#5063=EDGE_CURVE('',#6171,#6170,#210,.T.);
#5064=EDGE_CURVE('',#6172,#6045,#578,.T.);
#5065=EDGE_CURVE('',#6172,#6171,#211,.T.);
#5066=EDGE_CURVE('',#6173,#6044,#579,.T.);
#5067=EDGE_CURVE('',#6173,#6172,#212,.T.);
#5068=EDGE_CURVE('',#6174,#6043,#580,.T.);
#5069=EDGE_CURVE('',#6174,#6173,#213,.T.);
#5070=EDGE_CURVE('',#6175,#6042,#581,.T.);
#5071=EDGE_CURVE('',#6175,#6174,#214,.T.);
#5072=EDGE_CURVE('',#6176,#6041,#582,.T.);
#5073=EDGE_CURVE('',#6176,#6175,#583,.T.);
#5074=EDGE_CURVE('',#6177,#6040,#584,.T.);
#5075=EDGE_CURVE('',#6177,#6176,#6785,.T.);
#5076=EDGE_CURVE('',#6178,#6039,#585,.T.);
#5077=EDGE_CURVE('',#6178,#6177,#215,.T.);
#5078=EDGE_CURVE('',#6179,#6038,#586,.T.);
#5079=EDGE_CURVE('',#6179,#6178,#216,.T.);
#5080=EDGE_CURVE('',#6180,#6037,#587,.T.);
#5081=EDGE_CURVE('',#6180,#6179,#217,.T.);
#5082=EDGE_CURVE('',#6181,#6036,#588,.T.);
#5083=EDGE_CURVE('',#6181,#6180,#218,.T.);
#5084=EDGE_CURVE('',#6182,#6035,#589,.T.);
#5085=EDGE_CURVE('',#6182,#6181,#219,.T.);
#5086=EDGE_CURVE('',#6183,#6034,#590,.T.);
#5087=EDGE_CURVE('',#6183,#6182,#220,.T.);
#5088=EDGE_CURVE('',#6184,#6033,#591,.T.);
#5089=EDGE_CURVE('',#6184,#6183,#221,.T.);
#5090=EDGE_CURVE('',#6185,#6032,#592,.T.);
#5091=EDGE_CURVE('',#6185,#6184,#222,.T.);
#5092=EDGE_CURVE('',#6186,#6031,#593,.T.);
#5093=EDGE_CURVE('',#6186,#6185,#223,.T.);
#5094=EDGE_CURVE('',#6187,#6030,#594,.T.);
#5095=EDGE_CURVE('',#6187,#6186,#6786,.F.);
#5096=EDGE_CURVE('',#6188,#6029,#595,.T.);
#5097=EDGE_CURVE('',#6188,#6187,#6787,.F.);
#5098=EDGE_CURVE('',#6189,#6028,#596,.T.);
#5099=EDGE_CURVE('',#6189,#6188,#597,.T.);
#5100=EDGE_CURVE('',#6190,#6027,#598,.T.);
#5101=EDGE_CURVE('',#6190,#6189,#224,.T.);
#5102=EDGE_CURVE('',#6167,#6190,#225,.T.);
#5103=EDGE_CURVE('',#6191,#6192,#599,.T.);
#5104=EDGE_CURVE('',#6193,#6191,#600,.T.);
#5105=EDGE_CURVE('',#6193,#6194,#601,.T.);
#5106=EDGE_CURVE('',#6194,#6192,#602,.T.);
#5107=EDGE_CURVE('',#6195,#6191,#603,.T.);
#5108=EDGE_CURVE('',#6196,#6195,#604,.T.);
#5109=EDGE_CURVE('',#6196,#6193,#605,.T.);
#5110=EDGE_CURVE('',#6197,#6195,#606,.T.);
#5111=EDGE_CURVE('',#6198,#6197,#607,.T.);
#5112=EDGE_CURVE('',#6198,#6196,#608,.T.);
#5113=EDGE_CURVE('',#6199,#6197,#6788,.T.);
#5114=EDGE_CURVE('',#6200,#6199,#609,.T.);
#5115=EDGE_CURVE('',#6200,#6198,#6789,.T.);
#5116=EDGE_CURVE('',#6201,#5950,#610,.T.);
#5117=EDGE_CURVE('',#6201,#6202,#611,.T.);
#5118=EDGE_CURVE('',#6202,#5951,#612,.T.);
#5119=EDGE_CURVE('',#6203,#5949,#613,.T.);
#5120=EDGE_CURVE('',#6203,#6201,#614,.T.);
#5121=EDGE_CURVE('',#6204,#5956,#615,.T.);
#5122=EDGE_CURVE('',#6204,#6203,#616,.T.);
#5123=EDGE_CURVE('',#6205,#5955,#617,.T.);
#5124=EDGE_CURVE('',#6205,#6204,#618,.T.);
#5125=EDGE_CURVE('',#6206,#5954,#619,.T.);
#5126=EDGE_CURVE('',#6206,#6205,#620,.T.);
#5127=EDGE_CURVE('',#6207,#5953,#621,.T.);
#5128=EDGE_CURVE('',#6207,#6206,#622,.T.);
#5129=EDGE_CURVE('',#6208,#5952,#623,.T.);
#5130=EDGE_CURVE('',#6208,#6207,#624,.T.);
#5131=EDGE_CURVE('',#6202,#6208,#625,.T.);
#5132=EDGE_CURVE('',#6192,#6199,#6790,.T.);
#5133=EDGE_CURVE('',#6194,#6200,#6791,.T.);
#5134=EDGE_CURVE('',#6058,#6057,#6792,.T.);
#5135=EDGE_CURVE('',#6209,#6210,#626,.T.);
#5136=EDGE_CURVE('',#6210,#6211,#627,.T.);
#5137=EDGE_CURVE('',#6211,#6212,#628,.T.);
#5138=EDGE_CURVE('',#6212,#6213,#629,.T.);
#5139=EDGE_CURVE('',#6213,#6214,#630,.T.);
#5140=EDGE_CURVE('',#6214,#6215,#631,.T.);
#5141=EDGE_CURVE('',#6215,#6216,#632,.T.);
#5142=EDGE_CURVE('',#6216,#6209,#633,.T.);
#5143=EDGE_CURVE('',#6217,#6218,#634,.T.);
#5144=EDGE_CURVE('',#6218,#6219,#635,.T.);
#5145=EDGE_CURVE('',#6219,#6220,#636,.T.);
#5146=EDGE_CURVE('',#6220,#6221,#637,.T.);
#5147=EDGE_CURVE('',#6221,#6222,#226,.T.);
#5148=EDGE_CURVE('',#6222,#6223,#6793,.F.);
#5149=EDGE_CURVE('',#6223,#6224,#6794,.F.);
#5150=EDGE_CURVE('',#6224,#6225,#227,.T.);
#5151=EDGE_CURVE('',#6225,#6226,#228,.T.);
#5152=EDGE_CURVE('',#6226,#6227,#6795,.F.);
#5153=EDGE_CURVE('',#6227,#6228,#229,.T.);
#5154=EDGE_CURVE('',#6228,#6229,#638,.T.);
#5155=EDGE_CURVE('',#6229,#6230,#230,.T.);
#5156=EDGE_CURVE('',#6230,#6231,#231,.T.);
#5157=EDGE_CURVE('',#6231,#6232,#232,.T.);
#5158=EDGE_CURVE('',#6232,#6233,#233,.T.);
#5159=EDGE_CURVE('',#6233,#6234,#234,.T.);
#5160=EDGE_CURVE('',#6234,#6235,#639,.T.);
#5161=EDGE_CURVE('',#6235,#6236,#640,.T.);
#5162=EDGE_CURVE('',#6236,#6217,#641,.T.);
#5163=EDGE_CURVE('',#6237,#6238,#642,.T.);
#5164=EDGE_CURVE('',#6238,#6239,#643,.T.);
#5165=EDGE_CURVE('',#6239,#6240,#644,.T.);
#5166=EDGE_CURVE('',#6240,#6241,#645,.T.);
#5167=EDGE_CURVE('',#6241,#6242,#235,.T.);
#5168=EDGE_CURVE('',#6242,#6243,#6796,.F.);
#5169=EDGE_CURVE('',#6243,#6244,#6797,.F.);
#5170=EDGE_CURVE('',#6244,#6245,#236,.T.);
#5171=EDGE_CURVE('',#6245,#6246,#237,.T.);
#5172=EDGE_CURVE('',#6246,#6247,#6798,.F.);
#5173=EDGE_CURVE('',#6247,#6248,#238,.T.);
#5174=EDGE_CURVE('',#6248,#6249,#646,.T.);
#5175=EDGE_CURVE('',#6249,#6250,#239,.T.);
#5176=EDGE_CURVE('',#6250,#6251,#240,.T.);
#5177=EDGE_CURVE('',#6251,#6252,#241,.T.);
#5178=EDGE_CURVE('',#6252,#6253,#242,.T.);
#5179=EDGE_CURVE('',#6253,#6254,#243,.T.);
#5180=EDGE_CURVE('',#6254,#6255,#647,.T.);
#5181=EDGE_CURVE('',#6255,#6256,#648,.T.);
#5182=EDGE_CURVE('',#6256,#6237,#649,.T.);
#5183=EDGE_CURVE('',#6257,#6257,#6799,.T.);
#5184=EDGE_CURVE('',#6258,#6258,#6800,.T.);
#5185=EDGE_CURVE('',#6259,#6259,#6801,.T.);
#5186=EDGE_CURVE('',#6260,#6260,#6802,.T.);
#5187=EDGE_CURVE('',#6261,#6261,#6803,.T.);
#5188=EDGE_CURVE('',#6262,#6263,#244,.T.);
#5189=EDGE_CURVE('',#6263,#6264,#245,.T.);
#5190=EDGE_CURVE('',#6264,#6265,#246,.T.);
#5191=EDGE_CURVE('',#6265,#6266,#247,.T.);
#5192=EDGE_CURVE('',#6266,#6267,#650,.T.);
#5193=EDGE_CURVE('',#6267,#6268,#6804,.F.);
#5194=EDGE_CURVE('',#6268,#6269,#248,.T.);
#5195=EDGE_CURVE('',#6269,#6270,#249,.T.);
#5196=EDGE_CURVE('',#6270,#6271,#651,.T.);
#5197=EDGE_CURVE('',#6271,#6272,#250,.T.);
#5198=EDGE_CURVE('',#6272,#6273,#251,.T.);
#5199=EDGE_CURVE('',#6273,#6274,#252,.T.);
#5200=EDGE_CURVE('',#6274,#6275,#253,.T.);
#5201=EDGE_CURVE('',#6275,#6276,#254,.T.);
#5202=EDGE_CURVE('',#6276,#6262,#255,.T.);
#5203=EDGE_CURVE('',#6277,#6278,#652,.T.);
#5204=EDGE_CURVE('',#6278,#6279,#653,.T.);
#5205=EDGE_CURVE('',#6279,#6280,#654,.T.);
#5206=EDGE_CURVE('',#6280,#6281,#655,.T.);
#5207=EDGE_CURVE('',#6281,#6282,#656,.T.);
#5208=EDGE_CURVE('',#6282,#6283,#657,.T.);
#5209=EDGE_CURVE('',#6283,#6277,#658,.T.);
#5210=EDGE_CURVE('',#6284,#6285,#256,.T.);
#5211=EDGE_CURVE('',#6285,#6286,#257,.T.);
#5212=EDGE_CURVE('',#6286,#6287,#258,.T.);
#5213=EDGE_CURVE('',#6287,#6288,#259,.T.);
#5214=EDGE_CURVE('',#6288,#6289,#659,.T.);
#5215=EDGE_CURVE('',#6289,#6290,#6805,.F.);
#5216=EDGE_CURVE('',#6290,#6291,#6806,.F.);
#5217=EDGE_CURVE('',#6291,#6292,#260,.T.);
#5218=EDGE_CURVE('',#6292,#6293,#261,.T.);
#5219=EDGE_CURVE('',#6293,#6294,#262,.T.);
#5220=EDGE_CURVE('',#6294,#6295,#263,.T.);
#5221=EDGE_CURVE('',#6295,#6296,#264,.T.);
#5222=EDGE_CURVE('',#6296,#6297,#265,.T.);
#5223=EDGE_CURVE('',#6297,#6298,#266,.T.);
#5224=EDGE_CURVE('',#6298,#6299,#267,.T.);
#5225=EDGE_CURVE('',#6299,#6300,#268,.T.);
#5226=EDGE_CURVE('',#6300,#6301,#6807,.T.);
#5227=EDGE_CURVE('',#6301,#6302,#660,.T.);
#5228=EDGE_CURVE('',#6302,#6303,#269,.T.);
#5229=EDGE_CURVE('',#6303,#6304,#270,.T.);
#5230=EDGE_CURVE('',#6304,#6305,#271,.T.);
#5231=EDGE_CURVE('',#6305,#6306,#272,.T.);
#5232=EDGE_CURVE('',#6306,#6307,#273,.T.);
#5233=EDGE_CURVE('',#6307,#6308,#274,.T.);
#5234=EDGE_CURVE('',#6308,#6284,#275,.T.);
#5235=EDGE_CURVE('',#6309,#6310,#661,.T.);
#5236=EDGE_CURVE('',#6311,#6309,#662,.T.);
#5237=EDGE_CURVE('',#6312,#6311,#663,.T.);
#5238=EDGE_CURVE('',#6312,#6310,#664,.T.);
#5239=EDGE_CURVE('',#6313,#6314,#665,.T.);
#5240=EDGE_CURVE('',#6315,#6313,#666,.T.);
#5241=EDGE_CURVE('',#6315,#6316,#667,.T.);
#5242=EDGE_CURVE('',#6316,#6314,#668,.T.);
#5243=EDGE_CURVE('',#6317,#6317,#6808,.T.);
#5244=EDGE_CURVE('',#6318,#6318,#6809,.T.);
#5245=EDGE_CURVE('',#6319,#6319,#6810,.F.);
#5246=EDGE_CURVE('',#6320,#6320,#6811,.F.);
#5247=EDGE_CURVE('',#6321,#6322,#669,.T.);
#5248=EDGE_CURVE('',#6321,#6323,#670,.T.);
#5249=EDGE_CURVE('',#6324,#6323,#671,.T.);
#5250=EDGE_CURVE('',#6325,#6324,#672,.T.);
#5251=EDGE_CURVE('',#6325,#6326,#673,.T.);
#5252=EDGE_CURVE('',#6327,#6326,#674,.T.);
#5253=EDGE_CURVE('',#6328,#6327,#675,.T.);
#5254=EDGE_CURVE('',#6329,#6328,#676,.T.);
#5255=EDGE_CURVE('',#6329,#6330,#677,.T.);
#5256=EDGE_CURVE('',#6330,#6331,#678,.T.);
#5257=EDGE_CURVE('',#6331,#6332,#679,.T.);
#5258=EDGE_CURVE('',#6332,#6322,#680,.T.);
#5259=EDGE_CURVE('',#6333,#6334,#681,.T.);
#5260=EDGE_CURVE('',#6333,#6335,#682,.T.);
#5261=EDGE_CURVE('',#6335,#6336,#683,.T.);
#5262=EDGE_CURVE('',#6334,#6336,#684,.T.);
#5263=EDGE_CURVE('',#6337,#6335,#685,.T.);
#5264=EDGE_CURVE('',#6337,#6338,#686,.T.);
#5265=EDGE_CURVE('',#6336,#6338,#687,.T.);
#5266=EDGE_CURVE('',#6339,#6340,#688,.T.);
#5267=EDGE_CURVE('',#6339,#6333,#689,.T.);
#5268=EDGE_CURVE('',#6334,#6340,#690,.T.);
#5269=EDGE_CURVE('',#6314,#6309,#691,.T.);
#5270=EDGE_CURVE('',#6316,#6311,#692,.T.);
#5271=EDGE_CURVE('',#6341,#6341,#6812,.T.);
#5272=EDGE_CURVE('',#6313,#6342,#693,.T.);
#5273=EDGE_CURVE('',#6343,#6342,#694,.T.);
#5274=EDGE_CURVE('',#6344,#6343,#695,.T.);
#5275=EDGE_CURVE('',#6344,#6345,#696,.T.);
#5276=EDGE_CURVE('',#6345,#6310,#697,.T.);
#5277=EDGE_CURVE('',#6339,#6312,#698,.T.);
#5278=EDGE_CURVE('',#6340,#6338,#699,.T.);
#5279=EDGE_CURVE('',#6315,#6337,#700,.T.);
#5280=EDGE_CURVE('',#6346,#6346,#6813,.T.);
#5281=EDGE_CURVE('',#6347,#6348,#701,.T.);
#5282=EDGE_CURVE('',#6347,#6349,#702,.T.);
#5283=EDGE_CURVE('',#6350,#6349,#703,.T.);
#5284=EDGE_CURVE('',#6351,#6350,#704,.T.);
#5285=EDGE_CURVE('',#6351,#6352,#705,.T.);
#5286=EDGE_CURVE('',#6353,#6352,#706,.T.);
#5287=EDGE_CURVE('',#6353,#6354,#707,.T.);
#5288=EDGE_CURVE('',#6354,#6348,#708,.T.);
#5289=EDGE_CURVE('',#6355,#6355,#276,.T.);
#5290=EDGE_CURVE('',#6356,#6356,#6814,.F.);
#5291=EDGE_CURVE('',#6357,#6358,#6815,.T.);
#5292=EDGE_CURVE('',#6359,#6358,#709,.T.);
#5293=EDGE_CURVE('',#6360,#6359,#6816,.T.);
#5294=EDGE_CURVE('',#6360,#6357,#710,.T.);
#5295=EDGE_CURVE('',#6361,#6361,#6817,.T.);
#5296=EDGE_CURVE('',#6362,#6362,#6818,.T.);
#5297=EDGE_CURVE('',#6363,#6363,#6819,.T.);
#5298=EDGE_CURVE('',#6364,#6364,#6820,.T.);
#5299=EDGE_CURVE('',#6365,#6365,#6821,.T.);
#5300=EDGE_CURVE('',#6366,#6367,#711,.T.);
#5301=EDGE_CURVE('',#6368,#6366,#712,.T.);
#5302=EDGE_CURVE('',#6368,#6369,#713,.T.);
#5303=EDGE_CURVE('',#6369,#6367,#714,.T.);
#5304=EDGE_CURVE('',#6342,#6367,#715,.T.);
#5305=EDGE_CURVE('',#6369,#6360,#716,.T.);
#5306=EDGE_CURVE('',#6359,#6343,#717,.T.);
#5307=EDGE_CURVE('',#6368,#6357,#718,.T.);
#5308=EDGE_CURVE('',#6358,#6344,#719,.T.);
#5309=EDGE_CURVE('',#6345,#6366,#720,.T.);
#5310=EDGE_CURVE('',#6370,#6370,#277,.T.);
#5311=EDGE_CURVE('',#6371,#6371,#6822,.T.);
#5312=EDGE_CURVE('',#6347,#6321,#721,.T.);
#5313=EDGE_CURVE('',#6348,#6323,#722,.T.);
#5314=EDGE_CURVE('',#6372,#6322,#723,.T.);
#5315=EDGE_CURVE('',#6373,#6372,#724,.T.);
#5316=EDGE_CURVE('',#6373,#6347,#725,.T.);
#5317=EDGE_CURVE('',#6374,#6332,#726,.T.);
#5318=EDGE_CURVE('',#6374,#6372,#727,.T.);
#5319=EDGE_CURVE('',#6349,#6331,#728,.T.);
#5320=EDGE_CURVE('',#6375,#6349,#729,.T.);
#5321=EDGE_CURVE('',#6375,#6374,#730,.T.);
#5322=EDGE_CURVE('',#6350,#6330,#731,.T.);
#5323=EDGE_CURVE('',#6351,#6329,#732,.T.);
#5324=EDGE_CURVE('',#6352,#6328,#733,.T.);
#5325=EDGE_CURVE('',#6376,#6327,#734,.T.);
#5326=EDGE_CURVE('',#6377,#6376,#735,.T.);
#5327=EDGE_CURVE('',#6377,#6352,#736,.T.);
#5328=EDGE_CURVE('',#6378,#6326,#737,.T.);
#5329=EDGE_CURVE('',#6376,#6378,#738,.T.);
#5330=EDGE_CURVE('',#6353,#6325,#739,.T.);
#5331=EDGE_CURVE('',#6379,#6353,#740,.T.);
#5332=EDGE_CURVE('',#6379,#6378,#741,.T.);
#5333=EDGE_CURVE('',#6354,#6324,#742,.T.);
#5334=EDGE_CURVE('',#6379,#6377,#743,.T.);
#5335=EDGE_CURVE('',#6373,#6375,#744,.T.);
#5336=EDGE_CURVE('',#6380,#6380,#6823,.T.);
#5337=EDGE_CURVE('',#6381,#6381,#6824,.T.);
#5338=EDGE_CURVE('',#6382,#6238,#745,.T.);
#5339=EDGE_CURVE('',#6382,#6383,#746,.T.);
#5340=EDGE_CURVE('',#6383,#6239,#747,.T.);
#5341=EDGE_CURVE('',#6384,#6237,#748,.T.);
#5342=EDGE_CURVE('',#6384,#6382,#749,.T.);
#5343=EDGE_CURVE('',#6385,#6256,#750,.T.);
#5344=EDGE_CURVE('',#6385,#6384,#751,.T.);
#5345=EDGE_CURVE('',#6386,#6255,#752,.T.);
#5346=EDGE_CURVE('',#6386,#6385,#753,.T.);
#5347=EDGE_CURVE('',#6387,#6254,#754,.T.);
#5348=EDGE_CURVE('',#6387,#6386,#755,.T.);
#5349=EDGE_CURVE('',#6388,#6253,#756,.T.);
#5350=EDGE_CURVE('',#6388,#6387,#278,.T.);
#5351=EDGE_CURVE('',#6389,#6252,#757,.T.);
#5352=EDGE_CURVE('',#6389,#6388,#279,.T.);
#5353=EDGE_CURVE('',#6390,#6251,#758,.T.);
#5354=EDGE_CURVE('',#6390,#6389,#280,.T.);
#5355=EDGE_CURVE('',#6391,#6250,#759,.T.);
#5356=EDGE_CURVE('',#6391,#6390,#281,.T.);
#5357=EDGE_CURVE('',#6392,#6249,#760,.T.);
#5358=EDGE_CURVE('',#6392,#6391,#282,.T.);
#5359=EDGE_CURVE('',#6393,#6248,#761,.T.);
#5360=EDGE_CURVE('',#6393,#6392,#762,.T.);
#5361=EDGE_CURVE('',#6394,#6247,#763,.T.);
#5362=EDGE_CURVE('',#6394,#6393,#283,.T.);
#5363=EDGE_CURVE('',#6395,#6246,#764,.T.);
#5364=EDGE_CURVE('',#6395,#6394,#6825,.F.);
#5365=EDGE_CURVE('',#6396,#6245,#765,.T.);
#5366=EDGE_CURVE('',#6396,#6395,#284,.T.);
#5367=EDGE_CURVE('',#6397,#6244,#766,.T.);
#5368=EDGE_CURVE('',#6397,#6396,#285,.T.);
#5369=EDGE_CURVE('',#6398,#6243,#767,.T.);
#5370=EDGE_CURVE('',#6398,#6397,#6826,.F.);
#5371=EDGE_CURVE('',#6399,#6242,#768,.T.);
#5372=EDGE_CURVE('',#6399,#6398,#6827,.F.);
#5373=EDGE_CURVE('',#6400,#6241,#769,.T.);
#5374=EDGE_CURVE('',#6400,#6399,#286,.T.);
#5375=EDGE_CURVE('',#6401,#6240,#770,.T.);
#5376=EDGE_CURVE('',#6401,#6400,#771,.T.);
#5377=EDGE_CURVE('',#6383,#6401,#772,.T.);
#5378=EDGE_CURVE('',#6402,#6218,#773,.T.);
#5379=EDGE_CURVE('',#6402,#6403,#774,.T.);
#5380=EDGE_CURVE('',#6403,#6219,#775,.T.);
#5381=EDGE_CURVE('',#6404,#6217,#776,.T.);
#5382=EDGE_CURVE('',#6404,#6402,#777,.T.);
#5383=EDGE_CURVE('',#6405,#6236,#778,.T.);
#5384=EDGE_CURVE('',#6405,#6404,#779,.T.);
#5385=EDGE_CURVE('',#6406,#6235,#780,.T.);
#5386=EDGE_CURVE('',#6406,#6405,#781,.T.);
#5387=EDGE_CURVE('',#6407,#6234,#782,.T.);
#5388=EDGE_CURVE('',#6407,#6406,#783,.T.);
#5389=EDGE_CURVE('',#6408,#6233,#784,.T.);
#5390=EDGE_CURVE('',#6408,#6407,#287,.T.);
#5391=EDGE_CURVE('',#6409,#6232,#785,.T.);
#5392=EDGE_CURVE('',#6409,#6408,#288,.T.);
#5393=EDGE_CURVE('',#6410,#6231,#786,.T.);
#5394=EDGE_CURVE('',#6410,#6409,#289,.T.);
#5395=EDGE_CURVE('',#6411,#6230,#787,.T.);
#5396=EDGE_CURVE('',#6411,#6410,#290,.T.);
#5397=EDGE_CURVE('',#6412,#6229,#788,.T.);
#5398=EDGE_CURVE('',#6412,#6411,#291,.T.);
#5399=EDGE_CURVE('',#6413,#6228,#789,.T.);
#5400=EDGE_CURVE('',#6413,#6412,#790,.T.);
#5401=EDGE_CURVE('',#6414,#6227,#791,.T.);
#5402=EDGE_CURVE('',#6414,#6413,#292,.T.);
#5403=EDGE_CURVE('',#6415,#6226,#792,.T.);
#5404=EDGE_CURVE('',#6415,#6414,#6828,.F.);
#5405=EDGE_CURVE('',#6416,#6225,#793,.T.);
#5406=EDGE_CURVE('',#6416,#6415,#293,.T.);
#5407=EDGE_CURVE('',#6417,#6224,#794,.T.);
#5408=EDGE_CURVE('',#6417,#6416,#294,.T.);
#5409=EDGE_CURVE('',#6418,#6223,#795,.T.);
#5410=EDGE_CURVE('',#6418,#6417,#6829,.F.);
#5411=EDGE_CURVE('',#6419,#6222,#796,.T.);
#5412=EDGE_CURVE('',#6419,#6418,#6830,.F.);
#5413=EDGE_CURVE('',#6420,#6221,#797,.T.);
#5414=EDGE_CURVE('',#6420,#6419,#295,.T.);
#5415=EDGE_CURVE('',#6421,#6220,#798,.T.);
#5416=EDGE_CURVE('',#6421,#6420,#799,.T.);
#5417=EDGE_CURVE('',#6403,#6421,#800,.T.);
#5418=EDGE_CURVE('',#6422,#6423,#296,.T.);
#5419=EDGE_CURVE('',#6424,#6422,#801,.T.);
#5420=EDGE_CURVE('',#6424,#6425,#297,.T.);
#5421=EDGE_CURVE('',#6425,#6423,#802,.T.);
#5422=EDGE_CURVE('',#6426,#6422,#6831,.F.);
#5423=EDGE_CURVE('',#6427,#6426,#803,.T.);
#5424=EDGE_CURVE('',#6427,#6424,#6832,.F.);
#5425=EDGE_CURVE('',#6428,#6426,#6833,.F.);
#5426=EDGE_CURVE('',#6429,#6428,#804,.T.);
#5427=EDGE_CURVE('',#6429,#6427,#6834,.F.);
#5428=EDGE_CURVE('',#6430,#6428,#6835,.F.);
#5429=EDGE_CURVE('',#6431,#6430,#805,.T.);
#5430=EDGE_CURVE('',#6431,#6429,#6836,.F.);
#5431=EDGE_CURVE('',#6432,#6430,#6837,.F.);
#5432=EDGE_CURVE('',#6433,#6432,#806,.T.);
#5433=EDGE_CURVE('',#6433,#6431,#6838,.F.);
#5434=EDGE_CURVE('',#6434,#6432,#6839,.F.);
#5435=EDGE_CURVE('',#6435,#6434,#807,.T.);
#5436=EDGE_CURVE('',#6435,#6433,#6840,.F.);
#5437=EDGE_CURVE('',#6436,#6434,#6841,.F.);
#5438=EDGE_CURVE('',#6437,#6436,#808,.T.);
#5439=EDGE_CURVE('',#6437,#6435,#6842,.F.);
#5440=EDGE_CURVE('',#6438,#6436,#298,.T.);
#5441=EDGE_CURVE('',#6439,#6438,#809,.T.);
#5442=EDGE_CURVE('',#6439,#6437,#299,.T.);
#5443=EDGE_CURVE('',#6440,#6438,#300,.T.);
#5444=EDGE_CURVE('',#6441,#6440,#810,.T.);
#5445=EDGE_CURVE('',#6441,#6439,#301,.T.);
#5446=EDGE_CURVE('',#6442,#6263,#811,.T.);
#5447=EDGE_CURVE('',#6442,#6443,#302,.T.);
#5448=EDGE_CURVE('',#6443,#6264,#812,.T.);
#5449=EDGE_CURVE('',#6444,#6262,#813,.T.);
#5450=EDGE_CURVE('',#6444,#6442,#303,.T.);
#5451=EDGE_CURVE('',#6445,#6276,#814,.T.);
#5452=EDGE_CURVE('',#6445,#6444,#304,.T.);
#5453=EDGE_CURVE('',#6446,#6275,#815,.T.);
#5454=EDGE_CURVE('',#6446,#6445,#305,.T.);
#5455=EDGE_CURVE('',#6447,#6274,#816,.T.);
#5456=EDGE_CURVE('',#6447,#6446,#306,.T.);
#5457=EDGE_CURVE('',#6448,#6273,#817,.T.);
#5458=EDGE_CURVE('',#6448,#6447,#307,.T.);
#5459=EDGE_CURVE('',#6449,#6272,#818,.T.);
#5460=EDGE_CURVE('',#6449,#6448,#308,.T.);
#5461=EDGE_CURVE('',#6450,#6271,#819,.T.);
#5462=EDGE_CURVE('',#6450,#6449,#309,.T.);
#5463=EDGE_CURVE('',#6451,#6270,#820,.T.);
#5464=EDGE_CURVE('',#6451,#6450,#821,.T.);
#5465=EDGE_CURVE('',#6452,#6269,#822,.T.);
#5466=EDGE_CURVE('',#6452,#6451,#310,.T.);
#5467=EDGE_CURVE('',#6453,#6268,#823,.T.);
#5468=EDGE_CURVE('',#6453,#6452,#311,.T.);
#5469=EDGE_CURVE('',#6454,#6267,#824,.T.);
#5470=EDGE_CURVE('',#6454,#6453,#6843,.F.);
#5471=EDGE_CURVE('',#6455,#6266,#825,.T.);
#5472=EDGE_CURVE('',#6455,#6454,#826,.T.);
#5473=EDGE_CURVE('',#6456,#6265,#827,.T.);
#5474=EDGE_CURVE('',#6456,#6455,#312,.T.);
#5475=EDGE_CURVE('',#6443,#6456,#313,.T.);
#5476=EDGE_CURVE('',#6423,#6440,#314,.T.);
#5477=EDGE_CURVE('',#6425,#6441,#315,.T.);
#5478=EDGE_CURVE('',#6457,#6278,#828,.T.);
#5479=EDGE_CURVE('',#6457,#6458,#829,.T.);
#5480=EDGE_CURVE('',#6458,#6279,#830,.T.);
#5481=EDGE_CURVE('',#6459,#6277,#831,.T.);
#5482=EDGE_CURVE('',#6459,#6457,#832,.T.);
#5483=EDGE_CURVE('',#6460,#6283,#833,.T.);
#5484=EDGE_CURVE('',#6460,#6459,#834,.T.);
#5485=EDGE_CURVE('',#6461,#6282,#835,.T.);
#5486=EDGE_CURVE('',#6461,#6460,#836,.T.);
#5487=EDGE_CURVE('',#6462,#6281,#837,.T.);
#5488=EDGE_CURVE('',#6462,#6461,#838,.T.);
#5489=EDGE_CURVE('',#6463,#6280,#839,.T.);
#5490=EDGE_CURVE('',#6463,#6462,#840,.T.);
#5491=EDGE_CURVE('',#6458,#6463,#841,.T.);
#5492=EDGE_CURVE('',#6464,#6285,#842,.T.);
#5493=EDGE_CURVE('',#6464,#6465,#316,.T.);
#5494=EDGE_CURVE('',#6465,#6286,#843,.T.);
#5495=EDGE_CURVE('',#6466,#6284,#844,.T.);
#5496=EDGE_CURVE('',#6466,#6464,#317,.T.);
#5497=EDGE_CURVE('',#6467,#6308,#845,.T.);
#5498=EDGE_CURVE('',#6467,#6466,#318,.T.);
#5499=EDGE_CURVE('',#6468,#6307,#846,.T.);
#5500=EDGE_CURVE('',#6468,#6467,#319,.T.);
#5501=EDGE_CURVE('',#6469,#6306,#847,.T.);
#5502=EDGE_CURVE('',#6469,#6468,#320,.T.);
#5503=EDGE_CURVE('',#6470,#6305,#848,.T.);
#5504=EDGE_CURVE('',#6470,#6469,#321,.T.);
#5505=EDGE_CURVE('',#6471,#6304,#849,.T.);
#5506=EDGE_CURVE('',#6471,#6470,#322,.T.);
#5507=EDGE_CURVE('',#6472,#6303,#850,.T.);
#5508=EDGE_CURVE('',#6472,#6471,#323,.T.);
#5509=EDGE_CURVE('',#6473,#6302,#851,.T.);
#5510=EDGE_CURVE('',#6473,#6472,#324,.T.);
#5511=EDGE_CURVE('',#6474,#6301,#852,.T.);
#5512=EDGE_CURVE('',#6474,#6473,#853,.T.);
#5513=EDGE_CURVE('',#6475,#6300,#854,.T.);
#5514=EDGE_CURVE('',#6475,#6474,#6844,.T.);
#5515=EDGE_CURVE('',#6476,#6299,#855,.T.);
#5516=EDGE_CURVE('',#6476,#6475,#325,.T.);
#5517=EDGE_CURVE('',#6477,#6298,#856,.T.);
#5518=EDGE_CURVE('',#6477,#6476,#326,.T.);
#5519=EDGE_CURVE('',#6478,#6297,#857,.T.);
#5520=EDGE_CURVE('',#6478,#6477,#327,.T.);
#5521=EDGE_CURVE('',#6479,#6296,#858,.T.);
#5522=EDGE_CURVE('',#6479,#6478,#328,.T.);
#5523=EDGE_CURVE('',#6480,#6295,#859,.T.);
#5524=EDGE_CURVE('',#6480,#6479,#329,.T.);
#5525=EDGE_CURVE('',#6481,#6294,#860,.T.);
#5526=EDGE_CURVE('',#6481,#6480,#330,.T.);
#5527=EDGE_CURVE('',#6482,#6293,#861,.T.);
#5528=EDGE_CURVE('',#6482,#6481,#331,.T.);
#5529=EDGE_CURVE('',#6483,#6292,#862,.T.);
#5530=EDGE_CURVE('',#6483,#6482,#332,.T.);
#5531=EDGE_CURVE('',#6484,#6291,#863,.T.);
#5532=EDGE_CURVE('',#6484,#6483,#333,.T.);
#5533=EDGE_CURVE('',#6485,#6290,#864,.T.);
#5534=EDGE_CURVE('',#6485,#6484,#6845,.F.);
#5535=EDGE_CURVE('',#6486,#6289,#865,.T.);
#5536=EDGE_CURVE('',#6486,#6485,#6846,.F.);
#5537=EDGE_CURVE('',#6487,#6288,#866,.T.);
#5538=EDGE_CURVE('',#6487,#6486,#867,.T.);
#5539=EDGE_CURVE('',#6488,#6287,#868,.T.);
#5540=EDGE_CURVE('',#6488,#6487,#334,.T.);
#5541=EDGE_CURVE('',#6465,#6488,#335,.T.);
#5542=EDGE_CURVE('',#6489,#6490,#869,.T.);
#5543=EDGE_CURVE('',#6491,#6489,#870,.T.);
#5544=EDGE_CURVE('',#6491,#6492,#871,.T.);
#5545=EDGE_CURVE('',#6492,#6490,#872,.T.);
#5546=EDGE_CURVE('',#6493,#6489,#873,.T.);
#5547=EDGE_CURVE('',#6494,#6493,#874,.T.);
#5548=EDGE_CURVE('',#6494,#6491,#875,.T.);
#5549=EDGE_CURVE('',#6495,#6493,#876,.T.);
#5550=EDGE_CURVE('',#6496,#6495,#877,.T.);
#5551=EDGE_CURVE('',#6496,#6494,#878,.T.);
#5552=EDGE_CURVE('',#6497,#6495,#6847,.T.);
#5553=EDGE_CURVE('',#6498,#6497,#879,.T.);
#5554=EDGE_CURVE('',#6498,#6496,#6848,.T.);
#5555=EDGE_CURVE('',#6499,#6210,#880,.T.);
#5556=EDGE_CURVE('',#6499,#6500,#881,.T.);
#5557=EDGE_CURVE('',#6500,#6211,#882,.T.);
#5558=EDGE_CURVE('',#6501,#6209,#883,.T.);
#5559=EDGE_CURVE('',#6501,#6499,#884,.T.);
#5560=EDGE_CURVE('',#6502,#6216,#885,.T.);
#5561=EDGE_CURVE('',#6502,#6501,#886,.T.);
#5562=EDGE_CURVE('',#6503,#6215,#887,.T.);
#5563=EDGE_CURVE('',#6503,#6502,#888,.T.);
#5564=EDGE_CURVE('',#6504,#6214,#889,.T.);
#5565=EDGE_CURVE('',#6504,#6503,#890,.T.);
#5566=EDGE_CURVE('',#6505,#6213,#891,.T.);
#5567=EDGE_CURVE('',#6505,#6504,#892,.T.);
#5568=EDGE_CURVE('',#6506,#6212,#893,.T.);
#5569=EDGE_CURVE('',#6506,#6505,#894,.T.);
#5570=EDGE_CURVE('',#6500,#6506,#895,.T.);
#5571=EDGE_CURVE('',#6490,#6497,#6849,.T.);
#5572=EDGE_CURVE('',#6492,#6498,#6850,.T.);
#5573=EDGE_CURVE('',#6507,#6508,#896,.T.);
#5574=EDGE_CURVE('',#6507,#6509,#897,.T.);
#5575=EDGE_CURVE('',#6509,#6510,#898,.T.);
#5576=EDGE_CURVE('',#6508,#6510,#899,.T.);
#5577=EDGE_CURVE('',#6511,#6512,#900,.T.);
#5578=EDGE_CURVE('',#6511,#6513,#901,.T.);
#5579=EDGE_CURVE('',#6513,#6514,#902,.T.);
#5580=EDGE_CURVE('',#6512,#6514,#903,.T.);
#5581=EDGE_CURVE('',#6515,#6516,#904,.T.);
#5582=EDGE_CURVE('',#6515,#6517,#905,.T.);
#5583=EDGE_CURVE('',#6517,#6518,#906,.T.);
#5584=EDGE_CURVE('',#6516,#6518,#907,.T.);
#5585=EDGE_CURVE('',#6519,#6520,#908,.T.);
#5586=EDGE_CURVE('',#6519,#6521,#909,.T.);
#5587=EDGE_CURVE('',#6521,#6522,#910,.T.);
#5588=EDGE_CURVE('',#6520,#6522,#911,.T.);
#5589=EDGE_CURVE('',#6523,#6524,#912,.T.);
#5590=EDGE_CURVE('',#6523,#6525,#913,.T.);
#5591=EDGE_CURVE('',#6525,#6526,#914,.T.);
#5592=EDGE_CURVE('',#6524,#6526,#915,.T.);
#5593=EDGE_CURVE('',#6527,#6527,#6851,.T.);
#5594=EDGE_CURVE('',#6528,#6528,#6852,.T.);
#5595=EDGE_CURVE('',#6529,#6530,#916,.T.);
#5596=EDGE_CURVE('',#6530,#6531,#917,.T.);
#5597=EDGE_CURVE('',#6532,#6531,#918,.T.);
#5598=EDGE_CURVE('',#6529,#6532,#919,.T.);
#5599=EDGE_CURVE('',#6533,#6534,#920,.T.);
#5600=EDGE_CURVE('',#6533,#6535,#921,.T.);
#5601=EDGE_CURVE('',#6535,#6536,#922,.T.);
#5602=EDGE_CURVE('',#6534,#6536,#923,.T.);
#5603=EDGE_CURVE('',#6537,#6538,#924,.T.);
#5604=EDGE_CURVE('',#6537,#6539,#925,.T.);
#5605=EDGE_CURVE('',#6540,#6539,#926,.T.);
#5606=EDGE_CURVE('',#6540,#6538,#927,.T.);
#5607=EDGE_CURVE('',#6541,#6542,#928,.T.);
#5608=EDGE_CURVE('',#6541,#6543,#929,.T.);
#5609=EDGE_CURVE('',#6543,#6544,#930,.T.);
#5610=EDGE_CURVE('',#6542,#6544,#931,.T.);
#5611=EDGE_CURVE('',#6542,#6509,#932,.T.);
#5612=EDGE_CURVE('',#6544,#6510,#933,.T.);
#5613=EDGE_CURVE('',#6543,#6508,#934,.T.);
#5614=EDGE_CURVE('',#6541,#6507,#935,.T.);
#5615=EDGE_CURVE('',#6545,#6546,#936,.T.);
#5616=EDGE_CURVE('',#6545,#6547,#937,.T.);
#5617=EDGE_CURVE('',#6547,#6548,#938,.T.);
#5618=EDGE_CURVE('',#6546,#6548,#939,.T.);
#5619=EDGE_CURVE('',#6546,#6513,#940,.T.);
#5620=EDGE_CURVE('',#6548,#6514,#941,.T.);
#5621=EDGE_CURVE('',#6547,#6512,#942,.T.);
#5622=EDGE_CURVE('',#6545,#6511,#943,.T.);
#5623=EDGE_CURVE('',#6549,#6550,#944,.T.);
#5624=EDGE_CURVE('',#6549,#6551,#945,.T.);
#5625=EDGE_CURVE('',#6551,#6552,#946,.T.);
#5626=EDGE_CURVE('',#6550,#6552,#947,.T.);
#5627=EDGE_CURVE('',#6550,#6533,#948,.T.);
#5628=EDGE_CURVE('',#6552,#6535,#949,.T.);
#5629=EDGE_CURVE('',#6549,#6553,#950,.T.);
#5630=EDGE_CURVE('',#6553,#6554,#951,.T.);
#5631=EDGE_CURVE('',#6551,#6554,#952,.T.);
#5632=EDGE_CURVE('',#6555,#6556,#953,.T.);
#5633=EDGE_CURVE('',#6555,#6557,#954,.T.);
#5634=EDGE_CURVE('',#6557,#6558,#955,.T.);
#5635=EDGE_CURVE('',#6556,#6558,#956,.T.);
#5636=EDGE_CURVE('',#6556,#6517,#957,.T.);
#5637=EDGE_CURVE('',#6558,#6518,#958,.T.);
#5638=EDGE_CURVE('',#6557,#6516,#959,.T.);
#5639=EDGE_CURVE('',#6555,#6515,#960,.T.);
#5640=EDGE_CURVE('',#6559,#6560,#961,.T.);
#5641=EDGE_CURVE('',#6559,#6561,#962,.T.);
#5642=EDGE_CURVE('',#6561,#6562,#963,.T.);
#5643=EDGE_CURVE('',#6560,#6562,#964,.T.);
#5644=EDGE_CURVE('',#6560,#6521,#965,.T.);
#5645=EDGE_CURVE('',#6562,#6522,#966,.T.);
#5646=EDGE_CURVE('',#6561,#6520,#967,.T.);
#5647=EDGE_CURVE('',#6559,#6519,#968,.T.);
#5648=EDGE_CURVE('',#6563,#6564,#969,.T.);
#5649=EDGE_CURVE('',#6563,#6565,#970,.T.);
#5650=EDGE_CURVE('',#6565,#6566,#971,.T.);
#5651=EDGE_CURVE('',#6564,#6566,#972,.T.);
#5652=EDGE_CURVE('',#6564,#6525,#973,.T.);
#5653=EDGE_CURVE('',#6566,#6526,#974,.T.);
#5654=EDGE_CURVE('',#6565,#6524,#975,.T.);
#5655=EDGE_CURVE('',#6563,#6523,#976,.T.);
#5656=EDGE_CURVE('',#6553,#6567,#977,.T.);
#5657=EDGE_CURVE('',#6567,#6568,#978,.T.);
#5658=EDGE_CURVE('',#6554,#6568,#979,.T.);
#5659=EDGE_CURVE('',#6568,#6536,#980,.T.);
#5660=EDGE_CURVE('',#6567,#6534,#981,.T.);
#5661=EDGE_CURVE('',#6569,#6570,#982,.T.);
#5662=EDGE_CURVE('',#6571,#6569,#983,.T.);
#5663=EDGE_CURVE('',#6571,#6572,#984,.T.);
#5664=EDGE_CURVE('',#6572,#6570,#985,.T.);
#5665=EDGE_CURVE('',#6573,#6574,#986,.T.);
#5666=EDGE_CURVE('',#6573,#6575,#987,.T.);
#5667=EDGE_CURVE('',#6576,#6575,#988,.T.);
#5668=EDGE_CURVE('',#6574,#6576,#989,.T.);
#5669=EDGE_CURVE('',#6570,#6531,#990,.T.);
#5670=EDGE_CURVE('',#6572,#6532,#991,.T.);
#5671=EDGE_CURVE('',#6577,#6578,#992,.T.);
#5672=EDGE_CURVE('',#6574,#6577,#993,.T.);
#5673=EDGE_CURVE('',#6576,#6578,#994,.T.);
#5674=EDGE_CURVE('',#6578,#6579,#995,.T.);
#5675=EDGE_CURVE('',#6575,#6579,#996,.T.);
#5676=EDGE_CURVE('',#6580,#6579,#997,.T.);
#5677=EDGE_CURVE('',#6573,#6580,#998,.T.);
#5678=EDGE_CURVE('',#6580,#6577,#999,.T.);
#5679=EDGE_CURVE('',#6571,#6529,#1000,.T.);
#5680=EDGE_CURVE('',#6569,#6530,#1001,.T.);
#5681=EDGE_CURVE('',#6581,#6582,#1002,.T.);
#5682=EDGE_CURVE('',#6581,#6540,#1003,.T.);
#5683=EDGE_CURVE('',#6582,#6539,#1004,.T.);
#5684=EDGE_CURVE('',#6538,#6583,#1005,.T.);
#5685=EDGE_CURVE('',#6581,#6583,#1006,.T.);
#5686=EDGE_CURVE('',#6584,#6584,#6853,.T.);
#5687=EDGE_CURVE('',#6585,#6585,#6854,.T.);
#5688=EDGE_CURVE('',#6586,#6586,#6855,.T.);
#5689=EDGE_CURVE('',#6587,#6587,#6856,.T.);
#5690=EDGE_CURVE('',#6582,#6588,#1007,.T.);
#5691=EDGE_CURVE('',#6588,#6583,#1008,.T.);
#5692=EDGE_CURVE('',#6588,#6537,#1009,.T.);
#5693=EDGE_CURVE('',#6589,#6589,#6857,.T.);
#5694=EDGE_CURVE('',#6590,#6590,#6858,.F.);
#5695=EDGE_CURVE('',#6591,#6591,#6859,.T.);
#5696=EDGE_CURVE('',#6592,#6592,#6860,.T.);
#5697=EDGE_CURVE('',#6593,#6594,#1010,.T.);
#5698=EDGE_CURVE('',#6593,#6595,#1011,.T.);
#5699=EDGE_CURVE('',#6595,#6596,#1012,.T.);
#5700=EDGE_CURVE('',#6596,#6597,#1013,.T.);
#5701=EDGE_CURVE('',#6598,#6597,#1014,.T.);
#5702=EDGE_CURVE('',#6599,#6598,#1015,.T.);
#5703=EDGE_CURVE('',#6599,#6600,#1016,.T.);
#5704=EDGE_CURVE('',#6600,#6594,#1017,.F.);
#5705=EDGE_CURVE('',#6601,#6601,#6861,.F.);
#5706=EDGE_CURVE('',#6602,#6602,#6862,.F.);
#5707=EDGE_CURVE('',#6603,#6603,#6863,.T.);
#5708=EDGE_CURVE('',#6604,#6604,#6864,.T.);
#5709=EDGE_CURVE('',#6605,#6605,#6865,.T.);
#5710=EDGE_CURVE('',#6606,#6607,#1018,.T.);
#5711=EDGE_CURVE('',#6608,#6607,#1019,.T.);
#5712=EDGE_CURVE('',#6609,#6608,#1020,.T.);
#5713=EDGE_CURVE('',#6609,#6606,#1021,.T.);
#5714=EDGE_CURVE('',#6610,#6610,#6866,.T.);
#5715=EDGE_CURVE('',#6608,#6598,#1022,.T.);
#5716=EDGE_CURVE('',#6607,#6599,#1023,.T.);
#5717=EDGE_CURVE('',#6595,#6600,#6867,.T.);
#5718=EDGE_CURVE('',#6606,#6596,#1024,.T.);
#5719=EDGE_CURVE('',#6609,#6597,#1025,.T.);
#5720=EDGE_CURVE('',#6594,#6593,#6868,.T.);
#5721=EDGE_CURVE('',#6611,#6611,#6869,.T.);
#5722=EDGE_CURVE('',#6612,#6612,#6870,.F.);
#5723=EDGE_CURVE('',#6613,#6613,#6871,.T.);
#5724=EDGE_CURVE('',#6614,#6614,#6872,.F.);
#5725=EDGE_CURVE('',#6615,#6616,#1026,.T.);
#5726=EDGE_CURVE('',#6616,#6617,#1027,.T.);
#5727=EDGE_CURVE('',#6618,#6617,#1028,.T.);
#5728=EDGE_CURVE('',#6618,#6615,#1029,.T.);
#5729=EDGE_CURVE('',#6617,#6619,#1030,.T.);
#5730=EDGE_CURVE('',#6620,#6619,#1031,.T.);
#5731=EDGE_CURVE('',#6620,#6618,#1032,.T.);
#5732=EDGE_CURVE('',#6620,#6621,#1033,.T.);
#5733=EDGE_CURVE('',#6621,#6615,#1034,.T.);
#5734=EDGE_CURVE('',#6616,#6622,#1035,.T.);
#5735=EDGE_CURVE('',#6621,#6622,#1036,.T.);
#5736=EDGE_CURVE('',#6619,#6622,#1037,.T.);
#5737=EDGE_CURVE('',#6623,#6624,#1038,.T.);
#5738=EDGE_CURVE('',#6623,#6625,#1039,.T.);
#5739=EDGE_CURVE('',#6625,#6626,#1040,.T.);
#5740=EDGE_CURVE('',#6626,#6627,#1041,.T.);
#5741=EDGE_CURVE('',#6628,#6627,#6873,.T.);
#5742=EDGE_CURVE('',#6628,#6624,#1042,.T.);
#5743=EDGE_CURVE('',#6629,#6630,#1043,.T.);
#5744=EDGE_CURVE('',#6629,#6631,#1044,.T.);
#5745=EDGE_CURVE('',#6632,#6631,#1045,.T.);
#5746=EDGE_CURVE('',#6630,#6632,#1046,.T.);
#5747=EDGE_CURVE('',#6629,#6623,#1047,.T.);
#5748=EDGE_CURVE('',#6624,#6631,#1048,.T.);
#5749=EDGE_CURVE('',#6633,#6628,#1049,.T.);
#5750=EDGE_CURVE('',#6633,#6634,#1050,.T.);
#5751=EDGE_CURVE('',#6627,#6634,#1051,.F.);
#5752=EDGE_CURVE('',#6626,#6632,#1052,.T.);
#5753=EDGE_CURVE('',#6630,#6625,#1053,.T.);
#5754=EDGE_CURVE('',#6633,#6634,#6874,.T.);
#5755=EDGE_CURVE('',#6635,#6636,#6875,.T.);
#5756=EDGE_CURVE('',#6635,#6636,#6876,.T.);
#5757=EDGE_CURVE('',#6637,#6638,#1054,.T.);
#5758=EDGE_CURVE('',#6637,#6639,#1055,.T.);
#5759=EDGE_CURVE('',#6639,#6640,#1056,.T.);
#5760=EDGE_CURVE('',#6638,#6640,#1057,.T.);
#5761=EDGE_CURVE('',#6641,#6642,#1058,.T.);
#5762=EDGE_CURVE('',#6642,#6643,#1059,.T.);
#5763=EDGE_CURVE('',#6644,#6643,#1060,.T.);
#5764=EDGE_CURVE('',#6641,#6644,#1061,.T.);
#5765=EDGE_CURVE('',#6645,#6646,#1062,.T.);
#5766=EDGE_CURVE('',#6646,#6647,#1063,.T.);
#5767=EDGE_CURVE('',#6647,#6648,#1064,.T.);
#5768=EDGE_CURVE('',#6648,#6645,#1065,.T.);
#5769=EDGE_CURVE('',#6649,#6650,#1066,.T.);
#5770=EDGE_CURVE('',#6649,#6651,#1067,.T.);
#5771=EDGE_CURVE('',#6651,#6652,#1068,.T.);
#5772=EDGE_CURVE('',#6650,#6652,#1069,.T.);
#5773=EDGE_CURVE('',#6653,#6654,#1070,.T.);
#5774=EDGE_CURVE('',#6653,#6655,#1071,.T.);
#5775=EDGE_CURVE('',#6655,#6656,#1072,.T.);
#5776=EDGE_CURVE('',#6654,#6656,#1073,.T.);
#5777=EDGE_CURVE('',#6657,#6658,#1074,.T.);
#5778=EDGE_CURVE('',#6657,#6659,#1075,.T.);
#5779=EDGE_CURVE('',#6659,#6660,#1076,.T.);
#5780=EDGE_CURVE('',#6658,#6660,#1077,.T.);
#5781=EDGE_CURVE('',#6661,#6662,#1078,.T.);
#5782=EDGE_CURVE('',#6661,#6663,#1079,.T.);
#5783=EDGE_CURVE('',#6663,#6664,#1080,.T.);
#5784=EDGE_CURVE('',#6662,#6664,#1081,.T.);
#5785=EDGE_CURVE('',#6665,#6666,#1082,.T.);
#5786=EDGE_CURVE('',#6665,#6667,#1083,.T.);
#5787=EDGE_CURVE('',#6667,#6668,#1084,.T.);
#5788=EDGE_CURVE('',#6666,#6668,#1085,.T.);
#5789=EDGE_CURVE('',#6669,#6670,#6877,.T.);
#5790=EDGE_CURVE('',#6670,#6669,#6878,.T.);
#5791=EDGE_CURVE('',#6647,#6671,#1086,.T.);
#5792=EDGE_CURVE('',#6671,#6672,#1087,.T.);
#5793=EDGE_CURVE('',#6672,#6648,#1088,.T.);
#5794=EDGE_CURVE('',#6673,#6673,#6879,.T.);
#5795=EDGE_CURVE('',#6674,#6675,#6880,.T.);
#5796=EDGE_CURVE('',#6675,#6674,#6881,.T.);
#5797=EDGE_CURVE('',#6676,#6677,#6882,.T.);
#5798=EDGE_CURVE('',#6677,#6676,#6883,.T.);
#5799=EDGE_CURVE('',#6678,#6671,#1089,.T.);
#5800=EDGE_CURVE('',#6678,#6679,#1090,.T.);
#5801=EDGE_CURVE('',#6672,#6679,#1091,.T.);
#5802=EDGE_CURVE('',#6678,#6646,#1092,.T.);
#5803=EDGE_CURVE('',#6679,#6645,#1093,.T.);
#5804=EDGE_CURVE('',#6680,#6681,#1094,.T.);
#5805=EDGE_CURVE('',#6680,#6682,#1095,.T.);
#5806=EDGE_CURVE('',#6682,#6683,#1096,.T.);
#5807=EDGE_CURVE('',#6681,#6683,#1097,.T.);
#5808=EDGE_CURVE('',#6681,#6667,#1098,.T.);
#5809=EDGE_CURVE('',#6683,#6668,#1099,.T.);
#5810=EDGE_CURVE('',#6682,#6666,#1100,.T.);
#5811=EDGE_CURVE('',#6680,#6665,#1101,.T.);
#5812=EDGE_CURVE('',#6684,#6685,#1102,.T.);
#5813=EDGE_CURVE('',#6684,#6686,#1103,.T.);
#5814=EDGE_CURVE('',#6686,#6687,#1104,.T.);
#5815=EDGE_CURVE('',#6685,#6687,#1105,.T.);
#5816=EDGE_CURVE('',#6685,#6663,#1106,.T.);
#5817=EDGE_CURVE('',#6687,#6664,#1107,.T.);
#5818=EDGE_CURVE('',#6686,#6662,#1108,.T.);
#5819=EDGE_CURVE('',#6684,#6661,#1109,.T.);
#5820=EDGE_CURVE('',#6688,#6689,#1110,.T.);
#5821=EDGE_CURVE('',#6688,#6690,#1111,.T.);
#5822=EDGE_CURVE('',#6690,#6691,#1112,.T.);
#5823=EDGE_CURVE('',#6689,#6691,#1113,.T.);
#5824=EDGE_CURVE('',#6689,#6637,#1114,.T.);
#5825=EDGE_CURVE('',#6691,#6639,#1115,.T.);
#5826=EDGE_CURVE('',#6688,#6692,#1116,.T.);
#5827=EDGE_CURVE('',#6692,#6693,#1117,.T.);
#5828=EDGE_CURVE('',#6690,#6693,#1118,.T.);
#5829=EDGE_CURVE('',#6694,#6695,#1119,.T.);
#5830=EDGE_CURVE('',#6694,#6696,#1120,.T.);
#5831=EDGE_CURVE('',#6696,#6697,#1121,.T.);
#5832=EDGE_CURVE('',#6695,#6697,#1122,.T.);
#5833=EDGE_CURVE('',#6695,#6659,#1123,.T.);
#5834=EDGE_CURVE('',#6697,#6660,#1124,.T.);
#5835=EDGE_CURVE('',#6696,#6658,#1125,.T.);
#5836=EDGE_CURVE('',#6694,#6657,#1126,.T.);
#5837=EDGE_CURVE('',#6698,#6699,#1127,.T.);
#5838=EDGE_CURVE('',#6698,#6700,#1128,.T.);
#5839=EDGE_CURVE('',#6700,#6701,#1129,.T.);
#5840=EDGE_CURVE('',#6699,#6701,#1130,.T.);
#5841=EDGE_CURVE('',#6699,#6655,#1131,.T.);
#5842=EDGE_CURVE('',#6701,#6656,#1132,.T.);
#5843=EDGE_CURVE('',#6700,#6654,#1133,.T.);
#5844=EDGE_CURVE('',#6698,#6653,#1134,.T.);
#5845=EDGE_CURVE('',#6702,#6703,#1135,.T.);
#5846=EDGE_CURVE('',#6702,#6704,#1136,.T.);
#5847=EDGE_CURVE('',#6704,#6705,#1137,.T.);
#5848=EDGE_CURVE('',#6703,#6705,#1138,.T.);
#5849=EDGE_CURVE('',#6703,#6651,#1139,.T.);
#5850=EDGE_CURVE('',#6705,#6652,#1140,.T.);
#5851=EDGE_CURVE('',#6704,#6650,#1141,.T.);
#5852=EDGE_CURVE('',#6702,#6649,#1142,.T.);
#5853=EDGE_CURVE('',#6692,#6706,#1143,.T.);
#5854=EDGE_CURVE('',#6706,#6707,#1144,.T.);
#5855=EDGE_CURVE('',#6693,#6707,#1145,.T.);
#5856=EDGE_CURVE('',#6707,#6640,#1146,.T.);
#5857=EDGE_CURVE('',#6706,#6638,#1147,.T.);
#5858=EDGE_CURVE('',#6708,#6709,#1148,.T.);
#5859=EDGE_CURVE('',#6710,#6708,#1149,.T.);
#5860=EDGE_CURVE('',#6710,#6711,#1150,.T.);
#5861=EDGE_CURVE('',#6711,#6709,#1151,.T.);
#5862=EDGE_CURVE('',#6712,#6713,#1152,.T.);
#5863=EDGE_CURVE('',#6712,#6714,#1153,.T.);
#5864=EDGE_CURVE('',#6715,#6714,#1154,.T.);
#5865=EDGE_CURVE('',#6713,#6715,#1155,.T.);
#5866=EDGE_CURVE('',#6709,#6643,#1156,.T.);
#5867=EDGE_CURVE('',#6711,#6644,#1157,.T.);
#5868=EDGE_CURVE('',#6716,#6717,#1158,.T.);
#5869=EDGE_CURVE('',#6713,#6716,#1159,.T.);
#5870=EDGE_CURVE('',#6715,#6717,#1160,.T.);
#5871=EDGE_CURVE('',#6717,#6718,#1161,.T.);
#5872=EDGE_CURVE('',#6714,#6718,#1162,.T.);
#5873=EDGE_CURVE('',#6719,#6718,#1163,.T.);
#5874=EDGE_CURVE('',#6712,#6719,#1164,.T.);
#5875=EDGE_CURVE('',#6719,#6716,#1165,.T.);
#5876=EDGE_CURVE('',#6710,#6641,#1166,.T.);
#5877=EDGE_CURVE('',#6708,#6642,#1167,.T.);
#5878=EDGE_CURVE('',#6674,#6670,#1168,.T.);
#5879=EDGE_CURVE('',#6669,#6675,#1169,.F.);
#5880=EDGE_CURVE('',#6676,#6636,#1170,.T.);
#5881=EDGE_CURVE('',#6635,#6677,#1171,.F.);
#5882=EDGE_CURVE('',#6720,#6720,#6884,.T.);
#5883=EDGE_CURVE('',#6721,#6722,#1172,.T.);
#5884=EDGE_CURVE('',#6721,#6723,#1173,.T.);
#5885=EDGE_CURVE('',#6724,#6723,#1174,.T.);
#5886=EDGE_CURVE('',#6722,#6724,#1175,.T.);
#5887=EDGE_CURVE('',#6725,#6726,#1176,.T.);
#5888=EDGE_CURVE('',#6725,#6727,#1177,.T.);
#5889=EDGE_CURVE('',#6727,#6728,#1178,.T.);
#5890=EDGE_CURVE('',#6728,#6726,#1179,.T.);
#5891=EDGE_CURVE('',#6722,#6727,#1180,.T.);
#5892=EDGE_CURVE('',#6724,#6728,#1181,.T.);
#5893=EDGE_CURVE('',#6723,#6726,#1182,.T.);
#5894=EDGE_CURVE('',#6725,#6721,#1183,.T.);
#5895=VERTEX_POINT('',#11570);
#5896=VERTEX_POINT('',#11573);
#5897=VERTEX_POINT('',#11578);
#5898=VERTEX_POINT('',#11580);
#5899=VERTEX_POINT('',#11582);
#5900=VERTEX_POINT('',#11584);
#5901=VERTEX_POINT('',#11586);
#5902=VERTEX_POINT('',#11587);
#5903=VERTEX_POINT('',#11589);
#5904=VERTEX_POINT('',#11591);
#5905=VERTEX_POINT('',#11593);
#5906=VERTEX_POINT('',#11595);
#5907=VERTEX_POINT('',#11597);
#5908=VERTEX_POINT('',#11599);
#5909=VERTEX_POINT('',#11601);
#5910=VERTEX_POINT('',#11603);
#5911=VERTEX_POINT('',#11605);
#5912=VERTEX_POINT('',#11607);
#5913=VERTEX_POINT('',#11610);
#5914=VERTEX_POINT('',#11611);
#5915=VERTEX_POINT('',#11613);
#5916=VERTEX_POINT('',#11615);
#5917=VERTEX_POINT('',#11619);
#5918=VERTEX_POINT('',#11620);
#5919=VERTEX_POINT('',#11622);
#5920=VERTEX_POINT('',#11624);
#5921=VERTEX_POINT('',#11628);
#5922=VERTEX_POINT('',#11630);
#5923=VERTEX_POINT('',#11631);
#5924=VERTEX_POINT('',#11636);
#5925=VERTEX_POINT('',#11638);
#5926=VERTEX_POINT('',#11640);
#5927=VERTEX_POINT('',#11642);
#5928=VERTEX_POINT('',#11644);
#5929=VERTEX_POINT('',#11648);
#5930=VERTEX_POINT('',#11649);
#5931=VERTEX_POINT('',#11651);
#5932=VERTEX_POINT('',#11653);
#5933=VERTEX_POINT('',#11657);
#5934=VERTEX_POINT('',#11659);
#5935=VERTEX_POINT('',#11661);
#5936=VERTEX_POINT('',#11665);
#5937=VERTEX_POINT('',#11667);
#5938=VERTEX_POINT('',#11668);
#5939=VERTEX_POINT('',#11671);
#5940=VERTEX_POINT('',#11673);
#5941=VERTEX_POINT('',#11677);
#5942=VERTEX_POINT('',#11679);
#5943=VERTEX_POINT('',#11682);
#5944=VERTEX_POINT('',#11683);
#5945=VERTEX_POINT('',#11685);
#5946=VERTEX_POINT('',#11687);
#5947=VERTEX_POINT('',#11693);
#5948=VERTEX_POINT('',#11695);
#5949=VERTEX_POINT('',#11701);
#5950=VERTEX_POINT('',#11702);
#5951=VERTEX_POINT('',#11704);
#5952=VERTEX_POINT('',#11706);
#5953=VERTEX_POINT('',#11708);
#5954=VERTEX_POINT('',#11710);
#5955=VERTEX_POINT('',#11712);
#5956=VERTEX_POINT('',#11714);
#5957=VERTEX_POINT('',#11717);
#5958=VERTEX_POINT('',#11718);
#5959=VERTEX_POINT('',#11720);
#5960=VERTEX_POINT('',#11722);
#5961=VERTEX_POINT('',#11724);
#5962=VERTEX_POINT('',#11728);
#5963=VERTEX_POINT('',#11730);
#5964=VERTEX_POINT('',#11732);
#5965=VERTEX_POINT('',#11736);
#5966=VERTEX_POINT('',#11740);
#5967=VERTEX_POINT('',#11742);
#5968=VERTEX_POINT('',#11746);
#5969=VERTEX_POINT('',#11748);
#5970=VERTEX_POINT('',#11752);
#5971=VERTEX_POINT('',#11756);
#5972=VERTEX_POINT('',#11760);
#5973=VERTEX_POINT('',#11764);
#5974=VERTEX_POINT('',#11768);
#5975=VERTEX_POINT('',#11770);
#5976=VERTEX_POINT('',#11772);
#5977=VERTEX_POINT('',#11775);
#5978=VERTEX_POINT('',#11776);
#5979=VERTEX_POINT('',#11778);
#5980=VERTEX_POINT('',#11780);
#5981=VERTEX_POINT('',#11782);
#5982=VERTEX_POINT('',#11786);
#5983=VERTEX_POINT('',#11788);
#5984=VERTEX_POINT('',#11790);
#5985=VERTEX_POINT('',#11794);
#5986=VERTEX_POINT('',#11798);
#5987=VERTEX_POINT('',#11800);
#5988=VERTEX_POINT('',#11804);
#5989=VERTEX_POINT('',#11806);
#5990=VERTEX_POINT('',#11810);
#5991=VERTEX_POINT('',#11814);
#5992=VERTEX_POINT('',#11818);
#5993=VERTEX_POINT('',#11822);
#5994=VERTEX_POINT('',#11826);
#5995=VERTEX_POINT('',#11828);
#5996=VERTEX_POINT('',#11830);
#5997=VERTEX_POINT('',#11833);
#5998=VERTEX_POINT('',#11835);
#5999=VERTEX_POINT('',#11837);
#6000=VERTEX_POINT('',#11841);
#6001=VERTEX_POINT('',#11843);
#6002=VERTEX_POINT('',#11847);
#6003=VERTEX_POINT('',#11848);
#6004=VERTEX_POINT('',#11852);
#6005=VERTEX_POINT('',#11856);
#6006=VERTEX_POINT('',#11860);
#6007=VERTEX_POINT('',#11862);
#6008=VERTEX_POINT('',#11864);
#6009=VERTEX_POINT('',#11868);
#6010=VERTEX_POINT('',#11872);
#6011=VERTEX_POINT('',#11874);
#6012=VERTEX_POINT('',#11878);
#6013=VERTEX_POINT('',#11882);
#6014=VERTEX_POINT('',#11886);
#6015=VERTEX_POINT('',#11890);
#6016=VERTEX_POINT('',#11894);
#6017=VERTEX_POINT('',#11899);
#6018=VERTEX_POINT('',#11900);
#6019=VERTEX_POINT('',#11902);
#6020=VERTEX_POINT('',#11904);
#6021=VERTEX_POINT('',#11906);
#6022=VERTEX_POINT('',#11908);
#6023=VERTEX_POINT('',#11910);
#6024=VERTEX_POINT('',#11915);
#6025=VERTEX_POINT('',#11916);
#6026=VERTEX_POINT('',#11920);
#6027=VERTEX_POINT('',#11924);
#6028=VERTEX_POINT('',#11928);
#6029=VERTEX_POINT('',#11930);
#6030=VERTEX_POINT('',#11932);
#6031=VERTEX_POINT('',#11934);
#6032=VERTEX_POINT('',#11938);
#6033=VERTEX_POINT('',#11942);
#6034=VERTEX_POINT('',#11946);
#6035=VERTEX_POINT('',#11950);
#6036=VERTEX_POINT('',#11954);
#6037=VERTEX_POINT('',#11958);
#6038=VERTEX_POINT('',#11962);
#6039=VERTEX_POINT('',#11966);
#6040=VERTEX_POINT('',#11970);
#6041=VERTEX_POINT('',#11972);
#6042=VERTEX_POINT('',#11974);
#6043=VERTEX_POINT('',#11978);
#6044=VERTEX_POINT('',#11982);
#6045=VERTEX_POINT('',#11986);
#6046=VERTEX_POINT('',#11990);
#6047=VERTEX_POINT('',#11994);
#6048=VERTEX_POINT('',#11998);
#6049=VERTEX_POINT('',#12005);
#6050=VERTEX_POINT('',#12007);
#6051=VERTEX_POINT('',#12011);
#6052=VERTEX_POINT('',#12012);
#6053=VERTEX_POINT('',#12014);
#6054=VERTEX_POINT('',#12016);
#6055=VERTEX_POINT('',#12023);
#6056=VERTEX_POINT('',#12025);
#6057=VERTEX_POINT('',#12031);
#6058=VERTEX_POINT('',#12032);
#6059=VERTEX_POINT('',#12037);
#6060=VERTEX_POINT('',#12038);
#6061=VERTEX_POINT('',#12040);
#6062=VERTEX_POINT('',#12042);
#6063=VERTEX_POINT('',#12047);
#6064=VERTEX_POINT('',#12059);
#6065=VERTEX_POINT('',#12061);
#6066=VERTEX_POINT('',#12063);
#6067=VERTEX_POINT('',#12067);
#6068=VERTEX_POINT('',#12069);
#6069=VERTEX_POINT('',#12073);
#6070=VERTEX_POINT('',#12081);
#6071=VERTEX_POINT('',#12082);
#6072=VERTEX_POINT('',#12084);
#6073=VERTEX_POINT('',#12086);
#6074=VERTEX_POINT('',#12090);
#6075=VERTEX_POINT('',#12095);
#6076=VERTEX_POINT('',#12103);
#6077=VERTEX_POINT('',#12107);
#6078=VERTEX_POINT('',#12111);
#6079=VERTEX_POINT('',#12114);
#6080=VERTEX_POINT('',#12118);
#6081=VERTEX_POINT('',#12126);
#6082=VERTEX_POINT('',#12130);
#6083=VERTEX_POINT('',#12134);
#6084=VERTEX_POINT('',#12138);
#6085=VERTEX_POINT('',#12140);
#6086=VERTEX_POINT('',#12144);
#6087=VERTEX_POINT('',#12148);
#6088=VERTEX_POINT('',#12152);
#6089=VERTEX_POINT('',#12156);
#6090=VERTEX_POINT('',#12167);
#6091=VERTEX_POINT('',#12180);
#6092=VERTEX_POINT('',#12193);
#6093=VERTEX_POINT('',#12206);
#6094=VERTEX_POINT('',#12219);
#6095=VERTEX_POINT('',#12225);
#6096=VERTEX_POINT('',#12236);
#6097=VERTEX_POINT('',#12242);
#6098=VERTEX_POINT('',#12253);
#6099=VERTEX_POINT('',#12266);
#6100=VERTEX_POINT('',#12272);
#6101=VERTEX_POINT('',#12276);
#6102=VERTEX_POINT('',#12287);
#6103=VERTEX_POINT('',#12293);
#6104=VERTEX_POINT('',#12300);
#6105=VERTEX_POINT('',#12302);
#6106=VERTEX_POINT('',#12306);
#6107=VERTEX_POINT('',#12310);
#6108=VERTEX_POINT('',#12314);
#6109=VERTEX_POINT('',#12318);
#6110=VERTEX_POINT('',#12329);
#6111=VERTEX_POINT('',#12342);
#6112=VERTEX_POINT('',#12355);
#6113=VERTEX_POINT('',#12368);
#6114=VERTEX_POINT('',#12381);
#6115=VERTEX_POINT('',#12387);
#6116=VERTEX_POINT('',#12398);
#6117=VERTEX_POINT('',#12404);
#6118=VERTEX_POINT('',#12415);
#6119=VERTEX_POINT('',#12428);
#6120=VERTEX_POINT('',#12434);
#6121=VERTEX_POINT('',#12438);
#6122=VERTEX_POINT('',#12449);
#6123=VERTEX_POINT('',#12455);
#6124=VERTEX_POINT('',#12471);
#6125=VERTEX_POINT('',#12472);
#6126=VERTEX_POINT('',#12474);
#6127=VERTEX_POINT('',#12478);
#6128=VERTEX_POINT('',#12482);
#6129=VERTEX_POINT('',#12484);
#6130=VERTEX_POINT('',#12488);
#6131=VERTEX_POINT('',#12490);
#6132=VERTEX_POINT('',#12494);
#6133=VERTEX_POINT('',#12496);
#6134=VERTEX_POINT('',#12500);
#6135=VERTEX_POINT('',#12502);
#6136=VERTEX_POINT('',#12506);
#6137=VERTEX_POINT('',#12508);
#6138=VERTEX_POINT('',#12512);
#6139=VERTEX_POINT('',#12514);
#6140=VERTEX_POINT('',#12527);
#6141=VERTEX_POINT('',#12529);
#6142=VERTEX_POINT('',#12544);
#6143=VERTEX_POINT('',#12546);
#6144=VERTEX_POINT('',#12559);
#6145=VERTEX_POINT('',#12563);
#6146=VERTEX_POINT('',#12574);
#6147=VERTEX_POINT('',#12587);
#6148=VERTEX_POINT('',#12600);
#6149=VERTEX_POINT('',#12613);
#6150=VERTEX_POINT('',#12626);
#6151=VERTEX_POINT('',#12639);
#6152=VERTEX_POINT('',#12652);
#6153=VERTEX_POINT('',#12658);
#6154=VERTEX_POINT('',#12669);
#6155=VERTEX_POINT('',#12682);
#6156=VERTEX_POINT('',#12688);
#6157=VERTEX_POINT('',#12692);
#6158=VERTEX_POINT('',#12703);
#6159=VERTEX_POINT('',#12735);
#6160=VERTEX_POINT('',#12737);
#6161=VERTEX_POINT('',#12741);
#6162=VERTEX_POINT('',#12745);
#6163=VERTEX_POINT('',#12749);
#6164=VERTEX_POINT('',#12753);
#6165=VERTEX_POINT('',#12757);
#6166=VERTEX_POINT('',#12771);
#6167=VERTEX_POINT('',#12775);
#6168=VERTEX_POINT('',#12786);
#6169=VERTEX_POINT('',#12799);
#6170=VERTEX_POINT('',#12812);
#6171=VERTEX_POINT('',#12825);
#6172=VERTEX_POINT('',#12838);
#6173=VERTEX_POINT('',#12851);
#6174=VERTEX_POINT('',#12864);
#6175=VERTEX_POINT('',#12877);
#6176=VERTEX_POINT('',#12883);
#6177=VERTEX_POINT('',#12887);
#6178=VERTEX_POINT('',#12898);
#6179=VERTEX_POINT('',#12911);
#6180=VERTEX_POINT('',#12924);
#6181=VERTEX_POINT('',#12937);
#6182=VERTEX_POINT('',#12950);
#6183=VERTEX_POINT('',#12963);
#6184=VERTEX_POINT('',#12976);
#6185=VERTEX_POINT('',#12989);
#6186=VERTEX_POINT('',#13002);
#6187=VERTEX_POINT('',#13008);
#6188=VERTEX_POINT('',#13012);
#6189=VERTEX_POINT('',#13016);
#6190=VERTEX_POINT('',#13027);
#6191=VERTEX_POINT('',#13045);
#6192=VERTEX_POINT('',#13046);
#6193=VERTEX_POINT('',#13048);
#6194=VERTEX_POINT('',#13050);
#6195=VERTEX_POINT('',#13054);
#6196=VERTEX_POINT('',#13056);
#6197=VERTEX_POINT('',#13060);
#6198=VERTEX_POINT('',#13062);
#6199=VERTEX_POINT('',#13066);
#6200=VERTEX_POINT('',#13068);
#6201=VERTEX_POINT('',#13072);
#6202=VERTEX_POINT('',#13074);
#6203=VERTEX_POINT('',#13078);
#6204=VERTEX_POINT('',#13082);
#6205=VERTEX_POINT('',#13086);
#6206=VERTEX_POINT('',#13090);
#6207=VERTEX_POINT('',#13094);
#6208=VERTEX_POINT('',#13098);
#6209=VERTEX_POINT('',#13117);
#6210=VERTEX_POINT('',#13118);
#6211=VERTEX_POINT('',#13120);
#6212=VERTEX_POINT('',#13122);
#6213=VERTEX_POINT('',#13124);
#6214=VERTEX_POINT('',#13126);
#6215=VERTEX_POINT('',#13128);
#6216=VERTEX_POINT('',#13130);
#6217=VERTEX_POINT('',#13133);
#6218=VERTEX_POINT('',#13134);
#6219=VERTEX_POINT('',#13136);
#6220=VERTEX_POINT('',#13138);
#6221=VERTEX_POINT('',#13140);
#6222=VERTEX_POINT('',#13144);
#6223=VERTEX_POINT('',#13146);
#6224=VERTEX_POINT('',#13148);
#6225=VERTEX_POINT('',#13152);
#6226=VERTEX_POINT('',#13156);
#6227=VERTEX_POINT('',#13158);
#6228=VERTEX_POINT('',#13162);
#6229=VERTEX_POINT('',#13164);
#6230=VERTEX_POINT('',#13168);
#6231=VERTEX_POINT('',#13172);
#6232=VERTEX_POINT('',#13176);
#6233=VERTEX_POINT('',#13180);
#6234=VERTEX_POINT('',#13184);
#6235=VERTEX_POINT('',#13186);
#6236=VERTEX_POINT('',#13188);
#6237=VERTEX_POINT('',#13191);
#6238=VERTEX_POINT('',#13192);
#6239=VERTEX_POINT('',#13194);
#6240=VERTEX_POINT('',#13196);
#6241=VERTEX_POINT('',#13198);
#6242=VERTEX_POINT('',#13202);
#6243=VERTEX_POINT('',#13204);
#6244=VERTEX_POINT('',#13206);
#6245=VERTEX_POINT('',#13210);
#6246=VERTEX_POINT('',#13214);
#6247=VERTEX_POINT('',#13216);
#6248=VERTEX_POINT('',#13220);
#6249=VERTEX_POINT('',#13222);
#6250=VERTEX_POINT('',#13226);
#6251=VERTEX_POINT('',#13230);
#6252=VERTEX_POINT('',#13234);
#6253=VERTEX_POINT('',#13238);
#6254=VERTEX_POINT('',#13242);
#6255=VERTEX_POINT('',#13244);
#6256=VERTEX_POINT('',#13246);
#6257=VERTEX_POINT('',#13249);
#6258=VERTEX_POINT('',#13251);
#6259=VERTEX_POINT('',#13253);
#6260=VERTEX_POINT('',#13255);
#6261=VERTEX_POINT('',#13257);
#6262=VERTEX_POINT('',#13261);
#6263=VERTEX_POINT('',#13262);
#6264=VERTEX_POINT('',#13266);
#6265=VERTEX_POINT('',#13270);
#6266=VERTEX_POINT('',#13274);
#6267=VERTEX_POINT('',#13276);
#6268=VERTEX_POINT('',#13278);
#6269=VERTEX_POINT('',#13282);
#6270=VERTEX_POINT('',#13286);
#6271=VERTEX_POINT('',#13288);
#6272=VERTEX_POINT('',#13292);
#6273=VERTEX_POINT('',#13296);
#6274=VERTEX_POINT('',#13300);
#6275=VERTEX_POINT('',#13304);
#6276=VERTEX_POINT('',#13308);
#6277=VERTEX_POINT('',#13313);
#6278=VERTEX_POINT('',#13314);
#6279=VERTEX_POINT('',#13316);
#6280=VERTEX_POINT('',#13318);
#6281=VERTEX_POINT('',#13320);
#6282=VERTEX_POINT('',#13322);
#6283=VERTEX_POINT('',#13324);
#6284=VERTEX_POINT('',#13329);
#6285=VERTEX_POINT('',#13330);
#6286=VERTEX_POINT('',#13334);
#6287=VERTEX_POINT('',#13338);
#6288=VERTEX_POINT('',#13342);
#6289=VERTEX_POINT('',#13344);
#6290=VERTEX_POINT('',#13346);
#6291=VERTEX_POINT('',#13348);
#6292=VERTEX_POINT('',#13352);
#6293=VERTEX_POINT('',#13356);
#6294=VERTEX_POINT('',#13360);
#6295=VERTEX_POINT('',#13364);
#6296=VERTEX_POINT('',#13368);
#6297=VERTEX_POINT('',#13372);
#6298=VERTEX_POINT('',#13376);
#6299=VERTEX_POINT('',#13380);
#6300=VERTEX_POINT('',#13384);
#6301=VERTEX_POINT('',#13386);
#6302=VERTEX_POINT('',#13388);
#6303=VERTEX_POINT('',#13392);
#6304=VERTEX_POINT('',#13396);
#6305=VERTEX_POINT('',#13400);
#6306=VERTEX_POINT('',#13404);
#6307=VERTEX_POINT('',#13408);
#6308=VERTEX_POINT('',#13412);
#6309=VERTEX_POINT('',#13417);
#6310=VERTEX_POINT('',#13418);
#6311=VERTEX_POINT('',#13420);
#6312=VERTEX_POINT('',#13422);
#6313=VERTEX_POINT('',#13426);
#6314=VERTEX_POINT('',#13427);
#6315=VERTEX_POINT('',#13429);
#6316=VERTEX_POINT('',#13431);
#6317=VERTEX_POINT('',#13434);
#6318=VERTEX_POINT('',#13436);
#6319=VERTEX_POINT('',#13438);
#6320=VERTEX_POINT('',#13440);
#6321=VERTEX_POINT('',#13442);
#6322=VERTEX_POINT('',#13443);
#6323=VERTEX_POINT('',#13445);
#6324=VERTEX_POINT('',#13447);
#6325=VERTEX_POINT('',#13449);
#6326=VERTEX_POINT('',#13451);
#6327=VERTEX_POINT('',#13453);
#6328=VERTEX_POINT('',#13455);
#6329=VERTEX_POINT('',#13457);
#6330=VERTEX_POINT('',#13459);
#6331=VERTEX_POINT('',#13461);
#6332=VERTEX_POINT('',#13463);
#6333=VERTEX_POINT('',#13467);
#6334=VERTEX_POINT('',#13468);
#6335=VERTEX_POINT('',#13470);
#6336=VERTEX_POINT('',#13472);
#6337=VERTEX_POINT('',#13476);
#6338=VERTEX_POINT('',#13478);
#6339=VERTEX_POINT('',#13482);
#6340=VERTEX_POINT('',#13483);
#6341=VERTEX_POINT('',#13490);
#6342=VERTEX_POINT('',#13493);
#6343=VERTEX_POINT('',#13495);
#6344=VERTEX_POINT('',#13497);
#6345=VERTEX_POINT('',#13499);
#6346=VERTEX_POINT('',#13506);
#6347=VERTEX_POINT('',#13508);
#6348=VERTEX_POINT('',#13509);
#6349=VERTEX_POINT('',#13511);
#6350=VERTEX_POINT('',#13513);
#6351=VERTEX_POINT('',#13515);
#6352=VERTEX_POINT('',#13517);
#6353=VERTEX_POINT('',#13519);
#6354=VERTEX_POINT('',#13521);
#6355=VERTEX_POINT('',#13536);
#6356=VERTEX_POINT('',#13538);
#6357=VERTEX_POINT('',#13541);
#6358=VERTEX_POINT('',#13542);
#6359=VERTEX_POINT('',#13544);
#6360=VERTEX_POINT('',#13546);
#6361=VERTEX_POINT('',#13550);
#6362=VERTEX_POINT('',#13553);
#6363=VERTEX_POINT('',#13555);
#6364=VERTEX_POINT('',#13559);
#6365=VERTEX_POINT('',#13563);
#6366=VERTEX_POINT('',#13568);
#6367=VERTEX_POINT('',#13569);
#6368=VERTEX_POINT('',#13571);
#6369=VERTEX_POINT('',#13573);
#6370=VERTEX_POINT('',#13597);
#6371=VERTEX_POINT('',#13601);
#6372=VERTEX_POINT('',#13607);
#6373=VERTEX_POINT('',#13609);
#6374=VERTEX_POINT('',#13613);
#6375=VERTEX_POINT('',#13618);
#6376=VERTEX_POINT('',#13628);
#6377=VERTEX_POINT('',#13630);
#6378=VERTEX_POINT('',#13634);
#6379=VERTEX_POINT('',#13639);
#6380=VERTEX_POINT('',#13653);
#6381=VERTEX_POINT('',#13657);
#6382=VERTEX_POINT('',#13661);
#6383=VERTEX_POINT('',#13663);
#6384=VERTEX_POINT('',#13667);
#6385=VERTEX_POINT('',#13671);
#6386=VERTEX_POINT('',#13675);
#6387=VERTEX_POINT('',#13679);
#6388=VERTEX_POINT('',#13690);
#6389=VERTEX_POINT('',#13703);
#6390=VERTEX_POINT('',#13716);
#6391=VERTEX_POINT('',#13729);
#6392=VERTEX_POINT('',#13742);
#6393=VERTEX_POINT('',#13748);
#6394=VERTEX_POINT('',#13759);
#6395=VERTEX_POINT('',#13765);
#6396=VERTEX_POINT('',#13776);
#6397=VERTEX_POINT('',#13789);
#6398=VERTEX_POINT('',#13795);
#6399=VERTEX_POINT('',#13799);
#6400=VERTEX_POINT('',#13810);
#6401=VERTEX_POINT('',#13816);
#6402=VERTEX_POINT('',#13823);
#6403=VERTEX_POINT('',#13825);
#6404=VERTEX_POINT('',#13829);
#6405=VERTEX_POINT('',#13833);
#6406=VERTEX_POINT('',#13837);
#6407=VERTEX_POINT('',#13841);
#6408=VERTEX_POINT('',#13852);
#6409=VERTEX_POINT('',#13865);
#6410=VERTEX_POINT('',#13878);
#6411=VERTEX_POINT('',#13891);
#6412=VERTEX_POINT('',#13904);
#6413=VERTEX_POINT('',#13910);
#6414=VERTEX_POINT('',#13921);
#6415=VERTEX_POINT('',#13927);
#6416=VERTEX_POINT('',#13938);
#6417=VERTEX_POINT('',#13951);
#6418=VERTEX_POINT('',#13957);
#6419=VERTEX_POINT('',#13961);
#6420=VERTEX_POINT('',#13972);
#6421=VERTEX_POINT('',#13978);
#6422=VERTEX_POINT('',#13994);
#6423=VERTEX_POINT('',#13995);
#6424=VERTEX_POINT('',#13997);
#6425=VERTEX_POINT('',#14001);
#6426=VERTEX_POINT('',#14005);
#6427=VERTEX_POINT('',#14007);
#6428=VERTEX_POINT('',#14011);
#6429=VERTEX_POINT('',#14013);
#6430=VERTEX_POINT('',#14017);
#6431=VERTEX_POINT('',#14019);
#6432=VERTEX_POINT('',#14023);
#6433=VERTEX_POINT('',#14025);
#6434=VERTEX_POINT('',#14029);
#6435=VERTEX_POINT('',#14031);
#6436=VERTEX_POINT('',#14035);
#6437=VERTEX_POINT('',#14037);
#6438=VERTEX_POINT('',#14050);
#6439=VERTEX_POINT('',#14052);
#6440=VERTEX_POINT('',#14067);
#6441=VERTEX_POINT('',#14069);
#6442=VERTEX_POINT('',#14082);
#6443=VERTEX_POINT('',#14086);
#6444=VERTEX_POINT('',#14097);
#6445=VERTEX_POINT('',#14110);
#6446=VERTEX_POINT('',#14123);
#6447=VERTEX_POINT('',#14136);
#6448=VERTEX_POINT('',#14149);
#6449=VERTEX_POINT('',#14162);
#6450=VERTEX_POINT('',#14175);
#6451=VERTEX_POINT('',#14181);
#6452=VERTEX_POINT('',#14192);
#6453=VERTEX_POINT('',#14205);
#6454=VERTEX_POINT('',#14211);
#6455=VERTEX_POINT('',#14215);
#6456=VERTEX_POINT('',#14226);
#6457=VERTEX_POINT('',#14258);
#6458=VERTEX_POINT('',#14260);
#6459=VERTEX_POINT('',#14264);
#6460=VERTEX_POINT('',#14268);
#6461=VERTEX_POINT('',#14272);
#6462=VERTEX_POINT('',#14276);
#6463=VERTEX_POINT('',#14280);
#6464=VERTEX_POINT('',#14294);
#6465=VERTEX_POINT('',#14298);
#6466=VERTEX_POINT('',#14309);
#6467=VERTEX_POINT('',#14322);
#6468=VERTEX_POINT('',#14335);
#6469=VERTEX_POINT('',#14348);
#6470=VERTEX_POINT('',#14361);
#6471=VERTEX_POINT('',#14374);
#6472=VERTEX_POINT('',#14387);
#6473=VERTEX_POINT('',#14400);
#6474=VERTEX_POINT('',#14406);
#6475=VERTEX_POINT('',#14410);
#6476=VERTEX_POINT('',#14421);
#6477=VERTEX_POINT('',#14434);
#6478=VERTEX_POINT('',#14447);
#6479=VERTEX_POINT('',#14460);
#6480=VERTEX_POINT('',#14473);
#6481=VERTEX_POINT('',#14486);
#6482=VERTEX_POINT('',#14499);
#6483=VERTEX_POINT('',#14512);
#6484=VERTEX_POINT('',#14525);
#6485=VERTEX_POINT('',#14531);
#6486=VERTEX_POINT('',#14535);
#6487=VERTEX_POINT('',#14539);
#6488=VERTEX_POINT('',#14550);
#6489=VERTEX_POINT('',#14568);
#6490=VERTEX_POINT('',#14569);
#6491=VERTEX_POINT('',#14571);
#6492=VERTEX_POINT('',#14573);
#6493=VERTEX_POINT('',#14577);
#6494=VERTEX_POINT('',#14579);
#6495=VERTEX_POINT('',#14583);
#6496=VERTEX_POINT('',#14585);
#6497=VERTEX_POINT('',#14589);
#6498=VERTEX_POINT('',#14591);
#6499=VERTEX_POINT('',#14595);
#6500=VERTEX_POINT('',#14597);
#6501=VERTEX_POINT('',#14601);
#6502=VERTEX_POINT('',#14605);
#6503=VERTEX_POINT('',#14609);
#6504=VERTEX_POINT('',#14613);
#6505=VERTEX_POINT('',#14617);
#6506=VERTEX_POINT('',#14621);
#6507=VERTEX_POINT('',#14636);
#6508=VERTEX_POINT('',#14637);
#6509=VERTEX_POINT('',#14639);
#6510=VERTEX_POINT('',#14641);
#6511=VERTEX_POINT('',#14644);
#6512=VERTEX_POINT('',#14645);
#6513=VERTEX_POINT('',#14647);
#6514=VERTEX_POINT('',#14649);
#6515=VERTEX_POINT('',#14652);
#6516=VERTEX_POINT('',#14653);
#6517=VERTEX_POINT('',#14655);
#6518=VERTEX_POINT('',#14657);
#6519=VERTEX_POINT('',#14660);
#6520=VERTEX_POINT('',#14661);
#6521=VERTEX_POINT('',#14663);
#6522=VERTEX_POINT('',#14665);
#6523=VERTEX_POINT('',#14668);
#6524=VERTEX_POINT('',#14669);
#6525=VERTEX_POINT('',#14671);
#6526=VERTEX_POINT('',#14673);
#6527=VERTEX_POINT('',#14676);
#6528=VERTEX_POINT('',#14678);
#6529=VERTEX_POINT('',#14680);
#6530=VERTEX_POINT('',#14681);
#6531=VERTEX_POINT('',#14683);
#6532=VERTEX_POINT('',#14685);
#6533=VERTEX_POINT('',#14688);
#6534=VERTEX_POINT('',#14689);
#6535=VERTEX_POINT('',#14691);
#6536=VERTEX_POINT('',#14693);
#6537=VERTEX_POINT('',#14696);
#6538=VERTEX_POINT('',#14697);
#6539=VERTEX_POINT('',#14699);
#6540=VERTEX_POINT('',#14701);
#6541=VERTEX_POINT('',#14705);
#6542=VERTEX_POINT('',#14706);
#6543=VERTEX_POINT('',#14708);
#6544=VERTEX_POINT('',#14710);
#6545=VERTEX_POINT('',#14722);
#6546=VERTEX_POINT('',#14723);
#6547=VERTEX_POINT('',#14725);
#6548=VERTEX_POINT('',#14727);
#6549=VERTEX_POINT('',#14739);
#6550=VERTEX_POINT('',#14740);
#6551=VERTEX_POINT('',#14742);
#6552=VERTEX_POINT('',#14744);
#6553=VERTEX_POINT('',#14751);
#6554=VERTEX_POINT('',#14753);
#6555=VERTEX_POINT('',#14757);
#6556=VERTEX_POINT('',#14758);
#6557=VERTEX_POINT('',#14760);
#6558=VERTEX_POINT('',#14762);
#6559=VERTEX_POINT('',#14774);
#6560=VERTEX_POINT('',#14775);
#6561=VERTEX_POINT('',#14777);
#6562=VERTEX_POINT('',#14779);
#6563=VERTEX_POINT('',#14791);
#6564=VERTEX_POINT('',#14792);
#6565=VERTEX_POINT('',#14794);
#6566=VERTEX_POINT('',#14796);
#6567=VERTEX_POINT('',#14808);
#6568=VERTEX_POINT('',#14810);
#6569=VERTEX_POINT('',#14819);
#6570=VERTEX_POINT('',#14820);
#6571=VERTEX_POINT('',#14822);
#6572=VERTEX_POINT('',#14824);
#6573=VERTEX_POINT('',#14827);
#6574=VERTEX_POINT('',#14828);
#6575=VERTEX_POINT('',#14830);
#6576=VERTEX_POINT('',#14832);
#6577=VERTEX_POINT('',#14839);
#6578=VERTEX_POINT('',#14840);
#6579=VERTEX_POINT('',#14845);
#6580=VERTEX_POINT('',#14849);
#6581=VERTEX_POINT('',#14860);
#6582=VERTEX_POINT('',#14861);
#6583=VERTEX_POINT('',#14866);
#6584=VERTEX_POINT('',#14870);
#6585=VERTEX_POINT('',#14873);
#6586=VERTEX_POINT('',#14876);
#6587=VERTEX_POINT('',#14878);
#6588=VERTEX_POINT('',#14881);
#6589=VERTEX_POINT('',#14890);
#6590=VERTEX_POINT('',#14893);
#6591=VERTEX_POINT('',#14898);
#6592=VERTEX_POINT('',#14900);
#6593=VERTEX_POINT('',#14902);
#6594=VERTEX_POINT('',#14903);
#6595=VERTEX_POINT('',#14905);
#6596=VERTEX_POINT('',#14907);
#6597=VERTEX_POINT('',#14909);
#6598=VERTEX_POINT('',#14911);
#6599=VERTEX_POINT('',#14913);
#6600=VERTEX_POINT('',#14915);
#6601=VERTEX_POINT('',#14918);
#6602=VERTEX_POINT('',#14920);
#6603=VERTEX_POINT('',#14923);
#6604=VERTEX_POINT('',#14925);
#6605=VERTEX_POINT('',#14927);
#6606=VERTEX_POINT('',#14929);
#6607=VERTEX_POINT('',#14930);
#6608=VERTEX_POINT('',#14932);
#6609=VERTEX_POINT('',#14934);
#6610=VERTEX_POINT('',#14937);
#6611=VERTEX_POINT('',#14957);
#6612=VERTEX_POINT('',#14960);
#6613=VERTEX_POINT('',#14966);
#6614=VERTEX_POINT('',#14969);
#6615=VERTEX_POINT('',#14976);
#6616=VERTEX_POINT('',#14977);
#6617=VERTEX_POINT('',#14979);
#6618=VERTEX_POINT('',#14981);
#6619=VERTEX_POINT('',#14985);
#6620=VERTEX_POINT('',#14987);
#6621=VERTEX_POINT('',#14991);
#6622=VERTEX_POINT('',#14995);
#6623=VERTEX_POINT('',#15003);
#6624=VERTEX_POINT('',#15004);
#6625=VERTEX_POINT('',#15006);
#6626=VERTEX_POINT('',#15008);
#6627=VERTEX_POINT('',#15010);
#6628=VERTEX_POINT('',#15012);
#6629=VERTEX_POINT('',#15016);
#6630=VERTEX_POINT('',#15017);
#6631=VERTEX_POINT('',#15019);
#6632=VERTEX_POINT('',#15021);
#6633=VERTEX_POINT('',#15028);
#6634=VERTEX_POINT('',#15030);
#6635=VERTEX_POINT('',#15046);
#6636=VERTEX_POINT('',#15047);
#6637=VERTEX_POINT('',#15050);
#6638=VERTEX_POINT('',#15051);
#6639=VERTEX_POINT('',#15053);
#6640=VERTEX_POINT('',#15055);
#6641=VERTEX_POINT('',#15058);
#6642=VERTEX_POINT('',#15059);
#6643=VERTEX_POINT('',#15061);
#6644=VERTEX_POINT('',#15063);
#6645=VERTEX_POINT('',#15066);
#6646=VERTEX_POINT('',#15067);
#6647=VERTEX_POINT('',#15069);
#6648=VERTEX_POINT('',#15071);
#6649=VERTEX_POINT('',#15074);
#6650=VERTEX_POINT('',#15075);
#6651=VERTEX_POINT('',#15077);
#6652=VERTEX_POINT('',#15079);
#6653=VERTEX_POINT('',#15082);
#6654=VERTEX_POINT('',#15083);
#6655=VERTEX_POINT('',#15085);
#6656=VERTEX_POINT('',#15087);
#6657=VERTEX_POINT('',#15090);
#6658=VERTEX_POINT('',#15091);
#6659=VERTEX_POINT('',#15093);
#6660=VERTEX_POINT('',#15095);
#6661=VERTEX_POINT('',#15098);
#6662=VERTEX_POINT('',#15099);
#6663=VERTEX_POINT('',#15101);
#6664=VERTEX_POINT('',#15103);
#6665=VERTEX_POINT('',#15106);
#6666=VERTEX_POINT('',#15107);
#6667=VERTEX_POINT('',#15109);
#6668=VERTEX_POINT('',#15111);
#6669=VERTEX_POINT('',#15114);
#6670=VERTEX_POINT('',#15115);
#6671=VERTEX_POINT('',#15119);
#6672=VERTEX_POINT('',#15121);
#6673=VERTEX_POINT('',#15125);
#6674=VERTEX_POINT('',#15127);
#6675=VERTEX_POINT('',#15128);
#6676=VERTEX_POINT('',#15131);
#6677=VERTEX_POINT('',#15132);
#6678=VERTEX_POINT('',#15135);
#6679=VERTEX_POINT('',#15137);
#6680=VERTEX_POINT('',#15144);
#6681=VERTEX_POINT('',#15145);
#6682=VERTEX_POINT('',#15147);
#6683=VERTEX_POINT('',#15149);
#6684=VERTEX_POINT('',#15161);
#6685=VERTEX_POINT('',#15162);
#6686=VERTEX_POINT('',#15164);
#6687=VERTEX_POINT('',#15166);
#6688=VERTEX_POINT('',#15178);
#6689=VERTEX_POINT('',#15179);
#6690=VERTEX_POINT('',#15181);
#6691=VERTEX_POINT('',#15183);
#6692=VERTEX_POINT('',#15190);
#6693=VERTEX_POINT('',#15192);
#6694=VERTEX_POINT('',#15196);
#6695=VERTEX_POINT('',#15197);
#6696=VERTEX_POINT('',#15199);
#6697=VERTEX_POINT('',#15201);
#6698=VERTEX_POINT('',#15213);
#6699=VERTEX_POINT('',#15214);
#6700=VERTEX_POINT('',#15216);
#6701=VERTEX_POINT('',#15218);
#6702=VERTEX_POINT('',#15230);
#6703=VERTEX_POINT('',#15231);
#6704=VERTEX_POINT('',#15233);
#6705=VERTEX_POINT('',#15235);
#6706=VERTEX_POINT('',#15247);
#6707=VERTEX_POINT('',#15249);
#6708=VERTEX_POINT('',#15258);
#6709=VERTEX_POINT('',#15259);
#6710=VERTEX_POINT('',#15261);
#6711=VERTEX_POINT('',#15263);
#6712=VERTEX_POINT('',#15266);
#6713=VERTEX_POINT('',#15267);
#6714=VERTEX_POINT('',#15269);
#6715=VERTEX_POINT('',#15271);
#6716=VERTEX_POINT('',#15278);
#6717=VERTEX_POINT('',#15279);
#6718=VERTEX_POINT('',#15284);
#6719=VERTEX_POINT('',#15288);
#6720=VERTEX_POINT('',#15306);
#6721=VERTEX_POINT('',#15316);
#6722=VERTEX_POINT('',#15317);
#6723=VERTEX_POINT('',#15319);
#6724=VERTEX_POINT('',#15321);
#6725=VERTEX_POINT('',#15325);
#6726=VERTEX_POINT('',#15326);
#6727=VERTEX_POINT('',#15328);
#6728=VERTEX_POINT('',#15330);
#6729=CIRCLE('',#9038,0.001725);
#6730=CIRCLE('',#9040,0.001725);
#6731=CIRCLE('',#9044,0.000889);
#6732=CIRCLE('',#9045,0.000889);
#6733=CIRCLE('',#9046,0.001725);
#6734=CIRCLE('',#9047,0.001725);
#6735=CIRCLE('',#9050,0.001725);
#6736=CIRCLE('',#9052,0.001725);
#6737=CIRCLE('',#9053,0.00155);
#6738=CIRCLE('',#9056,0.001725);
#6739=CIRCLE('',#9058,0.001725);
#6740=CIRCLE('',#9059,0.00155);
#6741=CIRCLE('',#9063,0.00149984655190205);
#6742=CIRCLE('',#9064,0.000975981169833366);
#6743=CIRCLE('',#9065,0.00113947855251459);
#6744=CIRCLE('',#9066,0.00149984655190563);
#6745=CIRCLE('',#9067,0.000975981169833136);
#6746=CIRCLE('',#9068,0.00113947855251428);
#6747=CIRCLE('',#9069,0.001725);
#6748=CIRCLE('',#9070,0.001725);
#6749=CIRCLE('',#9071,0.0013);
#6750=CIRCLE('',#9072,0.00155);
#6751=CIRCLE('',#9073,0.00155);
#6752=CIRCLE('',#9074,0.00132094540009512);
#6753=CIRCLE('',#9075,0.00248211481465531);
#6754=CIRCLE('',#9076,0.00236515553357702);
#6755=CIRCLE('',#9077,0.00228223420819945);
#6756=CIRCLE('',#9080,0.0025);
#6757=CIRCLE('',#9081,0.0025);
#6758=CIRCLE('',#9084,0.00154503035325107);
#6759=CIRCLE('',#9085,0.00155);
#6760=CIRCLE('',#9088,0.00155);
#6761=CIRCLE('',#9094,0.0013);
#6762=CIRCLE('',#9113,0.0020574);
#6763=CIRCLE('',#9119,0.0020574);
#6764=CIRCLE('',#9122,0.000889);
#6765=CIRCLE('',#9125,0.000889);
#6766=CIRCLE('',#9134,0.00113947855251428);
#6767=CIRCLE('',#9136,0.000975981169833136);
#6768=CIRCLE('',#9138,0.00149984655190563);
#6769=CIRCLE('',#9149,0.00113947855251459);
#6770=CIRCLE('',#9151,0.000975981169833366);
#6771=CIRCLE('',#9153,0.00149984655190205);
#6772=CIRCLE('',#9158,0.000650545984210365);
#6773=CIRCLE('',#9159,0.000650545984210365);
#6774=CIRCLE('',#9161,0.00077976393947166);
#6775=CIRCLE('',#9162,0.00077976393947166);
#6776=CIRCLE('',#9164,0.00106581029930203);
#6777=CIRCLE('',#9165,0.00106581029930203);
#6778=CIRCLE('',#9167,0.000543291705979592);
#6779=CIRCLE('',#9168,0.000543291705979592);
#6780=CIRCLE('',#9170,0.000705119820926792);
#6781=CIRCLE('',#9171,0.000705119820926792);
#6782=CIRCLE('',#9173,0.000845126036505951);
#6783=CIRCLE('',#9174,0.000845126036505951);
#6784=CIRCLE('',#9177,0.00132094540009512);
#6785=CIRCLE('',#9190,0.00228223420819945);
#6786=CIRCLE('',#9192,0.00236515553357702);
#6787=CIRCLE('',#9194,0.00248211481465531);
#6788=CIRCLE('',#9201,0.00441360716631786);
#6789=CIRCLE('',#9202,0.00441360716631786);
#6790=CIRCLE('',#9212,0.00566898655062546);
#6791=CIRCLE('',#9213,0.00566898655062546);
#6792=CIRCLE('',#9219,0.00154503035325107);
#6793=CIRCLE('',#9225,0.00149984655190024);
#6794=CIRCLE('',#9226,0.000975981169834237);
#6795=CIRCLE('',#9227,0.0011394785525129);
#6796=CIRCLE('',#9228,0.00149984655189967);
#6797=CIRCLE('',#9229,0.000975981169833485);
#6798=CIRCLE('',#9230,0.00113947855251456);
#6799=CIRCLE('',#9231,0.001725);
#6800=CIRCLE('',#9232,0.001725);
#6801=CIRCLE('',#9233,0.0014195);
#6802=CIRCLE('',#9234,0.00155);
#6803=CIRCLE('',#9235,0.00155);
#6804=CIRCLE('',#9236,0.00132094540009591);
#6805=CIRCLE('',#9237,0.00248211481465591);
#6806=CIRCLE('',#9238,0.00236515553357682);
#6807=CIRCLE('',#9239,0.00228223420819976);
#6808=CIRCLE('',#9241,0.000889);
#6809=CIRCLE('',#9242,0.000889);
#6810=CIRCLE('',#9243,0.001725);
#6811=CIRCLE('',#9244,0.001725);
#6812=CIRCLE('',#9249,0.007675);
#6813=CIRCLE('',#9252,0.0020574);
#6814=CIRCLE('',#9255,0.0025);
#6815=CIRCLE('',#9257,0.001725);
#6816=CIRCLE('',#9258,0.001725);
#6817=CIRCLE('',#9260,0.007555);
#6818=CIRCLE('',#9262,0.007675);
#6819=CIRCLE('',#9263,0.007555);
#6820=CIRCLE('',#9266,0.00155);
#6821=CIRCLE('',#9269,0.00155);
#6822=CIRCLE('',#9280,0.0020574);
#6823=CIRCLE('',#9299,0.000889);
#6824=CIRCLE('',#9302,0.000889);
#6825=CIRCLE('',#9311,0.00113947855251456);
#6826=CIRCLE('',#9313,0.000975981169833485);
#6827=CIRCLE('',#9315,0.00149984655189967);
#6828=CIRCLE('',#9326,0.0011394785525129);
#6829=CIRCLE('',#9328,0.000975981169834237);
#6830=CIRCLE('',#9330,0.00149984655190024);
#6831=CIRCLE('',#9335,0.000650545984210172);
#6832=CIRCLE('',#9336,0.000650545984210172);
#6833=CIRCLE('',#9338,0.00077976393946136);
#6834=CIRCLE('',#9339,0.00077976393946136);
#6835=CIRCLE('',#9341,0.00106581029930207);
#6836=CIRCLE('',#9342,0.00106581029930207);
#6837=CIRCLE('',#9344,0.000543291705979764);
#6838=CIRCLE('',#9345,0.000543291705979764);
#6839=CIRCLE('',#9347,0.000705119820922828);
#6840=CIRCLE('',#9348,0.000705119820922828);
#6841=CIRCLE('',#9350,0.000845126036509079);
#6842=CIRCLE('',#9351,0.000845126036509079);
#6843=CIRCLE('',#9354,0.00132094540009591);
#6844=CIRCLE('',#9367,0.00228223420819976);
#6845=CIRCLE('',#9369,0.00236515553357682);
#6846=CIRCLE('',#9371,0.00248211481465591);
#6847=CIRCLE('',#9378,0.00441360716631267);
#6848=CIRCLE('',#9379,0.00441360716631267);
#6849=CIRCLE('',#9389,0.00566898655060353);
#6850=CIRCLE('',#9390,0.00566898655060353);
#6851=CIRCLE('',#9398,0.00155);
#6852=CIRCLE('',#9399,0.00155);
#6853=CIRCLE('',#9444,0.00155);
#6854=CIRCLE('',#9446,0.00155);
#6855=CIRCLE('',#9448,0.00135);
#6856=CIRCLE('',#9449,0.00135);
#6857=CIRCLE('',#9456,0.001725);
#6858=CIRCLE('',#9458,0.001725);
#6859=CIRCLE('',#9462,0.0015494);
#6860=CIRCLE('',#9463,0.0015494);
#6861=CIRCLE('',#9464,0.0015494);
#6862=CIRCLE('',#9465,0.0015494);
#6863=CIRCLE('',#9467,0.0015494);
#6864=CIRCLE('',#9468,0.0015494);
#6865=CIRCLE('',#9469,0.0015494);
#6866=CIRCLE('',#9470,0.0015494);
#6867=CIRCLE('',#9473,0.00155);
#6868=CIRCLE('',#9477,0.00155);
#6869=CIRCLE('',#9485,0.001725);
#6870=CIRCLE('',#9487,0.001725);
#6871=CIRCLE('',#9492,0.001725);
#6872=CIRCLE('',#9494,0.001725);
#6873=CIRCLE('',#9507,0.00154503035325107);
#6874=CIRCLE('',#9513,0.00154503035325107);
#6875=CIRCLE('',#9522,0.00154503035325107);
#6876=CIRCLE('',#9523,0.00155);
#6877=CIRCLE('',#9524,0.00155);
#6878=CIRCLE('',#9525,0.00155);
#6879=CIRCLE('',#9528,0.00135);
#6880=CIRCLE('',#9529,0.00155);
#6881=CIRCLE('',#9530,0.00155);
#6882=CIRCLE('',#9531,0.00155);
#6883=CIRCLE('',#9532,0.00154503035325107);
#6884=CIRCLE('',#9579,0.00135);
#6885=EDGE_LOOP('',(#2229));
#6886=EDGE_LOOP('',(#2230));
#6887=EDGE_LOOP('',(#2231));
#6888=EDGE_LOOP('',(#2232));
#6889=EDGE_LOOP('',(#2233));
#6890=EDGE_LOOP('',(#2234));
#6891=EDGE_LOOP('',(#2235));
#6892=EDGE_LOOP('',(#2236));
#6893=EDGE_LOOP('',(#2237,#2238,#2239,#2240,#2241,#2242,#2243,#2244,#2245,
#2246,#2247,#2248));
#6894=EDGE_LOOP('',(#2249,#2250,#2251,#2252));
#6895=EDGE_LOOP('',(#2253,#2254,#2255,#2256));
#6896=EDGE_LOOP('',(#2257));
#6897=EDGE_LOOP('',(#2258,#2259,#2260,#2261));
#6898=EDGE_LOOP('',(#2262));
#6899=EDGE_LOOP('',(#2263,#2264,#2265,#2266,#2267,#2268));
#6900=EDGE_LOOP('',(#2269,#2270,#2271,#2272));
#6901=EDGE_LOOP('',(#2273));
#6902=EDGE_LOOP('',(#2274,#2275,#2276,#2277));
#6903=EDGE_LOOP('',(#2278));
#6904=EDGE_LOOP('',(#2279,#2280,#2281,#2282,#2283,#2284));
#6905=EDGE_LOOP('',(#2285,#2286,#2287,#2288));
#6906=EDGE_LOOP('',(#2289,#2290,#2291,#2292));
#6907=EDGE_LOOP('',(#2293,#2294,#2295,#2296,#2297,#2298,#2299,#2300,#2301,
#2302,#2303,#2304));
#6908=EDGE_LOOP('',(#2305,#2306,#2307,#2308,#2309,#2310,#2311,#2312));
#6909=EDGE_LOOP('',(#2313,#2314,#2315,#2316,#2317,#2318,#2319,#2320,#2321,
#2322,#2323,#2324,#2325,#2326,#2327,#2328,#2329,#2330,#2331,#2332));
#6910=EDGE_LOOP('',(#2333,#2334,#2335,#2336,#2337,#2338,#2339,#2340,#2341,
#2342,#2343,#2344,#2345,#2346,#2347,#2348,#2349,#2350,#2351,#2352));
#6911=EDGE_LOOP('',(#2353));
#6912=EDGE_LOOP('',(#2354));
#6913=EDGE_LOOP('',(#2355));
#6914=EDGE_LOOP('',(#2356,#2357,#2358,#2359));
#6915=EDGE_LOOP('',(#2360));
#6916=EDGE_LOOP('',(#2361));
#6917=EDGE_LOOP('',(#2362,#2363,#2364,#2365,#2366,#2367,#2368,#2369,#2370,
#2371,#2372,#2373,#2374,#2375,#2376));
#6918=EDGE_LOOP('',(#2377,#2378,#2379,#2380,#2381,#2382,#2383));
#6919=EDGE_LOOP('',(#2384,#2385,#2386,#2387,#2388,#2389,#2390,#2391,#2392,
#2393,#2394,#2395,#2396,#2397,#2398,#2399,#2400,#2401,#2402,#2403,#2404,
#2405,#2406,#2407,#2408));
#6920=EDGE_LOOP('',(#2409));
#6921=EDGE_LOOP('',(#2410));
#6922=EDGE_LOOP('',(#2411));
#6923=EDGE_LOOP('',(#2412));
#6924=EDGE_LOOP('',(#2413));
#6925=EDGE_LOOP('',(#2414));
#6926=EDGE_LOOP('',(#2415,#2416,#2417,#2418));
#6927=EDGE_LOOP('',(#2419,#2420,#2421,#2422));
#6928=EDGE_LOOP('',(#2423));
#6929=EDGE_LOOP('',(#2424));
#6930=EDGE_LOOP('',(#2425,#2426,#2427,#2428));
#6931=EDGE_LOOP('',(#2429,#2430,#2431,#2432,#2433,#2434,#2435,#2436));
#6932=EDGE_LOOP('',(#2437,#2438,#2439,#2440,#2441,#2442,#2443,#2444,#2445,
#2446,#2447,#2448));
#6933=EDGE_LOOP('',(#2449,#2450,#2451,#2452));
#6934=EDGE_LOOP('',(#2453));
#6935=EDGE_LOOP('',(#2454));
#6936=EDGE_LOOP('',(#2455));
#6937=EDGE_LOOP('',(#2456));
#6938=EDGE_LOOP('',(#2457,#2458,#2459,#2460));
#6939=EDGE_LOOP('',(#2461,#2462,#2463,#2464));
#6940=EDGE_LOOP('',(#2465));
#6941=EDGE_LOOP('',(#2466,#2467,#2468,#2469));
#6942=EDGE_LOOP('',(#2470,#2471,#2472,#2473));
#6943=EDGE_LOOP('',(#2474));
#6944=EDGE_LOOP('',(#2475));
#6945=EDGE_LOOP('',(#2476));
#6946=EDGE_LOOP('',(#2477,#2478,#2479,#2480,#2481));
#6947=EDGE_LOOP('',(#2482,#2483,#2484,#2485));
#6948=EDGE_LOOP('',(#2486,#2487,#2488,#2489,#2490));
#6949=EDGE_LOOP('',(#2491,#2492,#2493,#2494));
#6950=EDGE_LOOP('',(#2495,#2496,#2497,#2498));
#6951=EDGE_LOOP('',(#2499,#2500,#2501,#2502));
#6952=EDGE_LOOP('',(#2503,#2504,#2505,#2506,#2507));
#6953=EDGE_LOOP('',(#2508,#2509,#2510,#2511));
#6954=EDGE_LOOP('',(#2512,#2513,#2514,#2515,#2516));
#6955=EDGE_LOOP('',(#2517,#2518,#2519,#2520));
#6956=EDGE_LOOP('',(#2521,#2522,#2523,#2524));
#6957=EDGE_LOOP('',(#2525,#2526,#2527,#2528));
#6958=EDGE_LOOP('',(#2529));
#6959=EDGE_LOOP('',(#2530));
#6960=EDGE_LOOP('',(#2531,#2532,#2533,#2534));
#6961=EDGE_LOOP('',(#2535,#2536,#2537,#2538));
#6962=EDGE_LOOP('',(#2539,#2540,#2541,#2542));
#6963=EDGE_LOOP('',(#2543,#2544,#2545,#2546));
#6964=EDGE_LOOP('',(#2547));
#6965=EDGE_LOOP('',(#2548));
#6966=EDGE_LOOP('',(#2549,#2550,#2551,#2552,#2553,#2554,#2555,#2556));
#6967=EDGE_LOOP('',(#2557));
#6968=EDGE_LOOP('',(#2558));
#6969=EDGE_LOOP('',(#2559));
#6970=EDGE_LOOP('',(#2560));
#6971=EDGE_LOOP('',(#2561));
#6972=EDGE_LOOP('',(#2562));
#6973=EDGE_LOOP('',(#2563));
#6974=EDGE_LOOP('',(#2564,#2565,#2566,#2567));
#6975=EDGE_LOOP('',(#2568,#2569,#2570,#2571));
#6976=EDGE_LOOP('',(#2572,#2573,#2574,#2575));
#6977=EDGE_LOOP('',(#2576,#2577,#2578,#2579));
#6978=EDGE_LOOP('',(#2580,#2581,#2582,#2583));
#6979=EDGE_LOOP('',(#2584,#2585,#2586,#2587));
#6980=EDGE_LOOP('',(#2588,#2589,#2590,#2591));
#6981=EDGE_LOOP('',(#2592,#2593,#2594,#2595));
#6982=EDGE_LOOP('',(#2596,#2597,#2598,#2599));
#6983=EDGE_LOOP('',(#2600,#2601,#2602,#2603));
#6984=EDGE_LOOP('',(#2604,#2605,#2606,#2607));
#6985=EDGE_LOOP('',(#2608,#2609,#2610,#2611));
#6986=EDGE_LOOP('',(#2612,#2613,#2614,#2615));
#6987=EDGE_LOOP('',(#2616,#2617,#2618,#2619));
#6988=EDGE_LOOP('',(#2620,#2621,#2622,#2623));
#6989=EDGE_LOOP('',(#2624,#2625,#2626,#2627));
#6990=EDGE_LOOP('',(#2628,#2629,#2630,#2631));
#6991=EDGE_LOOP('',(#2632,#2633,#2634,#2635));
#6992=EDGE_LOOP('',(#2636,#2637,#2638,#2639));
#6993=EDGE_LOOP('',(#2640,#2641,#2642,#2643));
#6994=EDGE_LOOP('',(#2644,#2645,#2646,#2647,#2648,#2649,#2650,#2651,#2652,
#2653,#2654,#2655,#2656,#2657,#2658,#2659,#2660,#2661,#2662,#2663));
#6995=EDGE_LOOP('',(#2664,#2665,#2666,#2667));
#6996=EDGE_LOOP('',(#2668,#2669,#2670,#2671));
#6997=EDGE_LOOP('',(#2672,#2673,#2674,#2675));
#6998=EDGE_LOOP('',(#2676,#2677,#2678,#2679));
#6999=EDGE_LOOP('',(#2680,#2681,#2682,#2683));
#7000=EDGE_LOOP('',(#2684,#2685,#2686,#2687));
#7001=EDGE_LOOP('',(#2688,#2689,#2690,#2691));
#7002=EDGE_LOOP('',(#2692,#2693,#2694,#2695));
#7003=EDGE_LOOP('',(#2696,#2697,#2698,#2699));
#7004=EDGE_LOOP('',(#2700,#2701,#2702,#2703));
#7005=EDGE_LOOP('',(#2704,#2705,#2706,#2707));
#7006=EDGE_LOOP('',(#2708,#2709,#2710,#2711));
#7007=EDGE_LOOP('',(#2712,#2713,#2714,#2715));
#7008=EDGE_LOOP('',(#2716,#2717,#2718,#2719));
#7009=EDGE_LOOP('',(#2720,#2721,#2722,#2723));
#7010=EDGE_LOOP('',(#2724,#2725,#2726,#2727));
#7011=EDGE_LOOP('',(#2728,#2729,#2730,#2731));
#7012=EDGE_LOOP('',(#2732,#2733,#2734,#2735));
#7013=EDGE_LOOP('',(#2736,#2737,#2738,#2739));
#7014=EDGE_LOOP('',(#2740,#2741,#2742,#2743));
#7015=EDGE_LOOP('',(#2744,#2745,#2746,#2747,#2748,#2749,#2750,#2751,#2752,
#2753,#2754,#2755,#2756,#2757,#2758,#2759,#2760,#2761,#2762,#2763));
#7016=EDGE_LOOP('',(#2764,#2765,#2766,#2767));
#7017=EDGE_LOOP('',(#2768,#2769,#2770,#2771));
#7018=EDGE_LOOP('',(#2772,#2773,#2774,#2775));
#7019=EDGE_LOOP('',(#2776,#2777,#2778,#2779));
#7020=EDGE_LOOP('',(#2780,#2781,#2782,#2783));
#7021=EDGE_LOOP('',(#2784,#2785,#2786,#2787));
#7022=EDGE_LOOP('',(#2788,#2789,#2790,#2791));
#7023=EDGE_LOOP('',(#2792,#2793,#2794,#2795));
#7024=EDGE_LOOP('',(#2796,#2797,#2798,#2799));
#7025=EDGE_LOOP('',(#2800,#2801,#2802,#2803));
#7026=EDGE_LOOP('',(#2804,#2805,#2806,#2807));
#7027=EDGE_LOOP('',(#2808,#2809,#2810,#2811));
#7028=EDGE_LOOP('',(#2812,#2813,#2814,#2815));
#7029=EDGE_LOOP('',(#2816,#2817,#2818,#2819));
#7030=EDGE_LOOP('',(#2820,#2821,#2822,#2823));
#7031=EDGE_LOOP('',(#2824,#2825,#2826,#2827));
#7032=EDGE_LOOP('',(#2828,#2829,#2830,#2831));
#7033=EDGE_LOOP('',(#2832,#2833,#2834,#2835));
#7034=EDGE_LOOP('',(#2836,#2837,#2838,#2839));
#7035=EDGE_LOOP('',(#2840,#2841,#2842,#2843));
#7036=EDGE_LOOP('',(#2844,#2845,#2846,#2847));
#7037=EDGE_LOOP('',(#2848,#2849,#2850,#2851));
#7038=EDGE_LOOP('',(#2852,#2853,#2854,#2855));
#7039=EDGE_LOOP('',(#2856,#2857,#2858,#2859));
#7040=EDGE_LOOP('',(#2860,#2861,#2862,#2863));
#7041=EDGE_LOOP('',(#2864,#2865,#2866,#2867,#2868,#2869,#2870,#2871,#2872,
#2873,#2874,#2875,#2876,#2877,#2878));
#7042=EDGE_LOOP('',(#2879,#2880,#2881,#2882,#2883,#2884,#2885,#2886,#2887,
#2888));
#7043=EDGE_LOOP('',(#2889,#2890,#2891,#2892));
#7044=EDGE_LOOP('',(#2893,#2894,#2895,#2896));
#7045=EDGE_LOOP('',(#2897,#2898,#2899,#2900));
#7046=EDGE_LOOP('',(#2901,#2902,#2903,#2904));
#7047=EDGE_LOOP('',(#2905,#2906,#2907,#2908));
#7048=EDGE_LOOP('',(#2909,#2910,#2911,#2912));
#7049=EDGE_LOOP('',(#2913,#2914,#2915,#2916));
#7050=EDGE_LOOP('',(#2917,#2918,#2919,#2920,#2921,#2922,#2923));
#7051=EDGE_LOOP('',(#2924,#2925,#2926,#2927));
#7052=EDGE_LOOP('',(#2928,#2929,#2930,#2931));
#7053=EDGE_LOOP('',(#2932,#2933,#2934,#2935));
#7054=EDGE_LOOP('',(#2936,#2937,#2938,#2939));
#7055=EDGE_LOOP('',(#2940,#2941,#2942,#2943));
#7056=EDGE_LOOP('',(#2944,#2945,#2946,#2947));
#7057=EDGE_LOOP('',(#2948,#2949,#2950,#2951));
#7058=EDGE_LOOP('',(#2952,#2953,#2954,#2955));
#7059=EDGE_LOOP('',(#2956,#2957,#2958,#2959));
#7060=EDGE_LOOP('',(#2960,#2961,#2962,#2963));
#7061=EDGE_LOOP('',(#2964,#2965,#2966,#2967));
#7062=EDGE_LOOP('',(#2968,#2969,#2970,#2971));
#7063=EDGE_LOOP('',(#2972,#2973,#2974,#2975));
#7064=EDGE_LOOP('',(#2976,#2977,#2978,#2979));
#7065=EDGE_LOOP('',(#2980,#2981,#2982,#2983));
#7066=EDGE_LOOP('',(#2984,#2985,#2986,#2987));
#7067=EDGE_LOOP('',(#2988,#2989,#2990,#2991));
#7068=EDGE_LOOP('',(#2992,#2993,#2994,#2995));
#7069=EDGE_LOOP('',(#2996,#2997,#2998,#2999));
#7070=EDGE_LOOP('',(#3000,#3001,#3002,#3003));
#7071=EDGE_LOOP('',(#3004,#3005,#3006,#3007));
#7072=EDGE_LOOP('',(#3008,#3009,#3010,#3011));
#7073=EDGE_LOOP('',(#3012,#3013,#3014,#3015));
#7074=EDGE_LOOP('',(#3016,#3017,#3018,#3019));
#7075=EDGE_LOOP('',(#3020,#3021,#3022,#3023));
#7076=EDGE_LOOP('',(#3024,#3025,#3026,#3027,#3028,#3029,#3030,#3031,#3032,
#3033,#3034,#3035,#3036,#3037,#3038,#3039,#3040,#3041,#3042,#3043,#3044,
#3045,#3046,#3047,#3048));
#7077=EDGE_LOOP('',(#3049,#3050,#3051,#3052));
#7078=EDGE_LOOP('',(#3053,#3054,#3055,#3056));
#7079=EDGE_LOOP('',(#3057,#3058,#3059,#3060));
#7080=EDGE_LOOP('',(#3061,#3062,#3063,#3064));
#7081=EDGE_LOOP('',(#3065,#3066,#3067,#3068));
#7082=EDGE_LOOP('',(#3069,#3070,#3071,#3072));
#7083=EDGE_LOOP('',(#3073,#3074,#3075,#3076));
#7084=EDGE_LOOP('',(#3077,#3078,#3079,#3080));
#7085=EDGE_LOOP('',(#3081,#3082,#3083,#3084));
#7086=EDGE_LOOP('',(#3085,#3086,#3087,#3088));
#7087=EDGE_LOOP('',(#3089,#3090,#3091,#3092));
#7088=EDGE_LOOP('',(#3093,#3094,#3095,#3096));
#7089=EDGE_LOOP('',(#3097,#3098,#3099,#3100));
#7090=EDGE_LOOP('',(#3101,#3102,#3103,#3104,#3105,#3106,#3107,#3108));
#7091=EDGE_LOOP('',(#3109,#3110,#3111,#3112,#3113));
#7092=EDGE_LOOP('',(#3114,#3115,#3116,#3117,#3118,#3119,#3120,#3121,#3122,
#3123));
#7093=EDGE_LOOP('',(#3124,#3125,#3126,#3127,#3128));
#7094=EDGE_LOOP('',(#3129,#3130,#3131,#3132,#3133,#3134,#3135,#3136));
#7095=EDGE_LOOP('',(#3137,#3138,#3139,#3140));
#7096=EDGE_LOOP('',(#3141,#3142));
#7097=EDGE_LOOP('',(#3143,#3144));
#7098=EDGE_LOOP('',(#3145,#3146,#3147,#3148,#3149,#3150,#3151,#3152));
#7099=EDGE_LOOP('',(#3153,#3154,#3155,#3156,#3157,#3158,#3159,#3160));
#7100=EDGE_LOOP('',(#3161,#3162,#3163,#3164,#3165,#3166,#3167,#3168,#3169,
#3170,#3171,#3172,#3173,#3174,#3175,#3176,#3177,#3178,#3179,#3180));
#7101=EDGE_LOOP('',(#3181,#3182,#3183,#3184,#3185,#3186,#3187,#3188,#3189,
#3190,#3191,#3192,#3193,#3194,#3195,#3196,#3197,#3198,#3199,#3200));
#7102=EDGE_LOOP('',(#3201));
#7103=EDGE_LOOP('',(#3202));
#7104=EDGE_LOOP('',(#3203));
#7105=EDGE_LOOP('',(#3204));
#7106=EDGE_LOOP('',(#3205));
#7107=EDGE_LOOP('',(#3206,#3207,#3208,#3209,#3210,#3211,#3212,#3213,#3214,
#3215,#3216,#3217,#3218,#3219,#3220));
#7108=EDGE_LOOP('',(#3221,#3222,#3223,#3224,#3225,#3226,#3227));
#7109=EDGE_LOOP('',(#3228,#3229,#3230,#3231,#3232,#3233,#3234,#3235,#3236,
#3237,#3238,#3239,#3240,#3241,#3242,#3243,#3244,#3245,#3246,#3247,#3248,
#3249,#3250,#3251,#3252));
#7110=EDGE_LOOP('',(#3253,#3254,#3255,#3256));
#7111=EDGE_LOOP('',(#3257,#3258,#3259,#3260));
#7112=EDGE_LOOP('',(#3261));
#7113=EDGE_LOOP('',(#3262));
#7114=EDGE_LOOP('',(#3263));
#7115=EDGE_LOOP('',(#3264));
#7116=EDGE_LOOP('',(#3265,#3266,#3267,#3268,#3269,#3270,#3271,#3272,#3273,
#3274,#3275,#3276));
#7117=EDGE_LOOP('',(#3277,#3278,#3279,#3280));
#7118=EDGE_LOOP('',(#3281,#3282,#3283,#3284));
#7119=EDGE_LOOP('',(#3285,#3286,#3287,#3288));
#7120=EDGE_LOOP('',(#3289,#3290,#3291,#3292));
#7121=EDGE_LOOP('',(#3293));
#7122=EDGE_LOOP('',(#3294,#3295,#3296,#3297,#3298,#3299,#3300,#3301,#3302,
#3303,#3304,#3305));
#7123=EDGE_LOOP('',(#3306));
#7124=EDGE_LOOP('',(#3307,#3308,#3309,#3310,#3311,#3312,#3313,#3314));
#7125=EDGE_LOOP('',(#3315));
#7126=EDGE_LOOP('',(#3316));
#7127=EDGE_LOOP('',(#3317));
#7128=EDGE_LOOP('',(#3318));
#7129=EDGE_LOOP('',(#3319));
#7130=EDGE_LOOP('',(#3320,#3321,#3322,#3323));
#7131=EDGE_LOOP('',(#3324));
#7132=EDGE_LOOP('',(#3325));
#7133=EDGE_LOOP('',(#3326));
#7134=EDGE_LOOP('',(#3327));
#7135=EDGE_LOOP('',(#3328));
#7136=EDGE_LOOP('',(#3329));
#7137=EDGE_LOOP('',(#3330));
#7138=EDGE_LOOP('',(#3331));
#7139=EDGE_LOOP('',(#3332));
#7140=EDGE_LOOP('',(#3333));
#7141=EDGE_LOOP('',(#3334));
#7142=EDGE_LOOP('',(#3335));
#7143=EDGE_LOOP('',(#3336,#3337,#3338,#3339));
#7144=EDGE_LOOP('',(#3340,#3341,#3342,#3343));
#7145=EDGE_LOOP('',(#3344,#3345,#3346,#3347,#3348,#3349));
#7146=EDGE_LOOP('',(#3350,#3351,#3352,#3353));
#7147=EDGE_LOOP('',(#3354,#3355,#3356,#3357));
#7148=EDGE_LOOP('',(#3358,#3359,#3360,#3361,#3362,#3363));
#7149=EDGE_LOOP('',(#3364));
#7150=EDGE_LOOP('',(#3365));
#7151=EDGE_LOOP('',(#3366));
#7152=EDGE_LOOP('',(#3367));
#7153=EDGE_LOOP('',(#3368));
#7154=EDGE_LOOP('',(#3369));
#7155=EDGE_LOOP('',(#3370));
#7156=EDGE_LOOP('',(#3371));
#7157=EDGE_LOOP('',(#3372,#3373,#3374,#3375));
#7158=EDGE_LOOP('',(#3376,#3377,#3378,#3379,#3380));
#7159=EDGE_LOOP('',(#3381,#3382,#3383,#3384));
#7160=EDGE_LOOP('',(#3385,#3386,#3387,#3388,#3389));
#7161=EDGE_LOOP('',(#3390,#3391,#3392,#3393));
#7162=EDGE_LOOP('',(#3394,#3395,#3396,#3397));
#7163=EDGE_LOOP('',(#3398,#3399,#3400,#3401));
#7164=EDGE_LOOP('',(#3402,#3403,#3404,#3405,#3406));
#7165=EDGE_LOOP('',(#3407,#3408,#3409,#3410));
#7166=EDGE_LOOP('',(#3411,#3412,#3413,#3414,#3415));
#7167=EDGE_LOOP('',(#3416,#3417,#3418,#3419));
#7168=EDGE_LOOP('',(#3420));
#7169=EDGE_LOOP('',(#3421));
#7170=EDGE_LOOP('',(#3422,#3423,#3424,#3425));
#7171=EDGE_LOOP('',(#3426,#3427,#3428,#3429));
#7172=EDGE_LOOP('',(#3430,#3431,#3432,#3433));
#7173=EDGE_LOOP('',(#3434,#3435,#3436,#3437));
#7174=EDGE_LOOP('',(#3438,#3439,#3440,#3441));
#7175=EDGE_LOOP('',(#3442));
#7176=EDGE_LOOP('',(#3443));
#7177=EDGE_LOOP('',(#3444));
#7178=EDGE_LOOP('',(#3445));
#7179=EDGE_LOOP('',(#3446));
#7180=EDGE_LOOP('',(#3447));
#7181=EDGE_LOOP('',(#3448,#3449,#3450,#3451));
#7182=EDGE_LOOP('',(#3452,#3453,#3454,#3455));
#7183=EDGE_LOOP('',(#3456,#3457,#3458,#3459));
#7184=EDGE_LOOP('',(#3460,#3461,#3462,#3463));
#7185=EDGE_LOOP('',(#3464,#3465,#3466,#3467));
#7186=EDGE_LOOP('',(#3468,#3469,#3470,#3471));
#7187=EDGE_LOOP('',(#3472,#3473,#3474,#3475));
#7188=EDGE_LOOP('',(#3476,#3477,#3478,#3479));
#7189=EDGE_LOOP('',(#3480,#3481,#3482,#3483));
#7190=EDGE_LOOP('',(#3484,#3485,#3486,#3487));
#7191=EDGE_LOOP('',(#3488,#3489,#3490,#3491));
#7192=EDGE_LOOP('',(#3492,#3493,#3494,#3495));
#7193=EDGE_LOOP('',(#3496,#3497,#3498,#3499));
#7194=EDGE_LOOP('',(#3500,#3501,#3502,#3503));
#7195=EDGE_LOOP('',(#3504,#3505,#3506,#3507));
#7196=EDGE_LOOP('',(#3508,#3509,#3510,#3511));
#7197=EDGE_LOOP('',(#3512,#3513,#3514,#3515));
#7198=EDGE_LOOP('',(#3516,#3517,#3518,#3519));
#7199=EDGE_LOOP('',(#3520,#3521,#3522,#3523));
#7200=EDGE_LOOP('',(#3524,#3525,#3526,#3527));
#7201=EDGE_LOOP('',(#3528,#3529,#3530,#3531,#3532,#3533,#3534,#3535,#3536,
#3537,#3538,#3539,#3540,#3541,#3542,#3543,#3544,#3545,#3546,#3547));
#7202=EDGE_LOOP('',(#3548,#3549,#3550,#3551));
#7203=EDGE_LOOP('',(#3552,#3553,#3554,#3555));
#7204=EDGE_LOOP('',(#3556,#3557,#3558,#3559));
#7205=EDGE_LOOP('',(#3560,#3561,#3562,#3563));
#7206=EDGE_LOOP('',(#3564,#3565,#3566,#3567));
#7207=EDGE_LOOP('',(#3568,#3569,#3570,#3571));
#7208=EDGE_LOOP('',(#3572,#3573,#3574,#3575));
#7209=EDGE_LOOP('',(#3576,#3577,#3578,#3579));
#7210=EDGE_LOOP('',(#3580,#3581,#3582,#3583));
#7211=EDGE_LOOP('',(#3584,#3585,#3586,#3587));
#7212=EDGE_LOOP('',(#3588,#3589,#3590,#3591));
#7213=EDGE_LOOP('',(#3592,#3593,#3594,#3595));
#7214=EDGE_LOOP('',(#3596,#3597,#3598,#3599));
#7215=EDGE_LOOP('',(#3600,#3601,#3602,#3603));
#7216=EDGE_LOOP('',(#3604,#3605,#3606,#3607));
#7217=EDGE_LOOP('',(#3608,#3609,#3610,#3611));
#7218=EDGE_LOOP('',(#3612,#3613,#3614,#3615));
#7219=EDGE_LOOP('',(#3616,#3617,#3618,#3619));
#7220=EDGE_LOOP('',(#3620,#3621,#3622,#3623));
#7221=EDGE_LOOP('',(#3624,#3625,#3626,#3627));
#7222=EDGE_LOOP('',(#3628,#3629,#3630,#3631,#3632,#3633,#3634,#3635,#3636,
#3637,#3638,#3639,#3640,#3641,#3642,#3643,#3644,#3645,#3646,#3647));
#7223=EDGE_LOOP('',(#3648,#3649,#3650,#3651));
#7224=EDGE_LOOP('',(#3652,#3653,#3654,#3655));
#7225=EDGE_LOOP('',(#3656,#3657,#3658,#3659));
#7226=EDGE_LOOP('',(#3660,#3661,#3662,#3663));
#7227=EDGE_LOOP('',(#3664,#3665,#3666,#3667));
#7228=EDGE_LOOP('',(#3668,#3669,#3670,#3671));
#7229=EDGE_LOOP('',(#3672,#3673,#3674,#3675));
#7230=EDGE_LOOP('',(#3676,#3677,#3678,#3679));
#7231=EDGE_LOOP('',(#3680,#3681,#3682,#3683));
#7232=EDGE_LOOP('',(#3684,#3685,#3686,#3687));
#7233=EDGE_LOOP('',(#3688,#3689,#3690,#3691));
#7234=EDGE_LOOP('',(#3692,#3693,#3694,#3695));
#7235=EDGE_LOOP('',(#3696,#3697,#3698,#3699));
#7236=EDGE_LOOP('',(#3700,#3701,#3702,#3703));
#7237=EDGE_LOOP('',(#3704,#3705,#3706,#3707));
#7238=EDGE_LOOP('',(#3708,#3709,#3710,#3711));
#7239=EDGE_LOOP('',(#3712,#3713,#3714,#3715));
#7240=EDGE_LOOP('',(#3716,#3717,#3718,#3719));
#7241=EDGE_LOOP('',(#3720,#3721,#3722,#3723));
#7242=EDGE_LOOP('',(#3724,#3725,#3726,#3727));
#7243=EDGE_LOOP('',(#3728,#3729,#3730,#3731));
#7244=EDGE_LOOP('',(#3732,#3733,#3734,#3735));
#7245=EDGE_LOOP('',(#3736,#3737,#3738,#3739));
#7246=EDGE_LOOP('',(#3740,#3741,#3742,#3743));
#7247=EDGE_LOOP('',(#3744,#3745,#3746,#3747));
#7248=EDGE_LOOP('',(#3748,#3749,#3750,#3751,#3752,#3753,#3754,#3755,#3756,
#3757,#3758,#3759,#3760,#3761,#3762));
#7249=EDGE_LOOP('',(#3763,#3764,#3765,#3766,#3767,#3768,#3769,#3770,#3771,
#3772));
#7250=EDGE_LOOP('',(#3773,#3774,#3775,#3776));
#7251=EDGE_LOOP('',(#3777,#3778,#3779,#3780));
#7252=EDGE_LOOP('',(#3781,#3782,#3783,#3784));
#7253=EDGE_LOOP('',(#3785,#3786,#3787,#3788));
#7254=EDGE_LOOP('',(#3789,#3790,#3791,#3792));
#7255=EDGE_LOOP('',(#3793,#3794,#3795,#3796));
#7256=EDGE_LOOP('',(#3797,#3798,#3799,#3800));
#7257=EDGE_LOOP('',(#3801,#3802,#3803,#3804,#3805,#3806,#3807));
#7258=EDGE_LOOP('',(#3808,#3809,#3810,#3811));
#7259=EDGE_LOOP('',(#3812,#3813,#3814,#3815));
#7260=EDGE_LOOP('',(#3816,#3817,#3818,#3819));
#7261=EDGE_LOOP('',(#3820,#3821,#3822,#3823));
#7262=EDGE_LOOP('',(#3824,#3825,#3826,#3827));
#7263=EDGE_LOOP('',(#3828,#3829,#3830,#3831));
#7264=EDGE_LOOP('',(#3832,#3833,#3834,#3835));
#7265=EDGE_LOOP('',(#3836,#3837,#3838,#3839));
#7266=EDGE_LOOP('',(#3840,#3841,#3842,#3843));
#7267=EDGE_LOOP('',(#3844,#3845,#3846,#3847));
#7268=EDGE_LOOP('',(#3848,#3849,#3850,#3851));
#7269=EDGE_LOOP('',(#3852,#3853,#3854,#3855));
#7270=EDGE_LOOP('',(#3856,#3857,#3858,#3859));
#7271=EDGE_LOOP('',(#3860,#3861,#3862,#3863));
#7272=EDGE_LOOP('',(#3864,#3865,#3866,#3867));
#7273=EDGE_LOOP('',(#3868,#3869,#3870,#3871));
#7274=EDGE_LOOP('',(#3872,#3873,#3874,#3875));
#7275=EDGE_LOOP('',(#3876,#3877,#3878,#3879));
#7276=EDGE_LOOP('',(#3880,#3881,#3882,#3883));
#7277=EDGE_LOOP('',(#3884,#3885,#3886,#3887));
#7278=EDGE_LOOP('',(#3888,#3889,#3890,#3891));
#7279=EDGE_LOOP('',(#3892,#3893,#3894,#3895));
#7280=EDGE_LOOP('',(#3896,#3897,#3898,#3899));
#7281=EDGE_LOOP('',(#3900,#3901,#3902,#3903));
#7282=EDGE_LOOP('',(#3904,#3905,#3906,#3907));
#7283=EDGE_LOOP('',(#3908,#3909,#3910,#3911,#3912,#3913,#3914,#3915,#3916,
#3917,#3918,#3919,#3920,#3921,#3922,#3923,#3924,#3925,#3926,#3927,#3928,
#3929,#3930,#3931,#3932));
#7284=EDGE_LOOP('',(#3933,#3934,#3935,#3936));
#7285=EDGE_LOOP('',(#3937,#3938,#3939,#3940));
#7286=EDGE_LOOP('',(#3941,#3942,#3943,#3944));
#7287=EDGE_LOOP('',(#3945,#3946,#3947,#3948));
#7288=EDGE_LOOP('',(#3949,#3950,#3951,#3952));
#7289=EDGE_LOOP('',(#3953,#3954,#3955,#3956));
#7290=EDGE_LOOP('',(#3957,#3958,#3959,#3960));
#7291=EDGE_LOOP('',(#3961,#3962,#3963,#3964));
#7292=EDGE_LOOP('',(#3965,#3966,#3967,#3968));
#7293=EDGE_LOOP('',(#3969,#3970,#3971,#3972));
#7294=EDGE_LOOP('',(#3973,#3974,#3975,#3976));
#7295=EDGE_LOOP('',(#3977,#3978,#3979,#3980));
#7296=EDGE_LOOP('',(#3981,#3982,#3983,#3984));
#7297=EDGE_LOOP('',(#3985,#3986,#3987,#3988,#3989,#3990,#3991,#3992));
#7298=EDGE_LOOP('',(#3993,#3994,#3995,#3996,#3997));
#7299=EDGE_LOOP('',(#3998,#3999,#4000,#4001,#4002,#4003,#4004,#4005,#4006,
#4007));
#7300=EDGE_LOOP('',(#4008,#4009,#4010,#4011,#4012));
#7301=EDGE_LOOP('',(#4013,#4014,#4015,#4016,#4017,#4018,#4019,#4020));
#7302=EDGE_LOOP('',(#4021,#4022,#4023,#4024,#4025,#4026,#4027,#4028));
#7303=EDGE_LOOP('',(#4029,#4030,#4031,#4032));
#7304=EDGE_LOOP('',(#4033,#4034,#4035,#4036));
#7305=EDGE_LOOP('',(#4037,#4038,#4039,#4040));
#7306=EDGE_LOOP('',(#4041,#4042,#4043,#4044));
#7307=EDGE_LOOP('',(#4045,#4046,#4047,#4048));
#7308=EDGE_LOOP('',(#4049));
#7309=EDGE_LOOP('',(#4050));
#7310=EDGE_LOOP('',(#4051,#4052,#4053,#4054));
#7311=EDGE_LOOP('',(#4055,#4056,#4057,#4058));
#7312=EDGE_LOOP('',(#4059,#4060,#4061,#4062));
#7313=EDGE_LOOP('',(#4063,#4064,#4065,#4066));
#7314=EDGE_LOOP('',(#4067,#4068,#4069,#4070));
#7315=EDGE_LOOP('',(#4071,#4072,#4073,#4074));
#7316=EDGE_LOOP('',(#4075,#4076,#4077,#4078));
#7317=EDGE_LOOP('',(#4079,#4080,#4081,#4082));
#7318=EDGE_LOOP('',(#4083,#4084,#4085,#4086));
#7319=EDGE_LOOP('',(#4087,#4088,#4089,#4090));
#7320=EDGE_LOOP('',(#4091,#4092,#4093,#4094));
#7321=EDGE_LOOP('',(#4095,#4096,#4097,#4098));
#7322=EDGE_LOOP('',(#4099,#4100,#4101,#4102));
#7323=EDGE_LOOP('',(#4103,#4104,#4105,#4106));
#7324=EDGE_LOOP('',(#4107,#4108,#4109,#4110));
#7325=EDGE_LOOP('',(#4111,#4112,#4113,#4114));
#7326=EDGE_LOOP('',(#4115,#4116,#4117,#4118));
#7327=EDGE_LOOP('',(#4119,#4120,#4121,#4122));
#7328=EDGE_LOOP('',(#4123,#4124,#4125,#4126));
#7329=EDGE_LOOP('',(#4127,#4128,#4129,#4130));
#7330=EDGE_LOOP('',(#4131,#4132,#4133,#4134));
#7331=EDGE_LOOP('',(#4135,#4136,#4137,#4138));
#7332=EDGE_LOOP('',(#4139,#4140,#4141,#4142));
#7333=EDGE_LOOP('',(#4143,#4144,#4145,#4146));
#7334=EDGE_LOOP('',(#4147,#4148,#4149,#4150));
#7335=EDGE_LOOP('',(#4151,#4152,#4153,#4154));
#7336=EDGE_LOOP('',(#4155,#4156,#4157,#4158));
#7337=EDGE_LOOP('',(#4159,#4160,#4161,#4162));
#7338=EDGE_LOOP('',(#4163,#4164,#4165,#4166));
#7339=EDGE_LOOP('',(#4167,#4168,#4169,#4170));
#7340=EDGE_LOOP('',(#4171,#4172,#4173,#4174));
#7341=EDGE_LOOP('',(#4175,#4176,#4177,#4178));
#7342=EDGE_LOOP('',(#4179,#4180,#4181,#4182,#4183,#4184));
#7343=EDGE_LOOP('',(#4185,#4186,#4187,#4188));
#7344=EDGE_LOOP('',(#4189,#4190,#4191,#4192,#4193,#4194));
#7345=EDGE_LOOP('',(#4195,#4196,#4197,#4198));
#7346=EDGE_LOOP('',(#4199,#4200,#4201,#4202));
#7347=EDGE_LOOP('',(#4203,#4204,#4205,#4206));
#7348=EDGE_LOOP('',(#4207,#4208,#4209,#4210));
#7349=EDGE_LOOP('',(#4211,#4212,#4213,#4214));
#7350=EDGE_LOOP('',(#4215,#4216,#4217,#4218));
#7351=EDGE_LOOP('',(#4219,#4220,#4221,#4222));
#7352=EDGE_LOOP('',(#4223,#4224,#4225,#4226));
#7353=EDGE_LOOP('',(#4227,#4228,#4229,#4230));
#7354=EDGE_LOOP('',(#4231,#4232,#4233,#4234));
#7355=EDGE_LOOP('',(#4235,#4236,#4237,#4238));
#7356=EDGE_LOOP('',(#4239,#4240,#4241,#4242));
#7357=EDGE_LOOP('',(#4243));
#7358=EDGE_LOOP('',(#4244));
#7359=EDGE_LOOP('',(#4245));
#7360=EDGE_LOOP('',(#4246));
#7361=EDGE_LOOP('',(#4247));
#7362=EDGE_LOOP('',(#4248));
#7363=EDGE_LOOP('',(#4249));
#7364=EDGE_LOOP('',(#4250));
#7365=EDGE_LOOP('',(#4251));
#7366=EDGE_LOOP('',(#4252,#4253,#4254,#4255));
#7367=EDGE_LOOP('',(#4256,#4257,#4258,#4259));
#7368=EDGE_LOOP('',(#4260));
#7369=EDGE_LOOP('',(#4261,#4262,#4263,#4264));
#7370=EDGE_LOOP('',(#4265,#4266,#4267,#4268));
#7371=EDGE_LOOP('',(#4269));
#7372=EDGE_LOOP('',(#4270));
#7373=EDGE_LOOP('',(#4271));
#7374=EDGE_LOOP('',(#4272));
#7375=EDGE_LOOP('',(#4273));
#7376=EDGE_LOOP('',(#4274));
#7377=EDGE_LOOP('',(#4275,#4276,#4277,#4278,#4279,#4280,#4281,#4282));
#7378=EDGE_LOOP('',(#4283));
#7379=EDGE_LOOP('',(#4284));
#7380=EDGE_LOOP('',(#4285));
#7381=EDGE_LOOP('',(#4286));
#7382=EDGE_LOOP('',(#4287));
#7383=EDGE_LOOP('',(#4288,#4289,#4290,#4291));
#7384=EDGE_LOOP('',(#4292));
#7385=EDGE_LOOP('',(#4293,#4294,#4295,#4296));
#7386=EDGE_LOOP('',(#4297,#4298,#4299,#4300,#4301,#4302));
#7387=EDGE_LOOP('',(#4303,#4304,#4305,#4306));
#7388=EDGE_LOOP('',(#4307,#4308,#4309,#4310));
#7389=EDGE_LOOP('',(#4311,#4312,#4313,#4314));
#7390=EDGE_LOOP('',(#4315,#4316));
#7391=EDGE_LOOP('',(#4317));
#7392=EDGE_LOOP('',(#4318));
#7393=EDGE_LOOP('',(#4319));
#7394=EDGE_LOOP('',(#4320));
#7395=EDGE_LOOP('',(#4321));
#7396=EDGE_LOOP('',(#4322));
#7397=EDGE_LOOP('',(#4323));
#7398=EDGE_LOOP('',(#4324));
#7399=EDGE_LOOP('',(#4325));
#7400=EDGE_LOOP('',(#4326));
#7401=EDGE_LOOP('',(#4327));
#7402=EDGE_LOOP('',(#4328));
#7403=EDGE_LOOP('',(#4329));
#7404=EDGE_LOOP('',(#4330));
#7405=EDGE_LOOP('',(#4331));
#7406=EDGE_LOOP('',(#4332));
#7407=EDGE_LOOP('',(#4333,#4334,#4335,#4336));
#7408=EDGE_LOOP('',(#4337,#4338,#4339,#4340));
#7409=EDGE_LOOP('',(#4341,#4342,#4343,#4344));
#7410=EDGE_LOOP('',(#4345,#4346,#4347,#4348));
#7411=EDGE_LOOP('',(#4349,#4350,#4351,#4352));
#7412=EDGE_LOOP('',(#4353,#4354,#4355,#4356));
#7413=EDGE_LOOP('',(#4357,#4358,#4359,#4360,#4361,#4362));
#7414=EDGE_LOOP('',(#4363,#4364,#4365,#4366));
#7415=EDGE_LOOP('',(#4367,#4368,#4369,#4370));
#7416=EDGE_LOOP('',(#4371,#4372,#4373,#4374,#4375,#4376,#4377,#4378));
#7417=EDGE_LOOP('',(#4379,#4380,#4381,#4382));
#7418=EDGE_LOOP('',(#4383,#4384,#4385,#4386));
#7419=EDGE_LOOP('',(#4387,#4388));
#7420=EDGE_LOOP('',(#4389,#4390,#4391,#4392));
#7421=EDGE_LOOP('',(#4393,#4394));
#7422=EDGE_LOOP('',(#4395,#4396,#4397,#4398));
#7423=EDGE_LOOP('',(#4399,#4400,#4401,#4402));
#7424=EDGE_LOOP('',(#4403,#4404,#4405,#4406));
#7425=EDGE_LOOP('',(#4407,#4408,#4409,#4410));
#7426=EDGE_LOOP('',(#4411,#4412,#4413,#4414));
#7427=EDGE_LOOP('',(#4415,#4416,#4417,#4418));
#7428=EDGE_LOOP('',(#4419,#4420,#4421,#4422));
#7429=EDGE_LOOP('',(#4423,#4424,#4425,#4426));
#7430=EDGE_LOOP('',(#4427,#4428));
#7431=EDGE_LOOP('',(#4429,#4430,#4431,#4432));
#7432=EDGE_LOOP('',(#4433));
#7433=EDGE_LOOP('',(#4434,#4435));
#7434=EDGE_LOOP('',(#4436,#4437));
#7435=EDGE_LOOP('',(#4438,#4439,#4440,#4441));
#7436=EDGE_LOOP('',(#4442,#4443,#4444,#4445));
#7437=EDGE_LOOP('',(#4446,#4447,#4448,#4449));
#7438=EDGE_LOOP('',(#4450,#4451,#4452,#4453));
#7439=EDGE_LOOP('',(#4454,#4455,#4456,#4457));
#7440=EDGE_LOOP('',(#4458,#4459,#4460,#4461));
#7441=EDGE_LOOP('',(#4462,#4463,#4464,#4465));
#7442=EDGE_LOOP('',(#4466,#4467,#4468,#4469));
#7443=EDGE_LOOP('',(#4470,#4471,#4472,#4473));
#7444=EDGE_LOOP('',(#4474,#4475,#4476,#4477));
#7445=EDGE_LOOP('',(#4478,#4479,#4480,#4481));
#7446=EDGE_LOOP('',(#4482,#4483,#4484,#4485));
#7447=EDGE_LOOP('',(#4486,#4487,#4488,#4489));
#7448=EDGE_LOOP('',(#4490,#4491,#4492,#4493));
#7449=EDGE_LOOP('',(#4494,#4495,#4496,#4497));
#7450=EDGE_LOOP('',(#4498,#4499,#4500,#4501));
#7451=EDGE_LOOP('',(#4502,#4503,#4504,#4505));
#7452=EDGE_LOOP('',(#4506,#4507,#4508,#4509));
#7453=EDGE_LOOP('',(#4510,#4511,#4512,#4513));
#7454=EDGE_LOOP('',(#4514,#4515,#4516,#4517));
#7455=EDGE_LOOP('',(#4518,#4519,#4520,#4521));
#7456=EDGE_LOOP('',(#4522,#4523,#4524,#4525));
#7457=EDGE_LOOP('',(#4526,#4527,#4528,#4529));
#7458=EDGE_LOOP('',(#4530,#4531,#4532,#4533));
#7459=EDGE_LOOP('',(#4534,#4535,#4536,#4537));
#7460=EDGE_LOOP('',(#4538,#4539,#4540,#4541));
#7461=EDGE_LOOP('',(#4542,#4543,#4544,#4545));
#7462=EDGE_LOOP('',(#4546,#4547,#4548,#4549));
#7463=EDGE_LOOP('',(#4550,#4551,#4552,#4553));
#7464=EDGE_LOOP('',(#4554,#4555,#4556,#4557));
#7465=EDGE_LOOP('',(#4558,#4559,#4560,#4561));
#7466=EDGE_LOOP('',(#4562,#4563,#4564,#4565,#4566,#4567));
#7467=EDGE_LOOP('',(#4568,#4569,#4570,#4571));
#7468=EDGE_LOOP('',(#4572,#4573,#4574,#4575,#4576,#4577));
#7469=EDGE_LOOP('',(#4578,#4579,#4580,#4581));
#7470=EDGE_LOOP('',(#4582,#4583,#4584,#4585));
#7471=EDGE_LOOP('',(#4586,#4587,#4588,#4589));
#7472=EDGE_LOOP('',(#4590,#4591,#4592,#4593));
#7473=EDGE_LOOP('',(#4594,#4595,#4596,#4597));
#7474=EDGE_LOOP('',(#4598,#4599,#4600,#4601));
#7475=EDGE_LOOP('',(#4602,#4603,#4604,#4605));
#7476=EDGE_LOOP('',(#4606,#4607,#4608,#4609));
#7477=EDGE_LOOP('',(#4610,#4611,#4612,#4613));
#7478=EDGE_LOOP('',(#4614,#4615,#4616,#4617));
#7479=EDGE_LOOP('',(#4618,#4619,#4620,#4621));
#7480=EDGE_LOOP('',(#4622,#4623,#4624,#4625));
#7481=EDGE_LOOP('',(#4626,#4627,#4628,#4629));
#7482=EDGE_LOOP('',(#4630));
#7483=EDGE_LOOP('',(#4631));
#7484=EDGE_LOOP('',(#4632));
#7485=EDGE_LOOP('',(#4633,#4634,#4635,#4636));
#7486=EDGE_LOOP('',(#4637,#4638,#4639,#4640));
#7487=EDGE_LOOP('',(#4641,#4642,#4643,#4644));
#7488=EDGE_LOOP('',(#4645,#4646,#4647,#4648));
#7489=EDGE_LOOP('',(#4649,#4650,#4651,#4652));
#7490=EDGE_LOOP('',(#4653,#4654,#4655,#4656));
#7491=EDGE_LOOP('',(#4657,#4658,#4659,#4660));
#7492=EDGE_LOOP('',(#4661,#4662,#4663,#4664));
#7493=EDGE_LOOP('',(#4665,#4666,#4667,#4668));
#7494=EDGE_LOOP('',(#4669,#4670,#4671,#4672));
#7495=FACE_BOUND('',#6885,.T.);
#7496=FACE_BOUND('',#6886,.T.);
#7497=FACE_BOUND('',#6887,.T.);
#7498=FACE_BOUND('',#6888,.T.);
#7499=FACE_BOUND('',#6889,.T.);
#7500=FACE_BOUND('',#6890,.T.);
#7501=FACE_BOUND('',#6891,.T.);
#7502=FACE_BOUND('',#6892,.T.);
#7503=FACE_BOUND('',#6893,.T.);
#7504=FACE_BOUND('',#6894,.T.);
#7505=FACE_BOUND('',#6895,.T.);
#7506=FACE_BOUND('',#6896,.T.);
#7507=FACE_BOUND('',#6897,.T.);
#7508=FACE_BOUND('',#6898,.T.);
#7509=FACE_BOUND('',#6899,.T.);
#7510=FACE_BOUND('',#6900,.T.);
#7511=FACE_BOUND('',#6901,.T.);
#7512=FACE_BOUND('',#6902,.T.);
#7513=FACE_BOUND('',#6903,.T.);
#7514=FACE_BOUND('',#6904,.T.);
#7515=FACE_BOUND('',#6905,.T.);
#7516=FACE_BOUND('',#6906,.T.);
#7517=FACE_BOUND('',#6907,.T.);
#7518=FACE_BOUND('',#6908,.T.);
#7519=FACE_BOUND('',#6909,.T.);
#7520=FACE_BOUND('',#6910,.T.);
#7521=FACE_BOUND('',#6911,.T.);
#7522=FACE_BOUND('',#6912,.T.);
#7523=FACE_BOUND('',#6913,.T.);
#7524=FACE_BOUND('',#6914,.T.);
#7525=FACE_BOUND('',#6915,.T.);
#7526=FACE_BOUND('',#6916,.T.);
#7527=FACE_BOUND('',#6917,.T.);
#7528=FACE_BOUND('',#6918,.T.);
#7529=FACE_BOUND('',#6919,.T.);
#7530=FACE_BOUND('',#6920,.T.);
#7531=FACE_BOUND('',#6921,.T.);
#7532=FACE_BOUND('',#6922,.T.);
#7533=FACE_BOUND('',#6923,.T.);
#7534=FACE_BOUND('',#6924,.T.);
#7535=FACE_BOUND('',#6925,.T.);
#7536=FACE_BOUND('',#6926,.T.);
#7537=FACE_BOUND('',#6927,.T.);
#7538=FACE_BOUND('',#6928,.T.);
#7539=FACE_BOUND('',#6929,.T.);
#7540=FACE_BOUND('',#6930,.T.);
#7541=FACE_BOUND('',#6931,.T.);
#7542=FACE_BOUND('',#6932,.T.);
#7543=FACE_BOUND('',#6933,.T.);
#7544=FACE_BOUND('',#6934,.T.);
#7545=FACE_BOUND('',#6935,.T.);
#7546=FACE_BOUND('',#6936,.T.);
#7547=FACE_BOUND('',#6937,.T.);
#7548=FACE_BOUND('',#6938,.T.);
#7549=FACE_BOUND('',#6939,.T.);
#7550=FACE_BOUND('',#6940,.T.);
#7551=FACE_BOUND('',#6941,.T.);
#7552=FACE_BOUND('',#6942,.T.);
#7553=FACE_BOUND('',#6943,.T.);
#7554=FACE_BOUND('',#6944,.T.);
#7555=FACE_BOUND('',#6945,.T.);
#7556=FACE_BOUND('',#6946,.T.);
#7557=FACE_BOUND('',#6947,.T.);
#7558=FACE_BOUND('',#6948,.T.);
#7559=FACE_BOUND('',#6949,.T.);
#7560=FACE_BOUND('',#6950,.T.);
#7561=FACE_BOUND('',#6951,.T.);
#7562=FACE_BOUND('',#6952,.T.);
#7563=FACE_BOUND('',#6953,.T.);
#7564=FACE_BOUND('',#6954,.T.);
#7565=FACE_BOUND('',#6955,.T.);
#7566=FACE_BOUND('',#6956,.T.);
#7567=FACE_BOUND('',#6957,.T.);
#7568=FACE_BOUND('',#6958,.T.);
#7569=FACE_BOUND('',#6959,.T.);
#7570=FACE_BOUND('',#6960,.T.);
#7571=FACE_BOUND('',#6961,.T.);
#7572=FACE_BOUND('',#6962,.T.);
#7573=FACE_BOUND('',#6963,.T.);
#7574=FACE_BOUND('',#6964,.T.);
#7575=FACE_BOUND('',#6965,.T.);
#7576=FACE_BOUND('',#6966,.T.);
#7577=FACE_BOUND('',#6967,.T.);
#7578=FACE_BOUND('',#6968,.T.);
#7579=FACE_BOUND('',#6969,.T.);
#7580=FACE_BOUND('',#6970,.T.);
#7581=FACE_BOUND('',#6971,.T.);
#7582=FACE_BOUND('',#6972,.T.);
#7583=FACE_BOUND('',#6973,.T.);
#7584=FACE_BOUND('',#6974,.T.);
#7585=FACE_BOUND('',#6975,.T.);
#7586=FACE_BOUND('',#6976,.T.);
#7587=FACE_BOUND('',#6977,.T.);
#7588=FACE_BOUND('',#6978,.T.);
#7589=FACE_BOUND('',#6979,.T.);
#7590=FACE_BOUND('',#6980,.T.);
#7591=FACE_BOUND('',#6981,.T.);
#7592=FACE_BOUND('',#6982,.T.);
#7593=FACE_BOUND('',#6983,.T.);
#7594=FACE_BOUND('',#6984,.T.);
#7595=FACE_BOUND('',#6985,.T.);
#7596=FACE_BOUND('',#6986,.T.);
#7597=FACE_BOUND('',#6987,.T.);
#7598=FACE_BOUND('',#6988,.T.);
#7599=FACE_BOUND('',#6989,.T.);
#7600=FACE_BOUND('',#6990,.T.);
#7601=FACE_BOUND('',#6991,.T.);
#7602=FACE_BOUND('',#6992,.T.);
#7603=FACE_BOUND('',#6993,.T.);
#7604=FACE_BOUND('',#6994,.T.);
#7605=FACE_BOUND('',#6995,.T.);
#7606=FACE_BOUND('',#6996,.T.);
#7607=FACE_BOUND('',#6997,.T.);
#7608=FACE_BOUND('',#6998,.T.);
#7609=FACE_BOUND('',#6999,.T.);
#7610=FACE_BOUND('',#7000,.T.);
#7611=FACE_BOUND('',#7001,.T.);
#7612=FACE_BOUND('',#7002,.T.);
#7613=FACE_BOUND('',#7003,.T.);
#7614=FACE_BOUND('',#7004,.T.);
#7615=FACE_BOUND('',#7005,.T.);
#7616=FACE_BOUND('',#7006,.T.);
#7617=FACE_BOUND('',#7007,.T.);
#7618=FACE_BOUND('',#7008,.T.);
#7619=FACE_BOUND('',#7009,.T.);
#7620=FACE_BOUND('',#7010,.T.);
#7621=FACE_BOUND('',#7011,.T.);
#7622=FACE_BOUND('',#7012,.T.);
#7623=FACE_BOUND('',#7013,.T.);
#7624=FACE_BOUND('',#7014,.T.);
#7625=FACE_BOUND('',#7015,.T.);
#7626=FACE_BOUND('',#7016,.T.);
#7627=FACE_BOUND('',#7017,.T.);
#7628=FACE_BOUND('',#7018,.T.);
#7629=FACE_BOUND('',#7019,.T.);
#7630=FACE_BOUND('',#7020,.T.);
#7631=FACE_BOUND('',#7021,.T.);
#7632=FACE_BOUND('',#7022,.T.);
#7633=FACE_BOUND('',#7023,.T.);
#7634=FACE_BOUND('',#7024,.T.);
#7635=FACE_BOUND('',#7025,.T.);
#7636=FACE_BOUND('',#7026,.T.);
#7637=FACE_BOUND('',#7027,.T.);
#7638=FACE_BOUND('',#7028,.T.);
#7639=FACE_BOUND('',#7029,.T.);
#7640=FACE_BOUND('',#7030,.T.);
#7641=FACE_BOUND('',#7031,.T.);
#7642=FACE_BOUND('',#7032,.T.);
#7643=FACE_BOUND('',#7033,.T.);
#7644=FACE_BOUND('',#7034,.T.);
#7645=FACE_BOUND('',#7035,.T.);
#7646=FACE_BOUND('',#7036,.T.);
#7647=FACE_BOUND('',#7037,.T.);
#7648=FACE_BOUND('',#7038,.T.);
#7649=FACE_BOUND('',#7039,.T.);
#7650=FACE_BOUND('',#7040,.T.);
#7651=FACE_BOUND('',#7041,.T.);
#7652=FACE_BOUND('',#7042,.T.);
#7653=FACE_BOUND('',#7043,.T.);
#7654=FACE_BOUND('',#7044,.T.);
#7655=FACE_BOUND('',#7045,.T.);
#7656=FACE_BOUND('',#7046,.T.);
#7657=FACE_BOUND('',#7047,.T.);
#7658=FACE_BOUND('',#7048,.T.);
#7659=FACE_BOUND('',#7049,.T.);
#7660=FACE_BOUND('',#7050,.T.);
#7661=FACE_BOUND('',#7051,.T.);
#7662=FACE_BOUND('',#7052,.T.);
#7663=FACE_BOUND('',#7053,.T.);
#7664=FACE_BOUND('',#7054,.T.);
#7665=FACE_BOUND('',#7055,.T.);
#7666=FACE_BOUND('',#7056,.T.);
#7667=FACE_BOUND('',#7057,.T.);
#7668=FACE_BOUND('',#7058,.T.);
#7669=FACE_BOUND('',#7059,.T.);
#7670=FACE_BOUND('',#7060,.T.);
#7671=FACE_BOUND('',#7061,.T.);
#7672=FACE_BOUND('',#7062,.T.);
#7673=FACE_BOUND('',#7063,.T.);
#7674=FACE_BOUND('',#7064,.T.);
#7675=FACE_BOUND('',#7065,.T.);
#7676=FACE_BOUND('',#7066,.T.);
#7677=FACE_BOUND('',#7067,.T.);
#7678=FACE_BOUND('',#7068,.T.);
#7679=FACE_BOUND('',#7069,.T.);
#7680=FACE_BOUND('',#7070,.T.);
#7681=FACE_BOUND('',#7071,.T.);
#7682=FACE_BOUND('',#7072,.T.);
#7683=FACE_BOUND('',#7073,.T.);
#7684=FACE_BOUND('',#7074,.T.);
#7685=FACE_BOUND('',#7075,.T.);
#7686=FACE_BOUND('',#7076,.T.);
#7687=FACE_BOUND('',#7077,.T.);
#7688=FACE_BOUND('',#7078,.T.);
#7689=FACE_BOUND('',#7079,.T.);
#7690=FACE_BOUND('',#7080,.T.);
#7691=FACE_BOUND('',#7081,.T.);
#7692=FACE_BOUND('',#7082,.T.);
#7693=FACE_BOUND('',#7083,.T.);
#7694=FACE_BOUND('',#7084,.T.);
#7695=FACE_BOUND('',#7085,.T.);
#7696=FACE_BOUND('',#7086,.T.);
#7697=FACE_BOUND('',#7087,.T.);
#7698=FACE_BOUND('',#7088,.T.);
#7699=FACE_BOUND('',#7089,.T.);
#7700=FACE_BOUND('',#7090,.T.);
#7701=FACE_BOUND('',#7091,.T.);
#7702=FACE_BOUND('',#7092,.T.);
#7703=FACE_BOUND('',#7093,.T.);
#7704=FACE_BOUND('',#7094,.T.);
#7705=FACE_BOUND('',#7095,.T.);
#7706=FACE_BOUND('',#7096,.T.);
#7707=FACE_BOUND('',#7097,.T.);
#7708=FACE_BOUND('',#7098,.T.);
#7709=FACE_BOUND('',#7099,.T.);
#7710=FACE_BOUND('',#7100,.T.);
#7711=FACE_BOUND('',#7101,.T.);
#7712=FACE_BOUND('',#7102,.T.);
#7713=FACE_BOUND('',#7103,.T.);
#7714=FACE_BOUND('',#7104,.T.);
#7715=FACE_BOUND('',#7105,.T.);
#7716=FACE_BOUND('',#7106,.T.);
#7717=FACE_BOUND('',#7107,.T.);
#7718=FACE_BOUND('',#7108,.T.);
#7719=FACE_BOUND('',#7109,.T.);
#7720=FACE_BOUND('',#7110,.T.);
#7721=FACE_BOUND('',#7111,.T.);
#7722=FACE_BOUND('',#7112,.T.);
#7723=FACE_BOUND('',#7113,.T.);
#7724=FACE_BOUND('',#7114,.T.);
#7725=FACE_BOUND('',#7115,.T.);
#7726=FACE_BOUND('',#7116,.T.);
#7727=FACE_BOUND('',#7117,.T.);
#7728=FACE_BOUND('',#7118,.T.);
#7729=FACE_BOUND('',#7119,.T.);
#7730=FACE_BOUND('',#7120,.T.);
#7731=FACE_BOUND('',#7121,.T.);
#7732=FACE_BOUND('',#7122,.T.);
#7733=FACE_BOUND('',#7123,.T.);
#7734=FACE_BOUND('',#7124,.T.);
#7735=FACE_BOUND('',#7125,.T.);
#7736=FACE_BOUND('',#7126,.T.);
#7737=FACE_BOUND('',#7127,.T.);
#7738=FACE_BOUND('',#7128,.T.);
#7739=FACE_BOUND('',#7129,.T.);
#7740=FACE_BOUND('',#7130,.T.);
#7741=FACE_BOUND('',#7131,.T.);
#7742=FACE_BOUND('',#7132,.T.);
#7743=FACE_BOUND('',#7133,.T.);
#7744=FACE_BOUND('',#7134,.T.);
#7745=FACE_BOUND('',#7135,.T.);
#7746=FACE_BOUND('',#7136,.T.);
#7747=FACE_BOUND('',#7137,.T.);
#7748=FACE_BOUND('',#7138,.T.);
#7749=FACE_BOUND('',#7139,.T.);
#7750=FACE_BOUND('',#7140,.T.);
#7751=FACE_BOUND('',#7141,.T.);
#7752=FACE_BOUND('',#7142,.T.);
#7753=FACE_BOUND('',#7143,.T.);
#7754=FACE_BOUND('',#7144,.T.);
#7755=FACE_BOUND('',#7145,.T.);
#7756=FACE_BOUND('',#7146,.T.);
#7757=FACE_BOUND('',#7147,.T.);
#7758=FACE_BOUND('',#7148,.T.);
#7759=FACE_BOUND('',#7149,.T.);
#7760=FACE_BOUND('',#7150,.T.);
#7761=FACE_BOUND('',#7151,.T.);
#7762=FACE_BOUND('',#7152,.T.);
#7763=FACE_BOUND('',#7153,.T.);
#7764=FACE_BOUND('',#7154,.T.);
#7765=FACE_BOUND('',#7155,.T.);
#7766=FACE_BOUND('',#7156,.T.);
#7767=FACE_BOUND('',#7157,.T.);
#7768=FACE_BOUND('',#7158,.T.);
#7769=FACE_BOUND('',#7159,.T.);
#7770=FACE_BOUND('',#7160,.T.);
#7771=FACE_BOUND('',#7161,.T.);
#7772=FACE_BOUND('',#7162,.T.);
#7773=FACE_BOUND('',#7163,.T.);
#7774=FACE_BOUND('',#7164,.T.);
#7775=FACE_BOUND('',#7165,.T.);
#7776=FACE_BOUND('',#7166,.T.);
#7777=FACE_BOUND('',#7167,.T.);
#7778=FACE_BOUND('',#7168,.T.);
#7779=FACE_BOUND('',#7169,.T.);
#7780=FACE_BOUND('',#7170,.T.);
#7781=FACE_BOUND('',#7171,.T.);
#7782=FACE_BOUND('',#7172,.T.);
#7783=FACE_BOUND('',#7173,.T.);
#7784=FACE_BOUND('',#7174,.T.);
#7785=FACE_BOUND('',#7175,.T.);
#7786=FACE_BOUND('',#7176,.T.);
#7787=FACE_BOUND('',#7177,.T.);
#7788=FACE_BOUND('',#7178,.T.);
#7789=FACE_BOUND('',#7179,.T.);
#7790=FACE_BOUND('',#7180,.T.);
#7791=FACE_BOUND('',#7181,.T.);
#7792=FACE_BOUND('',#7182,.T.);
#7793=FACE_BOUND('',#7183,.T.);
#7794=FACE_BOUND('',#7184,.T.);
#7795=FACE_BOUND('',#7185,.T.);
#7796=FACE_BOUND('',#7186,.T.);
#7797=FACE_BOUND('',#7187,.T.);
#7798=FACE_BOUND('',#7188,.T.);
#7799=FACE_BOUND('',#7189,.T.);
#7800=FACE_BOUND('',#7190,.T.);
#7801=FACE_BOUND('',#7191,.T.);
#7802=FACE_BOUND('',#7192,.T.);
#7803=FACE_BOUND('',#7193,.T.);
#7804=FACE_BOUND('',#7194,.T.);
#7805=FACE_BOUND('',#7195,.T.);
#7806=FACE_BOUND('',#7196,.T.);
#7807=FACE_BOUND('',#7197,.T.);
#7808=FACE_BOUND('',#7198,.T.);
#7809=FACE_BOUND('',#7199,.T.);
#7810=FACE_BOUND('',#7200,.T.);
#7811=FACE_BOUND('',#7201,.T.);
#7812=FACE_BOUND('',#7202,.T.);
#7813=FACE_BOUND('',#7203,.T.);
#7814=FACE_BOUND('',#7204,.T.);
#7815=FACE_BOUND('',#7205,.T.);
#7816=FACE_BOUND('',#7206,.T.);
#7817=FACE_BOUND('',#7207,.T.);
#7818=FACE_BOUND('',#7208,.T.);
#7819=FACE_BOUND('',#7209,.T.);
#7820=FACE_BOUND('',#7210,.T.);
#7821=FACE_BOUND('',#7211,.T.);
#7822=FACE_BOUND('',#7212,.T.);
#7823=FACE_BOUND('',#7213,.T.);
#7824=FACE_BOUND('',#7214,.T.);
#7825=FACE_BOUND('',#7215,.T.);
#7826=FACE_BOUND('',#7216,.T.);
#7827=FACE_BOUND('',#7217,.T.);
#7828=FACE_BOUND('',#7218,.T.);
#7829=FACE_BOUND('',#7219,.T.);
#7830=FACE_BOUND('',#7220,.T.);
#7831=FACE_BOUND('',#7221,.T.);
#7832=FACE_BOUND('',#7222,.T.);
#7833=FACE_BOUND('',#7223,.T.);
#7834=FACE_BOUND('',#7224,.T.);
#7835=FACE_BOUND('',#7225,.T.);
#7836=FACE_BOUND('',#7226,.T.);
#7837=FACE_BOUND('',#7227,.T.);
#7838=FACE_BOUND('',#7228,.T.);
#7839=FACE_BOUND('',#7229,.T.);
#7840=FACE_BOUND('',#7230,.T.);
#7841=FACE_BOUND('',#7231,.T.);
#7842=FACE_BOUND('',#7232,.T.);
#7843=FACE_BOUND('',#7233,.T.);
#7844=FACE_BOUND('',#7234,.T.);
#7845=FACE_BOUND('',#7235,.T.);
#7846=FACE_BOUND('',#7236,.T.);
#7847=FACE_BOUND('',#7237,.T.);
#7848=FACE_BOUND('',#7238,.T.);
#7849=FACE_BOUND('',#7239,.T.);
#7850=FACE_BOUND('',#7240,.T.);
#7851=FACE_BOUND('',#7241,.T.);
#7852=FACE_BOUND('',#7242,.T.);
#7853=FACE_BOUND('',#7243,.T.);
#7854=FACE_BOUND('',#7244,.T.);
#7855=FACE_BOUND('',#7245,.T.);
#7856=FACE_BOUND('',#7246,.T.);
#7857=FACE_BOUND('',#7247,.T.);
#7858=FACE_BOUND('',#7248,.T.);
#7859=FACE_BOUND('',#7249,.T.);
#7860=FACE_BOUND('',#7250,.T.);
#7861=FACE_BOUND('',#7251,.T.);
#7862=FACE_BOUND('',#7252,.T.);
#7863=FACE_BOUND('',#7253,.T.);
#7864=FACE_BOUND('',#7254,.T.);
#7865=FACE_BOUND('',#7255,.T.);
#7866=FACE_BOUND('',#7256,.T.);
#7867=FACE_BOUND('',#7257,.T.);
#7868=FACE_BOUND('',#7258,.T.);
#7869=FACE_BOUND('',#7259,.T.);
#7870=FACE_BOUND('',#7260,.T.);
#7871=FACE_BOUND('',#7261,.T.);
#7872=FACE_BOUND('',#7262,.T.);
#7873=FACE_BOUND('',#7263,.T.);
#7874=FACE_BOUND('',#7264,.T.);
#7875=FACE_BOUND('',#7265,.T.);
#7876=FACE_BOUND('',#7266,.T.);
#7877=FACE_BOUND('',#7267,.T.);
#7878=FACE_BOUND('',#7268,.T.);
#7879=FACE_BOUND('',#7269,.T.);
#7880=FACE_BOUND('',#7270,.T.);
#7881=FACE_BOUND('',#7271,.T.);
#7882=FACE_BOUND('',#7272,.T.);
#7883=FACE_BOUND('',#7273,.T.);
#7884=FACE_BOUND('',#7274,.T.);
#7885=FACE_BOUND('',#7275,.T.);
#7886=FACE_BOUND('',#7276,.T.);
#7887=FACE_BOUND('',#7277,.T.);
#7888=FACE_BOUND('',#7278,.T.);
#7889=FACE_BOUND('',#7279,.T.);
#7890=FACE_BOUND('',#7280,.T.);
#7891=FACE_BOUND('',#7281,.T.);
#7892=FACE_BOUND('',#7282,.T.);
#7893=FACE_BOUND('',#7283,.T.);
#7894=FACE_BOUND('',#7284,.T.);
#7895=FACE_BOUND('',#7285,.T.);
#7896=FACE_BOUND('',#7286,.T.);
#7897=FACE_BOUND('',#7287,.T.);
#7898=FACE_BOUND('',#7288,.T.);
#7899=FACE_BOUND('',#7289,.T.);
#7900=FACE_BOUND('',#7290,.T.);
#7901=FACE_BOUND('',#7291,.T.);
#7902=FACE_BOUND('',#7292,.T.);
#7903=FACE_BOUND('',#7293,.T.);
#7904=FACE_BOUND('',#7294,.T.);
#7905=FACE_BOUND('',#7295,.T.);
#7906=FACE_BOUND('',#7296,.T.);
#7907=FACE_BOUND('',#7297,.T.);
#7908=FACE_BOUND('',#7298,.T.);
#7909=FACE_BOUND('',#7299,.T.);
#7910=FACE_BOUND('',#7300,.T.);
#7911=FACE_BOUND('',#7301,.T.);
#7912=FACE_BOUND('',#7302,.T.);
#7913=FACE_BOUND('',#7303,.T.);
#7914=FACE_BOUND('',#7304,.T.);
#7915=FACE_BOUND('',#7305,.T.);
#7916=FACE_BOUND('',#7306,.T.);
#7917=FACE_BOUND('',#7307,.T.);
#7918=FACE_BOUND('',#7308,.T.);
#7919=FACE_BOUND('',#7309,.T.);
#7920=FACE_BOUND('',#7310,.T.);
#7921=FACE_BOUND('',#7311,.T.);
#7922=FACE_BOUND('',#7312,.T.);
#7923=FACE_BOUND('',#7313,.T.);
#7924=FACE_BOUND('',#7314,.T.);
#7925=FACE_BOUND('',#7315,.T.);
#7926=FACE_BOUND('',#7316,.T.);
#7927=FACE_BOUND('',#7317,.T.);
#7928=FACE_BOUND('',#7318,.T.);
#7929=FACE_BOUND('',#7319,.T.);
#7930=FACE_BOUND('',#7320,.T.);
#7931=FACE_BOUND('',#7321,.T.);
#7932=FACE_BOUND('',#7322,.T.);
#7933=FACE_BOUND('',#7323,.T.);
#7934=FACE_BOUND('',#7324,.T.);
#7935=FACE_BOUND('',#7325,.T.);
#7936=FACE_BOUND('',#7326,.T.);
#7937=FACE_BOUND('',#7327,.T.);
#7938=FACE_BOUND('',#7328,.T.);
#7939=FACE_BOUND('',#7329,.T.);
#7940=FACE_BOUND('',#7330,.T.);
#7941=FACE_BOUND('',#7331,.T.);
#7942=FACE_BOUND('',#7332,.T.);
#7943=FACE_BOUND('',#7333,.T.);
#7944=FACE_BOUND('',#7334,.T.);
#7945=FACE_BOUND('',#7335,.T.);
#7946=FACE_BOUND('',#7336,.T.);
#7947=FACE_BOUND('',#7337,.T.);
#7948=FACE_BOUND('',#7338,.T.);
#7949=FACE_BOUND('',#7339,.T.);
#7950=FACE_BOUND('',#7340,.T.);
#7951=FACE_BOUND('',#7341,.T.);
#7952=FACE_BOUND('',#7342,.T.);
#7953=FACE_BOUND('',#7343,.T.);
#7954=FACE_BOUND('',#7344,.T.);
#7955=FACE_BOUND('',#7345,.T.);
#7956=FACE_BOUND('',#7346,.T.);
#7957=FACE_BOUND('',#7347,.T.);
#7958=FACE_BOUND('',#7348,.T.);
#7959=FACE_BOUND('',#7349,.T.);
#7960=FACE_BOUND('',#7350,.T.);
#7961=FACE_BOUND('',#7351,.T.);
#7962=FACE_BOUND('',#7352,.T.);
#7963=FACE_BOUND('',#7353,.T.);
#7964=FACE_BOUND('',#7354,.T.);
#7965=FACE_BOUND('',#7355,.T.);
#7966=FACE_BOUND('',#7356,.T.);
#7967=FACE_BOUND('',#7357,.T.);
#7968=FACE_BOUND('',#7358,.T.);
#7969=FACE_BOUND('',#7359,.T.);
#7970=FACE_BOUND('',#7360,.T.);
#7971=FACE_BOUND('',#7361,.T.);
#7972=FACE_BOUND('',#7362,.T.);
#7973=FACE_BOUND('',#7363,.T.);
#7974=FACE_BOUND('',#7364,.T.);
#7975=FACE_BOUND('',#7365,.T.);
#7976=FACE_BOUND('',#7366,.T.);
#7977=FACE_BOUND('',#7367,.T.);
#7978=FACE_BOUND('',#7368,.T.);
#7979=FACE_BOUND('',#7369,.T.);
#7980=FACE_BOUND('',#7370,.T.);
#7981=FACE_BOUND('',#7371,.T.);
#7982=FACE_BOUND('',#7372,.T.);
#7983=FACE_BOUND('',#7373,.T.);
#7984=FACE_BOUND('',#7374,.T.);
#7985=FACE_BOUND('',#7375,.T.);
#7986=FACE_BOUND('',#7376,.T.);
#7987=FACE_BOUND('',#7377,.T.);
#7988=FACE_BOUND('',#7378,.T.);
#7989=FACE_BOUND('',#7379,.T.);
#7990=FACE_BOUND('',#7380,.T.);
#7991=FACE_BOUND('',#7381,.T.);
#7992=FACE_BOUND('',#7382,.T.);
#7993=FACE_BOUND('',#7383,.T.);
#7994=FACE_BOUND('',#7384,.T.);
#7995=FACE_BOUND('',#7385,.T.);
#7996=FACE_BOUND('',#7386,.T.);
#7997=FACE_BOUND('',#7387,.T.);
#7998=FACE_BOUND('',#7388,.T.);
#7999=FACE_BOUND('',#7389,.T.);
#8000=FACE_BOUND('',#7390,.T.);
#8001=FACE_BOUND('',#7391,.T.);
#8002=FACE_BOUND('',#7392,.T.);
#8003=FACE_BOUND('',#7393,.T.);
#8004=FACE_BOUND('',#7394,.T.);
#8005=FACE_BOUND('',#7395,.T.);
#8006=FACE_BOUND('',#7396,.T.);
#8007=FACE_BOUND('',#7397,.T.);
#8008=FACE_BOUND('',#7398,.T.);
#8009=FACE_BOUND('',#7399,.T.);
#8010=FACE_BOUND('',#7400,.T.);
#8011=FACE_BOUND('',#7401,.T.);
#8012=FACE_BOUND('',#7402,.T.);
#8013=FACE_BOUND('',#7403,.T.);
#8014=FACE_BOUND('',#7404,.T.);
#8015=FACE_BOUND('',#7405,.T.);
#8016=FACE_BOUND('',#7406,.T.);
#8017=FACE_BOUND('',#7407,.T.);
#8018=FACE_BOUND('',#7408,.T.);
#8019=FACE_BOUND('',#7409,.T.);
#8020=FACE_BOUND('',#7410,.T.);
#8021=FACE_BOUND('',#7411,.T.);
#8022=FACE_BOUND('',#7412,.T.);
#8023=FACE_BOUND('',#7413,.T.);
#8024=FACE_BOUND('',#7414,.T.);
#8025=FACE_BOUND('',#7415,.T.);
#8026=FACE_BOUND('',#7416,.T.);
#8027=FACE_BOUND('',#7417,.T.);
#8028=FACE_BOUND('',#7418,.T.);
#8029=FACE_BOUND('',#7419,.T.);
#8030=FACE_BOUND('',#7420,.T.);
#8031=FACE_BOUND('',#7421,.T.);
#8032=FACE_BOUND('',#7422,.T.);
#8033=FACE_BOUND('',#7423,.T.);
#8034=FACE_BOUND('',#7424,.T.);
#8035=FACE_BOUND('',#7425,.T.);
#8036=FACE_BOUND('',#7426,.T.);
#8037=FACE_BOUND('',#7427,.T.);
#8038=FACE_BOUND('',#7428,.T.);
#8039=FACE_BOUND('',#7429,.T.);
#8040=FACE_BOUND('',#7430,.T.);
#8041=FACE_BOUND('',#7431,.T.);
#8042=FACE_BOUND('',#7432,.T.);
#8043=FACE_BOUND('',#7433,.T.);
#8044=FACE_BOUND('',#7434,.T.);
#8045=FACE_BOUND('',#7435,.T.);
#8046=FACE_BOUND('',#7436,.T.);
#8047=FACE_BOUND('',#7437,.T.);
#8048=FACE_BOUND('',#7438,.T.);
#8049=FACE_BOUND('',#7439,.T.);
#8050=FACE_BOUND('',#7440,.T.);
#8051=FACE_BOUND('',#7441,.T.);
#8052=FACE_BOUND('',#7442,.T.);
#8053=FACE_BOUND('',#7443,.T.);
#8054=FACE_BOUND('',#7444,.T.);
#8055=FACE_BOUND('',#7445,.T.);
#8056=FACE_BOUND('',#7446,.T.);
#8057=FACE_BOUND('',#7447,.T.);
#8058=FACE_BOUND('',#7448,.T.);
#8059=FACE_BOUND('',#7449,.T.);
#8060=FACE_BOUND('',#7450,.T.);
#8061=FACE_BOUND('',#7451,.T.);
#8062=FACE_BOUND('',#7452,.T.);
#8063=FACE_BOUND('',#7453,.T.);
#8064=FACE_BOUND('',#7454,.T.);
#8065=FACE_BOUND('',#7455,.T.);
#8066=FACE_BOUND('',#7456,.T.);
#8067=FACE_BOUND('',#7457,.T.);
#8068=FACE_BOUND('',#7458,.T.);
#8069=FACE_BOUND('',#7459,.T.);
#8070=FACE_BOUND('',#7460,.T.);
#8071=FACE_BOUND('',#7461,.T.);
#8072=FACE_BOUND('',#7462,.T.);
#8073=FACE_BOUND('',#7463,.T.);
#8074=FACE_BOUND('',#7464,.T.);
#8075=FACE_BOUND('',#7465,.T.);
#8076=FACE_BOUND('',#7466,.T.);
#8077=FACE_BOUND('',#7467,.T.);
#8078=FACE_BOUND('',#7468,.T.);
#8079=FACE_BOUND('',#7469,.T.);
#8080=FACE_BOUND('',#7470,.T.);
#8081=FACE_BOUND('',#7471,.T.);
#8082=FACE_BOUND('',#7472,.T.);
#8083=FACE_BOUND('',#7473,.T.);
#8084=FACE_BOUND('',#7474,.T.);
#8085=FACE_BOUND('',#7475,.T.);
#8086=FACE_BOUND('',#7476,.T.);
#8087=FACE_BOUND('',#7477,.T.);
#8088=FACE_BOUND('',#7478,.T.);
#8089=FACE_BOUND('',#7479,.T.);
#8090=FACE_BOUND('',#7480,.T.);
#8091=FACE_BOUND('',#7481,.T.);
#8092=FACE_BOUND('',#7482,.T.);
#8093=FACE_BOUND('',#7483,.T.);
#8094=FACE_BOUND('',#7484,.T.);
#8095=FACE_BOUND('',#7485,.T.);
#8096=FACE_BOUND('',#7486,.T.);
#8097=FACE_BOUND('',#7487,.T.);
#8098=FACE_BOUND('',#7488,.T.);
#8099=FACE_BOUND('',#7489,.T.);
#8100=FACE_BOUND('',#7490,.T.);
#8101=FACE_BOUND('',#7491,.T.);
#8102=FACE_BOUND('',#7492,.T.);
#8103=FACE_BOUND('',#7493,.T.);
#8104=FACE_BOUND('',#7494,.T.);
#8105=PLANE('',#9037);
#8106=PLANE('',#9041);
#8107=PLANE('',#9043);
#8108=PLANE('',#9048);
#8109=PLANE('',#9049);
#8110=PLANE('',#9051);
#8111=PLANE('',#9054);
#8112=PLANE('',#9055);
#8113=PLANE('',#9057);
#8114=PLANE('',#9060);
#8115=PLANE('',#9061);
#8116=PLANE('',#9062);
#8117=PLANE('',#9083);
#8118=PLANE('',#9089);
#8119=PLANE('',#9090);
#8120=PLANE('',#9091);
#8121=PLANE('',#9095);
#8122=PLANE('',#9096);
#8123=PLANE('',#9097);
#8124=PLANE('',#9098);
#8125=PLANE('',#9100);
#8126=PLANE('',#9101);
#8127=PLANE('',#9102);
#8128=PLANE('',#9103);
#8129=PLANE('',#9104);
#8130=PLANE('',#9105);
#8131=PLANE('',#9106);
#8132=PLANE('',#9107);
#8133=PLANE('',#9108);
#8134=PLANE('',#9109);
#8135=PLANE('',#9110);
#8136=PLANE('',#9111);
#8137=PLANE('',#9112);
#8138=PLANE('',#9114);
#8139=PLANE('',#9115);
#8140=PLANE('',#9116);
#8141=PLANE('',#9117);
#8142=PLANE('',#9120);
#8143=PLANE('',#9123);
#8144=PLANE('',#9126);
#8145=PLANE('',#9127);
#8146=PLANE('',#9128);
#8147=PLANE('',#9129);
#8148=PLANE('',#9130);
#8149=PLANE('',#9131);
#8150=PLANE('',#9132);
#8151=PLANE('',#9139);
#8152=PLANE('',#9140);
#8153=PLANE('',#9141);
#8154=PLANE('',#9142);
#8155=PLANE('',#9143);
#8156=PLANE('',#9144);
#8157=PLANE('',#9145);
#8158=PLANE('',#9146);
#8159=PLANE('',#9147);
#8160=PLANE('',#9154);
#8161=PLANE('',#9155);
#8162=PLANE('',#9156);
#8163=PLANE('',#9175);
#8164=PLANE('',#9178);
#8165=PLANE('',#9179);
#8166=PLANE('',#9180);
#8167=PLANE('',#9181);
#8168=PLANE('',#9182);
#8169=PLANE('',#9183);
#8170=PLANE('',#9184);
#8171=PLANE('',#9185);
#8172=PLANE('',#9186);
#8173=PLANE('',#9187);
#8174=PLANE('',#9188);
#8175=PLANE('',#9195);
#8176=PLANE('',#9196);
#8177=PLANE('',#9197);
#8178=PLANE('',#9198);
#8179=PLANE('',#9199);
#8180=PLANE('',#9203);
#8181=PLANE('',#9204);
#8182=PLANE('',#9205);
#8183=PLANE('',#9206);
#8184=PLANE('',#9207);
#8185=PLANE('',#9208);
#8186=PLANE('',#9209);
#8187=PLANE('',#9210);
#8188=PLANE('',#9214);
#8189=PLANE('',#9215);
#8190=PLANE('',#9216);
#8191=PLANE('',#9217);
#8192=PLANE('',#9220);
#8193=PLANE('',#9221);
#8194=PLANE('',#9222);
#8195=PLANE('',#9224);
#8196=PLANE('',#9240);
#8197=PLANE('',#9245);
#8198=PLANE('',#9246);
#8199=PLANE('',#9247);
#8200=PLANE('',#9248);
#8201=PLANE('',#9250);
#8202=PLANE('',#9251);
#8203=PLANE('',#9259);
#8204=PLANE('',#9261);
#8205=PLANE('',#9265);
#8206=PLANE('',#9268);
#8207=PLANE('',#9271);
#8208=PLANE('',#9272);
#8209=PLANE('',#9273);
#8210=PLANE('',#9274);
#8211=PLANE('',#9275);
#8212=PLANE('',#9276);
#8213=PLANE('',#9279);
#8214=PLANE('',#9281);
#8215=PLANE('',#9282);
#8216=PLANE('',#9283);
#8217=PLANE('',#9284);
#8218=PLANE('',#9285);
#8219=PLANE('',#9286);
#8220=PLANE('',#9287);
#8221=PLANE('',#9288);
#8222=PLANE('',#9289);
#8223=PLANE('',#9290);
#8224=PLANE('',#9291);
#8225=PLANE('',#9293);
#8226=PLANE('',#9294);
#8227=PLANE('',#9295);
#8228=PLANE('',#9296);
#8229=PLANE('',#9297);
#8230=PLANE('',#9300);
#8231=PLANE('',#9303);
#8232=PLANE('',#9304);
#8233=PLANE('',#9305);
#8234=PLANE('',#9306);
#8235=PLANE('',#9307);
#8236=PLANE('',#9308);
#8237=PLANE('',#9309);
#8238=PLANE('',#9316);
#8239=PLANE('',#9317);
#8240=PLANE('',#9318);
#8241=PLANE('',#9319);
#8242=PLANE('',#9320);
#8243=PLANE('',#9321);
#8244=PLANE('',#9322);
#8245=PLANE('',#9323);
#8246=PLANE('',#9324);
#8247=PLANE('',#9331);
#8248=PLANE('',#9332);
#8249=PLANE('',#9333);
#8250=PLANE('',#9352);
#8251=PLANE('',#9355);
#8252=PLANE('',#9356);
#8253=PLANE('',#9357);
#8254=PLANE('',#9358);
#8255=PLANE('',#9359);
#8256=PLANE('',#9360);
#8257=PLANE('',#9361);
#8258=PLANE('',#9362);
#8259=PLANE('',#9363);
#8260=PLANE('',#9364);
#8261=PLANE('',#9365);
#8262=PLANE('',#9372);
#8263=PLANE('',#9373);
#8264=PLANE('',#9374);
#8265=PLANE('',#9375);
#8266=PLANE('',#9376);
#8267=PLANE('',#9380);
#8268=PLANE('',#9381);
#8269=PLANE('',#9382);
#8270=PLANE('',#9383);
#8271=PLANE('',#9384);
#8272=PLANE('',#9385);
#8273=PLANE('',#9386);
#8274=PLANE('',#9387);
#8275=PLANE('',#9391);
#8276=PLANE('',#9392);
#8277=PLANE('',#9393);
#8278=PLANE('',#9394);
#8279=PLANE('',#9395);
#8280=PLANE('',#9397);
#8281=PLANE('',#9400);
#8282=PLANE('',#9401);
#8283=PLANE('',#9402);
#8284=PLANE('',#9403);
#8285=PLANE('',#9404);
#8286=PLANE('',#9405);
#8287=PLANE('',#9406);
#8288=PLANE('',#9407);
#8289=PLANE('',#9408);
#8290=PLANE('',#9409);
#8291=PLANE('',#9410);
#8292=PLANE('',#9411);
#8293=PLANE('',#9412);
#8294=PLANE('',#9413);
#8295=PLANE('',#9414);
#8296=PLANE('',#9415);
#8297=PLANE('',#9416);
#8298=PLANE('',#9417);
#8299=PLANE('',#9418);
#8300=PLANE('',#9419);
#8301=PLANE('',#9420);
#8302=PLANE('',#9421);
#8303=PLANE('',#9422);
#8304=PLANE('',#9423);
#8305=PLANE('',#9424);
#8306=PLANE('',#9425);
#8307=PLANE('',#9426);
#8308=PLANE('',#9427);
#8309=PLANE('',#9428);
#8310=PLANE('',#9429);
#8311=PLANE('',#9430);
#8312=PLANE('',#9431);
#8313=PLANE('',#9432);
#8314=PLANE('',#9433);
#8315=PLANE('',#9434);
#8316=PLANE('',#9435);
#8317=PLANE('',#9436);
#8318=PLANE('',#9437);
#8319=PLANE('',#9438);
#8320=PLANE('',#9439);
#8321=PLANE('',#9440);
#8322=PLANE('',#9441);
#8323=PLANE('',#9442);
#8324=PLANE('',#9450);
#8325=PLANE('',#9451);
#8326=PLANE('',#9452);
#8327=PLANE('',#9453);
#8328=PLANE('',#9455);
#8329=PLANE('',#9459);
#8330=PLANE('',#9461);
#8331=PLANE('',#9466);
#8332=PLANE('',#9471);
#8333=PLANE('',#9472);
#8334=PLANE('',#9474);
#8335=PLANE('',#9475);
#8336=PLANE('',#9478);
#8337=PLANE('',#9484);
#8338=PLANE('',#9488);
#8339=PLANE('',#9491);
#8340=PLANE('',#9495);
#8341=PLANE('',#9499);
#8342=PLANE('',#9500);
#8343=PLANE('',#9501);
#8344=PLANE('',#9502);
#8345=PLANE('',#9503);
#8346=PLANE('',#9504);
#8347=PLANE('',#9506);
#8348=PLANE('',#9508);
#8349=PLANE('',#9509);
#8350=PLANE('',#9510);
#8351=PLANE('',#9511);
#8352=PLANE('',#9514);
#8353=PLANE('',#9515);
#8354=PLANE('',#9521);
#8355=PLANE('',#9526);
#8356=PLANE('',#9527);
#8357=PLANE('',#9533);
#8358=PLANE('',#9534);
#8359=PLANE('',#9535);
#8360=PLANE('',#9536);
#8361=PLANE('',#9537);
#8362=PLANE('',#9538);
#8363=PLANE('',#9539);
#8364=PLANE('',#9540);
#8365=PLANE('',#9541);
#8366=PLANE('',#9542);
#8367=PLANE('',#9543);
#8368=PLANE('',#9544);
#8369=PLANE('',#9545);
#8370=PLANE('',#9546);
#8371=PLANE('',#9547);
#8372=PLANE('',#9548);
#8373=PLANE('',#9549);
#8374=PLANE('',#9550);
#8375=PLANE('',#9551);
#8376=PLANE('',#9552);
#8377=PLANE('',#9553);
#8378=PLANE('',#9554);
#8379=PLANE('',#9555);
#8380=PLANE('',#9556);
#8381=PLANE('',#9557);
#8382=PLANE('',#9558);
#8383=PLANE('',#9559);
#8384=PLANE('',#9560);
#8385=PLANE('',#9561);
#8386=PLANE('',#9562);
#8387=PLANE('',#9563);
#8388=PLANE('',#9564);
#8389=PLANE('',#9565);
#8390=PLANE('',#9566);
#8391=PLANE('',#9567);
#8392=PLANE('',#9568);
#8393=PLANE('',#9569);
#8394=PLANE('',#9570);
#8395=PLANE('',#9571);
#8396=PLANE('',#9572);
#8397=PLANE('',#9573);
#8398=PLANE('',#9574);
#8399=PLANE('',#9575);
#8400=PLANE('',#9580);
#8401=PLANE('',#9581);
#8402=PLANE('',#9587);
#8403=PLANE('',#9588);
#8404=PLANE('',#9589);
#8405=PLANE('',#9590);
#8406=PLANE('',#9591);
#8407=PLANE('',#9592);
#8408=ADVANCED_FACE('',(#7495),#8105,.F.);
#8409=ADVANCED_FACE('',(#7496,#7497),#2152,.T.);
#8410=ADVANCED_FACE('',(#7498),#8106,.T.);
#8411=ADVANCED_FACE('',(#7499,#7500,#7501,#7502,#7503,#7504),#8107,.T.);
#8412=ADVANCED_FACE('',(#7505),#8108,.T.);
#8413=ADVANCED_FACE('',(#7506,#7507),#8109,.T.);
#8414=ADVANCED_FACE('',(#7508,#7509),#8110,.F.);
#8415=ADVANCED_FACE('',(#7510),#8111,.T.);
#8416=ADVANCED_FACE('',(#7511,#7512),#8112,.F.);
#8417=ADVANCED_FACE('',(#7513,#7514),#8113,.T.);
#8418=ADVANCED_FACE('',(#7515,#7516),#8114,.T.);
#8419=ADVANCED_FACE('',(#7517),#8115,.F.);
#8420=ADVANCED_FACE('',(#7518,#7519,#7520,#7521,#7522,#7523,#7524,#7525,
#7526,#7527,#7528,#7529),#8116,.F.);
#8421=ADVANCED_FACE('',(#7530,#7531),#2153,.F.);
#8422=ADVANCED_FACE('',(#7532,#7533),#2154,.F.);
#8423=ADVANCED_FACE('',(#7534,#7535),#2155,.F.);
#8424=ADVANCED_FACE('',(#7536),#8117,.T.);
#8425=ADVANCED_FACE('',(#7537,#7538),#2156,.F.);
#8426=ADVANCED_FACE('',(#7539,#7540),#2157,.F.);
#8427=ADVANCED_FACE('',(#7541),#8118,.T.);
#8428=ADVANCED_FACE('',(#7542),#8119,.F.);
#8429=ADVANCED_FACE('',(#7543),#8120,.T.);
#8430=ADVANCED_FACE('',(#7544,#7545),#2158,.F.);
#8431=ADVANCED_FACE('',(#7546,#7547),#2159,.F.);
#8432=ADVANCED_FACE('',(#7548),#8121,.T.);
#8433=ADVANCED_FACE('',(#7549,#7550),#8122,.F.);
#8434=ADVANCED_FACE('',(#7551),#8123,.F.);
#8435=ADVANCED_FACE('',(#7552,#7553),#8124,.T.);
#8436=ADVANCED_FACE('',(#7554,#7555),#2160,.F.);
#8437=ADVANCED_FACE('',(#7556),#8125,.T.);
#8438=ADVANCED_FACE('',(#7557),#8126,.F.);
#8439=ADVANCED_FACE('',(#7558),#8127,.F.);
#8440=ADVANCED_FACE('',(#7559),#8128,.T.);
#8441=ADVANCED_FACE('',(#7560),#8129,.T.);
#8442=ADVANCED_FACE('',(#7561),#8130,.T.);
#8443=ADVANCED_FACE('',(#7562),#8131,.F.);
#8444=ADVANCED_FACE('',(#7563),#8132,.F.);
#8445=ADVANCED_FACE('',(#7564),#8133,.T.);
#8446=ADVANCED_FACE('',(#7565),#8134,.T.);
#8447=ADVANCED_FACE('',(#7566),#8135,.T.);
#8448=ADVANCED_FACE('',(#7567),#8136,.F.);
#8449=ADVANCED_FACE('',(#7568,#7569),#8137,.F.);
#8450=ADVANCED_FACE('',(#7570),#8138,.T.);
#8451=ADVANCED_FACE('',(#7571),#8139,.T.);
#8452=ADVANCED_FACE('',(#7572),#8140,.F.);
#8453=ADVANCED_FACE('',(#7573),#8141,.F.);
#8454=ADVANCED_FACE('',(#7574,#7575),#2161,.F.);
#8455=ADVANCED_FACE('',(#7576,#7577),#8142,.T.);
#8456=ADVANCED_FACE('',(#7578,#7579),#2162,.F.);
#8457=ADVANCED_FACE('',(#7580),#8143,.T.);
#8458=ADVANCED_FACE('',(#7581,#7582),#2163,.F.);
#8459=ADVANCED_FACE('',(#7583),#8144,.T.);
#8460=ADVANCED_FACE('',(#7584),#8145,.T.);
#8461=ADVANCED_FACE('',(#7585),#8146,.T.);
#8462=ADVANCED_FACE('',(#7586),#8147,.T.);
#8463=ADVANCED_FACE('',(#7587),#8148,.T.);
#8464=ADVANCED_FACE('',(#7588),#8149,.T.);
#8465=ADVANCED_FACE('',(#7589),#10,.T.);
#8466=ADVANCED_FACE('',(#7590),#11,.T.);
#8467=ADVANCED_FACE('',(#7591),#12,.T.);
#8468=ADVANCED_FACE('',(#7592),#13,.T.);
#8469=ADVANCED_FACE('',(#7593),#14,.T.);
#8470=ADVANCED_FACE('',(#7594),#8150,.T.);
#8471=ADVANCED_FACE('',(#7595),#15,.T.);
#8472=ADVANCED_FACE('',(#7596),#2164,.F.);
#8473=ADVANCED_FACE('',(#7597),#16,.T.);
#8474=ADVANCED_FACE('',(#7598),#17,.T.);
#8475=ADVANCED_FACE('',(#7599),#2165,.F.);
#8476=ADVANCED_FACE('',(#7600),#2166,.F.);
#8477=ADVANCED_FACE('',(#7601),#18,.T.);
#8478=ADVANCED_FACE('',(#7602),#8151,.T.);
#8479=ADVANCED_FACE('',(#7603),#8152,.T.);
#8480=ADVANCED_FACE('',(#7604),#8153,.T.);
#8481=ADVANCED_FACE('',(#7605),#8154,.T.);
#8482=ADVANCED_FACE('',(#7606),#8155,.T.);
#8483=ADVANCED_FACE('',(#7607),#8156,.T.);
#8484=ADVANCED_FACE('',(#7608),#8157,.T.);
#8485=ADVANCED_FACE('',(#7609),#8158,.T.);
#8486=ADVANCED_FACE('',(#7610),#19,.T.);
#8487=ADVANCED_FACE('',(#7611),#20,.T.);
#8488=ADVANCED_FACE('',(#7612),#21,.T.);
#8489=ADVANCED_FACE('',(#7613),#22,.T.);
#8490=ADVANCED_FACE('',(#7614),#23,.T.);
#8491=ADVANCED_FACE('',(#7615),#8159,.T.);
#8492=ADVANCED_FACE('',(#7616),#24,.T.);
#8493=ADVANCED_FACE('',(#7617),#2167,.F.);
#8494=ADVANCED_FACE('',(#7618),#25,.T.);
#8495=ADVANCED_FACE('',(#7619),#26,.T.);
#8496=ADVANCED_FACE('',(#7620),#2168,.F.);
#8497=ADVANCED_FACE('',(#7621),#2169,.F.);
#8498=ADVANCED_FACE('',(#7622),#27,.T.);
#8499=ADVANCED_FACE('',(#7623),#8160,.T.);
#8500=ADVANCED_FACE('',(#7624),#8161,.T.);
#8501=ADVANCED_FACE('',(#7625),#8162,.T.);
#8502=ADVANCED_FACE('',(#7626),#28,.T.);
#8503=ADVANCED_FACE('',(#7627),#2170,.F.);
#8504=ADVANCED_FACE('',(#7628),#2171,.F.);
#8505=ADVANCED_FACE('',(#7629),#2172,.F.);
#8506=ADVANCED_FACE('',(#7630),#2173,.F.);
#8507=ADVANCED_FACE('',(#7631),#2174,.F.);
#8508=ADVANCED_FACE('',(#7632),#2175,.F.);
#8509=ADVANCED_FACE('',(#7633),#29,.T.);
#8510=ADVANCED_FACE('',(#7634),#30,.T.);
#8511=ADVANCED_FACE('',(#7635),#31,.T.);
#8512=ADVANCED_FACE('',(#7636),#32,.T.);
#8513=ADVANCED_FACE('',(#7637),#33,.T.);
#8514=ADVANCED_FACE('',(#7638),#34,.T.);
#8515=ADVANCED_FACE('',(#7639),#35,.T.);
#8516=ADVANCED_FACE('',(#7640),#36,.T.);
#8517=ADVANCED_FACE('',(#7641),#37,.T.);
#8518=ADVANCED_FACE('',(#7642),#38,.T.);
#8519=ADVANCED_FACE('',(#7643),#8163,.T.);
#8520=ADVANCED_FACE('',(#7644),#39,.T.);
#8521=ADVANCED_FACE('',(#7645),#40,.T.);
#8522=ADVANCED_FACE('',(#7646),#2176,.F.);
#8523=ADVANCED_FACE('',(#7647),#8164,.T.);
#8524=ADVANCED_FACE('',(#7648),#41,.T.);
#8525=ADVANCED_FACE('',(#7649),#42,.T.);
#8526=ADVANCED_FACE('',(#7650),#43,.T.);
#8527=ADVANCED_FACE('',(#7651,#7652),#8165,.T.);
#8528=ADVANCED_FACE('',(#7653),#8166,.T.);
#8529=ADVANCED_FACE('',(#7654),#8167,.T.);
#8530=ADVANCED_FACE('',(#7655),#8168,.T.);
#8531=ADVANCED_FACE('',(#7656),#8169,.T.);
#8532=ADVANCED_FACE('',(#7657),#8170,.T.);
#8533=ADVANCED_FACE('',(#7658),#8171,.T.);
#8534=ADVANCED_FACE('',(#7659),#8172,.T.);
#8535=ADVANCED_FACE('',(#7660),#8173,.T.);
#8536=ADVANCED_FACE('',(#7661),#44,.T.);
#8537=ADVANCED_FACE('',(#7662),#45,.T.);
#8538=ADVANCED_FACE('',(#7663),#46,.T.);
#8539=ADVANCED_FACE('',(#7664),#47,.T.);
#8540=ADVANCED_FACE('',(#7665),#48,.T.);
#8541=ADVANCED_FACE('',(#7666),#49,.T.);
#8542=ADVANCED_FACE('',(#7667),#50,.T.);
#8543=ADVANCED_FACE('',(#7668),#51,.T.);
#8544=ADVANCED_FACE('',(#7669),#52,.T.);
#8545=ADVANCED_FACE('',(#7670),#8174,.T.);
#8546=ADVANCED_FACE('',(#7671),#2177,.T.);
#8547=ADVANCED_FACE('',(#7672),#53,.T.);
#8548=ADVANCED_FACE('',(#7673),#54,.T.);
#8549=ADVANCED_FACE('',(#7674),#55,.T.);
#8550=ADVANCED_FACE('',(#7675),#56,.T.);
#8551=ADVANCED_FACE('',(#7676),#57,.T.);
#8552=ADVANCED_FACE('',(#7677),#58,.T.);
#8553=ADVANCED_FACE('',(#7678),#59,.T.);
#8554=ADVANCED_FACE('',(#7679),#60,.T.);
#8555=ADVANCED_FACE('',(#7680),#61,.T.);
#8556=ADVANCED_FACE('',(#7681),#2178,.F.);
#8557=ADVANCED_FACE('',(#7682),#2179,.F.);
#8558=ADVANCED_FACE('',(#7683),#8175,.T.);
#8559=ADVANCED_FACE('',(#7684),#62,.T.);
#8560=ADVANCED_FACE('',(#7685),#63,.T.);
#8561=ADVANCED_FACE('',(#7686),#8176,.T.);
#8562=ADVANCED_FACE('',(#7687),#8177,.T.);
#8563=ADVANCED_FACE('',(#7688),#8178,.T.);
#8564=ADVANCED_FACE('',(#7689),#8179,.T.);
#8565=ADVANCED_FACE('',(#7690),#2180,.T.);
#8566=ADVANCED_FACE('',(#7691),#8180,.T.);
#8567=ADVANCED_FACE('',(#7692),#8181,.T.);
#8568=ADVANCED_FACE('',(#7693),#8182,.T.);
#8569=ADVANCED_FACE('',(#7694),#8183,.T.);
#8570=ADVANCED_FACE('',(#7695),#8184,.T.);
#8571=ADVANCED_FACE('',(#7696),#8185,.T.);
#8572=ADVANCED_FACE('',(#7697),#8186,.T.);
#8573=ADVANCED_FACE('',(#7698),#8187,.T.);
#8574=ADVANCED_FACE('',(#7699),#2181,.T.);
#8575=ADVANCED_FACE('',(#7700,#7701),#8188,.T.);
#8576=ADVANCED_FACE('',(#7702),#8189,.F.);
#8577=ADVANCED_FACE('',(#7703),#8190,.F.);
#8578=ADVANCED_FACE('',(#7704),#8191,.T.);
#8579=ADVANCED_FACE('',(#7705),#2182,.F.);
#8580=ADVANCED_FACE('',(#7706),#8192,.T.);
#8581=ADVANCED_FACE('',(#7707),#8193,.T.);
#8582=ADVANCED_FACE('',(#7708),#8194,.T.);
#8583=ADVANCED_FACE('',(#7709,#7710,#7711,#7712,#7713,#7714,#7715,#7716,
#7717,#7718,#7719,#7720),#8195,.F.);
#8584=ADVANCED_FACE('',(#7721,#7722,#7723,#7724,#7725,#7726),#8196,.T.);
#8585=ADVANCED_FACE('',(#7727),#8197,.T.);
#8586=ADVANCED_FACE('',(#7728),#8198,.F.);
#8587=ADVANCED_FACE('',(#7729),#8199,.T.);
#8588=ADVANCED_FACE('',(#7730,#7731),#8200,.T.);
#8589=ADVANCED_FACE('',(#7732),#8201,.F.);
#8590=ADVANCED_FACE('',(#7733,#7734),#8202,.T.);
#8591=ADVANCED_FACE('',(#7735,#7736),#2183,.F.);
#8592=ADVANCED_FACE('',(#7737,#7738),#2184,.F.);
#8593=ADVANCED_FACE('',(#7739,#7740,#7741),#2185,.F.);
#8594=ADVANCED_FACE('',(#7742),#8203,.T.);
#8595=ADVANCED_FACE('',(#7743,#7744),#8204,.T.);
#8596=ADVANCED_FACE('',(#7745,#7746),#2186,.F.);
#8597=ADVANCED_FACE('',(#7747),#8205,.T.);
#8598=ADVANCED_FACE('',(#7748,#7749),#2187,.F.);
#8599=ADVANCED_FACE('',(#7750),#8206,.T.);
#8600=ADVANCED_FACE('',(#7751,#7752),#2188,.F.);
#8601=ADVANCED_FACE('',(#7753),#8207,.T.);
#8602=ADVANCED_FACE('',(#7754),#8208,.T.);
#8603=ADVANCED_FACE('',(#7755),#8209,.F.);
#8604=ADVANCED_FACE('',(#7756),#8210,.F.);
#8605=ADVANCED_FACE('',(#7757),#8211,.F.);
#8606=ADVANCED_FACE('',(#7758),#8212,.T.);
#8607=ADVANCED_FACE('',(#7759,#7760),#2189,.F.);
#8608=ADVANCED_FACE('',(#7761,#7762,#7763,#7764),#2190,.F.);
#8609=ADVANCED_FACE('',(#7765,#7766),#8213,.F.);
#8610=ADVANCED_FACE('',(#7767),#8214,.T.);
#8611=ADVANCED_FACE('',(#7768),#8215,.F.);
#8612=ADVANCED_FACE('',(#7769),#8216,.T.);
#8613=ADVANCED_FACE('',(#7770),#8217,.T.);
#8614=ADVANCED_FACE('',(#7771),#8218,.T.);
#8615=ADVANCED_FACE('',(#7772),#8219,.T.);
#8616=ADVANCED_FACE('',(#7773),#8220,.F.);
#8617=ADVANCED_FACE('',(#7774),#8221,.F.);
#8618=ADVANCED_FACE('',(#7775),#8222,.F.);
#8619=ADVANCED_FACE('',(#7776),#8223,.T.);
#8620=ADVANCED_FACE('',(#7777),#8224,.F.);
#8621=ADVANCED_FACE('',(#7778,#7779),#2191,.F.);
#8622=ADVANCED_FACE('',(#7780),#8225,.F.);
#8623=ADVANCED_FACE('',(#7781),#8226,.F.);
#8624=ADVANCED_FACE('',(#7782),#8227,.T.);
#8625=ADVANCED_FACE('',(#7783),#8228,.T.);
#8626=ADVANCED_FACE('',(#7784),#8229,.T.);
#8627=ADVANCED_FACE('',(#7785,#7786),#2192,.F.);
#8628=ADVANCED_FACE('',(#7787),#8230,.T.);
#8629=ADVANCED_FACE('',(#7788,#7789),#2193,.F.);
#8630=ADVANCED_FACE('',(#7790),#8231,.T.);
#8631=ADVANCED_FACE('',(#7791),#8232,.T.);
#8632=ADVANCED_FACE('',(#7792),#8233,.T.);
#8633=ADVANCED_FACE('',(#7793),#8234,.T.);
#8634=ADVANCED_FACE('',(#7794),#8235,.T.);
#8635=ADVANCED_FACE('',(#7795),#8236,.T.);
#8636=ADVANCED_FACE('',(#7796),#64,.T.);
#8637=ADVANCED_FACE('',(#7797),#65,.T.);
#8638=ADVANCED_FACE('',(#7798),#66,.T.);
#8639=ADVANCED_FACE('',(#7799),#67,.T.);
#8640=ADVANCED_FACE('',(#7800),#68,.T.);
#8641=ADVANCED_FACE('',(#7801),#8237,.T.);
#8642=ADVANCED_FACE('',(#7802),#69,.T.);
#8643=ADVANCED_FACE('',(#7803),#2194,.F.);
#8644=ADVANCED_FACE('',(#7804),#70,.T.);
#8645=ADVANCED_FACE('',(#7805),#71,.T.);
#8646=ADVANCED_FACE('',(#7806),#2195,.F.);
#8647=ADVANCED_FACE('',(#7807),#2196,.F.);
#8648=ADVANCED_FACE('',(#7808),#72,.T.);
#8649=ADVANCED_FACE('',(#7809),#8238,.T.);
#8650=ADVANCED_FACE('',(#7810),#8239,.T.);
#8651=ADVANCED_FACE('',(#7811),#8240,.T.);
#8652=ADVANCED_FACE('',(#7812),#8241,.T.);
#8653=ADVANCED_FACE('',(#7813),#8242,.T.);
#8654=ADVANCED_FACE('',(#7814),#8243,.T.);
#8655=ADVANCED_FACE('',(#7815),#8244,.T.);
#8656=ADVANCED_FACE('',(#7816),#8245,.T.);
#8657=ADVANCED_FACE('',(#7817),#73,.T.);
#8658=ADVANCED_FACE('',(#7818),#74,.T.);
#8659=ADVANCED_FACE('',(#7819),#75,.T.);
#8660=ADVANCED_FACE('',(#7820),#76,.T.);
#8661=ADVANCED_FACE('',(#7821),#77,.T.);
#8662=ADVANCED_FACE('',(#7822),#8246,.T.);
#8663=ADVANCED_FACE('',(#7823),#78,.T.);
#8664=ADVANCED_FACE('',(#7824),#2197,.F.);
#8665=ADVANCED_FACE('',(#7825),#79,.T.);
#8666=ADVANCED_FACE('',(#7826),#80,.T.);
#8667=ADVANCED_FACE('',(#7827),#2198,.F.);
#8668=ADVANCED_FACE('',(#7828),#2199,.F.);
#8669=ADVANCED_FACE('',(#7829),#81,.T.);
#8670=ADVANCED_FACE('',(#7830),#8247,.T.);
#8671=ADVANCED_FACE('',(#7831),#8248,.T.);
#8672=ADVANCED_FACE('',(#7832),#8249,.T.);
#8673=ADVANCED_FACE('',(#7833),#82,.T.);
#8674=ADVANCED_FACE('',(#7834),#2200,.F.);
#8675=ADVANCED_FACE('',(#7835),#2201,.F.);
#8676=ADVANCED_FACE('',(#7836),#2202,.F.);
#8677=ADVANCED_FACE('',(#7837),#2203,.F.);
#8678=ADVANCED_FACE('',(#7838),#2204,.F.);
#8679=ADVANCED_FACE('',(#7839),#2205,.F.);
#8680=ADVANCED_FACE('',(#7840),#83,.T.);
#8681=ADVANCED_FACE('',(#7841),#84,.T.);
#8682=ADVANCED_FACE('',(#7842),#85,.T.);
#8683=ADVANCED_FACE('',(#7843),#86,.T.);
#8684=ADVANCED_FACE('',(#7844),#87,.T.);
#8685=ADVANCED_FACE('',(#7845),#88,.T.);
#8686=ADVANCED_FACE('',(#7846),#89,.T.);
#8687=ADVANCED_FACE('',(#7847),#90,.T.);
#8688=ADVANCED_FACE('',(#7848),#91,.T.);
#8689=ADVANCED_FACE('',(#7849),#92,.T.);
#8690=ADVANCED_FACE('',(#7850),#8250,.T.);
#8691=ADVANCED_FACE('',(#7851),#93,.T.);
#8692=ADVANCED_FACE('',(#7852),#94,.T.);
#8693=ADVANCED_FACE('',(#7853),#2206,.F.);
#8694=ADVANCED_FACE('',(#7854),#8251,.T.);
#8695=ADVANCED_FACE('',(#7855),#95,.T.);
#8696=ADVANCED_FACE('',(#7856),#96,.T.);
#8697=ADVANCED_FACE('',(#7857),#97,.T.);
#8698=ADVANCED_FACE('',(#7858,#7859),#8252,.T.);
#8699=ADVANCED_FACE('',(#7860),#8253,.T.);
#8700=ADVANCED_FACE('',(#7861),#8254,.T.);
#8701=ADVANCED_FACE('',(#7862),#8255,.T.);
#8702=ADVANCED_FACE('',(#7863),#8256,.T.);
#8703=ADVANCED_FACE('',(#7864),#8257,.T.);
#8704=ADVANCED_FACE('',(#7865),#8258,.T.);
#8705=ADVANCED_FACE('',(#7866),#8259,.T.);
#8706=ADVANCED_FACE('',(#7867),#8260,.T.);
#8707=ADVANCED_FACE('',(#7868),#98,.T.);
#8708=ADVANCED_FACE('',(#7869),#99,.T.);
#8709=ADVANCED_FACE('',(#7870),#100,.T.);
#8710=ADVANCED_FACE('',(#7871),#101,.T.);
#8711=ADVANCED_FACE('',(#7872),#102,.T.);
#8712=ADVANCED_FACE('',(#7873),#103,.T.);
#8713=ADVANCED_FACE('',(#7874),#104,.T.);
#8714=ADVANCED_FACE('',(#7875),#105,.T.);
#8715=ADVANCED_FACE('',(#7876),#106,.T.);
#8716=ADVANCED_FACE('',(#7877),#8261,.T.);
#8717=ADVANCED_FACE('',(#7878),#2207,.T.);
#8718=ADVANCED_FACE('',(#7879),#107,.T.);
#8719=ADVANCED_FACE('',(#7880),#108,.T.);
#8720=ADVANCED_FACE('',(#7881),#109,.T.);
#8721=ADVANCED_FACE('',(#7882),#110,.T.);
#8722=ADVANCED_FACE('',(#7883),#111,.T.);
#8723=ADVANCED_FACE('',(#7884),#112,.T.);
#8724=ADVANCED_FACE('',(#7885),#113,.T.);
#8725=ADVANCED_FACE('',(#7886),#114,.T.);
#8726=ADVANCED_FACE('',(#7887),#115,.T.);
#8727=ADVANCED_FACE('',(#7888),#2208,.F.);
#8728=ADVANCED_FACE('',(#7889),#2209,.F.);
#8729=ADVANCED_FACE('',(#7890),#8262,.T.);
#8730=ADVANCED_FACE('',(#7891),#116,.T.);
#8731=ADVANCED_FACE('',(#7892),#117,.T.);
#8732=ADVANCED_FACE('',(#7893),#8263,.T.);
#8733=ADVANCED_FACE('',(#7894),#8264,.T.);
#8734=ADVANCED_FACE('',(#7895),#8265,.T.);
#8735=ADVANCED_FACE('',(#7896),#8266,.T.);
#8736=ADVANCED_FACE('',(#7897),#2210,.T.);
#8737=ADVANCED_FACE('',(#7898),#8267,.T.);
#8738=ADVANCED_FACE('',(#7899),#8268,.T.);
#8739=ADVANCED_FACE('',(#7900),#8269,.T.);
#8740=ADVANCED_FACE('',(#7901),#8270,.T.);
#8741=ADVANCED_FACE('',(#7902),#8271,.T.);
#8742=ADVANCED_FACE('',(#7903),#8272,.T.);
#8743=ADVANCED_FACE('',(#7904),#8273,.T.);
#8744=ADVANCED_FACE('',(#7905),#8274,.T.);
#8745=ADVANCED_FACE('',(#7906),#2211,.T.);
#8746=ADVANCED_FACE('',(#7907,#7908),#8275,.T.);
#8747=ADVANCED_FACE('',(#7909),#8276,.F.);
#8748=ADVANCED_FACE('',(#7910),#8277,.F.);
#8749=ADVANCED_FACE('',(#7911),#8278,.T.);
#8750=ADVANCED_FACE('',(#7912),#8279,.F.);
#8751=ADVANCED_FACE('',(#7913,#7914,#7915,#7916,#7917,#7918,#7919,#7920,
#7921,#7922),#8280,.F.);
#8752=ADVANCED_FACE('',(#7923),#8281,.T.);
#8753=ADVANCED_FACE('',(#7924),#8282,.T.);
#8754=ADVANCED_FACE('',(#7925),#8283,.T.);
#8755=ADVANCED_FACE('',(#7926),#8284,.F.);
#8756=ADVANCED_FACE('',(#7927),#8285,.T.);
#8757=ADVANCED_FACE('',(#7928),#8286,.T.);
#8758=ADVANCED_FACE('',(#7929),#8287,.T.);
#8759=ADVANCED_FACE('',(#7930),#8288,.F.);
#8760=ADVANCED_FACE('',(#7931),#8289,.T.);
#8761=ADVANCED_FACE('',(#7932),#8290,.T.);
#8762=ADVANCED_FACE('',(#7933),#8291,.T.);
#8763=ADVANCED_FACE('',(#7934),#8292,.T.);
#8764=ADVANCED_FACE('',(#7935),#8293,.F.);
#8765=ADVANCED_FACE('',(#7936),#8294,.T.);
#8766=ADVANCED_FACE('',(#7937),#8295,.T.);
#8767=ADVANCED_FACE('',(#7938),#8296,.F.);
#8768=ADVANCED_FACE('',(#7939),#8297,.F.);
#8769=ADVANCED_FACE('',(#7940),#8298,.T.);
#8770=ADVANCED_FACE('',(#7941),#8299,.T.);
#8771=ADVANCED_FACE('',(#7942),#8300,.T.);
#8772=ADVANCED_FACE('',(#7943),#8301,.F.);
#8773=ADVANCED_FACE('',(#7944),#8302,.F.);
#8774=ADVANCED_FACE('',(#7945),#8303,.F.);
#8775=ADVANCED_FACE('',(#7946),#8304,.T.);
#8776=ADVANCED_FACE('',(#7947),#8305,.T.);
#8777=ADVANCED_FACE('',(#7948),#8306,.T.);
#8778=ADVANCED_FACE('',(#7949),#8307,.T.);
#8779=ADVANCED_FACE('',(#7950),#8308,.F.);
#8780=ADVANCED_FACE('',(#7951),#8309,.T.);
#8781=ADVANCED_FACE('',(#7952),#8310,.T.);
#8782=ADVANCED_FACE('',(#7953),#8311,.F.);
#8783=ADVANCED_FACE('',(#7954),#8312,.F.);
#8784=ADVANCED_FACE('',(#7955,#7956),#8313,.T.);
#8785=ADVANCED_FACE('',(#7957),#8314,.F.);
#8786=ADVANCED_FACE('',(#7958),#8315,.T.);
#8787=ADVANCED_FACE('',(#7959),#8316,.T.);
#8788=ADVANCED_FACE('',(#7960),#8317,.F.);
#8789=ADVANCED_FACE('',(#7961),#8318,.T.);
#8790=ADVANCED_FACE('',(#7962),#8319,.F.);
#8791=ADVANCED_FACE('',(#7963),#8320,.T.);
#8792=ADVANCED_FACE('',(#7964),#8321,.T.);
#8793=ADVANCED_FACE('',(#7965),#8322,.F.);
#8794=ADVANCED_FACE('',(#7966),#8323,.T.);
#8795=ADVANCED_FACE('',(#7967,#7968),#2212,.F.);
#8796=ADVANCED_FACE('',(#7969,#7970),#2213,.F.);
#8797=ADVANCED_FACE('',(#7971,#7972),#2214,.F.);
#8798=ADVANCED_FACE('',(#7973,#7974,#7975,#7976),#8324,.F.);
#8799=ADVANCED_FACE('',(#7977),#8325,.T.);
#8800=ADVANCED_FACE('',(#7978,#7979),#8326,.F.);
#8801=ADVANCED_FACE('',(#7980),#8327,.F.);
#8802=ADVANCED_FACE('',(#7981),#8328,.F.);
#8803=ADVANCED_FACE('',(#7982,#7983),#2215,.T.);
#8804=ADVANCED_FACE('',(#7984),#8329,.T.);
#8805=ADVANCED_FACE('',(#7985,#7986,#7987,#7988,#7989),#8330,.F.);
#8806=ADVANCED_FACE('',(#7990,#7991,#7992,#7993,#7994),#8331,.T.);
#8807=ADVANCED_FACE('',(#7995),#8332,.T.);
#8808=ADVANCED_FACE('',(#7996),#8333,.F.);
#8809=ADVANCED_FACE('',(#7997),#8334,.T.);
#8810=ADVANCED_FACE('',(#7998),#8335,.T.);
#8811=ADVANCED_FACE('',(#7999),#2216,.F.);
#8812=ADVANCED_FACE('',(#8000),#8336,.T.);
#8813=ADVANCED_FACE('',(#8001,#8002),#2217,.F.);
#8814=ADVANCED_FACE('',(#8003,#8004),#2218,.F.);
#8815=ADVANCED_FACE('',(#8005,#8006),#2219,.F.);
#8816=ADVANCED_FACE('',(#8007,#8008),#2220,.F.);
#8817=ADVANCED_FACE('',(#8009),#8337,.F.);
#8818=ADVANCED_FACE('',(#8010,#8011),#2221,.T.);
#8819=ADVANCED_FACE('',(#8012),#8338,.T.);
#8820=ADVANCED_FACE('',(#8013),#8339,.F.);
#8821=ADVANCED_FACE('',(#8014,#8015),#2222,.T.);
#8822=ADVANCED_FACE('',(#8016),#8340,.T.);
#8823=ADVANCED_FACE('',(#8017),#8341,.T.);
#8824=ADVANCED_FACE('',(#8018),#8342,.F.);
#8825=ADVANCED_FACE('',(#8019),#8343,.T.);
#8826=ADVANCED_FACE('',(#8020),#8344,.T.);
#8827=ADVANCED_FACE('',(#8021),#8345,.F.);
#8828=ADVANCED_FACE('',(#8022),#8346,.F.);
#8829=ADVANCED_FACE('',(#8023),#8347,.T.);
#8830=ADVANCED_FACE('',(#8024),#8348,.F.);
#8831=ADVANCED_FACE('',(#8025),#8349,.T.);
#8832=ADVANCED_FACE('',(#8026),#8350,.T.);
#8833=ADVANCED_FACE('',(#8027),#8351,.T.);
#8834=ADVANCED_FACE('',(#8028),#2223,.F.);
#8835=ADVANCED_FACE('',(#8029),#8352,.T.);
#8836=ADVANCED_FACE('',(#8030),#8353,.T.);
#8837=ADVANCED_FACE('',(#8031,#8032,#8033,#8034,#8035,#8036,#8037,#8038,
#8039,#8040),#8354,.F.);
#8838=ADVANCED_FACE('',(#8041),#8355,.T.);
#8839=ADVANCED_FACE('',(#8042,#8043,#8044,#8045),#8356,.F.);
#8840=ADVANCED_FACE('',(#8046),#8357,.T.);
#8841=ADVANCED_FACE('',(#8047),#8358,.T.);
#8842=ADVANCED_FACE('',(#8048),#8359,.T.);
#8843=ADVANCED_FACE('',(#8049),#8360,.T.);
#8844=ADVANCED_FACE('',(#8050),#8361,.F.);
#8845=ADVANCED_FACE('',(#8051),#8362,.T.);
#8846=ADVANCED_FACE('',(#8052),#8363,.T.);
#8847=ADVANCED_FACE('',(#8053),#8364,.T.);
#8848=ADVANCED_FACE('',(#8054),#8365,.F.);
#8849=ADVANCED_FACE('',(#8055),#8366,.T.);
#8850=ADVANCED_FACE('',(#8056),#8367,.T.);
#8851=ADVANCED_FACE('',(#8057),#8368,.T.);
#8852=ADVANCED_FACE('',(#8058),#8369,.T.);
#8853=ADVANCED_FACE('',(#8059),#8370,.F.);
#8854=ADVANCED_FACE('',(#8060),#8371,.T.);
#8855=ADVANCED_FACE('',(#8061),#8372,.T.);
#8856=ADVANCED_FACE('',(#8062),#8373,.F.);
#8857=ADVANCED_FACE('',(#8063),#8374,.F.);
#8858=ADVANCED_FACE('',(#8064),#8375,.T.);
#8859=ADVANCED_FACE('',(#8065),#8376,.T.);
#8860=ADVANCED_FACE('',(#8066),#8377,.T.);
#8861=ADVANCED_FACE('',(#8067),#8378,.F.);
#8862=ADVANCED_FACE('',(#8068),#8379,.F.);
#8863=ADVANCED_FACE('',(#8069),#8380,.F.);
#8864=ADVANCED_FACE('',(#8070),#8381,.T.);
#8865=ADVANCED_FACE('',(#8071),#8382,.T.);
#8866=ADVANCED_FACE('',(#8072),#8383,.T.);
#8867=ADVANCED_FACE('',(#8073),#8384,.T.);
#8868=ADVANCED_FACE('',(#8074),#8385,.F.);
#8869=ADVANCED_FACE('',(#8075),#8386,.T.);
#8870=ADVANCED_FACE('',(#8076),#8387,.T.);
#8871=ADVANCED_FACE('',(#8077),#8388,.F.);
#8872=ADVANCED_FACE('',(#8078),#8389,.F.);
#8873=ADVANCED_FACE('',(#8079,#8080),#8390,.T.);
#8874=ADVANCED_FACE('',(#8081),#8391,.F.);
#8875=ADVANCED_FACE('',(#8082),#8392,.T.);
#8876=ADVANCED_FACE('',(#8083),#8393,.T.);
#8877=ADVANCED_FACE('',(#8084),#8394,.F.);
#8878=ADVANCED_FACE('',(#8085),#8395,.T.);
#8879=ADVANCED_FACE('',(#8086),#8396,.F.);
#8880=ADVANCED_FACE('',(#8087),#8397,.T.);
#8881=ADVANCED_FACE('',(#8088),#8398,.T.);
#8882=ADVANCED_FACE('',(#8089),#8399,.T.);
#8883=ADVANCED_FACE('',(#8090),#2224,.F.);
#8884=ADVANCED_FACE('',(#8091),#2225,.F.);
#8885=ADVANCED_FACE('',(#8092,#8093),#2226,.F.);
#8886=ADVANCED_FACE('',(#8094,#8095),#8400,.F.);
#8887=ADVANCED_FACE('',(#8096),#8401,.T.);
#8888=ADVANCED_FACE('',(#8097),#2227,.F.);
#8889=ADVANCED_FACE('',(#8098),#2228,.F.);
#8890=ADVANCED_FACE('',(#8099),#8402,.F.);
#8891=ADVANCED_FACE('',(#8100),#8403,.T.);
#8892=ADVANCED_FACE('',(#8101),#8404,.F.);
#8893=ADVANCED_FACE('',(#8102),#8405,.F.);
#8894=ADVANCED_FACE('',(#8103),#8406,.T.);
#8895=ADVANCED_FACE('',(#8104),#8407,.F.);
#8896=CLOSED_SHELL('',(#8408,#8409,#8410));
#8897=CLOSED_SHELL('',(#8411,#8412,#8413,#8414,#8415,#8416,#8417,#8418,
#8419,#8420,#8421,#8422,#8423,#8424,#8425,#8426,#8427,#8428,#8429,#8430,
#8431,#8432,#8433,#8434,#8435,#8436,#8437,#8438,#8439,#8440,#8441,#8442,
#8443,#8444,#8445,#8446,#8447,#8448,#8449,#8450,#8451,#8452,#8453,#8454,
#8455,#8456,#8457,#8458,#8459,#8460,#8461,#8462,#8463,#8464,#8465,#8466,
#8467,#8468,#8469,#8470,#8471,#8472,#8473,#8474,#8475,#8476,#8477,#8478,
#8479,#8480,#8481,#8482,#8483,#8484,#8485,#8486,#8487,#8488,#8489,#8490,
#8491,#8492,#8493,#8494,#8495,#8496,#8497,#8498,#8499,#8500,#8501,#8502,
#8503,#8504,#8505,#8506,#8507,#8508,#8509,#8510,#8511,#8512,#8513,#8514,
#8515,#8516,#8517,#8518,#8519,#8520,#8521,#8522,#8523,#8524,#8525,#8526,
#8527,#8528,#8529,#8530,#8531,#8532,#8533,#8534,#8535,#8536,#8537,#8538,
#8539,#8540,#8541,#8542,#8543,#8544,#8545,#8546,#8547,#8548,#8549,#8550,
#8551,#8552,#8553,#8554,#8555,#8556,#8557,#8558,#8559,#8560,#8561,#8562,
#8563,#8564,#8565,#8566,#8567,#8568,#8569,#8570,#8571,#8572,#8573,#8574,
#8575,#8576,#8577,#8578,#8579,#8580,#8581,#8582));
#8898=CLOSED_SHELL('',(#8583,#8584,#8585,#8586,#8587,#8588,#8589,#8590,
#8591,#8592,#8593,#8594,#8595,#8596,#8597,#8598,#8599,#8600,#8601,#8602,
#8603,#8604,#8605,#8606,#8607,#8608,#8609,#8610,#8611,#8612,#8613,#8614,
#8615,#8616,#8617,#8618,#8619,#8620,#8621,#8622,#8623,#8624,#8625,#8626,
#8627,#8628,#8629,#8630,#8631,#8632,#8633,#8634,#8635,#8636,#8637,#8638,
#8639,#8640,#8641,#8642,#8643,#8644,#8645,#8646,#8647,#8648,#8649,#8650,
#8651,#8652,#8653,#8654,#8655,#8656,#8657,#8658,#8659,#8660,#8661,#8662,
#8663,#8664,#8665,#8666,#8667,#8668,#8669,#8670,#8671,#8672,#8673,#8674,
#8675,#8676,#8677,#8678,#8679,#8680,#8681,#8682,#8683,#8684,#8685,#8686,
#8687,#8688,#8689,#8690,#8691,#8692,#8693,#8694,#8695,#8696,#8697,#8698,
#8699,#8700,#8701,#8702,#8703,#8704,#8705,#8706,#8707,#8708,#8709,#8710,
#8711,#8712,#8713,#8714,#8715,#8716,#8717,#8718,#8719,#8720,#8721,#8722,
#8723,#8724,#8725,#8726,#8727,#8728,#8729,#8730,#8731,#8732,#8733,#8734,
#8735,#8736,#8737,#8738,#8739,#8740,#8741,#8742,#8743,#8744,#8745,#8746,
#8747,#8748,#8749,#8750));
#8899=CLOSED_SHELL('',(#8751,#8752,#8753,#8754,#8755,#8756,#8757,#8758,
#8759,#8760,#8761,#8762,#8763,#8764,#8765,#8766,#8767,#8768,#8769,#8770,
#8771,#8772,#8773,#8774,#8775,#8776,#8777,#8778,#8779,#8780,#8781,#8782,
#8783,#8784,#8785,#8786,#8787,#8788,#8789,#8790,#8791,#8792,#8793,#8794,
#8795,#8796,#8797,#8798,#8799,#8800,#8801));
#8900=CLOSED_SHELL('',(#8802,#8803,#8804));
#8901=CLOSED_SHELL('',(#8805,#8806,#8807,#8808,#8809,#8810,#8811,#8812,
#8813,#8814,#8815,#8816));
#8902=CLOSED_SHELL('',(#8817,#8818,#8819));
#8903=CLOSED_SHELL('',(#8820,#8821,#8822));
#8904=CLOSED_SHELL('',(#8823,#8824,#8825,#8826,#8827,#8828));
#8905=CLOSED_SHELL('',(#8829,#8830,#8831,#8832,#8833,#8834,#8835,#8836));
#8906=CLOSED_SHELL('',(#8837,#8838,#8839,#8840,#8841,#8842,#8843,#8844,
#8845,#8846,#8847,#8848,#8849,#8850,#8851,#8852,#8853,#8854,#8855,#8856,
#8857,#8858,#8859,#8860,#8861,#8862,#8863,#8864,#8865,#8866,#8867,#8868,
#8869,#8870,#8871,#8872,#8873,#8874,#8875,#8876,#8877,#8878,#8879,#8880,
#8881,#8882,#8883,#8884,#8885,#8886,#8887,#8888,#8889));
#8907=CLOSED_SHELL('',(#8890,#8891,#8892,#8893,#8894,#8895));
#8908=STYLED_ITEM('',(#8920),#8998);
#8909=STYLED_ITEM('',(#8921),#8999);
#8910=STYLED_ITEM('',(#8922),#9000);
#8911=STYLED_ITEM('',(#8923),#9001);
#8912=STYLED_ITEM('',(#8924),#9002);
#8913=STYLED_ITEM('',(#8925),#9003);
#8914=STYLED_ITEM('',(#8926),#9004);
#8915=STYLED_ITEM('',(#8927),#9005);
#8916=STYLED_ITEM('',(#8928),#9006);
#8917=STYLED_ITEM('',(#8929),#9007);
#8918=STYLED_ITEM('',(#8930),#9008);
#8919=STYLED_ITEM('',(#8931),#9009);
#8920=PRESENTATION_STYLE_ASSIGNMENT((#8932));
#8921=PRESENTATION_STYLE_ASSIGNMENT((#8933));
#8922=PRESENTATION_STYLE_ASSIGNMENT((#8934));
#8923=PRESENTATION_STYLE_ASSIGNMENT((#8935));
#8924=PRESENTATION_STYLE_ASSIGNMENT((#8936));
#8925=PRESENTATION_STYLE_ASSIGNMENT((#8937));
#8926=PRESENTATION_STYLE_ASSIGNMENT((#8938));
#8927=PRESENTATION_STYLE_ASSIGNMENT((#8939));
#8928=PRESENTATION_STYLE_ASSIGNMENT((#8940));
#8929=PRESENTATION_STYLE_ASSIGNMENT((#8941));
#8930=PRESENTATION_STYLE_ASSIGNMENT((#8942));
#8931=PRESENTATION_STYLE_ASSIGNMENT((#8943));
#8932=SURFACE_STYLE_USAGE(.BOTH.,#8944);
#8933=SURFACE_STYLE_USAGE(.BOTH.,#8945);
#8934=SURFACE_STYLE_USAGE(.BOTH.,#8946);
#8935=SURFACE_STYLE_USAGE(.BOTH.,#8947);
#8936=SURFACE_STYLE_USAGE(.BOTH.,#8948);
#8937=SURFACE_STYLE_USAGE(.BOTH.,#8949);
#8938=SURFACE_STYLE_USAGE(.BOTH.,#8950);
#8939=SURFACE_STYLE_USAGE(.BOTH.,#8951);
#8940=SURFACE_STYLE_USAGE(.BOTH.,#8952);
#8941=SURFACE_STYLE_USAGE(.BOTH.,#8953);
#8942=SURFACE_STYLE_USAGE(.BOTH.,#8954);
#8943=SURFACE_STYLE_USAGE(.BOTH.,#8955);
#8944=SURFACE_SIDE_STYLE('',(#8956));
#8945=SURFACE_SIDE_STYLE('',(#8957));
#8946=SURFACE_SIDE_STYLE('',(#8958));
#8947=SURFACE_SIDE_STYLE('',(#8959));
#8948=SURFACE_SIDE_STYLE('',(#8960));
#8949=SURFACE_SIDE_STYLE('',(#8961));
#8950=SURFACE_SIDE_STYLE('',(#8962));
#8951=SURFACE_SIDE_STYLE('',(#8963));
#8952=SURFACE_SIDE_STYLE('',(#8964));
#8953=SURFACE_SIDE_STYLE('',(#8965));
#8954=SURFACE_SIDE_STYLE('',(#8966));
#8955=SURFACE_SIDE_STYLE('',(#8967));
#8956=SURFACE_STYLE_FILL_AREA(#8968);
#8957=SURFACE_STYLE_FILL_AREA(#8969);
#8958=SURFACE_STYLE_FILL_AREA(#8970);
#8959=SURFACE_STYLE_FILL_AREA(#8971);
#8960=SURFACE_STYLE_FILL_AREA(#8972);
#8961=SURFACE_STYLE_FILL_AREA(#8973);
#8962=SURFACE_STYLE_FILL_AREA(#8974);
#8963=SURFACE_STYLE_FILL_AREA(#8975);
#8964=SURFACE_STYLE_FILL_AREA(#8976);
#8965=SURFACE_STYLE_FILL_AREA(#8977);
#8966=SURFACE_STYLE_FILL_AREA(#8978);
#8967=SURFACE_STYLE_FILL_AREA(#8979);
#8968=FILL_AREA_STYLE('',(#8980));
#8969=FILL_AREA_STYLE('',(#8981));
#8970=FILL_AREA_STYLE('',(#8982));
#8971=FILL_AREA_STYLE('',(#8983));
#8972=FILL_AREA_STYLE('',(#8984));
#8973=FILL_AREA_STYLE('',(#8985));
#8974=FILL_AREA_STYLE('',(#8986));
#8975=FILL_AREA_STYLE('',(#8987));
#8976=FILL_AREA_STYLE('',(#8988));
#8977=FILL_AREA_STYLE('',(#8989));
#8978=FILL_AREA_STYLE('',(#8990));
#8979=FILL_AREA_STYLE('',(#8991));
#8980=FILL_AREA_STYLE_COLOUR('',#8992);
#8981=FILL_AREA_STYLE_COLOUR('',#8993);
#8982=FILL_AREA_STYLE_COLOUR('',#8993);
#8983=FILL_AREA_STYLE_COLOUR('',#8993);
#8984=FILL_AREA_STYLE_COLOUR('',#8992);
#8985=FILL_AREA_STYLE_COLOUR('',#8994);
#8986=FILL_AREA_STYLE_COLOUR('',#8995);
#8987=FILL_AREA_STYLE_COLOUR('',#8995);
#8988=FILL_AREA_STYLE_COLOUR('',#8996);
#8989=FILL_AREA_STYLE_COLOUR('',#8993);
#8990=FILL_AREA_STYLE_COLOUR('',#8993);
#8991=FILL_AREA_STYLE_COLOUR('',#8997);
#8992=COLOUR_RGB('',0.980392156862745,0.713725490196078,0.00392156862745098);
#8993=COLOUR_RGB('',0.615686274509804,0.811764705882353,0.929411764705882);
#8994=COLOUR_RGB('',0.647058823529412,0.647058823529412,0.647058823529412);
#8995=COLOUR_RGB('',0.498039215686275,0.498039215686275,0.498039215686275);
#8996=COLOUR_RGB('',0.768627450980392,0.886274509803922,0.952941176470588);
#8997=COLOUR_RGB('',0.972549019607843,0.529411764705882,0.00392156862745098);
#8998=MANIFOLD_SOLID_BREP('Part 4',#8896);
#8999=MANIFOLD_SOLID_BREP('Part 1',#8897);
#9000=MANIFOLD_SOLID_BREP('Part 1',#8898);
#9001=MANIFOLD_SOLID_BREP('Part 1',#8899);
#9002=MANIFOLD_SOLID_BREP('Part 6',#8900);
#9003=MANIFOLD_SOLID_BREP('Part 6',#8901);
#9004=MANIFOLD_SOLID_BREP('Part 3',#8902);
#9005=MANIFOLD_SOLID_BREP('Part 5',#8903);
#9006=MANIFOLD_SOLID_BREP('Part 3',#8904);
#9007=MANIFOLD_SOLID_BREP('Part 5',#8905);
#9008=MANIFOLD_SOLID_BREP('Part 1',#8906);
#9009=MANIFOLD_SOLID_BREP('Part 4',#8907);
#9010=SHAPE_DEFINITION_REPRESENTATION(#15374,#9023);
#9011=SHAPE_DEFINITION_REPRESENTATION(#15375,#9024);
#9012=SHAPE_DEFINITION_REPRESENTATION(#15377,#9025);
#9013=SHAPE_DEFINITION_REPRESENTATION(#15379,#9026);
#9014=SHAPE_DEFINITION_REPRESENTATION(#15381,#9027);
#9015=SHAPE_DEFINITION_REPRESENTATION(#15383,#9028);
#9016=SHAPE_DEFINITION_REPRESENTATION(#15385,#9029);
#9017=SHAPE_DEFINITION_REPRESENTATION(#15387,#9030);
#9018=SHAPE_DEFINITION_REPRESENTATION(#15390,#9031);
#9019=SHAPE_DEFINITION_REPRESENTATION(#15394,#9032);
#9020=SHAPE_DEFINITION_REPRESENTATION(#15396,#9033);
#9021=SHAPE_DEFINITION_REPRESENTATION(#15402,#9034);
#9022=SHAPE_DEFINITION_REPRESENTATION(#15406,#9035);
#9023=SHAPE_REPRESENTATION('IODR AS7262 block v3',(#9036,#9042,#9223,#9396,
#9454,#9460,#9483,#9489,#9490,#9496,#9497,#9498,#9505,#9516,#9517,#9518,
#9519,#9520,#9584,#9585,#9586,#9593,#9594,#9595,#9596),#15345);
#9024=SHAPE_REPRESENTATION('Part 4',(#9036),#15346);
#9025=SHAPE_REPRESENTATION('Part 1',(#9036),#15347);
#9026=SHAPE_REPRESENTATION('Part 1',(#9036),#15348);
#9027=SHAPE_REPRESENTATION('Part 1',(#9036),#15349);
#9028=SHAPE_REPRESENTATION('Part 6',(#9036),#15350);
#9029=SHAPE_REPRESENTATION('Part 6',(#9036),#15351);
#9030=SHAPE_REPRESENTATION('Part 3',(#9036),#15352);
#9031=SHAPE_REPRESENTATION('Part 5',(#9036),#15353);
#9032=SHAPE_REPRESENTATION('Part 3',(#9036),#15354);
#9033=SHAPE_REPRESENTATION('Part 5',(#9036),#15355);
#9034=SHAPE_REPRESENTATION('Part 1',(#9036),#15356);
#9035=SHAPE_REPRESENTATION('Part 4',(#9036),#15357);
#9036=AXIS2_PLACEMENT_3D('',#11567,#9597,#9598);
#9037=AXIS2_PLACEMENT_3D('',#11568,#9599,#9600);
#9038=AXIS2_PLACEMENT_3D('',#11569,#9601,#9602);
#9039=AXIS2_PLACEMENT_3D('',#11571,#9603,#9604);
#9040=AXIS2_PLACEMENT_3D('',#11572,#9605,#9606);
#9041=AXIS2_PLACEMENT_3D('',#11574,#9607,#9608);
#9042=AXIS2_PLACEMENT_3D('',#11575,#9609,#9610);
#9043=AXIS2_PLACEMENT_3D('',#11576,#9611,#9612);
#9044=AXIS2_PLACEMENT_3D('',#11577,#9613,#9614);
#9045=AXIS2_PLACEMENT_3D('',#11579,#9615,#9616);
#9046=AXIS2_PLACEMENT_3D('',#11581,#9617,#9618);
#9047=AXIS2_PLACEMENT_3D('',#11583,#9619,#9620);
#9048=AXIS2_PLACEMENT_3D('',#11617,#9637,#9638);
#9049=AXIS2_PLACEMENT_3D('',#11626,#9643,#9644);
#9050=AXIS2_PLACEMENT_3D('',#11627,#9645,#9646);
#9051=AXIS2_PLACEMENT_3D('',#11634,#9650,#9651);
#9052=AXIS2_PLACEMENT_3D('',#11635,#9652,#9653);
#9053=AXIS2_PLACEMENT_3D('',#11643,#9657,#9658);
#9054=AXIS2_PLACEMENT_3D('',#11646,#9660,#9661);
#9055=AXIS2_PLACEMENT_3D('',#11655,#9666,#9667);
#9056=AXIS2_PLACEMENT_3D('',#11656,#9668,#9669);
#9057=AXIS2_PLACEMENT_3D('',#11663,#9673,#9674);
#9058=AXIS2_PLACEMENT_3D('',#11664,#9675,#9676);
#9059=AXIS2_PLACEMENT_3D('',#11672,#9680,#9681);
#9060=AXIS2_PLACEMENT_3D('',#11675,#9683,#9684);
#9061=AXIS2_PLACEMENT_3D('',#11689,#9692,#9693);
#9062=AXIS2_PLACEMENT_3D('',#11699,#9701,#9702);
#9063=AXIS2_PLACEMENT_3D('',#11729,#9715,#9716);
#9064=AXIS2_PLACEMENT_3D('',#11731,#9717,#9718);
#9065=AXIS2_PLACEMENT_3D('',#11741,#9719,#9720);
#9066=AXIS2_PLACEMENT_3D('',#11787,#9729,#9730);
#9067=AXIS2_PLACEMENT_3D('',#11789,#9731,#9732);
#9068=AXIS2_PLACEMENT_3D('',#11799,#9733,#9734);
#9069=AXIS2_PLACEMENT_3D('',#11832,#9739,#9740);
#9070=AXIS2_PLACEMENT_3D('',#11834,#9741,#9742);
#9071=AXIS2_PLACEMENT_3D('',#11836,#9743,#9744);
#9072=AXIS2_PLACEMENT_3D('',#11840,#9747,#9748);
#9073=AXIS2_PLACEMENT_3D('',#11842,#9749,#9750);
#9074=AXIS2_PLACEMENT_3D('',#11863,#9752,#9753);
#9075=AXIS2_PLACEMENT_3D('',#11931,#9763,#9764);
#9076=AXIS2_PLACEMENT_3D('',#11933,#9765,#9766);
#9077=AXIS2_PLACEMENT_3D('',#11971,#9767,#9768);
#9078=AXIS2_PLACEMENT_3D('',#12002,#9770,#9771);
#9079=AXIS2_PLACEMENT_3D('',#12003,#9772,#9773);
#9080=AXIS2_PLACEMENT_3D('',#12004,#9774,#9775);
#9081=AXIS2_PLACEMENT_3D('',#12006,#9776,#9777);
#9082=AXIS2_PLACEMENT_3D('',#12008,#9778,#9779);
#9083=AXIS2_PLACEMENT_3D('',#12009,#9780,#9781);
#9084=AXIS2_PLACEMENT_3D('',#12010,#9782,#9783);
#9085=AXIS2_PLACEMENT_3D('',#12015,#9785,#9786);
#9086=AXIS2_PLACEMENT_3D('',#12018,#9788,#9789);
#9087=AXIS2_PLACEMENT_3D('',#12021,#9792,#9793);
#9088=AXIS2_PLACEMENT_3D('',#12026,#9796,#9797);
#9089=AXIS2_PLACEMENT_3D('',#12027,#9798,#9799);
#9090=AXIS2_PLACEMENT_3D('',#12029,#9801,#9802);
#9091=AXIS2_PLACEMENT_3D('',#12035,#9806,#9807);
#9092=AXIS2_PLACEMENT_3D('',#12044,#9812,#9813);
#9093=AXIS2_PLACEMENT_3D('',#12045,#9814,#9815);
#9094=AXIS2_PLACEMENT_3D('',#12046,#9816,#9817);
#9095=AXIS2_PLACEMENT_3D('',#12048,#9818,#9819);
#9096=AXIS2_PLACEMENT_3D('',#12051,#9822,#9823);
#9097=AXIS2_PLACEMENT_3D('',#12053,#9825,#9826);
#9098=AXIS2_PLACEMENT_3D('',#12055,#9828,#9829);
#9099=AXIS2_PLACEMENT_3D('',#12056,#9830,#9831);
#9100=AXIS2_PLACEMENT_3D('',#12057,#9832,#9833);
#9101=AXIS2_PLACEMENT_3D('',#12065,#9838,#9839);
#9102=AXIS2_PLACEMENT_3D('',#12071,#9843,#9844);
#9103=AXIS2_PLACEMENT_3D('',#12076,#9848,#9849);
#9104=AXIS2_PLACEMENT_3D('',#12078,#9851,#9852);
#9105=AXIS2_PLACEMENT_3D('',#12079,#9853,#9854);
#9106=AXIS2_PLACEMENT_3D('',#12088,#9859,#9860);
#9107=AXIS2_PLACEMENT_3D('',#12093,#9864,#9865);
#9108=AXIS2_PLACEMENT_3D('',#12097,#9868,#9869);
#9109=AXIS2_PLACEMENT_3D('',#12100,#9872,#9873);
#9110=AXIS2_PLACEMENT_3D('',#12101,#9874,#9875);
#9111=AXIS2_PLACEMENT_3D('',#12105,#9878,#9879);
#9112=AXIS2_PLACEMENT_3D('',#12109,#9882,#9883);
#9113=AXIS2_PLACEMENT_3D('',#12110,#9884,#9885);
#9114=AXIS2_PLACEMENT_3D('',#12112,#9886,#9887);
#9115=AXIS2_PLACEMENT_3D('',#12116,#9890,#9891);
#9116=AXIS2_PLACEMENT_3D('',#12120,#9894,#9895);
#9117=AXIS2_PLACEMENT_3D('',#12122,#9897,#9898);
#9118=AXIS2_PLACEMENT_3D('',#12124,#9900,#9901);
#9119=AXIS2_PLACEMENT_3D('',#12125,#9902,#9903);
#9120=AXIS2_PLACEMENT_3D('',#12127,#9904,#9905);
#9121=AXIS2_PLACEMENT_3D('',#12128,#9906,#9907);
#9122=AXIS2_PLACEMENT_3D('',#12129,#9908,#9909);
#9123=AXIS2_PLACEMENT_3D('',#12131,#9910,#9911);
#9124=AXIS2_PLACEMENT_3D('',#12132,#9912,#9913);
#9125=AXIS2_PLACEMENT_3D('',#12133,#9914,#9915);
#9126=AXIS2_PLACEMENT_3D('',#12135,#9916,#9917);
#9127=AXIS2_PLACEMENT_3D('',#12136,#9918,#9919);
#9128=AXIS2_PLACEMENT_3D('',#12142,#9923,#9924);
#9129=AXIS2_PLACEMENT_3D('',#12146,#9927,#9928);
#9130=AXIS2_PLACEMENT_3D('',#12150,#9931,#9932);
#9131=AXIS2_PLACEMENT_3D('',#12154,#9935,#9936);
#9132=AXIS2_PLACEMENT_3D('',#12223,#9944,#9945);
#9133=AXIS2_PLACEMENT_3D('',#12240,#9949,#9950);
#9134=AXIS2_PLACEMENT_3D('',#12243,#9952,#9953);
#9135=AXIS2_PLACEMENT_3D('',#12270,#9956,#9957);
#9136=AXIS2_PLACEMENT_3D('',#12273,#9959,#9960);
#9137=AXIS2_PLACEMENT_3D('',#12274,#9961,#9962);
#9138=AXIS2_PLACEMENT_3D('',#12277,#9964,#9965);
#9139=AXIS2_PLACEMENT_3D('',#12291,#9967,#9968);
#9140=AXIS2_PLACEMENT_3D('',#12295,#9971,#9972);
#9141=AXIS2_PLACEMENT_3D('',#12297,#9974,#9975);
#9142=AXIS2_PLACEMENT_3D('',#12298,#9976,#9977);
#9143=AXIS2_PLACEMENT_3D('',#12304,#9981,#9982);
#9144=AXIS2_PLACEMENT_3D('',#12308,#9985,#9986);
#9145=AXIS2_PLACEMENT_3D('',#12312,#9989,#9990);
#9146=AXIS2_PLACEMENT_3D('',#12316,#9993,#9994);
#9147=AXIS2_PLACEMENT_3D('',#12385,#10002,#10003);
#9148=AXIS2_PLACEMENT_3D('',#12402,#10007,#10008);
#9149=AXIS2_PLACEMENT_3D('',#12405,#10010,#10011);
#9150=AXIS2_PLACEMENT_3D('',#12432,#10014,#10015);
#9151=AXIS2_PLACEMENT_3D('',#12435,#10017,#10018);
#9152=AXIS2_PLACEMENT_3D('',#12436,#10019,#10020);
#9153=AXIS2_PLACEMENT_3D('',#12439,#10022,#10023);
#9154=AXIS2_PLACEMENT_3D('',#12453,#10025,#10026);
#9155=AXIS2_PLACEMENT_3D('',#12457,#10029,#10030);
#9156=AXIS2_PLACEMENT_3D('',#12459,#10032,#10033);
#9157=AXIS2_PLACEMENT_3D('',#12480,#10036,#10037);
#9158=AXIS2_PLACEMENT_3D('',#12481,#10038,#10039);
#9159=AXIS2_PLACEMENT_3D('',#12485,#10041,#10042);
#9160=AXIS2_PLACEMENT_3D('',#12486,#10043,#10044);
#9161=AXIS2_PLACEMENT_3D('',#12487,#10045,#10046);
#9162=AXIS2_PLACEMENT_3D('',#12491,#10048,#10049);
#9163=AXIS2_PLACEMENT_3D('',#12492,#10050,#10051);
#9164=AXIS2_PLACEMENT_3D('',#12493,#10052,#10053);
#9165=AXIS2_PLACEMENT_3D('',#12497,#10055,#10056);
#9166=AXIS2_PLACEMENT_3D('',#12498,#10057,#10058);
#9167=AXIS2_PLACEMENT_3D('',#12499,#10059,#10060);
#9168=AXIS2_PLACEMENT_3D('',#12503,#10062,#10063);
#9169=AXIS2_PLACEMENT_3D('',#12504,#10064,#10065);
#9170=AXIS2_PLACEMENT_3D('',#12505,#10066,#10067);
#9171=AXIS2_PLACEMENT_3D('',#12509,#10069,#10070);
#9172=AXIS2_PLACEMENT_3D('',#12510,#10071,#10072);
#9173=AXIS2_PLACEMENT_3D('',#12511,#10073,#10074);
#9174=AXIS2_PLACEMENT_3D('',#12515,#10076,#10077);
#9175=AXIS2_PLACEMENT_3D('',#12656,#10089,#10090);
#9176=AXIS2_PLACEMENT_3D('',#12686,#10095,#10096);
#9177=AXIS2_PLACEMENT_3D('',#12689,#10098,#10099);
#9178=AXIS2_PLACEMENT_3D('',#12690,#10100,#10101);
#9179=AXIS2_PLACEMENT_3D('',#12732,#10105,#10106);
#9180=AXIS2_PLACEMENT_3D('',#12733,#10107,#10108);
#9181=AXIS2_PLACEMENT_3D('',#12739,#10112,#10113);
#9182=AXIS2_PLACEMENT_3D('',#12743,#10116,#10117);
#9183=AXIS2_PLACEMENT_3D('',#12747,#10120,#10121);
#9184=AXIS2_PLACEMENT_3D('',#12751,#10124,#10125);
#9185=AXIS2_PLACEMENT_3D('',#12755,#10128,#10129);
#9186=AXIS2_PLACEMENT_3D('',#12759,#10132,#10133);
#9187=AXIS2_PLACEMENT_3D('',#12761,#10135,#10136);
#9188=AXIS2_PLACEMENT_3D('',#12881,#10147,#10148);
#9189=AXIS2_PLACEMENT_3D('',#12885,#10151,#10152);
#9190=AXIS2_PLACEMENT_3D('',#12888,#10154,#10155);
#9191=AXIS2_PLACEMENT_3D('',#13006,#10165,#10166);
#9192=AXIS2_PLACEMENT_3D('',#13009,#10168,#10169);
#9193=AXIS2_PLACEMENT_3D('',#13010,#10170,#10171);
#9194=AXIS2_PLACEMENT_3D('',#13013,#10173,#10174);
#9195=AXIS2_PLACEMENT_3D('',#13014,#10175,#10176);
#9196=AXIS2_PLACEMENT_3D('',#13042,#10180,#10181);
#9197=AXIS2_PLACEMENT_3D('',#13043,#10182,#10183);
#9198=AXIS2_PLACEMENT_3D('',#13052,#10188,#10189);
#9199=AXIS2_PLACEMENT_3D('',#13058,#10193,#10194);
#9200=AXIS2_PLACEMENT_3D('',#13064,#10198,#10199);
#9201=AXIS2_PLACEMENT_3D('',#13065,#10200,#10201);
#9202=AXIS2_PLACEMENT_3D('',#13069,#10203,#10204);
#9203=AXIS2_PLACEMENT_3D('',#13070,#10205,#10206);
#9204=AXIS2_PLACEMENT_3D('',#13076,#10210,#10211);
#9205=AXIS2_PLACEMENT_3D('',#13080,#10214,#10215);
#9206=AXIS2_PLACEMENT_3D('',#13084,#10218,#10219);
#9207=AXIS2_PLACEMENT_3D('',#13088,#10222,#10223);
#9208=AXIS2_PLACEMENT_3D('',#13092,#10226,#10227);
#9209=AXIS2_PLACEMENT_3D('',#13096,#10230,#10231);
#9210=AXIS2_PLACEMENT_3D('',#13100,#10234,#10235);
#9211=AXIS2_PLACEMENT_3D('',#13102,#10237,#10238);
#9212=AXIS2_PLACEMENT_3D('',#13103,#10239,#10240);
#9213=AXIS2_PLACEMENT_3D('',#13104,#10241,#10242);
#9214=AXIS2_PLACEMENT_3D('',#13105,#10243,#10244);
#9215=AXIS2_PLACEMENT_3D('',#13106,#10245,#10246);
#9216=AXIS2_PLACEMENT_3D('',#13107,#10247,#10248);
#9217=AXIS2_PLACEMENT_3D('',#13108,#10249,#10250);
#9218=AXIS2_PLACEMENT_3D('',#13109,#10251,#10252);
#9219=AXIS2_PLACEMENT_3D('',#13110,#10253,#10254);
#9220=AXIS2_PLACEMENT_3D('',#13111,#10255,#10256);
#9221=AXIS2_PLACEMENT_3D('',#13112,#10257,#10258);
#9222=AXIS2_PLACEMENT_3D('',#13113,#10259,#10260);
#9223=AXIS2_PLACEMENT_3D('',#13114,#10261,#10262);
#9224=AXIS2_PLACEMENT_3D('',#13115,#10263,#10264);
#9225=AXIS2_PLACEMENT_3D('',#13145,#10277,#10278);
#9226=AXIS2_PLACEMENT_3D('',#13147,#10279,#10280);
#9227=AXIS2_PLACEMENT_3D('',#13157,#10281,#10282);
#9228=AXIS2_PLACEMENT_3D('',#13203,#10291,#10292);
#9229=AXIS2_PLACEMENT_3D('',#13205,#10293,#10294);
#9230=AXIS2_PLACEMENT_3D('',#13215,#10295,#10296);
#9231=AXIS2_PLACEMENT_3D('',#13248,#10301,#10302);
#9232=AXIS2_PLACEMENT_3D('',#13250,#10303,#10304);
#9233=AXIS2_PLACEMENT_3D('',#13252,#10305,#10306);
#9234=AXIS2_PLACEMENT_3D('',#13254,#10307,#10308);
#9235=AXIS2_PLACEMENT_3D('',#13256,#10309,#10310);
#9236=AXIS2_PLACEMENT_3D('',#13277,#10312,#10313);
#9237=AXIS2_PLACEMENT_3D('',#13345,#10323,#10324);
#9238=AXIS2_PLACEMENT_3D('',#13347,#10325,#10326);
#9239=AXIS2_PLACEMENT_3D('',#13385,#10327,#10328);
#9240=AXIS2_PLACEMENT_3D('',#13424,#10334,#10335);
#9241=AXIS2_PLACEMENT_3D('',#13433,#10340,#10341);
#9242=AXIS2_PLACEMENT_3D('',#13435,#10342,#10343);
#9243=AXIS2_PLACEMENT_3D('',#13437,#10344,#10345);
#9244=AXIS2_PLACEMENT_3D('',#13439,#10346,#10347);
#9245=AXIS2_PLACEMENT_3D('',#13465,#10360,#10361);
#9246=AXIS2_PLACEMENT_3D('',#13474,#10366,#10367);
#9247=AXIS2_PLACEMENT_3D('',#13480,#10371,#10372);
#9248=AXIS2_PLACEMENT_3D('',#13486,#10376,#10377);
#9249=AXIS2_PLACEMENT_3D('',#13489,#10380,#10381);
#9250=AXIS2_PLACEMENT_3D('',#13491,#10382,#10383);
#9251=AXIS2_PLACEMENT_3D('',#13504,#10392,#10393);
#9252=AXIS2_PLACEMENT_3D('',#13505,#10394,#10395);
#9253=AXIS2_PLACEMENT_3D('',#13523,#10404,#10405);
#9254=AXIS2_PLACEMENT_3D('',#13524,#10406,#10407);
#9255=AXIS2_PLACEMENT_3D('',#13537,#10408,#10409);
#9256=AXIS2_PLACEMENT_3D('',#13539,#10410,#10411);
#9257=AXIS2_PLACEMENT_3D('',#13540,#10412,#10413);
#9258=AXIS2_PLACEMENT_3D('',#13545,#10415,#10416);
#9259=AXIS2_PLACEMENT_3D('',#13548,#10418,#10419);
#9260=AXIS2_PLACEMENT_3D('',#13549,#10420,#10421);
#9261=AXIS2_PLACEMENT_3D('',#13551,#10422,#10423);
#9262=AXIS2_PLACEMENT_3D('',#13552,#10424,#10425);
#9263=AXIS2_PLACEMENT_3D('',#13554,#10426,#10427);
#9264=AXIS2_PLACEMENT_3D('',#13556,#10428,#10429);
#9265=AXIS2_PLACEMENT_3D('',#13557,#10430,#10431);
#9266=AXIS2_PLACEMENT_3D('',#13558,#10432,#10433);
#9267=AXIS2_PLACEMENT_3D('',#13560,#10434,#10435);
#9268=AXIS2_PLACEMENT_3D('',#13561,#10436,#10437);
#9269=AXIS2_PLACEMENT_3D('',#13562,#10438,#10439);
#9270=AXIS2_PLACEMENT_3D('',#13564,#10440,#10441);
#9271=AXIS2_PLACEMENT_3D('',#13565,#10442,#10443);
#9272=AXIS2_PLACEMENT_3D('',#13566,#10444,#10445);
#9273=AXIS2_PLACEMENT_3D('',#13575,#10450,#10451);
#9274=AXIS2_PLACEMENT_3D('',#13579,#10455,#10456);
#9275=AXIS2_PLACEMENT_3D('',#13581,#10458,#10459);
#9276=AXIS2_PLACEMENT_3D('',#13583,#10461,#10462);
#9277=AXIS2_PLACEMENT_3D('',#13585,#10464,#10465);
#9278=AXIS2_PLACEMENT_3D('',#13598,#10466,#10467);
#9279=AXIS2_PLACEMENT_3D('',#13599,#10468,#10469);
#9280=AXIS2_PLACEMENT_3D('',#13600,#10470,#10471);
#9281=AXIS2_PLACEMENT_3D('',#13602,#10472,#10473);
#9282=AXIS2_PLACEMENT_3D('',#13605,#10476,#10477);
#9283=AXIS2_PLACEMENT_3D('',#13611,#10481,#10482);
#9284=AXIS2_PLACEMENT_3D('',#13615,#10485,#10486);
#9285=AXIS2_PLACEMENT_3D('',#13620,#10490,#10491);
#9286=AXIS2_PLACEMENT_3D('',#13622,#10493,#10494);
#9287=AXIS2_PLACEMENT_3D('',#13624,#10496,#10497);
#9288=AXIS2_PLACEMENT_3D('',#13626,#10499,#10500);
#9289=AXIS2_PLACEMENT_3D('',#13632,#10504,#10505);
#9290=AXIS2_PLACEMENT_3D('',#13636,#10508,#10509);
#9291=AXIS2_PLACEMENT_3D('',#13641,#10513,#10514);
#9292=AXIS2_PLACEMENT_3D('',#13643,#10516,#10517);
#9293=AXIS2_PLACEMENT_3D('',#13644,#10518,#10519);
#9294=AXIS2_PLACEMENT_3D('',#13645,#10520,#10521);
#9295=AXIS2_PLACEMENT_3D('',#13647,#10523,#10524);
#9296=AXIS2_PLACEMENT_3D('',#13648,#10525,#10526);
#9297=AXIS2_PLACEMENT_3D('',#13650,#10528,#10529);
#9298=AXIS2_PLACEMENT_3D('',#13651,#10530,#10531);
#9299=AXIS2_PLACEMENT_3D('',#13652,#10532,#10533);
#9300=AXIS2_PLACEMENT_3D('',#13654,#10534,#10535);
#9301=AXIS2_PLACEMENT_3D('',#13655,#10536,#10537);
#9302=AXIS2_PLACEMENT_3D('',#13656,#10538,#10539);
#9303=AXIS2_PLACEMENT_3D('',#13658,#10540,#10541);
#9304=AXIS2_PLACEMENT_3D('',#13659,#10542,#10543);
#9305=AXIS2_PLACEMENT_3D('',#13665,#10547,#10548);
#9306=AXIS2_PLACEMENT_3D('',#13669,#10551,#10552);
#9307=AXIS2_PLACEMENT_3D('',#13673,#10555,#10556);
#9308=AXIS2_PLACEMENT_3D('',#13677,#10559,#10560);
#9309=AXIS2_PLACEMENT_3D('',#13746,#10568,#10569);
#9310=AXIS2_PLACEMENT_3D('',#13763,#10573,#10574);
#9311=AXIS2_PLACEMENT_3D('',#13766,#10576,#10577);
#9312=AXIS2_PLACEMENT_3D('',#13793,#10580,#10581);
#9313=AXIS2_PLACEMENT_3D('',#13796,#10583,#10584);
#9314=AXIS2_PLACEMENT_3D('',#13797,#10585,#10586);
#9315=AXIS2_PLACEMENT_3D('',#13800,#10588,#10589);
#9316=AXIS2_PLACEMENT_3D('',#13814,#10591,#10592);
#9317=AXIS2_PLACEMENT_3D('',#13818,#10595,#10596);
#9318=AXIS2_PLACEMENT_3D('',#13820,#10598,#10599);
#9319=AXIS2_PLACEMENT_3D('',#13821,#10600,#10601);
#9320=AXIS2_PLACEMENT_3D('',#13827,#10605,#10606);
#9321=AXIS2_PLACEMENT_3D('',#13831,#10609,#10610);
#9322=AXIS2_PLACEMENT_3D('',#13835,#10613,#10614);
#9323=AXIS2_PLACEMENT_3D('',#13839,#10617,#10618);
#9324=AXIS2_PLACEMENT_3D('',#13908,#10626,#10627);
#9325=AXIS2_PLACEMENT_3D('',#13925,#10631,#10632);
#9326=AXIS2_PLACEMENT_3D('',#13928,#10634,#10635);
#9327=AXIS2_PLACEMENT_3D('',#13955,#10638,#10639);
#9328=AXIS2_PLACEMENT_3D('',#13958,#10641,#10642);
#9329=AXIS2_PLACEMENT_3D('',#13959,#10643,#10644);
#9330=AXIS2_PLACEMENT_3D('',#13962,#10646,#10647);
#9331=AXIS2_PLACEMENT_3D('',#13976,#10649,#10650);
#9332=AXIS2_PLACEMENT_3D('',#13980,#10653,#10654);
#9333=AXIS2_PLACEMENT_3D('',#13982,#10656,#10657);
#9334=AXIS2_PLACEMENT_3D('',#14003,#10660,#10661);
#9335=AXIS2_PLACEMENT_3D('',#14004,#10662,#10663);
#9336=AXIS2_PLACEMENT_3D('',#14008,#10665,#10666);
#9337=AXIS2_PLACEMENT_3D('',#14009,#10667,#10668);
#9338=AXIS2_PLACEMENT_3D('',#14010,#10669,#10670);
#9339=AXIS2_PLACEMENT_3D('',#14014,#10672,#10673);
#9340=AXIS2_PLACEMENT_3D('',#14015,#10674,#10675);
#9341=AXIS2_PLACEMENT_3D('',#14016,#10676,#10677);
#9342=AXIS2_PLACEMENT_3D('',#14020,#10679,#10680);
#9343=AXIS2_PLACEMENT_3D('',#14021,#10681,#10682);
#9344=AXIS2_PLACEMENT_3D('',#14022,#10683,#10684);
#9345=AXIS2_PLACEMENT_3D('',#14026,#10686,#10687);
#9346=AXIS2_PLACEMENT_3D('',#14027,#10688,#10689);
#9347=AXIS2_PLACEMENT_3D('',#14028,#10690,#10691);
#9348=AXIS2_PLACEMENT_3D('',#14032,#10693,#10694);
#9349=AXIS2_PLACEMENT_3D('',#14033,#10695,#10696);
#9350=AXIS2_PLACEMENT_3D('',#14034,#10697,#10698);
#9351=AXIS2_PLACEMENT_3D('',#14038,#10700,#10701);
#9352=AXIS2_PLACEMENT_3D('',#14179,#10713,#10714);
#9353=AXIS2_PLACEMENT_3D('',#14209,#10719,#10720);
#9354=AXIS2_PLACEMENT_3D('',#14212,#10722,#10723);
#9355=AXIS2_PLACEMENT_3D('',#14213,#10724,#10725);
#9356=AXIS2_PLACEMENT_3D('',#14255,#10729,#10730);
#9357=AXIS2_PLACEMENT_3D('',#14256,#10731,#10732);
#9358=AXIS2_PLACEMENT_3D('',#14262,#10736,#10737);
#9359=AXIS2_PLACEMENT_3D('',#14266,#10740,#10741);
#9360=AXIS2_PLACEMENT_3D('',#14270,#10744,#10745);
#9361=AXIS2_PLACEMENT_3D('',#14274,#10748,#10749);
#9362=AXIS2_PLACEMENT_3D('',#14278,#10752,#10753);
#9363=AXIS2_PLACEMENT_3D('',#14282,#10756,#10757);
#9364=AXIS2_PLACEMENT_3D('',#14284,#10759,#10760);
#9365=AXIS2_PLACEMENT_3D('',#14404,#10771,#10772);
#9366=AXIS2_PLACEMENT_3D('',#14408,#10775,#10776);
#9367=AXIS2_PLACEMENT_3D('',#14411,#10778,#10779);
#9368=AXIS2_PLACEMENT_3D('',#14529,#10789,#10790);
#9369=AXIS2_PLACEMENT_3D('',#14532,#10792,#10793);
#9370=AXIS2_PLACEMENT_3D('',#14533,#10794,#10795);
#9371=AXIS2_PLACEMENT_3D('',#14536,#10797,#10798);
#9372=AXIS2_PLACEMENT_3D('',#14537,#10799,#10800);
#9373=AXIS2_PLACEMENT_3D('',#14565,#10804,#10805);
#9374=AXIS2_PLACEMENT_3D('',#14566,#10806,#10807);
#9375=AXIS2_PLACEMENT_3D('',#14575,#10812,#10813);
#9376=AXIS2_PLACEMENT_3D('',#14581,#10817,#10818);
#9377=AXIS2_PLACEMENT_3D('',#14587,#10822,#10823);
#9378=AXIS2_PLACEMENT_3D('',#14588,#10824,#10825);
#9379=AXIS2_PLACEMENT_3D('',#14592,#10827,#10828);
#9380=AXIS2_PLACEMENT_3D('',#14593,#10829,#10830);
#9381=AXIS2_PLACEMENT_3D('',#14599,#10834,#10835);
#9382=AXIS2_PLACEMENT_3D('',#14603,#10838,#10839);
#9383=AXIS2_PLACEMENT_3D('',#14607,#10842,#10843);
#9384=AXIS2_PLACEMENT_3D('',#14611,#10846,#10847);
#9385=AXIS2_PLACEMENT_3D('',#14615,#10850,#10851);
#9386=AXIS2_PLACEMENT_3D('',#14619,#10854,#10855);
#9387=AXIS2_PLACEMENT_3D('',#14623,#10858,#10859);
#9388=AXIS2_PLACEMENT_3D('',#14625,#10861,#10862);
#9389=AXIS2_PLACEMENT_3D('',#14626,#10863,#10864);
#9390=AXIS2_PLACEMENT_3D('',#14627,#10865,#10866);
#9391=AXIS2_PLACEMENT_3D('',#14628,#10867,#10868);
#9392=AXIS2_PLACEMENT_3D('',#14629,#10869,#10870);
#9393=AXIS2_PLACEMENT_3D('',#14630,#10871,#10872);
#9394=AXIS2_PLACEMENT_3D('',#14631,#10873,#10874);
#9395=AXIS2_PLACEMENT_3D('',#14632,#10875,#10876);
#9396=AXIS2_PLACEMENT_3D('',#14633,#10877,#10878);
#9397=AXIS2_PLACEMENT_3D('',#14634,#10879,#10880);
#9398=AXIS2_PLACEMENT_3D('',#14675,#10901,#10902);
#9399=AXIS2_PLACEMENT_3D('',#14677,#10903,#10904);
#9400=AXIS2_PLACEMENT_3D('',#14703,#10917,#10918);
#9401=AXIS2_PLACEMENT_3D('',#14712,#10923,#10924);
#9402=AXIS2_PLACEMENT_3D('',#14715,#10927,#10928);
#9403=AXIS2_PLACEMENT_3D('',#14717,#10930,#10931);
#9404=AXIS2_PLACEMENT_3D('',#14719,#10933,#10934);
#9405=AXIS2_PLACEMENT_3D('',#14720,#10935,#10936);
#9406=AXIS2_PLACEMENT_3D('',#14729,#10941,#10942);
#9407=AXIS2_PLACEMENT_3D('',#14732,#10945,#10946);
#9408=AXIS2_PLACEMENT_3D('',#14734,#10948,#10949);
#9409=AXIS2_PLACEMENT_3D('',#14736,#10951,#10952);
#9410=AXIS2_PLACEMENT_3D('',#14737,#10953,#10954);
#9411=AXIS2_PLACEMENT_3D('',#14746,#10959,#10960);
#9412=AXIS2_PLACEMENT_3D('',#14749,#10963,#10964);
#9413=AXIS2_PLACEMENT_3D('',#14755,#10968,#10969);
#9414=AXIS2_PLACEMENT_3D('',#14764,#10974,#10975);
#9415=AXIS2_PLACEMENT_3D('',#14767,#10978,#10979);
#9416=AXIS2_PLACEMENT_3D('',#14769,#10981,#10982);
#9417=AXIS2_PLACEMENT_3D('',#14771,#10984,#10985);
#9418=AXIS2_PLACEMENT_3D('',#14772,#10986,#10987);
#9419=AXIS2_PLACEMENT_3D('',#14781,#10992,#10993);
#9420=AXIS2_PLACEMENT_3D('',#14784,#10996,#10997);
#9421=AXIS2_PLACEMENT_3D('',#14786,#10999,#11000);
#9422=AXIS2_PLACEMENT_3D('',#14788,#11002,#11003);
#9423=AXIS2_PLACEMENT_3D('',#14789,#11004,#11005);
#9424=AXIS2_PLACEMENT_3D('',#14798,#11010,#11011);
#9425=AXIS2_PLACEMENT_3D('',#14801,#11014,#11015);
#9426=AXIS2_PLACEMENT_3D('',#14803,#11017,#11018);
#9427=AXIS2_PLACEMENT_3D('',#14805,#11020,#11021);
#9428=AXIS2_PLACEMENT_3D('',#14806,#11022,#11023);
#9429=AXIS2_PLACEMENT_3D('',#14812,#11027,#11028);
#9430=AXIS2_PLACEMENT_3D('',#14814,#11030,#11031);
#9431=AXIS2_PLACEMENT_3D('',#14816,#11033,#11034);
#9432=AXIS2_PLACEMENT_3D('',#14817,#11035,#11036);
#9433=AXIS2_PLACEMENT_3D('',#14834,#11045,#11046);
#9434=AXIS2_PLACEMENT_3D('',#14837,#11049,#11050);
#9435=AXIS2_PLACEMENT_3D('',#14843,#11054,#11055);
#9436=AXIS2_PLACEMENT_3D('',#14847,#11058,#11059);
#9437=AXIS2_PLACEMENT_3D('',#14851,#11062,#11063);
#9438=AXIS2_PLACEMENT_3D('',#14853,#11065,#11066);
#9439=AXIS2_PLACEMENT_3D('',#14855,#11068,#11069);
#9440=AXIS2_PLACEMENT_3D('',#14857,#11071,#11072);
#9441=AXIS2_PLACEMENT_3D('',#14858,#11073,#11074);
#9442=AXIS2_PLACEMENT_3D('',#14864,#11078,#11079);
#9443=AXIS2_PLACEMENT_3D('',#14868,#11082,#11083);
#9444=AXIS2_PLACEMENT_3D('',#14869,#11084,#11085);
#9445=AXIS2_PLACEMENT_3D('',#14871,#11086,#11087);
#9446=AXIS2_PLACEMENT_3D('',#14872,#11088,#11089);
#9447=AXIS2_PLACEMENT_3D('',#14874,#11090,#11091);
#9448=AXIS2_PLACEMENT_3D('',#14875,#11092,#11093);
#9449=AXIS2_PLACEMENT_3D('',#14877,#11094,#11095);
#9450=AXIS2_PLACEMENT_3D('',#14879,#11096,#11097);
#9451=AXIS2_PLACEMENT_3D('',#14883,#11100,#11101);
#9452=AXIS2_PLACEMENT_3D('',#14885,#11103,#11104);
#9453=AXIS2_PLACEMENT_3D('',#14886,#11105,#11106);
#9454=AXIS2_PLACEMENT_3D('',#14887,#11107,#11108);
#9455=AXIS2_PLACEMENT_3D('',#14888,#11109,#11110);
#9456=AXIS2_PLACEMENT_3D('',#14889,#11111,#11112);
#9457=AXIS2_PLACEMENT_3D('',#14891,#11113,#11114);
#9458=AXIS2_PLACEMENT_3D('',#14892,#11115,#11116);
#9459=AXIS2_PLACEMENT_3D('',#14894,#11117,#11118);
#9460=AXIS2_PLACEMENT_3D('',#14895,#11119,#11120);
#9461=AXIS2_PLACEMENT_3D('',#14896,#11121,#11122);
#9462=AXIS2_PLACEMENT_3D('',#14897,#11123,#11124);
#9463=AXIS2_PLACEMENT_3D('',#14899,#11125,#11126);
#9464=AXIS2_PLACEMENT_3D('',#14917,#11135,#11136);
#9465=AXIS2_PLACEMENT_3D('',#14919,#11137,#11138);
#9466=AXIS2_PLACEMENT_3D('',#14921,#11139,#11140);
#9467=AXIS2_PLACEMENT_3D('',#14922,#11141,#11142);
#9468=AXIS2_PLACEMENT_3D('',#14924,#11143,#11144);
#9469=AXIS2_PLACEMENT_3D('',#14926,#11145,#11146);
#9470=AXIS2_PLACEMENT_3D('',#14936,#11151,#11152);
#9471=AXIS2_PLACEMENT_3D('',#14938,#11153,#11154);
#9472=AXIS2_PLACEMENT_3D('',#14941,#11157,#11158);
#9473=AXIS2_PLACEMENT_3D('',#14942,#11159,#11160);
#9474=AXIS2_PLACEMENT_3D('',#14944,#11162,#11163);
#9475=AXIS2_PLACEMENT_3D('',#14946,#11165,#11166);
#9476=AXIS2_PLACEMENT_3D('',#14947,#11167,#11168);
#9477=AXIS2_PLACEMENT_3D('',#14948,#11169,#11170);
#9478=AXIS2_PLACEMENT_3D('',#14949,#11171,#11172);
#9479=AXIS2_PLACEMENT_3D('',#14950,#11173,#11174);
#9480=AXIS2_PLACEMENT_3D('',#14951,#11175,#11176);
#9481=AXIS2_PLACEMENT_3D('',#14952,#11177,#11178);
#9482=AXIS2_PLACEMENT_3D('',#14953,#11179,#11180);
#9483=AXIS2_PLACEMENT_3D('',#14954,#11181,#11182);
#9484=AXIS2_PLACEMENT_3D('',#14955,#11183,#11184);
#9485=AXIS2_PLACEMENT_3D('',#14956,#11185,#11186);
#9486=AXIS2_PLACEMENT_3D('',#14958,#11187,#11188);
#9487=AXIS2_PLACEMENT_3D('',#14959,#11189,#11190);
#9488=AXIS2_PLACEMENT_3D('',#14961,#11191,#11192);
#9489=AXIS2_PLACEMENT_3D('',#14962,#11193,#11194);
#9490=AXIS2_PLACEMENT_3D('',#14963,#11195,#11196);
#9491=AXIS2_PLACEMENT_3D('',#14964,#11197,#11198);
#9492=AXIS2_PLACEMENT_3D('',#14965,#11199,#11200);
#9493=AXIS2_PLACEMENT_3D('',#14967,#11201,#11202);
#9494=AXIS2_PLACEMENT_3D('',#14968,#11203,#11204);
#9495=AXIS2_PLACEMENT_3D('',#14970,#11205,#11206);
#9496=AXIS2_PLACEMENT_3D('',#14971,#11207,#11208);
#9497=AXIS2_PLACEMENT_3D('',#14972,#11209,#11210);
#9498=AXIS2_PLACEMENT_3D('',#14973,#11211,#11212);
#9499=AXIS2_PLACEMENT_3D('',#14974,#11213,#11214);
#9500=AXIS2_PLACEMENT_3D('',#14983,#11219,#11220);
#9501=AXIS2_PLACEMENT_3D('',#14989,#11224,#11225);
#9502=AXIS2_PLACEMENT_3D('',#14993,#11228,#11229);
#9503=AXIS2_PLACEMENT_3D('',#14997,#11232,#11233);
#9504=AXIS2_PLACEMENT_3D('',#14999,#11235,#11236);
#9505=AXIS2_PLACEMENT_3D('',#15000,#11237,#11238);
#9506=AXIS2_PLACEMENT_3D('',#15001,#11239,#11240);
#9507=AXIS2_PLACEMENT_3D('',#15011,#11245,#11246);
#9508=AXIS2_PLACEMENT_3D('',#15014,#11248,#11249);
#9509=AXIS2_PLACEMENT_3D('',#15023,#11254,#11255);
#9510=AXIS2_PLACEMENT_3D('',#15026,#11258,#11259);
#9511=AXIS2_PLACEMENT_3D('',#15033,#11264,#11265);
#9512=AXIS2_PLACEMENT_3D('',#15035,#11267,#11268);
#9513=AXIS2_PLACEMENT_3D('',#15036,#11269,#11270);
#9514=AXIS2_PLACEMENT_3D('',#15037,#11271,#11272);
#9515=AXIS2_PLACEMENT_3D('',#15038,#11273,#11274);
#9516=AXIS2_PLACEMENT_3D('',#15039,#11275,#11276);
#9517=AXIS2_PLACEMENT_3D('',#15040,#11277,#11278);
#9518=AXIS2_PLACEMENT_3D('',#15041,#11279,#11280);
#9519=AXIS2_PLACEMENT_3D('',#15042,#11281,#11282);
#9520=AXIS2_PLACEMENT_3D('',#15043,#11283,#11284);
#9521=AXIS2_PLACEMENT_3D('',#15044,#11285,#11286);
#9522=AXIS2_PLACEMENT_3D('',#15045,#11287,#11288);
#9523=AXIS2_PLACEMENT_3D('',#15048,#11289,#11290);
#9524=AXIS2_PLACEMENT_3D('',#15113,#11323,#11324);
#9525=AXIS2_PLACEMENT_3D('',#15116,#11325,#11326);
#9526=AXIS2_PLACEMENT_3D('',#15117,#11327,#11328);
#9527=AXIS2_PLACEMENT_3D('',#15123,#11332,#11333);
#9528=AXIS2_PLACEMENT_3D('',#15124,#11334,#11335);
#9529=AXIS2_PLACEMENT_3D('',#15126,#11336,#11337);
#9530=AXIS2_PLACEMENT_3D('',#15129,#11338,#11339);
#9531=AXIS2_PLACEMENT_3D('',#15130,#11340,#11341);
#9532=AXIS2_PLACEMENT_3D('',#15133,#11342,#11343);
#9533=AXIS2_PLACEMENT_3D('',#15139,#11347,#11348);
#9534=AXIS2_PLACEMENT_3D('',#15142,#11351,#11352);
#9535=AXIS2_PLACEMENT_3D('',#15151,#11357,#11358);
#9536=AXIS2_PLACEMENT_3D('',#15154,#11361,#11362);
#9537=AXIS2_PLACEMENT_3D('',#15156,#11364,#11365);
#9538=AXIS2_PLACEMENT_3D('',#15158,#11367,#11368);
#9539=AXIS2_PLACEMENT_3D('',#15159,#11369,#11370);
#9540=AXIS2_PLACEMENT_3D('',#15168,#11375,#11376);
#9541=AXIS2_PLACEMENT_3D('',#15171,#11379,#11380);
#9542=AXIS2_PLACEMENT_3D('',#15173,#11382,#11383);
#9543=AXIS2_PLACEMENT_3D('',#15175,#11385,#11386);
#9544=AXIS2_PLACEMENT_3D('',#15176,#11387,#11388);
#9545=AXIS2_PLACEMENT_3D('',#15185,#11393,#11394);
#9546=AXIS2_PLACEMENT_3D('',#15188,#11397,#11398);
#9547=AXIS2_PLACEMENT_3D('',#15194,#11402,#11403);
#9548=AXIS2_PLACEMENT_3D('',#15203,#11408,#11409);
#9549=AXIS2_PLACEMENT_3D('',#15206,#11412,#11413);
#9550=AXIS2_PLACEMENT_3D('',#15208,#11415,#11416);
#9551=AXIS2_PLACEMENT_3D('',#15210,#11418,#11419);
#9552=AXIS2_PLACEMENT_3D('',#15211,#11420,#11421);
#9553=AXIS2_PLACEMENT_3D('',#15220,#11426,#11427);
#9554=AXIS2_PLACEMENT_3D('',#15223,#11430,#11431);
#9555=AXIS2_PLACEMENT_3D('',#15225,#11433,#11434);
#9556=AXIS2_PLACEMENT_3D('',#15227,#11436,#11437);
#9557=AXIS2_PLACEMENT_3D('',#15228,#11438,#11439);
#9558=AXIS2_PLACEMENT_3D('',#15237,#11444,#11445);
#9559=AXIS2_PLACEMENT_3D('',#15240,#11448,#11449);
#9560=AXIS2_PLACEMENT_3D('',#15242,#11451,#11452);
#9561=AXIS2_PLACEMENT_3D('',#15244,#11454,#11455);
#9562=AXIS2_PLACEMENT_3D('',#15245,#11456,#11457);
#9563=AXIS2_PLACEMENT_3D('',#15251,#11461,#11462);
#9564=AXIS2_PLACEMENT_3D('',#15253,#11464,#11465);
#9565=AXIS2_PLACEMENT_3D('',#15255,#11467,#11468);
#9566=AXIS2_PLACEMENT_3D('',#15256,#11469,#11470);
#9567=AXIS2_PLACEMENT_3D('',#15273,#11479,#11480);
#9568=AXIS2_PLACEMENT_3D('',#15276,#11483,#11484);
#9569=AXIS2_PLACEMENT_3D('',#15282,#11488,#11489);
#9570=AXIS2_PLACEMENT_3D('',#15286,#11492,#11493);
#9571=AXIS2_PLACEMENT_3D('',#15290,#11496,#11497);
#9572=AXIS2_PLACEMENT_3D('',#15292,#11499,#11500);
#9573=AXIS2_PLACEMENT_3D('',#15294,#11502,#11503);
#9574=AXIS2_PLACEMENT_3D('',#15296,#11505,#11506);
#9575=AXIS2_PLACEMENT_3D('',#15297,#11507,#11508);
#9576=AXIS2_PLACEMENT_3D('',#15298,#11509,#11510);
#9577=AXIS2_PLACEMENT_3D('',#15301,#11513,#11514);
#9578=AXIS2_PLACEMENT_3D('',#15304,#11517,#11518);
#9579=AXIS2_PLACEMENT_3D('',#15305,#11519,#11520);
#9580=AXIS2_PLACEMENT_3D('',#15307,#11521,#11522);
#9581=AXIS2_PLACEMENT_3D('',#15308,#11523,#11524);
#9582=AXIS2_PLACEMENT_3D('',#15309,#11525,#11526);
#9583=AXIS2_PLACEMENT_3D('',#15310,#11527,#11528);
#9584=AXIS2_PLACEMENT_3D('',#15311,#11529,#11530);
#9585=AXIS2_PLACEMENT_3D('',#15312,#11531,#11532);
#9586=AXIS2_PLACEMENT_3D('',#15313,#11533,#11534);
#9587=AXIS2_PLACEMENT_3D('',#15314,#11535,#11536);
#9588=AXIS2_PLACEMENT_3D('',#15323,#11541,#11542);
#9589=AXIS2_PLACEMENT_3D('',#15332,#11547,#11548);
#9590=AXIS2_PLACEMENT_3D('',#15335,#11551,#11552);
#9591=AXIS2_PLACEMENT_3D('',#15337,#11554,#11555);
#9592=AXIS2_PLACEMENT_3D('',#15339,#11557,#11558);
#9593=AXIS2_PLACEMENT_3D('',#15340,#11559,#11560);
#9594=AXIS2_PLACEMENT_3D('',#15341,#11561,#11562);
#9595=AXIS2_PLACEMENT_3D('',#15342,#11563,#11564);
#9596=AXIS2_PLACEMENT_3D('',#15343,#11565,#11566);
#9597=DIRECTION('',(0.,0.,1.));
#9598=DIRECTION('',(1.,0.,0.));
#9599=DIRECTION('',(0.,1.,0.));
#9600=DIRECTION('',(0.,0.,1.));
#9601=DIRECTION('',(0.,1.,0.));
#9602=DIRECTION('',(0.,0.,1.));
#9603=DIRECTION('',(0.,1.,0.));
#9604=DIRECTION('',(0.,0.,1.));
#9605=DIRECTION('',(0.,1.,0.));
#9606=DIRECTION('',(0.,0.,1.));
#9607=DIRECTION('',(0.,1.,0.));
#9608=DIRECTION('',(-1.,0.,0.));
#9609=DIRECTION('',(-2.84675041872796E-9,6.76147432487896E-9,1.));
#9610=DIRECTION('',(1.,1.18430889244044E-9,2.84675041072029E-9));
#9611=DIRECTION('',(0.,1.,0.));
#9612=DIRECTION('',(0.,0.,1.));
#9613=DIRECTION('',(0.,1.,0.));
#9614=DIRECTION('',(0.,0.,1.));
#9615=DIRECTION('',(0.,1.,0.));
#9616=DIRECTION('',(0.,0.,1.));
#9617=DIRECTION('',(0.,1.,0.));
#9618=DIRECTION('',(0.,0.,1.));
#9619=DIRECTION('',(0.,1.,0.));
#9620=DIRECTION('',(0.,0.,1.));
#9621=DIRECTION('',(1.,0.,0.));
#9622=DIRECTION('',(0.,0.,1.));
#9623=DIRECTION('',(1.,0.,0.));
#9624=DIRECTION('',(0.,0.,1.));
#9625=DIRECTION('',(-1.,0.,0.));
#9626=DIRECTION('',(0.,0.,1.));
#9627=DIRECTION('',(-1.,0.,0.));
#9628=DIRECTION('',(0.,0.,1.));
#9629=DIRECTION('',(1.,0.,0.));
#9630=DIRECTION('',(0.,0.,1.));
#9631=DIRECTION('',(1.,0.,0.));
#9632=DIRECTION('',(0.,0.,1.));
#9633=DIRECTION('',(1.,0.,0.));
#9634=DIRECTION('',(3.65204942310907E-16,0.,-1.));
#9635=DIRECTION('',(1.,0.,0.));
#9636=DIRECTION('',(0.,0.,1.));
#9637=DIRECTION('',(0.,0.,-1.));
#9638=DIRECTION('',(1.,0.,0.));
#9639=DIRECTION('',(-1.,0.,0.));
#9640=DIRECTION('',(0.,-1.,0.));
#9641=DIRECTION('',(-1.,0.,0.));
#9642=DIRECTION('',(0.,1.,0.));
#9643=DIRECTION('',(0.,-1.,0.));
#9644=DIRECTION('',(0.,0.,-1.));
#9645=DIRECTION('',(0.,-1.,0.));
#9646=DIRECTION('',(0.,0.,-1.));
#9647=DIRECTION('',(-1.,0.,0.));
#9648=DIRECTION('',(-3.65204942310907E-16,0.,1.));
#9649=DIRECTION('',(0.,0.,-1.));
#9650=DIRECTION('',(0.,-1.,0.));
#9651=DIRECTION('',(0.,0.,-1.));
#9652=DIRECTION('',(0.,-1.,0.));
#9653=DIRECTION('',(0.,0.,-1.));
#9654=DIRECTION('',(-3.65204942310907E-16,0.,1.));
#9655=DIRECTION('',(-1.,0.,0.));
#9656=DIRECTION('',(0.,0.,-1.));
#9657=DIRECTION('',(0.,-1.,0.));
#9658=DIRECTION('',(0.,0.,-1.));
#9659=DIRECTION('',(0.,0.,-1.));
#9660=DIRECTION('',(0.,0.,-1.));
#9661=DIRECTION('',(1.,0.,0.));
#9662=DIRECTION('',(1.,0.,0.));
#9663=DIRECTION('',(0.,1.,0.));
#9664=DIRECTION('',(1.,0.,0.));
#9665=DIRECTION('',(0.,1.,0.));
#9666=DIRECTION('',(0.,1.,0.));
#9667=DIRECTION('',(0.,0.,1.));
#9668=DIRECTION('',(0.,1.,0.));
#9669=DIRECTION('',(0.,0.,1.));
#9670=DIRECTION('',(0.,0.,1.));
#9671=DIRECTION('',(1.,0.,0.));
#9672=DIRECTION('',(0.,0.,-1.));
#9673=DIRECTION('',(0.,1.,0.));
#9674=DIRECTION('',(0.,0.,1.));
#9675=DIRECTION('',(0.,1.,0.));
#9676=DIRECTION('',(0.,0.,1.));
#9677=DIRECTION('',(1.,0.,0.));
#9678=DIRECTION('',(0.,0.,1.));
#9679=DIRECTION('',(0.,0.,-1.));
#9680=DIRECTION('',(0.,1.,0.));
#9681=DIRECTION('',(0.,0.,1.));
#9682=DIRECTION('',(0.,0.,-1.));
#9683=DIRECTION('',(0.,0.,1.));
#9684=DIRECTION('',(1.,0.,0.));
#9685=DIRECTION('',(0.,-1.,0.));
#9686=DIRECTION('',(0.,-1.,0.));
#9687=DIRECTION('',(1.,0.,0.));
#9688=DIRECTION('',(0.,1.,0.));
#9689=DIRECTION('',(-1.,0.,0.));
#9690=DIRECTION('',(0.,1.,0.));
#9691=DIRECTION('',(-1.,0.,0.));
#9692=DIRECTION('',(0.,0.,1.));
#9693=DIRECTION('',(1.,0.,0.));
#9694=DIRECTION('',(0.,-1.,0.));
#9695=DIRECTION('',(0.,1.,0.));
#9696=DIRECTION('',(0.,-1.,0.));
#9697=DIRECTION('',(1.,0.,0.));
#9698=DIRECTION('',(0.,-1.,0.));
#9699=DIRECTION('',(0.,1.,0.));
#9700=DIRECTION('',(0.,-1.,0.));
#9701=DIRECTION('',(0.,1.,0.));
#9702=DIRECTION('',(0.,0.,1.));
#9703=DIRECTION('',(-1.,0.,0.));
#9704=DIRECTION('',(-0.364640966502897,0.,0.931148197414264));
#9705=DIRECTION('',(-1.,0.,0.));
#9706=DIRECTION('',(-0.360741980673222,0.,-0.93266565465871));
#9707=DIRECTION('',(-1.,0.,0.));
#9708=DIRECTION('',(0.366279776202124,0.,0.930504769222233));
#9709=DIRECTION('',(1.,0.,0.));
#9710=DIRECTION('',(0.364697763408864,0.,-0.931125953544725));
#9711=DIRECTION('',(0.,0.,-1.));
#9712=DIRECTION('',(-1.,0.,0.));
#9713=DIRECTION('',(0.,0.,1.));
#9714=DIRECTION('',(0.705345626770166,0.,0.708863560070767));
#9715=DIRECTION('',(0.,1.,0.));
#9716=DIRECTION('',(0.,0.,1.));
#9717=DIRECTION('',(0.,1.,0.));
#9718=DIRECTION('',(0.,0.,1.));
#9719=DIRECTION('',(0.,1.,0.));
#9720=DIRECTION('',(0.,0.,1.));
#9721=DIRECTION('',(-0.614559281729928,0.,0.788870641638789));
#9722=DIRECTION('',(-0.714927248093616,0.,-0.699198848635558));
#9723=DIRECTION('',(0.,0.,-1.));
#9724=DIRECTION('',(1.,0.,0.));
#9725=DIRECTION('',(0.,0.,-1.));
#9726=DIRECTION('',(-1.,0.,0.));
#9727=DIRECTION('',(0.,0.,1.));
#9728=DIRECTION('',(0.705345626770166,0.,0.708863560070766));
#9729=DIRECTION('',(0.,1.,0.));
#9730=DIRECTION('',(0.,0.,1.));
#9731=DIRECTION('',(0.,1.,0.));
#9732=DIRECTION('',(0.,0.,1.));
#9733=DIRECTION('',(0.,1.,0.));
#9734=DIRECTION('',(0.,0.,1.));
#9735=DIRECTION('',(-0.614559281729928,0.,0.788870641638789));
#9736=DIRECTION('',(-0.714927248093616,0.,-0.699198848635558));
#9737=DIRECTION('',(0.,0.,-1.));
#9738=DIRECTION('',(1.,0.,0.));
#9739=DIRECTION('',(0.,1.,0.));
#9740=DIRECTION('',(0.,0.,1.));
#9741=DIRECTION('',(0.,1.,0.));
#9742=DIRECTION('',(0.,0.,1.));
#9743=DIRECTION('',(0.,1.,0.));
#9744=DIRECTION('',(0.,0.,1.));
#9745=DIRECTION('',(-3.65204942310907E-16,0.,1.));
#9746=DIRECTION('',(0.,0.,-1.));
#9747=DIRECTION('',(0.,-1.,0.));
#9748=DIRECTION('',(0.,0.,-1.));
#9749=DIRECTION('',(0.,-1.,0.));
#9750=DIRECTION('',(0.,0.,-1.));
#9751=DIRECTION('',(0.,0.,-1.));
#9752=DIRECTION('',(0.,1.,0.));
#9753=DIRECTION('',(0.,0.,1.));
#9754=DIRECTION('',(1.,0.,0.));
#9755=DIRECTION('',(-1.,0.,0.));
#9756=DIRECTION('',(0.419944258074441,0.,0.907549899515342));
#9757=DIRECTION('',(-1.,0.,0.));
#9758=DIRECTION('',(0.,0.,1.));
#9759=DIRECTION('',(1.,0.,0.));
#9760=DIRECTION('',(0.,0.,-1.));
#9761=DIRECTION('',(-0.410209446041748,0.,-0.911991343367974));
#9762=DIRECTION('',(0.,0.,1.));
#9763=DIRECTION('',(0.,1.,0.));
#9764=DIRECTION('',(0.,0.,1.));
#9765=DIRECTION('',(0.,1.,0.));
#9766=DIRECTION('',(0.,0.,1.));
#9767=DIRECTION('',(0.,1.,0.));
#9768=DIRECTION('',(0.,0.,1.));
#9769=DIRECTION('',(-0.338142350146574,0.,-0.941094974504355));
#9770=DIRECTION('',(0.,-1.,0.));
#9771=DIRECTION('',(0.,0.,-1.));
#9772=DIRECTION('',(0.,1.,0.));
#9773=DIRECTION('',(0.,0.,1.));
#9774=DIRECTION('',(0.,1.,0.));
#9775=DIRECTION('',(0.,0.,1.));
#9776=DIRECTION('',(0.,1.,0.));
#9777=DIRECTION('',(0.,0.,1.));
#9778=DIRECTION('',(0.,-1.,0.));
#9779=DIRECTION('',(0.,0.,-1.));
#9780=DIRECTION('',(0.,-1.,0.));
#9781=DIRECTION('',(1.,0.,0.));
#9782=DIRECTION('',(0.,-1.,0.));
#9783=DIRECTION('',(0.,0.,-1.));
#9784=DIRECTION('',(0.,0.,1.));
#9785=DIRECTION('',(0.,-1.,0.));
#9786=DIRECTION('',(0.,0.,-1.));
#9787=DIRECTION('',(0.,0.,1.));
#9788=DIRECTION('',(0.,-1.,0.));
#9789=DIRECTION('',(0.,0.,-1.));
#9790=DIRECTION('',(0.,-1.,0.));
#9791=DIRECTION('',(0.,-1.,0.));
#9792=DIRECTION('',(0.,-1.,0.));
#9793=DIRECTION('',(0.,0.,-1.));
#9794=DIRECTION('',(0.,-1.,0.));
#9795=DIRECTION('',(0.,-1.,0.));
#9796=DIRECTION('',(0.,-1.,0.));
#9797=DIRECTION('',(0.,0.,-1.));
#9798=DIRECTION('',(-1.,0.,0.));
#9799=DIRECTION('',(0.,0.,1.));
#9800=DIRECTION('',(0.,0.,1.));
#9801=DIRECTION('',(-1.,0.,0.));
#9802=DIRECTION('',(0.,0.,1.));
#9803=DIRECTION('',(0.,0.,1.));
#9804=DIRECTION('',(0.,-1.,0.));
#9805=DIRECTION('',(0.,-1.,0.));
#9806=DIRECTION('',(0.,0.,1.));
#9807=DIRECTION('',(1.,0.,0.));
#9808=DIRECTION('',(0.,1.,0.));
#9809=DIRECTION('',(-1.,0.,0.));
#9810=DIRECTION('',(0.,1.,0.));
#9811=DIRECTION('',(-1.,0.,0.));
#9812=DIRECTION('',(0.,-1.,0.));
#9813=DIRECTION('',(0.,0.,-1.));
#9814=DIRECTION('',(0.,-1.,0.));
#9815=DIRECTION('',(0.,0.,-1.));
#9816=DIRECTION('',(0.,1.,0.));
#9817=DIRECTION('',(0.,0.,1.));
#9818=DIRECTION('',(1.,0.,0.));
#9819=DIRECTION('',(0.,0.,-1.));
#9820=DIRECTION('',(0.,0.,1.));
#9821=DIRECTION('',(0.,0.,1.));
#9822=DIRECTION('',(0.,1.,0.));
#9823=DIRECTION('',(0.,0.,1.));
#9824=DIRECTION('',(0.,0.,1.));
#9825=DIRECTION('',(1.,0.,0.));
#9826=DIRECTION('',(0.,0.,-1.));
#9827=DIRECTION('',(0.,0.,1.));
#9828=DIRECTION('',(0.,1.,0.));
#9829=DIRECTION('',(0.,0.,1.));
#9830=DIRECTION('',(0.,-1.,0.));
#9831=DIRECTION('',(0.,0.,-1.));
#9832=DIRECTION('',(0.,0.,-1.));
#9833=DIRECTION('',(-1.,0.,0.));
#9834=DIRECTION('',(0.,-1.,0.));
#9835=DIRECTION('',(0.,-1.,0.));
#9836=DIRECTION('',(1.,0.,0.));
#9837=DIRECTION('',(0.,-1.,0.));
#9838=DIRECTION('',(1.,0.,0.));
#9839=DIRECTION('',(0.,0.,-1.));
#9840=DIRECTION('',(0.,0.,1.));
#9841=DIRECTION('',(0.,-1.,0.));
#9842=DIRECTION('',(0.,0.,1.));
#9843=DIRECTION('',(0.,0.,-1.));
#9844=DIRECTION('',(-1.,0.,0.));
#9845=DIRECTION('',(0.,-1.,0.));
#9846=DIRECTION('',(1.,0.,0.));
#9847=DIRECTION('',(0.,-1.,0.));
#9848=DIRECTION('',(1.,0.,0.));
#9849=DIRECTION('',(0.,0.,-1.));
#9850=DIRECTION('',(0.,0.,1.));
#9851=DIRECTION('',(0.,1.,0.));
#9852=DIRECTION('',(-1.,0.,0.));
#9853=DIRECTION('',(1.,0.,0.));
#9854=DIRECTION('',(0.,0.,-1.));
#9855=DIRECTION('',(0.,0.,1.));
#9856=DIRECTION('',(0.,-1.,0.));
#9857=DIRECTION('',(0.,0.,1.));
#9858=DIRECTION('',(0.,-1.,0.));
#9859=DIRECTION('',(0.,0.,1.));
#9860=DIRECTION('',(1.,0.,0.));
#9861=DIRECTION('',(0.,-1.,0.));
#9862=DIRECTION('',(-1.,0.,0.));
#9863=DIRECTION('',(0.,-1.,0.));
#9864=DIRECTION('',(1.,0.,0.));
#9865=DIRECTION('',(0.,0.,-1.));
#9866=DIRECTION('',(0.,-1.,0.));
#9867=DIRECTION('',(0.,0.,1.));
#9868=DIRECTION('',(0.,0.,1.));
#9869=DIRECTION('',(1.,0.,0.));
#9870=DIRECTION('',(0.,-1.,0.));
#9871=DIRECTION('',(-1.,0.,0.));
#9872=DIRECTION('',(0.,1.,0.));
#9873=DIRECTION('',(-1.,0.,0.));
#9874=DIRECTION('',(1.,0.,0.));
#9875=DIRECTION('',(0.,0.,-1.));
#9876=DIRECTION('',(0.,0.,1.));
#9877=DIRECTION('',(0.,-1.,0.));
#9878=DIRECTION('',(1.,0.,0.));
#9879=DIRECTION('',(0.,0.,-1.));
#9880=DIRECTION('',(0.,0.,1.));
#9881=DIRECTION('',(0.,-1.,0.));
#9882=DIRECTION('',(0.,1.,0.));
#9883=DIRECTION('',(-1.,0.,0.));
#9884=DIRECTION('',(0.,1.,0.));
#9885=DIRECTION('',(0.,0.,1.));
#9886=DIRECTION('',(1.,0.,0.));
#9887=DIRECTION('',(0.,0.,-1.));
#9888=DIRECTION('',(0.,0.,1.));
#9889=DIRECTION('',(0.,-1.,0.));
#9890=DIRECTION('',(0.,0.,-1.));
#9891=DIRECTION('',(-1.,0.,0.));
#9892=DIRECTION('',(0.,-1.,0.));
#9893=DIRECTION('',(1.,0.,0.));
#9894=DIRECTION('',(1.,0.,0.));
#9895=DIRECTION('',(0.,0.,-1.));
#9896=DIRECTION('',(0.,0.,1.));
#9897=DIRECTION('',(0.,0.,-1.));
#9898=DIRECTION('',(-1.,0.,0.));
#9899=DIRECTION('',(1.,0.,0.));
#9900=DIRECTION('',(0.,-1.,0.));
#9901=DIRECTION('',(0.,0.,-1.));
#9902=DIRECTION('',(0.,1.,0.));
#9903=DIRECTION('',(0.,0.,1.));
#9904=DIRECTION('',(0.,1.,0.));
#9905=DIRECTION('',(-1.,0.,0.));
#9906=DIRECTION('',(0.,1.,0.));
#9907=DIRECTION('',(0.,0.,1.));
#9908=DIRECTION('',(0.,1.,0.));
#9909=DIRECTION('',(0.,0.,1.));
#9910=DIRECTION('',(0.,1.,0.));
#9911=DIRECTION('',(-1.,0.,0.));
#9912=DIRECTION('',(0.,1.,0.));
#9913=DIRECTION('',(0.,0.,1.));
#9914=DIRECTION('',(0.,1.,0.));
#9915=DIRECTION('',(0.,0.,1.));
#9916=DIRECTION('',(0.,1.,0.));
#9917=DIRECTION('',(-1.,0.,0.));
#9918=DIRECTION('',(0.,0.,-1.));
#9919=DIRECTION('',(-1.,0.,0.));
#9920=DIRECTION('',(0.,1.,0.));
#9921=DIRECTION('',(-1.,0.,0.));
#9922=DIRECTION('',(0.,1.,0.));
#9923=DIRECTION('',(1.,0.,0.));
#9924=DIRECTION('',(0.,0.,-1.));
#9925=DIRECTION('',(0.,1.,0.));
#9926=DIRECTION('',(0.,0.,-1.));
#9927=DIRECTION('',(0.,0.,1.));
#9928=DIRECTION('',(1.,0.,0.));
#9929=DIRECTION('',(0.,1.,0.));
#9930=DIRECTION('',(1.,0.,0.));
#9931=DIRECTION('',(1.,0.,0.));
#9932=DIRECTION('',(0.,0.,-1.));
#9933=DIRECTION('',(0.,1.,0.));
#9934=DIRECTION('',(0.,0.,-1.));
#9935=DIRECTION('',(0.699198848635558,0.,-0.714927248093616));
#9936=DIRECTION('',(-0.714927248093616,0.,-0.699198848635558));
#9937=DIRECTION('',(0.,1.,0.));
#9938=DIRECTION('',(-0.714927248093616,0.,-0.699198848635558));
#9939=DIRECTION('',(0.,1.,0.));
#9940=DIRECTION('',(0.,1.,0.));
#9941=DIRECTION('',(0.,1.,0.));
#9942=DIRECTION('',(0.,1.,0.));
#9943=DIRECTION('',(0.,1.,0.));
#9944=DIRECTION('',(-0.788870641638789,0.,-0.614559281729928));
#9945=DIRECTION('',(-0.614559281729928,0.,0.788870641638789));
#9946=DIRECTION('',(0.,1.,0.));
#9947=DIRECTION('',(-0.614559281729928,0.,0.788870641638789));
#9948=DIRECTION('',(0.,1.,0.));
#9949=DIRECTION('',(0.,1.,0.));
#9950=DIRECTION('',(-0.173111836476067,0.,0.984902173858847));
#9951=DIRECTION('',(0.,1.,0.));
#9952=DIRECTION('',(0.,1.,0.));
#9953=DIRECTION('',(0.,0.,1.));
#9954=DIRECTION('',(0.,1.,0.));
#9955=DIRECTION('',(0.,1.,0.));
#9956=DIRECTION('',(0.,1.,0.));
#9957=DIRECTION('',(0.983648605798844,0.,-0.180098362874262));
#9958=DIRECTION('',(0.,1.,0.));
#9959=DIRECTION('',(0.,1.,0.));
#9960=DIRECTION('',(0.,0.,1.));
#9961=DIRECTION('',(0.,1.,0.));
#9962=DIRECTION('',(0.871843771196963,0.,-0.489784073470195));
#9963=DIRECTION('',(0.,1.,0.));
#9964=DIRECTION('',(0.,1.,0.));
#9965=DIRECTION('',(0.,0.,1.));
#9966=DIRECTION('',(0.,1.,0.));
#9967=DIRECTION('',(-0.708863560070766,0.,0.705345626770166));
#9968=DIRECTION('',(0.705345626770166,0.,0.708863560070766));
#9969=DIRECTION('',(0.,1.,0.));
#9970=DIRECTION('',(0.705345626770166,0.,0.708863560070766));
#9971=DIRECTION('',(-1.,0.,0.));
#9972=DIRECTION('',(0.,0.,1.));
#9973=DIRECTION('',(0.,0.,1.));
#9974=DIRECTION('',(0.,-1.,0.));
#9975=DIRECTION('',(1.,0.,0.));
#9976=DIRECTION('',(0.,0.,-1.));
#9977=DIRECTION('',(-1.,0.,0.));
#9978=DIRECTION('',(0.,1.,0.));
#9979=DIRECTION('',(-1.,0.,0.));
#9980=DIRECTION('',(0.,1.,0.));
#9981=DIRECTION('',(1.,0.,0.));
#9982=DIRECTION('',(0.,0.,-1.));
#9983=DIRECTION('',(0.,1.,0.));
#9984=DIRECTION('',(0.,0.,-1.));
#9985=DIRECTION('',(0.,0.,1.));
#9986=DIRECTION('',(1.,0.,0.));
#9987=DIRECTION('',(0.,1.,0.));
#9988=DIRECTION('',(1.,0.,0.));
#9989=DIRECTION('',(1.,0.,0.));
#9990=DIRECTION('',(0.,0.,-1.));
#9991=DIRECTION('',(0.,1.,0.));
#9992=DIRECTION('',(0.,0.,-1.));
#9993=DIRECTION('',(0.699198848635558,0.,-0.714927248093616));
#9994=DIRECTION('',(-0.714927248093616,0.,-0.699198848635558));
#9995=DIRECTION('',(0.,1.,0.));
#9996=DIRECTION('',(-0.714927248093616,0.,-0.699198848635558));
#9997=DIRECTION('',(0.,1.,0.));
#9998=DIRECTION('',(0.,1.,0.));
#9999=DIRECTION('',(0.,1.,0.));
#10000=DIRECTION('',(0.,1.,0.));
#10001=DIRECTION('',(0.,1.,0.));
#10002=DIRECTION('',(-0.788870641638789,0.,-0.614559281729928));
#10003=DIRECTION('',(-0.614559281729928,0.,0.788870641638789));
#10004=DIRECTION('',(0.,1.,0.));
#10005=DIRECTION('',(-0.614559281729928,0.,0.788870641638789));
#10006=DIRECTION('',(0.,1.,0.));
#10007=DIRECTION('',(0.,1.,0.));
#10008=DIRECTION('',(-0.173111836476045,0.,0.984902173858851));
#10009=DIRECTION('',(0.,1.,0.));
#10010=DIRECTION('',(0.,1.,0.));
#10011=DIRECTION('',(0.,0.,1.));
#10012=DIRECTION('',(0.,1.,0.));
#10013=DIRECTION('',(0.,1.,0.));
#10014=DIRECTION('',(0.,1.,0.));
#10015=DIRECTION('',(0.983648605798794,0.,-0.180098362874535));
#10016=DIRECTION('',(0.,1.,0.));
#10017=DIRECTION('',(0.,1.,0.));
#10018=DIRECTION('',(0.,0.,1.));
#10019=DIRECTION('',(0.,1.,0.));
#10020=DIRECTION('',(0.871843771197081,0.,-0.489784073469985));
#10021=DIRECTION('',(0.,1.,0.));
#10022=DIRECTION('',(0.,1.,0.));
#10023=DIRECTION('',(0.,0.,1.));
#10024=DIRECTION('',(0.,1.,0.));
#10025=DIRECTION('',(-0.708863560070767,0.,0.705345626770166));
#10026=DIRECTION('',(0.705345626770166,0.,0.708863560070767));
#10027=DIRECTION('',(0.,1.,0.));
#10028=DIRECTION('',(0.705345626770166,0.,0.708863560070767));
#10029=DIRECTION('',(-1.,0.,0.));
#10030=DIRECTION('',(0.,0.,1.));
#10031=DIRECTION('',(0.,0.,1.));
#10032=DIRECTION('',(0.,-1.,0.));
#10033=DIRECTION('',(1.,0.,0.));
#10034=DIRECTION('',(0.,1.,0.));
#10035=DIRECTION('',(0.,1.,0.));
#10036=DIRECTION('',(0.,1.,0.));
#10037=DIRECTION('',(-0.298856359294302,0.,-0.954298106730468));
#10038=DIRECTION('',(0.,1.,0.));
#10039=DIRECTION('',(0.,0.,1.));
#10040=DIRECTION('',(0.,1.,0.));
#10041=DIRECTION('',(0.,1.,0.));
#10042=DIRECTION('',(0.,0.,1.));
#10043=DIRECTION('',(0.,1.,0.));
#10044=DIRECTION('',(-0.776652340298209,0.,-0.629929474075722));
#10045=DIRECTION('',(0.,1.,0.));
#10046=DIRECTION('',(0.,0.,1.));
#10047=DIRECTION('',(0.,1.,0.));
#10048=DIRECTION('',(0.,1.,0.));
#10049=DIRECTION('',(0.,0.,1.));
#10050=DIRECTION('',(0.,1.,0.));
#10051=DIRECTION('',(-0.978568607144608,0.,-0.205921055531147));
#10052=DIRECTION('',(0.,1.,0.));
#10053=DIRECTION('',(0.,0.,1.));
#10054=DIRECTION('',(0.,1.,0.));
#10055=DIRECTION('',(0.,1.,0.));
#10056=DIRECTION('',(0.,0.,1.));
#10057=DIRECTION('',(0.,1.,0.));
#10058=DIRECTION('',(-0.951767278033534,0.,0.306820873580396));
#10059=DIRECTION('',(0.,1.,0.));
#10060=DIRECTION('',(0.,0.,1.));
#10061=DIRECTION('',(0.,1.,0.));
#10062=DIRECTION('',(0.,1.,0.));
#10063=DIRECTION('',(0.,0.,1.));
#10064=DIRECTION('',(0.,1.,0.));
#10065=DIRECTION('',(-0.65156363608671,0.,0.758593981079118));
#10066=DIRECTION('',(0.,1.,0.));
#10067=DIRECTION('',(0.,0.,1.));
#10068=DIRECTION('',(0.,1.,0.));
#10069=DIRECTION('',(0.,1.,0.));
#10070=DIRECTION('',(0.,0.,1.));
#10071=DIRECTION('',(0.,1.,0.));
#10072=DIRECTION('',(-0.22233207183586,0.,0.974970999483151));
#10073=DIRECTION('',(0.,1.,0.));
#10074=DIRECTION('',(0.,0.,1.));
#10075=DIRECTION('',(0.,1.,0.));
#10076=DIRECTION('',(0.,1.,0.));
#10077=DIRECTION('',(0.,0.,1.));
#10078=DIRECTION('',(0.,1.,0.));
#10079=DIRECTION('',(0.,1.,0.));
#10080=DIRECTION('',(0.,1.,0.));
#10081=DIRECTION('',(0.,1.,0.));
#10082=DIRECTION('',(0.,1.,0.));
#10083=DIRECTION('',(0.,1.,0.));
#10084=DIRECTION('',(0.,1.,0.));
#10085=DIRECTION('',(0.,1.,0.));
#10086=DIRECTION('',(0.,1.,0.));
#10087=DIRECTION('',(0.,1.,0.));
#10088=DIRECTION('',(0.,1.,0.));
#10089=DIRECTION('',(0.,0.,1.));
#10090=DIRECTION('',(1.,0.,0.));
#10091=DIRECTION('',(0.,1.,0.));
#10092=DIRECTION('',(1.,0.,0.));
#10093=DIRECTION('',(0.,1.,0.));
#10094=DIRECTION('',(0.,1.,0.));
#10095=DIRECTION('',(0.,1.,0.));
#10096=DIRECTION('',(0.145555892550137,0.,0.989350030142989));
#10097=DIRECTION('',(0.,1.,0.));
#10098=DIRECTION('',(0.,1.,0.));
#10099=DIRECTION('',(0.,0.,1.));
#10100=DIRECTION('',(1.,0.,0.));
#10101=DIRECTION('',(0.,0.,-1.));
#10102=DIRECTION('',(0.,1.,0.));
#10103=DIRECTION('',(0.,0.,-1.));
#10104=DIRECTION('',(0.,1.,0.));
#10105=DIRECTION('',(0.,-1.,0.));
#10106=DIRECTION('',(1.,0.,0.));
#10107=DIRECTION('',(-0.907549899515342,0.,0.419944258074441));
#10108=DIRECTION('',(0.419944258074441,0.,0.907549899515342));
#10109=DIRECTION('',(0.,1.,0.));
#10110=DIRECTION('',(0.419944258074441,0.,0.907549899515342));
#10111=DIRECTION('',(0.,1.,0.));
#10112=DIRECTION('',(0.,0.,-1.));
#10113=DIRECTION('',(-1.,0.,0.));
#10114=DIRECTION('',(0.,1.,0.));
#10115=DIRECTION('',(-1.,0.,0.));
#10116=DIRECTION('',(0.911991343367974,0.,-0.410209446041748));
#10117=DIRECTION('',(-0.410209446041748,0.,-0.911991343367974));
#10118=DIRECTION('',(0.,1.,0.));
#10119=DIRECTION('',(-0.410209446041748,0.,-0.911991343367974));
#10120=DIRECTION('',(1.,0.,0.));
#10121=DIRECTION('',(0.,0.,-1.));
#10122=DIRECTION('',(0.,1.,0.));
#10123=DIRECTION('',(0.,0.,-1.));
#10124=DIRECTION('',(0.,0.,1.));
#10125=DIRECTION('',(1.,0.,0.));
#10126=DIRECTION('',(0.,1.,0.));
#10127=DIRECTION('',(1.,0.,0.));
#10128=DIRECTION('',(-1.,0.,0.));
#10129=DIRECTION('',(0.,0.,1.));
#10130=DIRECTION('',(0.,1.,0.));
#10131=DIRECTION('',(0.,0.,1.));
#10132=DIRECTION('',(0.,0.,-1.));
#10133=DIRECTION('',(-1.,0.,0.));
#10134=DIRECTION('',(-1.,0.,0.));
#10135=DIRECTION('',(0.,-1.,0.));
#10136=DIRECTION('',(1.,0.,0.));
#10137=DIRECTION('',(0.,1.,0.));
#10138=DIRECTION('',(0.,1.,0.));
#10139=DIRECTION('',(0.,1.,0.));
#10140=DIRECTION('',(0.,1.,0.));
#10141=DIRECTION('',(0.,1.,0.));
#10142=DIRECTION('',(0.,1.,0.));
#10143=DIRECTION('',(0.,1.,0.));
#10144=DIRECTION('',(0.,1.,0.));
#10145=DIRECTION('',(0.,1.,0.));
#10146=DIRECTION('',(0.,1.,0.));
#10147=DIRECTION('',(0.941094974504355,0.,-0.338142350146574));
#10148=DIRECTION('',(-0.338142350146574,0.,-0.941094974504355));
#10149=DIRECTION('',(0.,1.,0.));
#10150=DIRECTION('',(-0.338142350146574,0.,-0.941094974504355));
#10151=DIRECTION('',(0.,1.,0.));
#10152=DIRECTION('',(0.198698271826642,0.,0.980060710758832));
#10153=DIRECTION('',(0.,1.,0.));
#10154=DIRECTION('',(0.,1.,0.));
#10155=DIRECTION('',(0.,0.,1.));
#10156=DIRECTION('',(0.,1.,0.));
#10157=DIRECTION('',(0.,1.,0.));
#10158=DIRECTION('',(0.,1.,0.));
#10159=DIRECTION('',(0.,1.,0.));
#10160=DIRECTION('',(0.,1.,0.));
#10161=DIRECTION('',(0.,1.,0.));
#10162=DIRECTION('',(0.,1.,0.));
#10163=DIRECTION('',(0.,1.,0.));
#10164=DIRECTION('',(0.,1.,0.));
#10165=DIRECTION('',(0.,1.,0.));
#10166=DIRECTION('',(-0.103930416659309,0.,-0.994584570809855));
#10167=DIRECTION('',(0.,1.,0.));
#10168=DIRECTION('',(0.,1.,0.));
#10169=DIRECTION('',(0.,0.,1.));
#10170=DIRECTION('',(0.,1.,0.));
#10171=DIRECTION('',(-0.293310951628097,0.,-0.956017094855014));
#10172=DIRECTION('',(0.,1.,0.));
#10173=DIRECTION('',(0.,1.,0.));
#10174=DIRECTION('',(0.,0.,1.));
#10175=DIRECTION('',(-1.,0.,0.));
#10176=DIRECTION('',(0.,0.,1.));
#10177=DIRECTION('',(0.,1.,0.));
#10178=DIRECTION('',(0.,0.,1.));
#10179=DIRECTION('',(0.,1.,0.));
#10180=DIRECTION('',(0.,-1.,0.));
#10181=DIRECTION('',(1.,0.,0.));
#10182=DIRECTION('',(-0.936111651620603,0.,-0.351702965156887));
#10183=DIRECTION('',(-0.351702965156887,0.,0.936111651620603));
#10184=DIRECTION('',(-0.351702965156887,0.,0.936111651620603));
#10185=DIRECTION('',(0.,1.,0.));
#10186=DIRECTION('',(-0.351702965156887,0.,0.936111651620603));
#10187=DIRECTION('',(0.,1.,0.));
#10188=DIRECTION('',(0.,0.,1.));
#10189=DIRECTION('',(1.,0.,0.));
#10190=DIRECTION('',(1.,0.,0.));
#10191=DIRECTION('',(0.,1.,0.));
#10192=DIRECTION('',(1.,0.,0.));
#10193=DIRECTION('',(0.935020175891431,0.,-0.354594515857138));
#10194=DIRECTION('',(-0.354594515857138,0.,-0.935020175891431));
#10195=DIRECTION('',(-0.354594515857138,0.,-0.935020175891431));
#10196=DIRECTION('',(0.,1.,0.));
#10197=DIRECTION('',(-0.354594515857138,0.,-0.935020175891431));
#10198=DIRECTION('',(0.,1.,0.));
#10199=DIRECTION('',(0.958684081918981,0.,-0.28447290042315));
#10200=DIRECTION('',(0.,1.,0.));
#10201=DIRECTION('',(0.,0.,1.));
#10202=DIRECTION('',(0.,1.,0.));
#10203=DIRECTION('',(0.,1.,0.));
#10204=DIRECTION('',(0.,0.,1.));
#10205=DIRECTION('',(-0.931148197414264,0.,-0.364640966502897));
#10206=DIRECTION('',(-0.364640966502897,0.,0.931148197414264));
#10207=DIRECTION('',(0.,1.,0.));
#10208=DIRECTION('',(-0.364640966502897,0.,0.931148197414264));
#10209=DIRECTION('',(0.,1.,0.));
#10210=DIRECTION('',(0.,0.,-1.));
#10211=DIRECTION('',(-1.,0.,0.));
#10212=DIRECTION('',(0.,1.,0.));
#10213=DIRECTION('',(-1.,0.,0.));
#10214=DIRECTION('',(0.931125953544725,0.,0.364697763408864));
#10215=DIRECTION('',(0.364697763408864,0.,-0.931125953544725));
#10216=DIRECTION('',(0.,1.,0.));
#10217=DIRECTION('',(0.364697763408864,0.,-0.931125953544725));
#10218=DIRECTION('',(0.,0.,1.));
#10219=DIRECTION('',(1.,0.,0.));
#10220=DIRECTION('',(0.,1.,0.));
#10221=DIRECTION('',(1.,0.,0.));
#10222=DIRECTION('',(-0.930504769222233,0.,0.366279776202124));
#10223=DIRECTION('',(0.366279776202124,0.,0.930504769222233));
#10224=DIRECTION('',(0.,1.,0.));
#10225=DIRECTION('',(0.366279776202124,0.,0.930504769222233));
#10226=DIRECTION('',(0.,0.,-1.));
#10227=DIRECTION('',(-1.,0.,0.));
#10228=DIRECTION('',(0.,1.,0.));
#10229=DIRECTION('',(-1.,0.,0.));
#10230=DIRECTION('',(0.93266565465871,0.,-0.360741980673222));
#10231=DIRECTION('',(-0.360741980673222,0.,-0.93266565465871));
#10232=DIRECTION('',(0.,1.,0.));
#10233=DIRECTION('',(-0.360741980673222,0.,-0.93266565465871));
#10234=DIRECTION('',(0.,0.,-1.));
#10235=DIRECTION('',(-1.,0.,0.));
#10236=DIRECTION('',(-1.,0.,0.));
#10237=DIRECTION('',(0.,1.,0.));
#10238=DIRECTION('',(-0.951181553763825,0.,-0.308631903372668));
#10239=DIRECTION('',(0.,1.,0.));
#10240=DIRECTION('',(0.,0.,1.));
#10241=DIRECTION('',(0.,1.,0.));
#10242=DIRECTION('',(0.,0.,1.));
#10243=DIRECTION('',(0.,-1.,0.));
#10244=DIRECTION('',(1.,0.,0.));
#10245=DIRECTION('',(0.,1.,0.));
#10246=DIRECTION('',(0.,0.,1.));
#10247=DIRECTION('',(0.,1.,0.));
#10248=DIRECTION('',(0.,0.,1.));
#10249=DIRECTION('',(-1.,0.,0.));
#10250=DIRECTION('',(0.,0.,1.));
#10251=DIRECTION('',(0.,-1.,0.));
#10252=DIRECTION('',(0.,0.,-1.));
#10253=DIRECTION('',(0.,-1.,0.));
#10254=DIRECTION('',(0.,0.,-1.));
#10255=DIRECTION('',(0.,-1.,0.));
#10256=DIRECTION('',(1.,0.,0.));
#10257=DIRECTION('',(0.,-1.,0.));
#10258=DIRECTION('',(1.,0.,0.));
#10259=DIRECTION('',(1.,0.,3.65204942310907E-16));
#10260=DIRECTION('',(3.65204942310907E-16,0.,-1.));
#10261=DIRECTION('',(-2.84675041872796E-9,6.76147432487896E-9,1.));
#10262=DIRECTION('',(1.,1.18430889244044E-9,2.84675041072029E-9));
#10263=DIRECTION('',(0.,1.,0.));
#10264=DIRECTION('',(0.,0.,1.));
#10265=DIRECTION('',(-1.,0.,0.));
#10266=DIRECTION('',(-0.364640966502895,0.,0.931148197414265));
#10267=DIRECTION('',(-1.,0.,0.));
#10268=DIRECTION('',(-0.360741980673222,0.,-0.93266565465871));
#10269=DIRECTION('',(-1.,0.,0.));
#10270=DIRECTION('',(0.366279776202123,0.,0.930504769222234));
#10271=DIRECTION('',(1.,0.,0.));
#10272=DIRECTION('',(0.364697763408864,0.,-0.931125953544725));
#10273=DIRECTION('',(0.,0.,-1.));
#10274=DIRECTION('',(-1.,0.,0.));
#10275=DIRECTION('',(0.,0.,1.));
#10276=DIRECTION('',(0.705345626770167,0.,0.708863560070766));
#10277=DIRECTION('',(0.,1.,0.));
#10278=DIRECTION('',(0.,0.,1.));
#10279=DIRECTION('',(0.,1.,0.));
#10280=DIRECTION('',(0.,0.,1.));
#10281=DIRECTION('',(0.,1.,0.));
#10282=DIRECTION('',(0.,0.,1.));
#10283=DIRECTION('',(-0.614559281729922,0.,0.788870641638794));
#10284=DIRECTION('',(-0.714927248093615,0.,-0.699198848635558));
#10285=DIRECTION('',(0.,0.,-1.));
#10286=DIRECTION('',(1.,0.,0.));
#10287=DIRECTION('',(0.,0.,-1.));
#10288=DIRECTION('',(-1.,0.,0.));
#10289=DIRECTION('',(0.,0.,1.));
#10290=DIRECTION('',(0.705345626770167,0.,0.708863560070766));
#10291=DIRECTION('',(0.,1.,0.));
#10292=DIRECTION('',(0.,0.,1.));
#10293=DIRECTION('',(0.,1.,0.));
#10294=DIRECTION('',(0.,0.,1.));
#10295=DIRECTION('',(0.,1.,0.));
#10296=DIRECTION('',(0.,0.,1.));
#10297=DIRECTION('',(-0.614559281729922,0.,0.788870641638794));
#10298=DIRECTION('',(-0.714927248093615,0.,-0.699198848635558));
#10299=DIRECTION('',(0.,0.,-1.));
#10300=DIRECTION('',(1.,0.,0.));
#10301=DIRECTION('',(0.,1.,0.));
#10302=DIRECTION('',(0.,0.,1.));
#10303=DIRECTION('',(0.,1.,0.));
#10304=DIRECTION('',(0.,0.,1.));
#10305=DIRECTION('',(0.,1.,0.));
#10306=DIRECTION('',(0.,0.,1.));
#10307=DIRECTION('',(0.,-1.,0.));
#10308=DIRECTION('',(0.,0.,-1.));
#10309=DIRECTION('',(0.,-1.,0.));
#10310=DIRECTION('',(0.,0.,-1.));
#10311=DIRECTION('',(0.,0.,-1.));
#10312=DIRECTION('',(0.,1.,0.));
#10313=DIRECTION('',(0.,0.,1.));
#10314=DIRECTION('',(1.,0.,0.));
#10315=DIRECTION('',(-1.,0.,0.));
#10316=DIRECTION('',(0.419944258074441,0.,0.907549899515342));
#10317=DIRECTION('',(-1.,0.,0.));
#10318=DIRECTION('',(0.,0.,1.));
#10319=DIRECTION('',(1.,0.,0.));
#10320=DIRECTION('',(0.,0.,-1.));
#10321=DIRECTION('',(-0.410209446041749,0.,-0.911991343367974));
#10322=DIRECTION('',(0.,0.,1.));
#10323=DIRECTION('',(0.,1.,0.));
#10324=DIRECTION('',(0.,0.,1.));
#10325=DIRECTION('',(0.,1.,0.));
#10326=DIRECTION('',(0.,0.,1.));
#10327=DIRECTION('',(0.,1.,0.));
#10328=DIRECTION('',(0.,0.,1.));
#10329=DIRECTION('',(-0.338142350146567,0.,-0.941094974504357));
#10330=DIRECTION('',(0.,0.,-1.));
#10331=DIRECTION('',(1.,0.,0.));
#10332=DIRECTION('',(0.,0.,1.));
#10333=DIRECTION('',(1.,0.,0.));
#10334=DIRECTION('',(0.,1.,0.));
#10335=DIRECTION('',(0.,0.,1.));
#10336=DIRECTION('',(0.,0.,1.));
#10337=DIRECTION('',(1.,0.,0.));
#10338=DIRECTION('',(0.,0.,1.));
#10339=DIRECTION('',(1.,0.,0.));
#10340=DIRECTION('',(0.,1.,0.));
#10341=DIRECTION('',(0.,0.,1.));
#10342=DIRECTION('',(0.,1.,0.));
#10343=DIRECTION('',(0.,0.,1.));
#10344=DIRECTION('',(0.,1.,0.));
#10345=DIRECTION('',(0.,0.,1.));
#10346=DIRECTION('',(0.,1.,0.));
#10347=DIRECTION('',(0.,0.,1.));
#10348=DIRECTION('',(1.,0.,0.));
#10349=DIRECTION('',(0.,0.,1.));
#10350=DIRECTION('',(1.,0.,-1.62609999622872E-16));
#10351=DIRECTION('',(0.,0.,1.));
#10352=DIRECTION('',(-1.,0.,0.));
#10353=DIRECTION('',(0.,0.,1.));
#10354=DIRECTION('',(-1.,0.,0.));
#10355=DIRECTION('',(0.,0.,1.));
#10356=DIRECTION('',(1.,0.,-1.62609999622872E-16));
#10357=DIRECTION('',(0.,0.,1.));
#10358=DIRECTION('',(1.,0.,0.));
#10359=DIRECTION('',(0.,0.,1.));
#10360=DIRECTION('',(0.,0.,-1.));
#10361=DIRECTION('',(1.,0.,0.));
#10362=DIRECTION('',(1.,0.,0.));
#10363=DIRECTION('',(0.,1.,0.));
#10364=DIRECTION('',(1.,0.,0.));
#10365=DIRECTION('',(0.,1.,0.));
#10366=DIRECTION('',(0.,1.,0.));
#10367=DIRECTION('',(0.,0.,1.));
#10368=DIRECTION('',(0.,0.,1.));
#10369=DIRECTION('',(1.,0.,0.));
#10370=DIRECTION('',(0.,0.,-1.));
#10371=DIRECTION('',(0.,1.,0.));
#10372=DIRECTION('',(0.,0.,1.));
#10373=DIRECTION('',(1.,0.,0.));
#10374=DIRECTION('',(0.,0.,1.));
#10375=DIRECTION('',(0.,0.,-1.));
#10376=DIRECTION('',(0.,0.,1.));
#10377=DIRECTION('',(1.,0.,0.));
#10378=DIRECTION('',(0.,-1.,0.));
#10379=DIRECTION('',(0.,-1.,0.));
#10380=DIRECTION('',(0.,0.,1.));
#10381=DIRECTION('',(1.,0.,0.));
#10382=DIRECTION('',(0.,0.,1.));
#10383=DIRECTION('',(1.,0.,0.));
#10384=DIRECTION('',(0.,-1.,0.));
#10385=DIRECTION('',(1.,0.,0.));
#10386=DIRECTION('',(0.,1.,0.));
#10387=DIRECTION('',(1.,0.,0.));
#10388=DIRECTION('',(0.,-1.,0.));
#10389=DIRECTION('',(0.,-1.,0.));
#10390=DIRECTION('',(0.,1.,0.));
#10391=DIRECTION('',(0.,-1.,0.));
#10392=DIRECTION('',(0.,1.,0.));
#10393=DIRECTION('',(-1.,0.,0.));
#10394=DIRECTION('',(0.,1.,0.));
#10395=DIRECTION('',(0.,0.,1.));
#10396=DIRECTION('',(0.,0.,1.));
#10397=DIRECTION('',(0.,0.,-1.));
#10398=DIRECTION('',(0.,0.,1.));
#10399=DIRECTION('',(1.,0.,-1.62609999622872E-16));
#10400=DIRECTION('',(0.,0.,1.));
#10401=DIRECTION('',(0.,0.,-1.));
#10402=DIRECTION('',(0.,0.,1.));
#10403=DIRECTION('',(1.,0.,-1.62609999622872E-16));
#10404=DIRECTION('',(0.,-1.,0.));
#10405=DIRECTION('',(0.,0.,-1.));
#10406=DIRECTION('',(0.,1.,0.));
#10407=DIRECTION('',(0.,0.,1.));
#10408=DIRECTION('',(0.,1.,0.));
#10409=DIRECTION('',(0.,0.,1.));
#10410=DIRECTION('',(0.,-1.,0.));
#10411=DIRECTION('',(0.,0.,-1.));
#10412=DIRECTION('',(0.,1.,0.));
#10413=DIRECTION('',(0.,0.,1.));
#10414=DIRECTION('',(0.,-1.,0.));
#10415=DIRECTION('',(0.,1.,0.));
#10416=DIRECTION('',(0.,0.,1.));
#10417=DIRECTION('',(0.,-1.,0.));
#10418=DIRECTION('',(0.,0.,1.));
#10419=DIRECTION('',(1.,0.,0.));
#10420=DIRECTION('',(0.,0.,1.));
#10421=DIRECTION('',(1.,0.,0.));
#10422=DIRECTION('',(0.,0.,1.));
#10423=DIRECTION('',(1.,0.,0.));
#10424=DIRECTION('',(0.,0.,1.));
#10425=DIRECTION('',(1.,0.,0.));
#10426=DIRECTION('',(0.,0.,1.));
#10427=DIRECTION('',(1.,0.,0.));
#10428=DIRECTION('',(0.,0.,-1.));
#10429=DIRECTION('',(-1.,0.,0.));
#10430=DIRECTION('',(0.,-1.,0.));
#10431=DIRECTION('',(1.,0.,0.));
#10432=DIRECTION('',(0.,-1.,0.));
#10433=DIRECTION('',(0.,0.,-1.));
#10434=DIRECTION('',(0.,-1.,0.));
#10435=DIRECTION('',(0.,0.,-1.));
#10436=DIRECTION('',(0.,-1.,0.));
#10437=DIRECTION('',(1.,0.,0.));
#10438=DIRECTION('',(0.,-1.,0.));
#10439=DIRECTION('',(0.,0.,-1.));
#10440=DIRECTION('',(0.,-1.,0.));
#10441=DIRECTION('',(0.,0.,-1.));
#10442=DIRECTION('',(-1.,0.,0.));
#10443=DIRECTION('',(0.,0.,1.));
#10444=DIRECTION('',(0.,0.,-1.));
#10445=DIRECTION('',(1.,0.,0.));
#10446=DIRECTION('',(0.,1.,0.));
#10447=DIRECTION('',(1.,0.,0.));
#10448=DIRECTION('',(0.,1.,0.));
#10449=DIRECTION('',(1.,0.,0.));
#10450=DIRECTION('',(0.,1.,0.));
#10451=DIRECTION('',(0.,0.,1.));
#10452=DIRECTION('',(0.,0.,1.));
#10453=DIRECTION('',(0.,0.,-1.));
#10454=DIRECTION('',(0.,0.,-1.));
#10455=DIRECTION('',(-1.,0.,0.));
#10456=DIRECTION('',(0.,0.,1.));
#10457=DIRECTION('',(0.,0.,-1.));
#10458=DIRECTION('',(-1.,0.,0.));
#10459=DIRECTION('',(0.,0.,1.));
#10460=DIRECTION('',(0.,0.,-1.));
#10461=DIRECTION('',(0.,1.,0.));
#10462=DIRECTION('',(0.,0.,1.));
#10463=DIRECTION('',(0.,0.,1.));
#10464=DIRECTION('',(0.,-1.,0.));
#10465=DIRECTION('',(0.,0.,-1.));
#10466=DIRECTION('',(0.,0.,1.));
#10467=DIRECTION('',(1.,0.,0.));
#10468=DIRECTION('',(0.,1.,0.));
#10469=DIRECTION('',(-1.,0.,0.));
#10470=DIRECTION('',(0.,1.,0.));
#10471=DIRECTION('',(0.,0.,1.));
#10472=DIRECTION('',(1.,0.,0.));
#10473=DIRECTION('',(0.,0.,-1.));
#10474=DIRECTION('',(0.,-1.,0.));
#10475=DIRECTION('',(0.,-1.,0.));
#10476=DIRECTION('',(0.,0.,-1.));
#10477=DIRECTION('',(-1.,0.,0.));
#10478=DIRECTION('',(0.,-1.,0.));
#10479=DIRECTION('',(1.,0.,0.));
#10480=DIRECTION('',(0.,-1.,0.));
#10481=DIRECTION('',(1.,0.,0.));
#10482=DIRECTION('',(0.,0.,-1.));
#10483=DIRECTION('',(0.,-1.,0.));
#10484=DIRECTION('',(0.,0.,1.));
#10485=DIRECTION('',(0.,0.,-1.));
#10486=DIRECTION('',(-1.,0.,0.));
#10487=DIRECTION('',(0.,-1.,0.));
#10488=DIRECTION('',(0.,-1.,0.));
#10489=DIRECTION('',(1.,0.,0.));
#10490=DIRECTION('',(1.,0.,0.));
#10491=DIRECTION('',(0.,0.,-1.));
#10492=DIRECTION('',(0.,-1.,0.));
#10493=DIRECTION('',(-1.62609999622872E-16,0.,-1.));
#10494=DIRECTION('',(-1.,0.,1.62609999622872E-16));
#10495=DIRECTION('',(0.,-1.,0.));
#10496=DIRECTION('',(1.,0.,0.));
#10497=DIRECTION('',(0.,0.,-1.));
#10498=DIRECTION('',(0.,-1.,0.));
#10499=DIRECTION('',(0.,0.,1.));
#10500=DIRECTION('',(1.,0.,0.));
#10501=DIRECTION('',(0.,-1.,0.));
#10502=DIRECTION('',(-1.,0.,0.));
#10503=DIRECTION('',(0.,-1.,0.));
#10504=DIRECTION('',(1.,0.,0.));
#10505=DIRECTION('',(0.,0.,-1.));
#10506=DIRECTION('',(0.,-1.,0.));
#10507=DIRECTION('',(0.,0.,1.));
#10508=DIRECTION('',(0.,0.,1.));
#10509=DIRECTION('',(1.,0.,0.));
#10510=DIRECTION('',(0.,-1.,0.));
#10511=DIRECTION('',(0.,-1.,0.));
#10512=DIRECTION('',(-1.,0.,0.));
#10513=DIRECTION('',(1.,0.,0.));
#10514=DIRECTION('',(0.,0.,-1.));
#10515=DIRECTION('',(0.,-1.,0.));
#10516=DIRECTION('',(0.,-1.,0.));
#10517=DIRECTION('',(0.,0.,-1.));
#10518=DIRECTION('',(-1.62609999622872E-16,0.,-1.));
#10519=DIRECTION('',(-1.,0.,1.62609999622872E-16));
#10520=DIRECTION('',(-1.,0.,0.));
#10521=DIRECTION('',(0.,0.,1.));
#10522=DIRECTION('',(0.,0.,-1.));
#10523=DIRECTION('',(0.,1.,0.));
#10524=DIRECTION('',(-1.,0.,0.));
#10525=DIRECTION('',(-1.,0.,0.));
#10526=DIRECTION('',(0.,0.,1.));
#10527=DIRECTION('',(0.,0.,-1.));
#10528=DIRECTION('',(0.,1.,0.));
#10529=DIRECTION('',(-1.,0.,0.));
#10530=DIRECTION('',(0.,1.,0.));
#10531=DIRECTION('',(0.,0.,1.));
#10532=DIRECTION('',(0.,1.,0.));
#10533=DIRECTION('',(0.,0.,1.));
#10534=DIRECTION('',(0.,1.,0.));
#10535=DIRECTION('',(-1.,0.,0.));
#10536=DIRECTION('',(0.,1.,0.));
#10537=DIRECTION('',(0.,0.,1.));
#10538=DIRECTION('',(0.,1.,0.));
#10539=DIRECTION('',(0.,0.,1.));
#10540=DIRECTION('',(0.,1.,0.));
#10541=DIRECTION('',(-1.,0.,0.));
#10542=DIRECTION('',(0.,0.,-1.));
#10543=DIRECTION('',(-1.,0.,0.));
#10544=DIRECTION('',(0.,1.,0.));
#10545=DIRECTION('',(-1.,0.,0.));
#10546=DIRECTION('',(0.,1.,0.));
#10547=DIRECTION('',(1.,0.,0.));
#10548=DIRECTION('',(0.,0.,-1.));
#10549=DIRECTION('',(0.,1.,0.));
#10550=DIRECTION('',(0.,0.,-1.));
#10551=DIRECTION('',(0.,0.,1.));
#10552=DIRECTION('',(1.,0.,0.));
#10553=DIRECTION('',(0.,1.,0.));
#10554=DIRECTION('',(1.,0.,0.));
#10555=DIRECTION('',(1.,0.,0.));
#10556=DIRECTION('',(0.,0.,-1.));
#10557=DIRECTION('',(0.,1.,0.));
#10558=DIRECTION('',(0.,0.,-1.));
#10559=DIRECTION('',(0.699198848635558,0.,-0.714927248093615));
#10560=DIRECTION('',(-0.714927248093615,0.,-0.699198848635558));
#10561=DIRECTION('',(0.,1.,0.));
#10562=DIRECTION('',(-0.714927248093615,0.,-0.699198848635558));
#10563=DIRECTION('',(0.,1.,0.));
#10564=DIRECTION('',(0.,1.,0.));
#10565=DIRECTION('',(0.,1.,0.));
#10566=DIRECTION('',(0.,1.,0.));
#10567=DIRECTION('',(0.,1.,0.));
#10568=DIRECTION('',(-0.788870641638794,0.,-0.614559281729922));
#10569=DIRECTION('',(-0.614559281729922,0.,0.788870641638794));
#10570=DIRECTION('',(0.,1.,0.));
#10571=DIRECTION('',(-0.614559281729922,0.,0.788870641638794));
#10572=DIRECTION('',(0.,1.,0.));
#10573=DIRECTION('',(0.,1.,0.));
#10574=DIRECTION('',(-0.173111836476086,0.,0.984902173858844));
#10575=DIRECTION('',(0.,1.,0.));
#10576=DIRECTION('',(0.,1.,0.));
#10577=DIRECTION('',(0.,0.,1.));
#10578=DIRECTION('',(0.,1.,0.));
#10579=DIRECTION('',(0.,1.,0.));
#10580=DIRECTION('',(0.,1.,0.));
#10581=DIRECTION('',(0.983648605798851,0.,-0.180098362874226));
#10582=DIRECTION('',(0.,1.,0.));
#10583=DIRECTION('',(0.,1.,0.));
#10584=DIRECTION('',(0.,0.,1.));
#10585=DIRECTION('',(0.,1.,0.));
#10586=DIRECTION('',(0.87184377119696,0.,-0.4897840734702));
#10587=DIRECTION('',(0.,1.,0.));
#10588=DIRECTION('',(0.,1.,0.));
#10589=DIRECTION('',(0.,0.,1.));
#10590=DIRECTION('',(0.,1.,0.));
#10591=DIRECTION('',(-0.708863560070766,0.,0.705345626770167));
#10592=DIRECTION('',(0.705345626770167,0.,0.708863560070766));
#10593=DIRECTION('',(0.,1.,0.));
#10594=DIRECTION('',(0.705345626770167,0.,0.708863560070766));
#10595=DIRECTION('',(-1.,0.,0.));
#10596=DIRECTION('',(0.,0.,1.));
#10597=DIRECTION('',(0.,0.,1.));
#10598=DIRECTION('',(0.,-1.,0.));
#10599=DIRECTION('',(1.,0.,0.));
#10600=DIRECTION('',(0.,0.,-1.));
#10601=DIRECTION('',(-1.,0.,0.));
#10602=DIRECTION('',(0.,1.,0.));
#10603=DIRECTION('',(-1.,0.,0.));
#10604=DIRECTION('',(0.,1.,0.));
#10605=DIRECTION('',(1.,0.,0.));
#10606=DIRECTION('',(0.,0.,-1.));
#10607=DIRECTION('',(0.,1.,0.));
#10608=DIRECTION('',(0.,0.,-1.));
#10609=DIRECTION('',(0.,0.,1.));
#10610=DIRECTION('',(1.,0.,0.));
#10611=DIRECTION('',(0.,1.,0.));
#10612=DIRECTION('',(1.,0.,0.));
#10613=DIRECTION('',(1.,0.,0.));
#10614=DIRECTION('',(0.,0.,-1.));
#10615=DIRECTION('',(0.,1.,0.));
#10616=DIRECTION('',(0.,0.,-1.));
#10617=DIRECTION('',(0.699198848635558,0.,-0.714927248093615));
#10618=DIRECTION('',(-0.714927248093615,0.,-0.699198848635558));
#10619=DIRECTION('',(0.,1.,0.));
#10620=DIRECTION('',(-0.714927248093615,0.,-0.699198848635558));
#10621=DIRECTION('',(0.,1.,0.));
#10622=DIRECTION('',(0.,1.,0.));
#10623=DIRECTION('',(0.,1.,0.));
#10624=DIRECTION('',(0.,1.,0.));
#10625=DIRECTION('',(0.,1.,0.));
#10626=DIRECTION('',(-0.788870641638794,0.,-0.614559281729922));
#10627=DIRECTION('',(-0.614559281729922,0.,0.788870641638794));
#10628=DIRECTION('',(0.,1.,0.));
#10629=DIRECTION('',(-0.614559281729922,0.,0.788870641638794));
#10630=DIRECTION('',(0.,1.,0.));
#10631=DIRECTION('',(0.,1.,0.));
#10632=DIRECTION('',(-0.173111836476143,0.,0.984902173858834));
#10633=DIRECTION('',(0.,1.,0.));
#10634=DIRECTION('',(0.,1.,0.));
#10635=DIRECTION('',(0.,0.,1.));
#10636=DIRECTION('',(0.,1.,0.));
#10637=DIRECTION('',(0.,1.,0.));
#10638=DIRECTION('',(0.,1.,0.));
#10639=DIRECTION('',(0.983648605798843,0.,-0.180098362874272));
#10640=DIRECTION('',(0.,1.,0.));
#10641=DIRECTION('',(0.,1.,0.));
#10642=DIRECTION('',(0.,0.,1.));
#10643=DIRECTION('',(0.,1.,0.));
#10644=DIRECTION('',(0.871843771196963,0.,-0.489784073470195));
#10645=DIRECTION('',(0.,1.,0.));
#10646=DIRECTION('',(0.,1.,0.));
#10647=DIRECTION('',(0.,0.,1.));
#10648=DIRECTION('',(0.,1.,0.));
#10649=DIRECTION('',(-0.708863560070766,0.,0.705345626770167));
#10650=DIRECTION('',(0.705345626770167,0.,0.708863560070766));
#10651=DIRECTION('',(0.,1.,0.));
#10652=DIRECTION('',(0.705345626770167,0.,0.708863560070766));
#10653=DIRECTION('',(-1.,0.,0.));
#10654=DIRECTION('',(0.,0.,1.));
#10655=DIRECTION('',(0.,0.,1.));
#10656=DIRECTION('',(0.,-1.,0.));
#10657=DIRECTION('',(1.,0.,0.));
#10658=DIRECTION('',(0.,1.,0.));
#10659=DIRECTION('',(0.,1.,0.));
#10660=DIRECTION('',(0.,1.,0.));
#10661=DIRECTION('',(-0.298856359294392,0.,-0.95429810673044));
#10662=DIRECTION('',(0.,1.,0.));
#10663=DIRECTION('',(0.,0.,1.));
#10664=DIRECTION('',(0.,1.,0.));
#10665=DIRECTION('',(0.,1.,0.));
#10666=DIRECTION('',(0.,0.,1.));
#10667=DIRECTION('',(0.,1.,0.));
#10668=DIRECTION('',(-0.77665234029882,0.,-0.629929474074968));
#10669=DIRECTION('',(0.,1.,0.));
#10670=DIRECTION('',(0.,0.,1.));
#10671=DIRECTION('',(0.,1.,0.));
#10672=DIRECTION('',(0.,1.,0.));
#10673=DIRECTION('',(0.,0.,1.));
#10674=DIRECTION('',(0.,1.,0.));
#10675=DIRECTION('',(-0.978568607144611,0.,-0.205921055531135));
#10676=DIRECTION('',(0.,1.,0.));
#10677=DIRECTION('',(0.,0.,1.));
#10678=DIRECTION('',(0.,1.,0.));
#10679=DIRECTION('',(0.,1.,0.));
#10680=DIRECTION('',(0.,0.,1.));
#10681=DIRECTION('',(0.,1.,0.));
#10682=DIRECTION('',(-0.951767278033607,0.,0.306820873580172));
#10683=DIRECTION('',(0.,1.,0.));
#10684=DIRECTION('',(0.,0.,1.));
#10685=DIRECTION('',(0.,1.,0.));
#10686=DIRECTION('',(0.,1.,0.));
#10687=DIRECTION('',(0.,0.,1.));
#10688=DIRECTION('',(0.,1.,0.));
#10689=DIRECTION('',(-0.651563636086421,0.,0.758593981079367));
#10690=DIRECTION('',(0.,1.,0.));
#10691=DIRECTION('',(0.,0.,1.));
#10692=DIRECTION('',(0.,1.,0.));
#10693=DIRECTION('',(0.,1.,0.));
#10694=DIRECTION('',(0.,0.,1.));
#10695=DIRECTION('',(0.,1.,0.));
#10696=DIRECTION('',(-0.222332071836225,0.,0.974970999483068));
#10697=DIRECTION('',(0.,1.,0.));
#10698=DIRECTION('',(0.,0.,1.));
#10699=DIRECTION('',(0.,1.,0.));
#10700=DIRECTION('',(0.,1.,0.));
#10701=DIRECTION('',(0.,0.,1.));
#10702=DIRECTION('',(0.,1.,0.));
#10703=DIRECTION('',(0.,1.,0.));
#10704=DIRECTION('',(0.,1.,0.));
#10705=DIRECTION('',(0.,1.,0.));
#10706=DIRECTION('',(0.,1.,0.));
#10707=DIRECTION('',(0.,1.,0.));
#10708=DIRECTION('',(0.,1.,0.));
#10709=DIRECTION('',(0.,1.,0.));
#10710=DIRECTION('',(0.,1.,0.));
#10711=DIRECTION('',(0.,1.,0.));
#10712=DIRECTION('',(0.,1.,0.));
#10713=DIRECTION('',(0.,0.,1.));
#10714=DIRECTION('',(1.,0.,0.));
#10715=DIRECTION('',(0.,1.,0.));
#10716=DIRECTION('',(1.,0.,0.));
#10717=DIRECTION('',(0.,1.,0.));
#10718=DIRECTION('',(0.,1.,0.));
#10719=DIRECTION('',(0.,1.,0.));
#10720=DIRECTION('',(0.14555589255005,0.,0.989350030143002));
#10721=DIRECTION('',(0.,1.,0.));
#10722=DIRECTION('',(0.,1.,0.));
#10723=DIRECTION('',(0.,0.,1.));
#10724=DIRECTION('',(1.,0.,0.));
#10725=DIRECTION('',(0.,0.,-1.));
#10726=DIRECTION('',(0.,1.,0.));
#10727=DIRECTION('',(0.,0.,-1.));
#10728=DIRECTION('',(0.,1.,0.));
#10729=DIRECTION('',(0.,-1.,0.));
#10730=DIRECTION('',(1.,0.,0.));
#10731=DIRECTION('',(-0.907549899515342,0.,0.419944258074441));
#10732=DIRECTION('',(0.419944258074441,0.,0.907549899515342));
#10733=DIRECTION('',(0.,1.,0.));
#10734=DIRECTION('',(0.419944258074441,0.,0.907549899515342));
#10735=DIRECTION('',(0.,1.,0.));
#10736=DIRECTION('',(0.,0.,-1.));
#10737=DIRECTION('',(-1.,0.,0.));
#10738=DIRECTION('',(0.,1.,0.));
#10739=DIRECTION('',(-1.,0.,0.));
#10740=DIRECTION('',(0.911991343367974,0.,-0.410209446041749));
#10741=DIRECTION('',(-0.410209446041749,0.,-0.911991343367974));
#10742=DIRECTION('',(0.,1.,0.));
#10743=DIRECTION('',(-0.410209446041749,0.,-0.911991343367974));
#10744=DIRECTION('',(1.,0.,0.));
#10745=DIRECTION('',(0.,0.,-1.));
#10746=DIRECTION('',(0.,1.,0.));
#10747=DIRECTION('',(0.,0.,-1.));
#10748=DIRECTION('',(0.,0.,1.));
#10749=DIRECTION('',(1.,0.,0.));
#10750=DIRECTION('',(0.,1.,0.));
#10751=DIRECTION('',(1.,0.,0.));
#10752=DIRECTION('',(-1.,0.,0.));
#10753=DIRECTION('',(0.,0.,1.));
#10754=DIRECTION('',(0.,1.,0.));
#10755=DIRECTION('',(0.,0.,1.));
#10756=DIRECTION('',(0.,0.,-1.));
#10757=DIRECTION('',(-1.,0.,0.));
#10758=DIRECTION('',(-1.,0.,0.));
#10759=DIRECTION('',(0.,-1.,0.));
#10760=DIRECTION('',(1.,0.,0.));
#10761=DIRECTION('',(0.,1.,0.));
#10762=DIRECTION('',(0.,1.,0.));
#10763=DIRECTION('',(0.,1.,0.));
#10764=DIRECTION('',(0.,1.,0.));
#10765=DIRECTION('',(0.,1.,0.));
#10766=DIRECTION('',(0.,1.,0.));
#10767=DIRECTION('',(0.,1.,0.));
#10768=DIRECTION('',(0.,1.,0.));
#10769=DIRECTION('',(0.,1.,0.));
#10770=DIRECTION('',(0.,1.,0.));
#10771=DIRECTION('',(0.941094974504357,0.,-0.338142350146567));
#10772=DIRECTION('',(-0.338142350146567,0.,-0.941094974504357));
#10773=DIRECTION('',(0.,1.,0.));
#10774=DIRECTION('',(-0.338142350146567,0.,-0.941094974504357));
#10775=DIRECTION('',(0.,1.,0.));
#10776=DIRECTION('',(0.198698271826627,0.,0.980060710758835));
#10777=DIRECTION('',(0.,1.,0.));
#10778=DIRECTION('',(0.,1.,0.));
#10779=DIRECTION('',(0.,0.,1.));
#10780=DIRECTION('',(0.,1.,0.));
#10781=DIRECTION('',(0.,1.,0.));
#10782=DIRECTION('',(0.,1.,0.));
#10783=DIRECTION('',(0.,1.,0.));
#10784=DIRECTION('',(0.,1.,0.));
#10785=DIRECTION('',(0.,1.,0.));
#10786=DIRECTION('',(0.,1.,0.));
#10787=DIRECTION('',(0.,1.,0.));
#10788=DIRECTION('',(0.,1.,0.));
#10789=DIRECTION('',(0.,1.,0.));
#10790=DIRECTION('',(-0.103930416659294,0.,-0.994584570809856));
#10791=DIRECTION('',(0.,1.,0.));
#10792=DIRECTION('',(0.,1.,0.));
#10793=DIRECTION('',(0.,0.,1.));
#10794=DIRECTION('',(0.,1.,0.));
#10795=DIRECTION('',(-0.293310951628048,0.,-0.956017094855029));
#10796=DIRECTION('',(0.,1.,0.));
#10797=DIRECTION('',(0.,1.,0.));
#10798=DIRECTION('',(0.,0.,1.));
#10799=DIRECTION('',(-1.,0.,0.));
#10800=DIRECTION('',(0.,0.,1.));
#10801=DIRECTION('',(0.,1.,0.));
#10802=DIRECTION('',(0.,0.,1.));
#10803=DIRECTION('',(0.,1.,0.));
#10804=DIRECTION('',(0.,-1.,0.));
#10805=DIRECTION('',(1.,0.,0.));
#10806=DIRECTION('',(-0.936111651620604,0.,-0.351702965156886));
#10807=DIRECTION('',(-0.351702965156886,0.,0.936111651620604));
#10808=DIRECTION('',(-0.351702965156886,0.,0.936111651620604));
#10809=DIRECTION('',(0.,1.,0.));
#10810=DIRECTION('',(-0.351702965156886,0.,0.936111651620604));
#10811=DIRECTION('',(0.,1.,0.));
#10812=DIRECTION('',(0.,0.,1.));
#10813=DIRECTION('',(1.,0.,0.));
#10814=DIRECTION('',(1.,0.,0.));
#10815=DIRECTION('',(0.,1.,0.));
#10816=DIRECTION('',(1.,0.,0.));
#10817=DIRECTION('',(0.93502017589143,0.,-0.354594515857139));
#10818=DIRECTION('',(-0.354594515857139,0.,-0.93502017589143));
#10819=DIRECTION('',(-0.354594515857139,0.,-0.93502017589143));
#10820=DIRECTION('',(0.,1.,0.));
#10821=DIRECTION('',(-0.354594515857139,0.,-0.93502017589143));
#10822=DIRECTION('',(0.,1.,0.));
#10823=DIRECTION('',(0.958684081919105,0.,-0.284472900422734));
#10824=DIRECTION('',(0.,1.,0.));
#10825=DIRECTION('',(0.,0.,1.));
#10826=DIRECTION('',(0.,1.,0.));
#10827=DIRECTION('',(0.,1.,0.));
#10828=DIRECTION('',(0.,0.,1.));
#10829=DIRECTION('',(-0.931148197414265,0.,-0.364640966502895));
#10830=DIRECTION('',(-0.364640966502895,0.,0.931148197414265));
#10831=DIRECTION('',(0.,1.,0.));
#10832=DIRECTION('',(-0.364640966502895,0.,0.931148197414265));
#10833=DIRECTION('',(0.,1.,0.));
#10834=DIRECTION('',(0.,0.,-1.));
#10835=DIRECTION('',(-1.,0.,0.));
#10836=DIRECTION('',(0.,1.,0.));
#10837=DIRECTION('',(-1.,0.,0.));
#10838=DIRECTION('',(0.931125953544725,0.,0.364697763408864));
#10839=DIRECTION('',(0.364697763408864,0.,-0.931125953544725));
#10840=DIRECTION('',(0.,1.,0.));
#10841=DIRECTION('',(0.364697763408864,0.,-0.931125953544725));
#10842=DIRECTION('',(0.,0.,1.));
#10843=DIRECTION('',(1.,0.,0.));
#10844=DIRECTION('',(0.,1.,0.));
#10845=DIRECTION('',(1.,0.,0.));
#10846=DIRECTION('',(-0.930504769222234,0.,0.366279776202123));
#10847=DIRECTION('',(0.366279776202123,0.,0.930504769222234));
#10848=DIRECTION('',(0.,1.,0.));
#10849=DIRECTION('',(0.366279776202123,0.,0.930504769222234));
#10850=DIRECTION('',(0.,0.,-1.));
#10851=DIRECTION('',(-1.,0.,0.));
#10852=DIRECTION('',(0.,1.,0.));
#10853=DIRECTION('',(-1.,0.,0.));
#10854=DIRECTION('',(0.93266565465871,0.,-0.360741980673222));
#10855=DIRECTION('',(-0.360741980673222,0.,-0.93266565465871));
#10856=DIRECTION('',(0.,1.,0.));
#10857=DIRECTION('',(-0.360741980673222,0.,-0.93266565465871));
#10858=DIRECTION('',(0.,0.,-1.));
#10859=DIRECTION('',(-1.,0.,0.));
#10860=DIRECTION('',(-1.,0.,0.));
#10861=DIRECTION('',(0.,1.,0.));
#10862=DIRECTION('',(-0.951181553763762,0.,-0.308631903372862));
#10863=DIRECTION('',(0.,1.,0.));
#10864=DIRECTION('',(0.,0.,1.));
#10865=DIRECTION('',(0.,1.,0.));
#10866=DIRECTION('',(0.,0.,1.));
#10867=DIRECTION('',(0.,-1.,0.));
#10868=DIRECTION('',(1.,0.,0.));
#10869=DIRECTION('',(0.,1.,0.));
#10870=DIRECTION('',(0.,0.,1.));
#10871=DIRECTION('',(0.,1.,0.));
#10872=DIRECTION('',(0.,0.,1.));
#10873=DIRECTION('',(-1.,0.,0.));
#10874=DIRECTION('',(0.,0.,1.));
#10875=DIRECTION('',(-1.,0.,0.));
#10876=DIRECTION('',(0.,0.,1.));
#10877=DIRECTION('',(-2.84675041872795E-9,6.76147443933463E-9,1.));
#10878=DIRECTION('',(1.,1.18430889244044E-9,2.84675041072028E-9));
#10879=DIRECTION('',(0.,1.,0.));
#10880=DIRECTION('',(-1.,0.,-1.59594559789866E-16));
#10881=DIRECTION('',(1.59594559789866E-16,0.,-1.));
#10882=DIRECTION('',(1.,0.,1.59594559789866E-16));
#10883=DIRECTION('',(1.59594559789866E-16,0.,-1.));
#10884=DIRECTION('',(1.,0.,1.59594559789866E-16));
#10885=DIRECTION('',(-1.,0.,-1.59594559789866E-16));
#10886=DIRECTION('',(1.59594559789866E-16,0.,-1.));
#10887=DIRECTION('',(-1.,0.,-1.59594559789866E-16));
#10888=DIRECTION('',(1.59594559789866E-16,0.,-1.));
#10889=DIRECTION('',(1.59594559789866E-16,0.,-1.));
#10890=DIRECTION('',(1.,0.,1.59594559789866E-16));
#10891=DIRECTION('',(1.59594559789866E-16,0.,-1.));
#10892=DIRECTION('',(1.,0.,1.59594559789866E-16));
#10893=DIRECTION('',(1.,0.,1.59594559789866E-16));
#10894=DIRECTION('',(-1.59594559789866E-16,0.,1.));
#10895=DIRECTION('',(1.,0.,1.59594559789866E-16));
#10896=DIRECTION('',(-1.59594559789866E-16,0.,1.));
#10897=DIRECTION('',(-1.59594559789866E-16,0.,1.));
#10898=DIRECTION('',(-1.,0.,-1.59594559789866E-16));
#10899=DIRECTION('',(-1.59594559789866E-16,0.,1.));
#10900=DIRECTION('',(-1.,0.,-1.59594559789866E-16));
#10901=DIRECTION('',(0.,-1.,0.));
#10902=DIRECTION('',(1.,0.,1.59594559789866E-16));
#10903=DIRECTION('',(0.,1.,0.));
#10904=DIRECTION('',(-1.,0.,-1.59594559789866E-16));
#10905=DIRECTION('',(-1.,0.,-1.59594559789866E-16));
#10906=DIRECTION('',(-1.59594559789866E-16,0.,1.));
#10907=DIRECTION('',(-1.,0.,-1.59594559789866E-16));
#10908=DIRECTION('',(-1.59594559789866E-16,0.,1.));
#10909=DIRECTION('',(1.59594559789866E-16,0.,-1.));
#10910=DIRECTION('',(1.,0.,1.59594559789866E-16));
#10911=DIRECTION('',(1.59594559789866E-16,0.,-1.));
#10912=DIRECTION('',(1.,0.,1.59594559789866E-16));
#10913=DIRECTION('',(0.,0.,-1.));
#10914=DIRECTION('',(-1.,0.,-1.59594559789866E-16));
#10915=DIRECTION('',(-1.59594559789866E-16,0.,1.));
#10916=DIRECTION('',(1.,0.,1.59594559789866E-16));
#10917=DIRECTION('',(0.,-1.,0.));
#10918=DIRECTION('',(-1.59594559789866E-16,0.,1.));
#10919=DIRECTION('',(1.,0.,1.59594559789866E-16));
#10920=DIRECTION('',(1.59594559789866E-16,0.,-1.));
#10921=DIRECTION('',(1.,0.,1.59594559789866E-16));
#10922=DIRECTION('',(1.59594559789866E-16,0.,-1.));
#10923=DIRECTION('',(1.,0.,1.59594559789866E-16));
#10924=DIRECTION('',(1.59594559789866E-16,0.,-1.));
#10925=DIRECTION('',(0.,1.,0.));
#10926=DIRECTION('',(0.,1.,0.));
#10927=DIRECTION('',(1.59594559789866E-16,0.,-1.));
#10928=DIRECTION('',(-1.,0.,-1.59594559789866E-16));
#10929=DIRECTION('',(0.,1.,0.));
#10930=DIRECTION('',(1.,0.,1.59594559789866E-16));
#10931=DIRECTION('',(1.59594559789866E-16,0.,-1.));
#10932=DIRECTION('',(0.,1.,0.));
#10933=DIRECTION('',(-1.59594559789866E-16,0.,1.));
#10934=DIRECTION('',(1.,0.,1.59594559789866E-16));
#10935=DIRECTION('',(0.,-1.,0.));
#10936=DIRECTION('',(-1.59594559789866E-16,0.,1.));
#10937=DIRECTION('',(1.59594559789866E-16,0.,-1.));
#10938=DIRECTION('',(-1.,0.,-1.59594559789866E-16));
#10939=DIRECTION('',(1.59594559789866E-16,0.,-1.));
#10940=DIRECTION('',(-1.,0.,-1.59594559789866E-16));
#10941=DIRECTION('',(1.59594559789866E-16,0.,-1.));
#10942=DIRECTION('',(-1.,0.,-1.59594559789866E-16));
#10943=DIRECTION('',(0.,1.,0.));
#10944=DIRECTION('',(0.,1.,0.));
#10945=DIRECTION('',(1.,0.,1.59594559789866E-16));
#10946=DIRECTION('',(1.59594559789866E-16,0.,-1.));
#10947=DIRECTION('',(0.,1.,0.));
#10948=DIRECTION('',(-1.59594559789866E-16,0.,1.));
#10949=DIRECTION('',(1.,0.,1.59594559789866E-16));
#10950=DIRECTION('',(0.,1.,0.));
#10951=DIRECTION('',(1.,0.,1.59594559789866E-16));
#10952=DIRECTION('',(1.59594559789866E-16,0.,-1.));
#10953=DIRECTION('',(0.,-1.,0.));
#10954=DIRECTION('',(-1.59594559789866E-16,0.,1.));
#10955=DIRECTION('',(-1.59594559789866E-16,0.,1.));
#10956=DIRECTION('',(1.,0.,1.59594559789866E-16));
#10957=DIRECTION('',(-1.59594559789866E-16,0.,1.));
#10958=DIRECTION('',(1.,0.,1.59594559789866E-16));
#10959=DIRECTION('',(-1.59594559789866E-16,0.,1.));
#10960=DIRECTION('',(1.,0.,1.59594559789866E-16));
#10961=DIRECTION('',(0.,1.,0.));
#10962=DIRECTION('',(0.,1.,0.));
#10963=DIRECTION('',(-1.59594559789866E-16,0.,1.));
#10964=DIRECTION('',(1.,0.,1.59594559789866E-16));
#10965=DIRECTION('',(0.,1.,0.));
#10966=DIRECTION('',(1.,0.,1.59594559789866E-16));
#10967=DIRECTION('',(0.,1.,0.));
#10968=DIRECTION('',(0.,-1.,0.));
#10969=DIRECTION('',(-1.59594559789866E-16,0.,1.));
#10970=DIRECTION('',(1.,0.,1.59594559789866E-16));
#10971=DIRECTION('',(1.59594559789866E-16,0.,-1.));
#10972=DIRECTION('',(1.,0.,1.59594559789866E-16));
#10973=DIRECTION('',(1.59594559789866E-16,0.,-1.));
#10974=DIRECTION('',(1.,0.,1.59594559789866E-16));
#10975=DIRECTION('',(1.59594559789866E-16,0.,-1.));
#10976=DIRECTION('',(0.,1.,0.));
#10977=DIRECTION('',(0.,1.,0.));
#10978=DIRECTION('',(-1.59594559789866E-16,0.,1.));
#10979=DIRECTION('',(1.,0.,1.59594559789866E-16));
#10980=DIRECTION('',(0.,1.,0.));
#10981=DIRECTION('',(1.,0.,1.59594559789866E-16));
#10982=DIRECTION('',(1.59594559789866E-16,0.,-1.));
#10983=DIRECTION('',(0.,1.,0.));
#10984=DIRECTION('',(-1.59594559789866E-16,0.,1.));
#10985=DIRECTION('',(1.,0.,1.59594559789866E-16));
#10986=DIRECTION('',(0.,-1.,0.));
#10987=DIRECTION('',(-1.59594559789866E-16,0.,1.));
#10988=DIRECTION('',(-1.59594559789866E-16,0.,1.));
#10989=DIRECTION('',(1.,0.,1.59594559789866E-16));
#10990=DIRECTION('',(-1.59594559789866E-16,0.,1.));
#10991=DIRECTION('',(1.,0.,1.59594559789866E-16));
#10992=DIRECTION('',(-1.59594559789866E-16,0.,1.));
#10993=DIRECTION('',(1.,0.,1.59594559789866E-16));
#10994=DIRECTION('',(0.,1.,0.));
#10995=DIRECTION('',(0.,1.,0.));
#10996=DIRECTION('',(-1.,0.,-1.59594559789866E-16));
#10997=DIRECTION('',(-1.59594559789866E-16,0.,1.));
#10998=DIRECTION('',(0.,1.,0.));
#10999=DIRECTION('',(-1.59594559789866E-16,0.,1.));
#11000=DIRECTION('',(1.,0.,1.59594559789866E-16));
#11001=DIRECTION('',(0.,1.,0.));
#11002=DIRECTION('',(1.,0.,1.59594559789866E-16));
#11003=DIRECTION('',(1.59594559789866E-16,0.,-1.));
#11004=DIRECTION('',(0.,-1.,0.));
#11005=DIRECTION('',(-1.59594559789866E-16,0.,1.));
#11006=DIRECTION('',(-1.,0.,-1.59594559789866E-16));
#11007=DIRECTION('',(-1.59594559789866E-16,0.,1.));
#11008=DIRECTION('',(-1.,0.,-1.59594559789866E-16));
#11009=DIRECTION('',(-1.59594559789866E-16,0.,1.));
#11010=DIRECTION('',(-1.,0.,-1.59594559789866E-16));
#11011=DIRECTION('',(-1.59594559789866E-16,0.,1.));
#11012=DIRECTION('',(0.,1.,0.));
#11013=DIRECTION('',(0.,1.,0.));
#11014=DIRECTION('',(-1.59594559789866E-16,0.,1.));
#11015=DIRECTION('',(1.,0.,1.59594559789866E-16));
#11016=DIRECTION('',(0.,1.,0.));
#11017=DIRECTION('',(1.,0.,1.59594559789866E-16));
#11018=DIRECTION('',(1.59594559789866E-16,0.,-1.));
#11019=DIRECTION('',(0.,1.,0.));
#11020=DIRECTION('',(-1.59594559789866E-16,0.,1.));
#11021=DIRECTION('',(1.,0.,1.59594559789866E-16));
#11022=DIRECTION('',(0.,-1.,0.));
#11023=DIRECTION('',(-1.59594559789866E-16,0.,1.));
#11024=DIRECTION('',(1.59594559789866E-16,0.,-1.));
#11025=DIRECTION('',(1.,0.,1.59594559789866E-16));
#11026=DIRECTION('',(1.59594559789866E-16,0.,-1.));
#11027=DIRECTION('',(1.,0.,1.59594559789866E-16));
#11028=DIRECTION('',(1.59594559789866E-16,0.,-1.));
#11029=DIRECTION('',(0.,1.,0.));
#11030=DIRECTION('',(-1.59594559789866E-16,0.,1.));
#11031=DIRECTION('',(1.,0.,1.59594559789866E-16));
#11032=DIRECTION('',(0.,1.,0.));
#11033=DIRECTION('',(1.,0.,1.59594559789866E-16));
#11034=DIRECTION('',(1.59594559789866E-16,0.,-1.));
#11035=DIRECTION('',(0.,-1.,0.));
#11036=DIRECTION('',(-1.59594559789866E-16,0.,1.));
#11037=DIRECTION('',(-1.59594559789866E-16,0.,1.));
#11038=DIRECTION('',(-1.,0.,-1.59594559789866E-16));
#11039=DIRECTION('',(-1.59594559789866E-16,0.,1.));
#11040=DIRECTION('',(-1.,0.,-1.59594559789866E-16));
#11041=DIRECTION('',(1.,0.,1.59594559789866E-16));
#11042=DIRECTION('',(-1.59594559789866E-16,0.,1.));
#11043=DIRECTION('',(-1.,0.,-1.59594559789866E-16));
#11044=DIRECTION('',(-1.59594559789866E-16,0.,1.));
#11045=DIRECTION('',(1.59594559789866E-16,0.,-1.));
#11046=DIRECTION('',(-1.,0.,-1.59594559789866E-16));
#11047=DIRECTION('',(0.,1.,0.));
#11048=DIRECTION('',(0.,1.,0.));
#11049=DIRECTION('',(-1.,0.,-1.59594559789866E-16));
#11050=DIRECTION('',(-1.59594559789866E-16,0.,1.));
#11051=DIRECTION('',(-1.59594559789866E-16,0.,1.));
#11052=DIRECTION('',(0.,1.,0.));
#11053=DIRECTION('',(0.,1.,0.));
#11054=DIRECTION('',(1.59594559789866E-16,0.,-1.));
#11055=DIRECTION('',(-1.,0.,-1.59594559789866E-16));
#11056=DIRECTION('',(-1.,0.,-1.59594559789866E-16));
#11057=DIRECTION('',(0.,1.,0.));
#11058=DIRECTION('',(-1.,0.,-1.59594559789866E-16));
#11059=DIRECTION('',(-1.59594559789866E-16,0.,1.));
#11060=DIRECTION('',(-1.59594559789866E-16,0.,1.));
#11061=DIRECTION('',(0.,1.,0.));
#11062=DIRECTION('',(-1.59594559789866E-16,0.,1.));
#11063=DIRECTION('',(1.,0.,1.59594559789866E-16));
#11064=DIRECTION('',(1.,0.,1.59594559789866E-16));
#11065=DIRECTION('',(-1.,0.,-1.59594559789866E-16));
#11066=DIRECTION('',(-1.59594559789866E-16,0.,1.));
#11067=DIRECTION('',(0.,1.,0.));
#11068=DIRECTION('',(1.59594559789866E-16,0.,-1.));
#11069=DIRECTION('',(-1.,0.,-1.59594559789866E-16));
#11070=DIRECTION('',(0.,1.,0.));
#11071=DIRECTION('',(-1.,0.,-1.59594559789866E-16));
#11072=DIRECTION('',(-1.59594559789866E-16,0.,1.));
#11073=DIRECTION('',(1.,0.,1.59594559789866E-16));
#11074=DIRECTION('',(1.59594559789866E-16,0.,-1.));
#11075=DIRECTION('',(-1.59594559789866E-16,0.,1.));
#11076=DIRECTION('',(0.,-1.,0.));
#11077=DIRECTION('',(0.,-1.,0.));
#11078=DIRECTION('',(1.59594559789866E-16,0.,-1.));
#11079=DIRECTION('',(-1.,0.,-1.59594559789866E-16));
#11080=DIRECTION('',(0.,1.,0.));
#11081=DIRECTION('',(1.,0.,1.59594559789866E-16));
#11082=DIRECTION('',(0.,-1.,0.));
#11083=DIRECTION('',(1.,0.,1.59594559789866E-16));
#11084=DIRECTION('',(0.,-1.,0.));
#11085=DIRECTION('',(1.,0.,1.59594559789866E-16));
#11086=DIRECTION('',(0.,-1.,0.));
#11087=DIRECTION('',(1.,0.,1.59594559789866E-16));
#11088=DIRECTION('',(0.,-1.,0.));
#11089=DIRECTION('',(1.,0.,1.59594559789866E-16));
#11090=DIRECTION('',(0.,1.,0.));
#11091=DIRECTION('',(-1.,0.,-1.59594559789866E-16));
#11092=DIRECTION('',(0.,-1.,0.));
#11093=DIRECTION('',(1.,0.,1.59594559789866E-16));
#11094=DIRECTION('',(0.,-1.,0.));
#11095=DIRECTION('',(1.,0.,1.59594559789866E-16));
#11096=DIRECTION('',(0.,-1.,0.));
#11097=DIRECTION('',(1.,0.,1.59594559789866E-16));
#11098=DIRECTION('',(1.,0.,1.59594559789866E-16));
#11099=DIRECTION('',(0.,0.,-1.));
#11100=DIRECTION('',(-1.59594559789866E-16,0.,1.));
#11101=DIRECTION('',(1.,0.,1.59594559789866E-16));
#11102=DIRECTION('',(0.,-1.,0.));
#11103=DIRECTION('',(0.,1.,0.));
#11104=DIRECTION('',(-1.,0.,-1.59594559789866E-16));
#11105=DIRECTION('',(-1.,0.,0.));
#11106=DIRECTION('',(0.,0.,1.));
#11107=DIRECTION('',(-2.84675041872795E-9,6.76147443933463E-9,1.));
#11108=DIRECTION('',(1.,1.18430889244044E-9,2.84675041072028E-9));
#11109=DIRECTION('',(0.,1.,0.));
#11110=DIRECTION('',(0.,0.,1.));
#11111=DIRECTION('',(0.,1.,0.));
#11112=DIRECTION('',(0.,0.,1.));
#11113=DIRECTION('',(0.,1.,0.));
#11114=DIRECTION('',(0.,0.,1.));
#11115=DIRECTION('',(0.,1.,0.));
#11116=DIRECTION('',(0.,0.,1.));
#11117=DIRECTION('',(0.,1.,0.));
#11118=DIRECTION('',(-1.,0.,0.));
#11119=DIRECTION('',(-2.84675041872795E-9,6.76147443933463E-9,1.));
#11120=DIRECTION('',(1.,1.18430889244044E-9,2.84675041072028E-9));
#11121=DIRECTION('',(-1.,0.,0.));
#11122=DIRECTION('',(0.,0.,1.));
#11123=DIRECTION('',(-1.,0.,0.));
#11124=DIRECTION('',(0.,0.,1.));
#11125=DIRECTION('',(-1.,0.,0.));
#11126=DIRECTION('',(0.,0.,1.));
#11127=DIRECTION('',(0.,0.,1.));
#11128=DIRECTION('',(0.,-1.,0.));
#11129=DIRECTION('',(0.,0.,-1.));
#11130=DIRECTION('',(0.,1.,0.));
#11131=DIRECTION('',(0.,0.,-1.));
#11132=DIRECTION('',(0.,1.,0.));
#11133=DIRECTION('',(0.,0.,-1.));
#11134=DIRECTION('',(0.,-1.,0.));
#11135=DIRECTION('',(-1.,0.,0.));
#11136=DIRECTION('',(0.,0.,1.));
#11137=DIRECTION('',(-1.,0.,0.));
#11138=DIRECTION('',(0.,0.,1.));
#11139=DIRECTION('',(-1.,0.,0.));
#11140=DIRECTION('',(0.,0.,1.));
#11141=DIRECTION('',(-1.,0.,0.));
#11142=DIRECTION('',(0.,0.,1.));
#11143=DIRECTION('',(1.,0.,0.));
#11144=DIRECTION('',(0.,0.,1.));
#11145=DIRECTION('',(-1.,0.,0.));
#11146=DIRECTION('',(0.,0.,1.));
#11147=DIRECTION('',(0.,0.,1.));
#11148=DIRECTION('',(0.,-1.,0.));
#11149=DIRECTION('',(0.,0.,1.));
#11150=DIRECTION('',(0.,-1.,0.));
#11151=DIRECTION('',(1.,0.,0.));
#11152=DIRECTION('',(0.,0.,1.));
#11153=DIRECTION('',(0.,0.,1.));
#11154=DIRECTION('',(1.,0.,0.));
#11155=DIRECTION('',(1.,0.,0.));
#11156=DIRECTION('',(1.,0.,0.));
#11157=DIRECTION('',(0.,1.,0.));
#11158=DIRECTION('',(0.,0.,1.));
#11159=DIRECTION('',(0.,1.,0.));
#11160=DIRECTION('',(0.,0.,1.));
#11161=DIRECTION('',(1.,0.,0.));
#11162=DIRECTION('',(0.,1.,0.));
#11163=DIRECTION('',(0.,0.,1.));
#11164=DIRECTION('',(1.,0.,0.));
#11165=DIRECTION('',(0.,0.,-1.));
#11166=DIRECTION('',(1.,0.,0.));
#11167=DIRECTION('',(0.,-1.,0.));
#11168=DIRECTION('',(0.,0.,-1.));
#11169=DIRECTION('',(0.,-1.,0.));
#11170=DIRECTION('',(0.,0.,-1.));
#11171=DIRECTION('',(0.,-1.,0.));
#11172=DIRECTION('',(1.,0.,0.));
#11173=DIRECTION('',(-1.,0.,0.));
#11174=DIRECTION('',(0.,0.,1.));
#11175=DIRECTION('',(-1.,0.,0.));
#11176=DIRECTION('',(0.,0.,1.));
#11177=DIRECTION('',(-1.,0.,0.));
#11178=DIRECTION('',(0.,0.,1.));
#11179=DIRECTION('',(-1.,0.,0.));
#11180=DIRECTION('',(0.,0.,1.));
#11181=DIRECTION('',(-2.84675041872795E-9,6.76147432487893E-9,1.));
#11182=DIRECTION('',(1.,1.18430889244044E-9,2.84675041072027E-9));
#11183=DIRECTION('',(0.,1.,0.));
#11184=DIRECTION('',(0.,0.,1.));
#11185=DIRECTION('',(0.,1.,0.));
#11186=DIRECTION('',(0.,0.,1.));
#11187=DIRECTION('',(0.,1.,0.));
#11188=DIRECTION('',(0.,0.,1.));
#11189=DIRECTION('',(0.,1.,0.));
#11190=DIRECTION('',(0.,0.,1.));
#11191=DIRECTION('',(0.,1.,0.));
#11192=DIRECTION('',(-1.,0.,0.));
#11193=DIRECTION('',(-2.84675041872796E-9,6.76147432487896E-9,1.));
#11194=DIRECTION('',(1.,1.18430889244044E-9,2.84675041072029E-9));
#11195=DIRECTION('',(-2.84675041872795E-9,6.76147432487893E-9,1.));
#11196=DIRECTION('',(1.,1.18430889244044E-9,2.84675041072027E-9));
#11197=DIRECTION('',(0.,1.,0.));
#11198=DIRECTION('',(0.,0.,1.));
#11199=DIRECTION('',(0.,1.,0.));
#11200=DIRECTION('',(0.,0.,1.));
#11201=DIRECTION('',(0.,1.,0.));
#11202=DIRECTION('',(0.,0.,1.));
#11203=DIRECTION('',(0.,1.,0.));
#11204=DIRECTION('',(0.,0.,1.));
#11205=DIRECTION('',(0.,1.,0.));
#11206=DIRECTION('',(-1.,0.,0.));
#11207=DIRECTION('',(-2.84675041872795E-9,6.76147443933463E-9,1.));
#11208=DIRECTION('',(1.,1.18430889244044E-9,2.84675041072028E-9));
#11209=DIRECTION('',(-2.84675041872795E-9,6.76147443933463E-9,1.));
#11210=DIRECTION('',(1.,1.18430889244044E-9,2.84675041072028E-9));
#11211=DIRECTION('',(-2.84675041872795E-9,6.76147432487893E-9,1.));
#11212=DIRECTION('',(1.,1.18430889244044E-9,2.84675041072027E-9));
#11213=DIRECTION('',(0.,0.,-1.));
#11214=DIRECTION('',(1.,0.,0.));
#11215=DIRECTION('',(1.,0.,0.));
#11216=DIRECTION('',(0.,-1.,0.));
#11217=DIRECTION('',(1.,0.,0.));
#11218=DIRECTION('',(0.,1.,0.));
#11219=DIRECTION('',(0.,1.,0.));
#11220=DIRECTION('',(0.,0.,1.));
#11221=DIRECTION('',(0.,0.,1.));
#11222=DIRECTION('',(1.,0.,0.));
#11223=DIRECTION('',(0.,0.,-1.));
#11224=DIRECTION('',(-1.,0.,0.));
#11225=DIRECTION('',(0.,0.,1.));
#11226=DIRECTION('',(0.,1.,0.));
#11227=DIRECTION('',(0.,0.,-1.));
#11228=DIRECTION('',(0.,1.,0.));
#11229=DIRECTION('',(0.,0.,1.));
#11230=DIRECTION('',(0.,0.,1.));
#11231=DIRECTION('',(1.,0.,0.));
#11232=DIRECTION('',(0.,0.,-1.));
#11233=DIRECTION('',(1.,0.,0.));
#11234=DIRECTION('',(0.,1.,0.));
#11235=DIRECTION('',(-1.,0.,0.));
#11236=DIRECTION('',(0.,0.,1.));
#11237=DIRECTION('',(-2.84675041872795E-9,6.76147443933463E-9,1.));
#11238=DIRECTION('',(1.,1.18430889244044E-9,2.84675041072028E-9));
#11239=DIRECTION('',(0.,-1.,0.));
#11240=DIRECTION('',(0.,0.,-1.));
#11241=DIRECTION('',(-1.,0.,0.));
#11242=DIRECTION('',(-3.65204942310907E-16,0.,1.));
#11243=DIRECTION('',(-1.,0.,0.));
#11244=DIRECTION('',(0.,0.,-1.));
#11245=DIRECTION('',(0.,-1.,0.));
#11246=DIRECTION('',(0.,0.,-1.));
#11247=DIRECTION('',(0.,0.,-1.));
#11248=DIRECTION('',(0.,-1.,0.));
#11249=DIRECTION('',(0.,0.,-1.));
#11250=DIRECTION('',(-3.65204942310907E-16,0.,1.));
#11251=DIRECTION('',(-1.,0.,0.));
#11252=DIRECTION('',(0.,0.,-1.));
#11253=DIRECTION('',(-1.,0.,0.));
#11254=DIRECTION('',(0.,0.,-1.));
#11255=DIRECTION('',(1.,0.,0.));
#11256=DIRECTION('',(0.,-1.,0.));
#11257=DIRECTION('',(0.,1.,0.));
#11258=DIRECTION('',(-1.,0.,0.));
#11259=DIRECTION('',(0.,0.,1.));
#11260=DIRECTION('',(0.,-1.,0.));
#11261=DIRECTION('',(0.,0.,1.));
#11262=DIRECTION('',(0.,-1.,0.));
#11263=DIRECTION('',(0.,1.,0.));
#11264=DIRECTION('',(0.,0.,1.));
#11265=DIRECTION('',(1.,0.,0.));
#11266=DIRECTION('',(0.,-1.,0.));
#11267=DIRECTION('',(0.,-1.,0.));
#11268=DIRECTION('',(0.,0.,-1.));
#11269=DIRECTION('',(0.,-1.,0.));
#11270=DIRECTION('',(0.,0.,-1.));
#11271=DIRECTION('',(0.,-1.,0.));
#11272=DIRECTION('',(1.,0.,0.));
#11273=DIRECTION('',(1.,0.,3.65204942310907E-16));
#11274=DIRECTION('',(3.65204942310907E-16,0.,-1.));
#11275=DIRECTION('',(-2.84675041872795E-9,6.76147432487893E-9,1.));
#11276=DIRECTION('',(1.,1.18430889244044E-9,2.84675041072027E-9));
#11277=DIRECTION('',(-2.84675041872796E-9,6.76147432487896E-9,1.));
#11278=DIRECTION('',(1.,1.18430889244044E-9,2.84675041072029E-9));
#11279=DIRECTION('',(-2.84675041872795E-9,6.76147443933463E-9,1.));
#11280=DIRECTION('',(1.,1.18430889244044E-9,2.84675041072028E-9));
#11281=DIRECTION('',(-2.84675041872795E-9,6.76147443933463E-9,1.));
#11282=DIRECTION('',(1.,1.18430889244044E-9,2.84675041072028E-9));
#11283=DIRECTION('',(-2.84675041872795E-9,6.76147443933463E-9,1.));
#11284=DIRECTION('',(1.,1.18430889244044E-9,2.84675041072028E-9));
#11285=DIRECTION('',(0.,1.,0.));
#11286=DIRECTION('',(-1.,0.,1.17961196366423E-16));
#11287=DIRECTION('',(0.,-1.,0.));
#11288=DIRECTION('',(0.,0.,-1.));
#11289=DIRECTION('',(0.,1.,0.));
#11290=DIRECTION('',(-1.,0.,1.17961196366423E-16));
#11291=DIRECTION('',(-1.17961196366423E-16,0.,-1.));
#11292=DIRECTION('',(1.,0.,-1.17961196366423E-16));
#11293=DIRECTION('',(-1.17961196366423E-16,0.,-1.));
#11294=DIRECTION('',(1.,0.,-1.17961196366423E-16));
#11295=DIRECTION('',(-1.,0.,1.17961196366423E-16));
#11296=DIRECTION('',(1.17961196366423E-16,0.,1.));
#11297=DIRECTION('',(-1.,0.,1.17961196366423E-16));
#11298=DIRECTION('',(1.17961196366423E-16,0.,1.));
#11299=DIRECTION('',(-1.,0.,1.17961196366423E-16));
#11300=DIRECTION('',(0.,0.,-1.));
#11301=DIRECTION('',(1.,0.,-1.17961196366423E-16));
#11302=DIRECTION('',(1.17961196366423E-16,0.,1.));
#11303=DIRECTION('',(1.17961196366423E-16,0.,1.));
#11304=DIRECTION('',(-1.,0.,1.17961196366423E-16));
#11305=DIRECTION('',(1.17961196366423E-16,0.,1.));
#11306=DIRECTION('',(-1.,0.,1.17961196366423E-16));
#11307=DIRECTION('',(1.,0.,-1.17961196366423E-16));
#11308=DIRECTION('',(1.17961196366423E-16,0.,1.));
#11309=DIRECTION('',(1.,0.,-1.17961196366423E-16));
#11310=DIRECTION('',(1.17961196366423E-16,0.,1.));
#11311=DIRECTION('',(-1.17961196366423E-16,0.,-1.));
#11312=DIRECTION('',(1.,0.,-1.17961196366423E-16));
#11313=DIRECTION('',(-1.17961196366423E-16,0.,-1.));
#11314=DIRECTION('',(1.,0.,-1.17961196366423E-16));
#11315=DIRECTION('',(-1.,0.,1.17961196366423E-16));
#11316=DIRECTION('',(-1.17961196366423E-16,0.,-1.));
#11317=DIRECTION('',(-1.,0.,1.17961196366423E-16));
#11318=DIRECTION('',(-1.17961196366423E-16,0.,-1.));
#11319=DIRECTION('',(-1.17961196366423E-16,0.,-1.));
#11320=DIRECTION('',(1.,0.,-1.17961196366423E-16));
#11321=DIRECTION('',(-1.17961196366423E-16,0.,-1.));
#11322=DIRECTION('',(1.,0.,-1.17961196366423E-16));
#11323=DIRECTION('',(0.,-1.,0.));
#11324=DIRECTION('',(0.,0.,-1.));
#11325=DIRECTION('',(0.,-1.,0.));
#11326=DIRECTION('',(1.,0.,-1.17961196366423E-16));
#11327=DIRECTION('',(-1.17961196366423E-16,0.,-1.));
#11328=DIRECTION('',(-1.,0.,1.17961196366423E-16));
#11329=DIRECTION('',(0.,1.,0.));
#11330=DIRECTION('',(1.,0.,-1.17961196366423E-16));
#11331=DIRECTION('',(0.,-1.,0.));
#11332=DIRECTION('',(0.,-1.,0.));
#11333=DIRECTION('',(1.,0.,-1.17961196366423E-16));
#11334=DIRECTION('',(0.,-1.,0.));
#11335=DIRECTION('',(1.,0.,-1.17961196366423E-16));
#11336=DIRECTION('',(0.,-1.,0.));
#11337=DIRECTION('',(1.,0.,-1.17961196366423E-16));
#11338=DIRECTION('',(0.,-1.,0.));
#11339=DIRECTION('',(0.,0.,-1.));
#11340=DIRECTION('',(0.,-1.,0.));
#11341=DIRECTION('',(1.,0.,-1.17961196366423E-16));
#11342=DIRECTION('',(0.,-1.,0.));
#11343=DIRECTION('',(0.,0.,-1.));
#11344=DIRECTION('',(0.,0.,-1.));
#11345=DIRECTION('',(1.,0.,-1.17961196366423E-16));
#11346=DIRECTION('',(1.17961196366423E-16,0.,1.));
#11347=DIRECTION('',(1.17961196366423E-16,0.,1.));
#11348=DIRECTION('',(1.,0.,-1.17961196366423E-16));
#11349=DIRECTION('',(0.,-1.,0.));
#11350=DIRECTION('',(0.,-1.,0.));
#11351=DIRECTION('',(0.,-1.,0.));
#11352=DIRECTION('',(1.17961196366423E-16,0.,1.));
#11353=DIRECTION('',(1.,0.,-1.17961196366423E-16));
#11354=DIRECTION('',(-1.17961196366423E-16,0.,-1.));
#11355=DIRECTION('',(1.,0.,-1.17961196366423E-16));
#11356=DIRECTION('',(-1.17961196366423E-16,0.,-1.));
#11357=DIRECTION('',(1.,0.,-1.17961196366423E-16));
#11358=DIRECTION('',(-1.17961196366423E-16,0.,-1.));
#11359=DIRECTION('',(0.,1.,0.));
#11360=DIRECTION('',(0.,1.,0.));
#11361=DIRECTION('',(-1.17961196366423E-16,0.,-1.));
#11362=DIRECTION('',(-1.,0.,1.17961196366423E-16));
#11363=DIRECTION('',(0.,1.,0.));
#11364=DIRECTION('',(1.,0.,-1.17961196366423E-16));
#11365=DIRECTION('',(-1.17961196366423E-16,0.,-1.));
#11366=DIRECTION('',(0.,1.,0.));
#11367=DIRECTION('',(1.17961196366423E-16,0.,1.));
#11368=DIRECTION('',(1.,0.,-1.17961196366423E-16));
#11369=DIRECTION('',(0.,-1.,0.));
#11370=DIRECTION('',(1.17961196366423E-16,0.,1.));
#11371=DIRECTION('',(-1.17961196366423E-16,0.,-1.));
#11372=DIRECTION('',(-1.,0.,1.17961196366423E-16));
#11373=DIRECTION('',(-1.17961196366423E-16,0.,-1.));
#11374=DIRECTION('',(-1.,0.,1.17961196366423E-16));
#11375=DIRECTION('',(-1.17961196366423E-16,0.,-1.));
#11376=DIRECTION('',(-1.,0.,1.17961196366423E-16));
#11377=DIRECTION('',(0.,1.,0.));
#11378=DIRECTION('',(0.,1.,0.));
#11379=DIRECTION('',(1.,0.,-1.17961196366423E-16));
#11380=DIRECTION('',(-1.17961196366423E-16,0.,-1.));
#11381=DIRECTION('',(0.,1.,0.));
#11382=DIRECTION('',(1.17961196366423E-16,0.,1.));
#11383=DIRECTION('',(1.,0.,-1.17961196366423E-16));
#11384=DIRECTION('',(0.,1.,0.));
#11385=DIRECTION('',(1.,0.,-1.17961196366423E-16));
#11386=DIRECTION('',(-1.17961196366423E-16,0.,-1.));
#11387=DIRECTION('',(0.,-1.,0.));
#11388=DIRECTION('',(1.17961196366423E-16,0.,1.));
#11389=DIRECTION('',(1.17961196366423E-16,0.,1.));
#11390=DIRECTION('',(1.,0.,-1.17961196366423E-16));
#11391=DIRECTION('',(1.17961196366423E-16,0.,1.));
#11392=DIRECTION('',(1.,0.,-1.17961196366423E-16));
#11393=DIRECTION('',(1.17961196366423E-16,0.,1.));
#11394=DIRECTION('',(1.,0.,-1.17961196366423E-16));
#11395=DIRECTION('',(0.,1.,0.));
#11396=DIRECTION('',(0.,1.,0.));
#11397=DIRECTION('',(1.17961196366423E-16,0.,1.));
#11398=DIRECTION('',(1.,0.,-1.17961196366423E-16));
#11399=DIRECTION('',(0.,1.,0.));
#11400=DIRECTION('',(1.,0.,-1.17961196366423E-16));
#11401=DIRECTION('',(0.,1.,0.));
#11402=DIRECTION('',(0.,-1.,0.));
#11403=DIRECTION('',(1.17961196366423E-16,0.,1.));
#11404=DIRECTION('',(1.,0.,-1.17961196366423E-16));
#11405=DIRECTION('',(-1.17961196366423E-16,0.,-1.));
#11406=DIRECTION('',(1.,0.,-1.17961196366423E-16));
#11407=DIRECTION('',(-1.17961196366423E-16,0.,-1.));
#11408=DIRECTION('',(1.,0.,-1.17961196366423E-16));
#11409=DIRECTION('',(-1.17961196366423E-16,0.,-1.));
#11410=DIRECTION('',(0.,1.,0.));
#11411=DIRECTION('',(0.,1.,0.));
#11412=DIRECTION('',(1.17961196366423E-16,0.,1.));
#11413=DIRECTION('',(1.,0.,-1.17961196366423E-16));
#11414=DIRECTION('',(0.,1.,0.));
#11415=DIRECTION('',(1.,0.,-1.17961196366423E-16));
#11416=DIRECTION('',(-1.17961196366423E-16,0.,-1.));
#11417=DIRECTION('',(0.,1.,0.));
#11418=DIRECTION('',(1.17961196366423E-16,0.,1.));
#11419=DIRECTION('',(1.,0.,-1.17961196366423E-16));
#11420=DIRECTION('',(0.,-1.,0.));
#11421=DIRECTION('',(1.17961196366423E-16,0.,1.));
#11422=DIRECTION('',(1.17961196366423E-16,0.,1.));
#11423=DIRECTION('',(1.,0.,-1.17961196366423E-16));
#11424=DIRECTION('',(1.17961196366423E-16,0.,1.));
#11425=DIRECTION('',(1.,0.,-1.17961196366423E-16));
#11426=DIRECTION('',(1.17961196366423E-16,0.,1.));
#11427=DIRECTION('',(1.,0.,-1.17961196366423E-16));
#11428=DIRECTION('',(0.,1.,0.));
#11429=DIRECTION('',(0.,1.,0.));
#11430=DIRECTION('',(-1.,0.,1.17961196366423E-16));
#11431=DIRECTION('',(1.17961196366423E-16,0.,1.));
#11432=DIRECTION('',(0.,1.,0.));
#11433=DIRECTION('',(1.17961196366423E-16,0.,1.));
#11434=DIRECTION('',(1.,0.,-1.17961196366423E-16));
#11435=DIRECTION('',(0.,1.,0.));
#11436=DIRECTION('',(1.,0.,-1.17961196366423E-16));
#11437=DIRECTION('',(-1.17961196366423E-16,0.,-1.));
#11438=DIRECTION('',(0.,-1.,0.));
#11439=DIRECTION('',(1.17961196366423E-16,0.,1.));
#11440=DIRECTION('',(-1.,0.,1.17961196366423E-16));
#11441=DIRECTION('',(1.17961196366423E-16,0.,1.));
#11442=DIRECTION('',(-1.,0.,1.17961196366423E-16));
#11443=DIRECTION('',(1.17961196366423E-16,0.,1.));
#11444=DIRECTION('',(-1.,0.,1.17961196366423E-16));
#11445=DIRECTION('',(1.17961196366423E-16,0.,1.));
#11446=DIRECTION('',(0.,1.,0.));
#11447=DIRECTION('',(0.,1.,0.));
#11448=DIRECTION('',(1.17961196366423E-16,0.,1.));
#11449=DIRECTION('',(1.,0.,-1.17961196366423E-16));
#11450=DIRECTION('',(0.,1.,0.));
#11451=DIRECTION('',(1.,0.,-1.17961196366423E-16));
#11452=DIRECTION('',(-1.17961196366423E-16,0.,-1.));
#11453=DIRECTION('',(0.,1.,0.));
#11454=DIRECTION('',(1.17961196366423E-16,0.,1.));
#11455=DIRECTION('',(1.,0.,-1.17961196366423E-16));
#11456=DIRECTION('',(0.,-1.,0.));
#11457=DIRECTION('',(1.17961196366423E-16,0.,1.));
#11458=DIRECTION('',(-1.17961196366423E-16,0.,-1.));
#11459=DIRECTION('',(1.,0.,-1.17961196366423E-16));
#11460=DIRECTION('',(-1.17961196366423E-16,0.,-1.));
#11461=DIRECTION('',(1.,0.,-1.17961196366423E-16));
#11462=DIRECTION('',(-1.17961196366423E-16,0.,-1.));
#11463=DIRECTION('',(0.,1.,0.));
#11464=DIRECTION('',(1.17961196366423E-16,0.,1.));
#11465=DIRECTION('',(1.,0.,-1.17961196366423E-16));
#11466=DIRECTION('',(0.,1.,0.));
#11467=DIRECTION('',(1.,0.,-1.17961196366423E-16));
#11468=DIRECTION('',(-1.17961196366423E-16,0.,-1.));
#11469=DIRECTION('',(0.,-1.,0.));
#11470=DIRECTION('',(1.17961196366423E-16,0.,1.));
#11471=DIRECTION('',(1.17961196366423E-16,0.,1.));
#11472=DIRECTION('',(-1.,0.,1.17961196366423E-16));
#11473=DIRECTION('',(1.17961196366423E-16,0.,1.));
#11474=DIRECTION('',(-1.,0.,1.17961196366423E-16));
#11475=DIRECTION('',(1.,0.,-1.17961196366423E-16));
#11476=DIRECTION('',(1.17961196366423E-16,0.,1.));
#11477=DIRECTION('',(-1.,0.,1.17961196366423E-16));
#11478=DIRECTION('',(1.17961196366423E-16,0.,1.));
#11479=DIRECTION('',(-1.17961196366423E-16,0.,-1.));
#11480=DIRECTION('',(-1.,0.,1.17961196366423E-16));
#11481=DIRECTION('',(0.,1.,0.));
#11482=DIRECTION('',(0.,1.,0.));
#11483=DIRECTION('',(-1.,0.,1.17961196366423E-16));
#11484=DIRECTION('',(1.17961196366423E-16,0.,1.));
#11485=DIRECTION('',(1.17961196366423E-16,0.,1.));
#11486=DIRECTION('',(0.,1.,0.));
#11487=DIRECTION('',(0.,1.,0.));
#11488=DIRECTION('',(-1.17961196366423E-16,0.,-1.));
#11489=DIRECTION('',(-1.,0.,1.17961196366423E-16));
#11490=DIRECTION('',(-1.,0.,1.17961196366423E-16));
#11491=DIRECTION('',(0.,1.,0.));
#11492=DIRECTION('',(-1.,0.,1.17961196366423E-16));
#11493=DIRECTION('',(1.17961196366423E-16,0.,1.));
#11494=DIRECTION('',(1.17961196366423E-16,0.,1.));
#11495=DIRECTION('',(0.,1.,0.));
#11496=DIRECTION('',(1.17961196366423E-16,0.,1.));
#11497=DIRECTION('',(1.,0.,-1.17961196366423E-16));
#11498=DIRECTION('',(1.,0.,-1.17961196366423E-16));
#11499=DIRECTION('',(-1.,0.,1.17961196366423E-16));
#11500=DIRECTION('',(1.17961196366423E-16,0.,1.));
#11501=DIRECTION('',(0.,1.,0.));
#11502=DIRECTION('',(-1.17961196366423E-16,0.,-1.));
#11503=DIRECTION('',(-1.,0.,1.17961196366423E-16));
#11504=DIRECTION('',(0.,1.,0.));
#11505=DIRECTION('',(-1.,0.,1.17961196366423E-16));
#11506=DIRECTION('',(1.17961196366423E-16,0.,1.));
#11507=DIRECTION('',(1.,0.,-1.17961196366423E-16));
#11508=DIRECTION('',(-1.17961196366423E-16,0.,-1.));
#11509=DIRECTION('',(0.,-1.,0.));
#11510=DIRECTION('',(1.,0.,-1.17961196366423E-16));
#11511=DIRECTION('',(0.,-1.,0.));
#11512=DIRECTION('',(0.,-1.,0.));
#11513=DIRECTION('',(0.,-1.,0.));
#11514=DIRECTION('',(1.,0.,-1.17961196366423E-16));
#11515=DIRECTION('',(0.,-1.,0.));
#11516=DIRECTION('',(0.,-1.,0.));
#11517=DIRECTION('',(0.,1.,0.));
#11518=DIRECTION('',(-1.,0.,1.17961196366423E-16));
#11519=DIRECTION('',(0.,-1.,0.));
#11520=DIRECTION('',(1.,0.,-1.17961196366423E-16));
#11521=DIRECTION('',(0.,1.,0.));
#11522=DIRECTION('',(-1.,0.,1.17961196366423E-16));
#11523=DIRECTION('',(-1.,0.,0.));
#11524=DIRECTION('',(0.,0.,1.));
#11525=DIRECTION('',(0.,-1.,0.));
#11526=DIRECTION('',(0.,0.,-1.));
#11527=DIRECTION('',(0.,-1.,0.));
#11528=DIRECTION('',(0.,0.,-1.));
#11529=DIRECTION('',(-2.84675041872796E-9,6.76147432487896E-9,1.));
#11530=DIRECTION('',(1.,1.18430889244044E-9,2.84675041072029E-9));
#11531=DIRECTION('',(-2.84675041872796E-9,6.76147432487896E-9,1.));
#11532=DIRECTION('',(1.,1.18430889244044E-9,2.84675041072029E-9));
#11533=DIRECTION('',(-2.84675041872795E-9,6.76147443933463E-9,1.));
#11534=DIRECTION('',(1.,1.18430889244044E-9,2.84675041072028E-9));
#11535=DIRECTION('',(0.,1.,0.));
#11536=DIRECTION('',(0.,0.,1.));
#11537=DIRECTION('',(0.,0.,1.));
#11538=DIRECTION('',(1.,0.,0.));
#11539=DIRECTION('',(0.,0.,-1.));
#11540=DIRECTION('',(1.,0.,0.));
#11541=DIRECTION('',(0.,1.,0.));
#11542=DIRECTION('',(0.,0.,1.));
#11543=DIRECTION('',(1.,0.,0.));
#11544=DIRECTION('',(0.,0.,1.));
#11545=DIRECTION('',(1.,0.,0.));
#11546=DIRECTION('',(0.,0.,-1.));
#11547=DIRECTION('',(0.,0.,-1.));
#11548=DIRECTION('',(1.,0.,0.));
#11549=DIRECTION('',(0.,1.,0.));
#11550=DIRECTION('',(0.,1.,0.));
#11551=DIRECTION('',(-1.,0.,0.));
#11552=DIRECTION('',(0.,0.,1.));
#11553=DIRECTION('',(0.,1.,0.));
#11554=DIRECTION('',(0.,0.,-1.));
#11555=DIRECTION('',(1.,0.,0.));
#11556=DIRECTION('',(0.,-1.,0.));
#11557=DIRECTION('',(1.,0.,0.));
#11558=DIRECTION('',(0.,0.,-1.));
#11559=DIRECTION('',(-2.84675041872795E-9,6.76147443933463E-9,1.));
#11560=DIRECTION('',(1.,1.18430889244044E-9,2.84675041072028E-9));
#11561=DIRECTION('',(-2.84675041872795E-9,6.76147443933463E-9,1.));
#11562=DIRECTION('',(1.,1.18430889244044E-9,2.84675041072028E-9));
#11563=DIRECTION('',(-2.84675041872795E-9,6.76147432487893E-9,1.));
#11564=DIRECTION('',(1.,1.18430889244044E-9,2.84675041072027E-9));
#11565=DIRECTION('',(-2.84675041872795E-9,6.76147432487893E-9,1.));
#11566=DIRECTION('',(1.,1.18430889244044E-9,2.84675041072027E-9));
#11567=CARTESIAN_POINT('',(0.,0.,0.));
#11568=CARTESIAN_POINT('',(-0.0925879434091532,-0.0099848060445385,0.0574274778502585));
#11569=CARTESIAN_POINT('',(-0.105387943409153,-0.0099848060445385,0.0135139791523816));
#11570=CARTESIAN_POINT('',(-0.105387943409153,-0.0099848060445385,0.0152389791523816));
#11571=CARTESIAN_POINT('',(-0.105387943409153,-0.0099868060445385,0.0135139791523816));
#11572=CARTESIAN_POINT('',(-0.105387943409153,0.0220151939554615,0.0135139791523816));
#11573=CARTESIAN_POINT('',(-0.105387943409153,0.0220151939554615,0.0152389791523816));
#11574=CARTESIAN_POINT('',(-0.0943362274850798,0.0220151939554615,0.0194274778502585));
#11575=CARTESIAN_POINT('',(0.0194288754536074,-0.155067890844929,-0.352353687091999));
#11576=CARTESIAN_POINT('',(-0.0925879434091532,0.0220151939554615,0.0574274778502585));
#11577=CARTESIAN_POINT('',(-0.0918295361523398,0.0220151939554615,0.0187656026333524));
#11578=CARTESIAN_POINT('',(-0.0918295361523398,0.0220151939554615,0.0196546026333524));
#11579=CARTESIAN_POINT('',(-0.0918295361523398,0.0220151939554615,0.0111456026333524));
#11580=CARTESIAN_POINT('',(-0.0918295361523398,0.0220151939554615,0.0120346026333524));
#11581=CARTESIAN_POINT('',(-0.105387943409153,0.0220151939554615,0.0135139791523816));
#11582=CARTESIAN_POINT('',(-0.105387943409153,0.0220151939554615,0.0152389791523816));
#11583=CARTESIAN_POINT('',(-0.0797879434091532,0.0220151939554615,0.0135139791523816));
#11584=CARTESIAN_POINT('',(-0.0797879434091532,0.0220151939554615,0.0152389791523816));
#11585=CARTESIAN_POINT('',(-0.0887119217266211,0.0220151939554615,0.0162871312969998));
#11586=CARTESIAN_POINT('',(-0.0891625361523398,0.0220151939554615,0.0162871312969998));
#11587=CARTESIAN_POINT('',(-0.0882613073009023,0.0220151939554615,0.0162871312969998));
#11588=CARTESIAN_POINT('',(-0.0891625361523398,0.0220151939554615,0.0169600944862441));
#11589=CARTESIAN_POINT('',(-0.0891625361523398,0.0220151939554615,0.0176330576754884));
#11590=CARTESIAN_POINT('',(-0.0918295361523398,0.0220151939554615,0.0176330576754884));
#11591=CARTESIAN_POINT('',(-0.0944965361523398,0.0220151939554615,0.0176330576754884));
#11592=CARTESIAN_POINT('',(-0.0944965361523398,0.0220151939554615,0.0129720208647327));
#11593=CARTESIAN_POINT('',(-0.0944965361523398,0.0220151939554615,0.0162871312969998));
#11594=CARTESIAN_POINT('',(-0.0949471505780586,0.0220151939554615,0.0162871312969998));
#11595=CARTESIAN_POINT('',(-0.0953977650037774,0.0220151939554615,0.0162871312969998));
#11596=CARTESIAN_POINT('',(-0.0953977650037774,0.0220151939554615,0.0149660576754884));
#11597=CARTESIAN_POINT('',(-0.0953977650037774,0.0220151939554615,0.0136449840539769));
#11598=CARTESIAN_POINT('',(-0.0949471505780586,0.0220151939554615,0.0136449840539769));
#11599=CARTESIAN_POINT('',(-0.0944965361523398,0.0220151939554615,0.0136449840539769));
#11600=CARTESIAN_POINT('',(-0.0944965361523398,0.0220151939554615,0.0129720208647327));
#11601=CARTESIAN_POINT('',(-0.0944965361523398,0.0220151939554615,0.0122990576754884));
#11602=CARTESIAN_POINT('',(-0.0918295361523398,0.0220151939554615,0.0122990576754884));
#11603=CARTESIAN_POINT('',(-0.0891625361523398,0.0220151939554615,0.0122990576754884));
#11604=CARTESIAN_POINT('',(-0.0891625361523398,0.0220151939554615,0.0169600944862441));
#11605=CARTESIAN_POINT('',(-0.0891625361523398,0.0220151939554615,0.0136449840539769));
#11606=CARTESIAN_POINT('',(-0.0887119217266211,0.0220151939554615,0.0136449840539769));
#11607=CARTESIAN_POINT('',(-0.0882613073009023,0.0220151939554615,0.0136449840539769));
#11608=CARTESIAN_POINT('',(-0.0882613073009023,0.0220151939554615,0.0149660576754884));
#11609=CARTESIAN_POINT('',(-0.0925879434091532,0.0220151939554615,0.0574274778502585));
#11610=CARTESIAN_POINT('',(-0.108912532145519,0.0220151939554615,0.0574274778502585));
#11611=CARTESIAN_POINT('',(-0.0723935155636038,0.0220151939554615,0.0574274778502585));
#11612=CARTESIAN_POINT('',(-0.0723935155636038,0.0220151939554615,0.0574274778502585));
#11613=CARTESIAN_POINT('',(-0.0723935155636038,0.0220151939554615,-0.0185725221497415));
#11614=CARTESIAN_POINT('',(-0.0925879434091532,0.0220151939554615,-0.0185725221497415));
#11615=CARTESIAN_POINT('',(-0.108912532145519,0.0220151939554615,-0.0185725221497415));
#11616=CARTESIAN_POINT('',(-0.108912532145519,0.0220151939554615,0.0574274778502585));
#11617=CARTESIAN_POINT('',(-0.0943362274850798,0.0060151939554615,0.0484274778502585));
#11618=CARTESIAN_POINT('',(-0.0772212196481907,0.0199897272888225,0.0484274778502585));
#11619=CARTESIAN_POINT('',(-0.0723935155636038,0.0199897272888225,0.0484274778502585));
#11620=CARTESIAN_POINT('',(-0.0822127305311644,0.0199897272888225,0.0484274778502585));
#11621=CARTESIAN_POINT('',(-0.0723935155636038,0.0060151939554615,0.0484274778502585));
#11622=CARTESIAN_POINT('',(-0.0723935155636038,-0.0076775064315993,0.0484274778502585));
#11623=CARTESIAN_POINT('',(-0.0772212196481907,-0.0076775064315993,0.0484274778502585));
#11624=CARTESIAN_POINT('',(-0.0822127305311644,-0.0076775064315993,0.0484274778502585));
#11625=CARTESIAN_POINT('',(-0.0822127305311644,0.00615611042861161,0.0484274778502585));
#11626=CARTESIAN_POINT('',(-0.0772212196481907,0.0199897272888225,0.0484274778502585));
#11627=CARTESIAN_POINT('',(-0.0797879434091532,0.0199897272888225,0.0135139791523816));
#11628=CARTESIAN_POINT('',(-0.0797879434091532,0.0199897272888225,0.0117889791523816));
#11629=CARTESIAN_POINT('',(-0.0772212196481907,0.0199897272888225,-0.0185725221497415));
#11630=CARTESIAN_POINT('',(-0.0723935155636038,0.0199897272888225,-0.0185725221497415));
#11631=CARTESIAN_POINT('',(-0.0822127305311644,0.0199897272888225,-0.0185725221497415));
#11632=CARTESIAN_POINT('',(-0.0723935155636038,0.0199897272888225,0.0484274778502585));
#11633=CARTESIAN_POINT('',(-0.0822127305311644,0.0199897272888225,0.0484274778502585));
#11634=CARTESIAN_POINT('',(-0.0772212196481907,-0.0076775064315993,0.0484274778502585));
#11635=CARTESIAN_POINT('',(-0.0797879434091532,-0.0076775064315993,0.0135139791523816));
#11636=CARTESIAN_POINT('',(-0.0797879434091532,-0.0076775064315993,0.0117889791523816));
#11637=CARTESIAN_POINT('',(-0.0723935155636038,-0.0076775064315993,0.0484274778502585));
#11638=CARTESIAN_POINT('',(-0.0723935155636038,-0.0076775064315993,-0.0185725221497415));
#11639=CARTESIAN_POINT('',(-0.0772212196481907,-0.0076775064315993,-0.0185725221497415));
#11640=CARTESIAN_POINT('',(-0.0822127305311644,-0.0076775064315993,-0.0185725221497415));
#11641=CARTESIAN_POINT('',(-0.0822127305311644,-0.0076775064315993,0.0484274778502585));
#11642=CARTESIAN_POINT('',(-0.0822127305311644,-0.0076775064315993,0.0235859989557234));
#11643=CARTESIAN_POINT('',(-0.0818279434091532,-0.0076775064315993,0.0250874778502585));
#11644=CARTESIAN_POINT('',(-0.0822127305311644,-0.0076775064315993,0.0265889567447936));
#11645=CARTESIAN_POINT('',(-0.0822127305311644,-0.0076775064315993,0.0484274778502585));
#11646=CARTESIAN_POINT('',(-0.0943362274850798,0.0060151939554615,0.0516274778502585));
#11647=CARTESIAN_POINT('',(-0.108810353313156,-0.0078201198574502,0.0516274778502585));
#11648=CARTESIAN_POINT('',(-0.108912532145519,-0.0078201198574502,0.0516274778502585));
#11649=CARTESIAN_POINT('',(-0.101323086057373,-0.0078201198574502,0.0516274778502585));
#11650=CARTESIAN_POINT('',(-0.108912532145519,0.0060151939554615,0.0516274778502585));
#11651=CARTESIAN_POINT('',(-0.108912532145519,0.0208454152945083,0.0516274778502585));
#11652=CARTESIAN_POINT('',(-0.108810353313156,0.0208454152945083,0.0516274778502585));
#11653=CARTESIAN_POINT('',(-0.101323086057373,0.0208454152945083,0.0516274778502585));
#11654=CARTESIAN_POINT('',(-0.101323086057373,0.00651264771852908,0.0516274778502585));
#11655=CARTESIAN_POINT('',(-0.108810353313156,0.0208454152945083,0.0516274778502585));
#11656=CARTESIAN_POINT('',(-0.105387943409153,0.0208454152945083,0.0135139791523816));
#11657=CARTESIAN_POINT('',(-0.105387943409153,0.0208454152945083,0.0152389791523816));
#11658=CARTESIAN_POINT('',(-0.108912532145519,0.0208454152945083,0.0516274778502585));
#11659=CARTESIAN_POINT('',(-0.108912532145519,0.0208454152945083,-0.0185725221497415));
#11660=CARTESIAN_POINT('',(-0.108810353313156,0.0208454152945083,-0.0185725221497415));
#11661=CARTESIAN_POINT('',(-0.101323086057373,0.0208454152945083,-0.0185725221497415));
#11662=CARTESIAN_POINT('',(-0.101323086057373,0.0208454152945083,0.0516274778502585));
#11663=CARTESIAN_POINT('',(-0.108810353313156,-0.0078201198574502,0.0516274778502585));
#11664=CARTESIAN_POINT('',(-0.105387943409153,-0.0078201198574502,0.0135139791523816));
#11665=CARTESIAN_POINT('',(-0.105387943409153,-0.0078201198574502,0.0152389791523816));
#11666=CARTESIAN_POINT('',(-0.108810353313156,-0.0078201198574502,-0.0185725221497415));
#11667=CARTESIAN_POINT('',(-0.108912532145519,-0.0078201198574502,-0.0185725221497415));
#11668=CARTESIAN_POINT('',(-0.101323086057373,-0.0078201198574502,-0.0185725221497415));
#11669=CARTESIAN_POINT('',(-0.108912532145519,-0.0078201198574502,0.0516274778502585));
#11670=CARTESIAN_POINT('',(-0.101323086057373,-0.0078201198574502,0.0516274778502585));
#11671=CARTESIAN_POINT('',(-0.101323086057373,-0.0078201198574502,0.026514589473082));
#11672=CARTESIAN_POINT('',(-0.101927943409153,-0.0078201198574502,0.0250874778502585));
#11673=CARTESIAN_POINT('',(-0.101323086057373,-0.0078201198574502,0.0236603662274351));
#11674=CARTESIAN_POINT('',(-0.101323086057373,-0.0078201198574502,0.0516274778502585));
#11675=CARTESIAN_POINT('',(-0.0925879434091532,0.0060151939554615,0.0574274778502585));
#11676=CARTESIAN_POINT('',(-0.0723935155636038,0.0839702566409522,0.0574274778502585));
#11677=CARTESIAN_POINT('',(-0.0723935155636038,-0.0099848060445385,0.0574274778502585));
#11678=CARTESIAN_POINT('',(-0.108912532145519,0.0885085900358731,0.0574274778502585));
#11679=CARTESIAN_POINT('',(-0.108912532145519,-0.0099848060445385,0.0574274778502585));
#11680=CARTESIAN_POINT('',(-0.0925879434091532,-0.0099848060445385,0.0574274778502585));
#11681=CARTESIAN_POINT('',(-0.0863379434091532,0.00601519395546148,0.0574274778502585));
#11682=CARTESIAN_POINT('',(-0.0863379434091532,-0.000234806044538498,0.0574274778502585));
#11683=CARTESIAN_POINT('',(-0.0863379434091532,0.0122651939554615,0.0574274778502585));
#11684=CARTESIAN_POINT('',(-0.0925879434091532,-0.000234806044538498,0.0574274778502585));
#11685=CARTESIAN_POINT('',(-0.0988379434091532,-0.000234806044538498,0.0574274778502585));
#11686=CARTESIAN_POINT('',(-0.0988379434091532,0.00601519395546148,0.0574274778502585));
#11687=CARTESIAN_POINT('',(-0.0988379434091532,0.0122651939554615,0.0574274778502585));
#11688=CARTESIAN_POINT('',(-0.0925879434091532,0.0122651939554615,0.0574274778502585));
#11689=CARTESIAN_POINT('',(-0.0925879434091532,0.0060151939554615,-0.0185725221497415));
#11690=CARTESIAN_POINT('',(-0.0723935155636038,0.0839702566409522,-0.0185725221497415));
#11691=CARTESIAN_POINT('',(-0.0822127305311644,0.00615611042861161,-0.0185725221497415));
#11692=CARTESIAN_POINT('',(-0.0723935155636038,0.0839702566409522,-0.0185725221497415));
#11693=CARTESIAN_POINT('',(-0.0723935155636038,-0.0099848060445385,-0.0185725221497415));
#11694=CARTESIAN_POINT('',(-0.0925879434091532,-0.0099848060445385,-0.0185725221497415));
#11695=CARTESIAN_POINT('',(-0.108912532145519,-0.0099848060445385,-0.0185725221497415));
#11696=CARTESIAN_POINT('',(-0.108912532145519,0.0885085900358731,-0.0185725221497415));
#11697=CARTESIAN_POINT('',(-0.101323086057373,0.00651264771852908,-0.0185725221497415));
#11698=CARTESIAN_POINT('',(-0.108912532145519,0.0885085900358731,-0.0185725221497415));
#11699=CARTESIAN_POINT('',(-0.0925879434091532,-0.0099848060445385,0.0574274778502585));
#11700=CARTESIAN_POINT('',(-0.0969391590403945,-0.0099848060445385,-0.00625075577600551));
#11701=CARTESIAN_POINT('',(-0.0967363943777268,-0.0099848060445385,-0.00625075577600551));
#11702=CARTESIAN_POINT('',(-0.0971419237030623,-0.0099848060445385,-0.00625075577600551));
#11703=CARTESIAN_POINT('',(-0.0973516929631677,-0.0099848060445385,-0.00571508840353953));
#11704=CARTESIAN_POINT('',(-0.0975614622232731,-0.0099848060445385,-0.00517942103107355));
#11705=CARTESIAN_POINT('',(-0.0982364842184453,-0.0099848060445385,-0.00517942103107355));
#11706=CARTESIAN_POINT('',(-0.0989115062136175,-0.0099848060445385,-0.00517942103107355));
#11707=CARTESIAN_POINT('',(-0.0991186948325617,-0.0099848060445385,-0.00571508840353953));
#11708=CARTESIAN_POINT('',(-0.0993258834515059,-0.0099848060445385,-0.00625075577600551));
#11709=CARTESIAN_POINT('',(-0.0995242241578973,-0.0099848060445385,-0.00625075577600551));
#11710=CARTESIAN_POINT('',(-0.0997225648642887,-0.0099848060445385,-0.00625075577600551));
#11711=CARTESIAN_POINT('',(-0.0990567594446923,-0.0099848060445385,-0.00455932982633316));
#11712=CARTESIAN_POINT('',(-0.0983909540250959,-0.0099848060445385,-0.00286790387666082));
#11713=CARTESIAN_POINT('',(-0.0982261616538004,-0.0099848060445385,-0.00286790387666082));
#11714=CARTESIAN_POINT('',(-0.098061369282505,-0.0099848060445385,-0.00286790387666082));
#11715=CARTESIAN_POINT('',(-0.0973988818301159,-0.0099848060445385,-0.00455932982633316));
#11716=CARTESIAN_POINT('',(-0.0890033188066005,-0.0099848060445385,-0.00607342886192696));
#11717=CARTESIAN_POINT('',(-0.0890033188066005,-0.0099848060445385,-0.00589610194784841));
#11718=CARTESIAN_POINT('',(-0.0890033188066005,-0.0099848060445385,-0.00625075577600551));
#11719=CARTESIAN_POINT('',(-0.0901104138647666,-0.0099848060445385,-0.00625075577600551));
#11720=CARTESIAN_POINT('',(-0.0912175089229327,-0.0099848060445385,-0.00625075577600551));
#11721=CARTESIAN_POINT('',(-0.0912175089229327,-0.0099848060445385,-0.00608596340471006));
#11722=CARTESIAN_POINT('',(-0.0912175089229327,-0.0099848060445385,-0.0059211710334146));
#11723=CARTESIAN_POINT('',(-0.0907740073062248,-0.0099848060445385,-0.00547545743856851));
#11724=CARTESIAN_POINT('',(-0.0903305056895169,-0.0099848060445385,-0.00502974384372242));
#11725=CARTESIAN_POINT('',(-0.0903305056895169,-0.0099848060445385,-0.00502974384372242));
#11726=CARTESIAN_POINT('',(-0.0899249763641814,-0.0099848060445385,-0.0046190532360644));
#11727=CARTESIAN_POINT('',(-0.08979594430612,-0.0099848060445385,-0.00444393830012405));
#11728=CARTESIAN_POINT('',(-0.08979594430612,-0.0099848060445385,-0.00444393830012405));
#11729=CARTESIAN_POINT('',(-0.0909906928207076,-0.0099848060445385,-0.00353651549209992));
#11730=CARTESIAN_POINT('',(-0.0896021865867539,-0.0099848060445385,-0.00410300809526307));
#11731=CARTESIAN_POINT('',(-0.0905140494465173,-0.0099848060445385,-0.00375498351453984));
#11732=CARTESIAN_POINT('',(-0.0895378801899974,-0.0099848060445385,-0.00374605919752383));
#11733=CARTESIAN_POINT('',(-0.0895378801899974,-0.0099848060445385,-0.00374605919752383));
#11734=CARTESIAN_POINT('',(-0.0895378801899974,-0.0099848060445385,-0.00347619786466416));
#11735=CARTESIAN_POINT('',(-0.0897015665722238,-0.0099848060445385,-0.00331841009080633));
#11736=CARTESIAN_POINT('',(-0.0897015665722238,-0.0099848060445385,-0.00331841009080633));
#11737=CARTESIAN_POINT('',(-0.0897015665722238,-0.0099848060445385,-0.00331841009080633));
#11738=CARTESIAN_POINT('',(-0.0898652529544501,-0.0099848060445385,-0.00316062231694849));
#11739=CARTESIAN_POINT('',(-0.0901557594165996,-0.0099848060445385,-0.00316062231694849));
#11740=CARTESIAN_POINT('',(-0.0901557594165996,-0.0099848060445385,-0.00316062231694849));
#11741=CARTESIAN_POINT('',(-0.0901625544457478,-0.0099848060445385,-0.00430023991025481));
#11742=CARTESIAN_POINT('',(-0.0905531781554285,-0.0099848060445385,-0.00322993096527856));
#11743=CARTESIAN_POINT('',(-0.0905531781554285,-0.0099848060445385,-0.00322993096527856));
#11744=CARTESIAN_POINT('',(-0.0907411962971749,-0.0099848060445385,-0.00329923961360865));
#11745=CARTESIAN_POINT('',(-0.0909712420235471,-0.0099848060445385,-0.00348135914698662));
#11746=CARTESIAN_POINT('',(-0.0909712420235471,-0.0099848060445385,-0.00348135914698661));
#11747=CARTESIAN_POINT('',(-0.091072624354881,-0.0099848060445385,-0.0033512210998562));
#11748=CARTESIAN_POINT('',(-0.0911740066862149,-0.0099848060445385,-0.00322108305272579));
#11749=CARTESIAN_POINT('',(-0.0911740066862149,-0.0099848060445385,-0.00322108305272579));
#11750=CARTESIAN_POINT('',(-0.0907087539511481,-0.0099848060445385,-0.00283398687854184));
#11751=CARTESIAN_POINT('',(-0.090160183372876,-0.0099848060445385,-0.00283398687854184));
#11752=CARTESIAN_POINT('',(-0.090160183372876,-0.0099848060445385,-0.00283398687854184));
#11753=CARTESIAN_POINT('',(-0.090160183372876,-0.0099848060445385,-0.00283398687854184));
#11754=CARTESIAN_POINT('',(-0.0896853453992103,-0.0099848060445385,-0.00283398687854184));
#11755=CARTESIAN_POINT('',(-0.0894158527293737,-0.0099848060445385,-0.00307693581072015));
#11756=CARTESIAN_POINT('',(-0.0894158527293737,-0.0099848060445385,-0.00307693581072015));
#11757=CARTESIAN_POINT('',(-0.0894158527293737,-0.0099848060445385,-0.00307693581072015));
#11758=CARTESIAN_POINT('',(-0.0891463600595371,-0.0099848060445385,-0.00331988474289845));
#11759=CARTESIAN_POINT('',(-0.0891463600595371,-0.0099848060445385,-0.00372983802451041));
#11760=CARTESIAN_POINT('',(-0.0891463600595371,-0.0099848060445385,-0.00372983802451041));
#11761=CARTESIAN_POINT('',(-0.0891463600595371,-0.0099848060445385,-0.00372983802451041));
#11762=CARTESIAN_POINT('',(-0.0891463600595371,-0.0099848060445385,-0.00405057485454854));
#11763=CARTESIAN_POINT('',(-0.0893262676147769,-0.0099848060445385,-0.00436393842412603));
#11764=CARTESIAN_POINT('',(-0.0893262676147769,-0.0099848060445385,-0.00436393842412603));
#11765=CARTESIAN_POINT('',(-0.0893262676147769,-0.0099848060445385,-0.00436393842412603));
#11766=CARTESIAN_POINT('',(-0.0895061751700166,-0.0099848060445385,-0.00467730199370351));
#11767=CARTESIAN_POINT('',(-0.0899987089687878,-0.0099848060445385,-0.00515656392364555));
#11768=CARTESIAN_POINT('',(-0.0899987089687878,-0.0099848060445385,-0.00515656392364555));
#11769=CARTESIAN_POINT('',(-0.0903673719918202,-0.0099848060445385,-0.00551711636017117));
#11770=CARTESIAN_POINT('',(-0.0907360350148525,-0.0099848060445385,-0.00587766879669679));
#11771=CARTESIAN_POINT('',(-0.0907360350148525,-0.0099848060445385,-0.0058868853722726));
#11772=CARTESIAN_POINT('',(-0.0907360350148525,-0.0099848060445385,-0.00589610194784841));
#11773=CARTESIAN_POINT('',(-0.0898696769107265,-0.0099848060445385,-0.00589610194784841));
#11774=CARTESIAN_POINT('',(-0.0836075668014993,-0.0099848060445385,-0.00607342886192696));
#11775=CARTESIAN_POINT('',(-0.0836075668014993,-0.0099848060445385,-0.00589610194784841));
#11776=CARTESIAN_POINT('',(-0.0836075668014993,-0.0099848060445385,-0.00625075577600551));
#11777=CARTESIAN_POINT('',(-0.0847146618596654,-0.0099848060445385,-0.00625075577600551));
#11778=CARTESIAN_POINT('',(-0.0858217569178315,-0.0099848060445385,-0.00625075577600551));
#11779=CARTESIAN_POINT('',(-0.0858217569178315,-0.0099848060445385,-0.00608596340471006));
#11780=CARTESIAN_POINT('',(-0.0858217569178315,-0.0099848060445385,-0.0059211710334146));
#11781=CARTESIAN_POINT('',(-0.0853782553011236,-0.0099848060445385,-0.00547545743856851));
#11782=CARTESIAN_POINT('',(-0.0849347536844157,-0.0099848060445385,-0.00502974384372242));
#11783=CARTESIAN_POINT('',(-0.0849347536844157,-0.0099848060445385,-0.00502974384372242));
#11784=CARTESIAN_POINT('',(-0.0845292243590801,-0.0099848060445385,-0.0046190532360644));
#11785=CARTESIAN_POINT('',(-0.0844001923010188,-0.0099848060445385,-0.00444393830012405));
#11786=CARTESIAN_POINT('',(-0.0844001923010188,-0.0099848060445385,-0.00444393830012405));
#11787=CARTESIAN_POINT('',(-0.0855949408156093,-0.0099848060445385,-0.00353651549209786));
#11788=CARTESIAN_POINT('',(-0.0842064345816526,-0.0099848060445385,-0.00410300809526306));
#11789=CARTESIAN_POINT('',(-0.0851182974414158,-0.0099848060445385,-0.00375498351454014));
#11790=CARTESIAN_POINT('',(-0.0841421281848962,-0.0099848060445385,-0.00374605919752383));
#11791=CARTESIAN_POINT('',(-0.0841421281848962,-0.0099848060445385,-0.00374605919752383));
#11792=CARTESIAN_POINT('',(-0.0841421281848962,-0.0099848060445385,-0.00347619786466416));
#11793=CARTESIAN_POINT('',(-0.0843058145671225,-0.0099848060445385,-0.00331841009080633));
#11794=CARTESIAN_POINT('',(-0.0843058145671225,-0.0099848060445385,-0.00331841009080633));
#11795=CARTESIAN_POINT('',(-0.0843058145671225,-0.0099848060445385,-0.00331841009080633));
#11796=CARTESIAN_POINT('',(-0.0844695009493489,-0.0099848060445385,-0.00316062231694849));
#11797=CARTESIAN_POINT('',(-0.0847600074114984,-0.0099848060445385,-0.00316062231694849));
#11798=CARTESIAN_POINT('',(-0.0847600074114984,-0.0099848060445385,-0.00316062231694849));
#11799=CARTESIAN_POINT('',(-0.0847668024406465,-0.0099848060445385,-0.00430023991025451));
#11800=CARTESIAN_POINT('',(-0.0851574261503272,-0.0099848060445385,-0.00322993096527856));
#11801=CARTESIAN_POINT('',(-0.0851574261503272,-0.0099848060445385,-0.00322993096527856));
#11802=CARTESIAN_POINT('',(-0.0853454442920737,-0.0099848060445385,-0.00329923961360865));
#11803=CARTESIAN_POINT('',(-0.0855754900184459,-0.0099848060445385,-0.00348135914698662));
#11804=CARTESIAN_POINT('',(-0.0855754900184459,-0.0099848060445385,-0.00348135914698661));
#11805=CARTESIAN_POINT('',(-0.0856768723497798,-0.0099848060445385,-0.0033512210998562));
#11806=CARTESIAN_POINT('',(-0.0857782546811137,-0.0099848060445385,-0.00322108305272579));
#11807=CARTESIAN_POINT('',(-0.0857782546811137,-0.0099848060445385,-0.00322108305272579));
#11808=CARTESIAN_POINT('',(-0.0853130019460469,-0.0099848060445385,-0.00283398687854184));
#11809=CARTESIAN_POINT('',(-0.0847644313677747,-0.0099848060445385,-0.00283398687854184));
#11810=CARTESIAN_POINT('',(-0.0847644313677747,-0.0099848060445385,-0.00283398687854184));
#11811=CARTESIAN_POINT('',(-0.0847644313677747,-0.0099848060445385,-0.00283398687854184));
#11812=CARTESIAN_POINT('',(-0.0842895933941091,-0.0099848060445385,-0.00283398687854184));
#11813=CARTESIAN_POINT('',(-0.0840201007242725,-0.0099848060445385,-0.00307693581072015));
#11814=CARTESIAN_POINT('',(-0.0840201007242725,-0.0099848060445385,-0.00307693581072015));
#11815=CARTESIAN_POINT('',(-0.0840201007242725,-0.0099848060445385,-0.00307693581072015));
#11816=CARTESIAN_POINT('',(-0.0837506080544358,-0.0099848060445385,-0.00331988474289845));
#11817=CARTESIAN_POINT('',(-0.0837506080544358,-0.0099848060445385,-0.00372983802451041));
#11818=CARTESIAN_POINT('',(-0.0837506080544358,-0.0099848060445385,-0.00372983802451041));
#11819=CARTESIAN_POINT('',(-0.0837506080544358,-0.0099848060445385,-0.00372983802451041));
#11820=CARTESIAN_POINT('',(-0.0837506080544358,-0.0099848060445385,-0.00405057485454854));
#11821=CARTESIAN_POINT('',(-0.0839305156096756,-0.0099848060445385,-0.00436393842412603));
#11822=CARTESIAN_POINT('',(-0.0839305156096756,-0.0099848060445385,-0.00436393842412603));
#11823=CARTESIAN_POINT('',(-0.0839305156096756,-0.0099848060445385,-0.00436393842412603));
#11824=CARTESIAN_POINT('',(-0.0841104231649154,-0.0099848060445385,-0.00467730199370351));
#11825=CARTESIAN_POINT('',(-0.0846029569636866,-0.0099848060445385,-0.00515656392364555));
#11826=CARTESIAN_POINT('',(-0.0846029569636866,-0.0099848060445385,-0.00515656392364555));
#11827=CARTESIAN_POINT('',(-0.0849716199867189,-0.0099848060445385,-0.00551711636017117));
#11828=CARTESIAN_POINT('',(-0.0853402830097513,-0.0099848060445385,-0.00587766879669679));
#11829=CARTESIAN_POINT('',(-0.0853402830097513,-0.0099848060445385,-0.0058868853722726));
#11830=CARTESIAN_POINT('',(-0.0853402830097513,-0.0099848060445385,-0.00589610194784841));
#11831=CARTESIAN_POINT('',(-0.0844739249056253,-0.0099848060445385,-0.00589610194784841));
#11832=CARTESIAN_POINT('',(-0.105387943409153,-0.0099848060445385,0.0135139791523816));
#11833=CARTESIAN_POINT('',(-0.105387943409153,-0.0099848060445385,0.0152389791523816));
#11834=CARTESIAN_POINT('',(-0.0797879434091532,-0.0099848060445385,0.0135139791523816));
#11835=CARTESIAN_POINT('',(-0.0797879434091532,-0.0099848060445385,0.0152389791523816));
#11836=CARTESIAN_POINT('',(-0.0918779434091532,-0.0099848060445385,0.0150374778502585));
#11837=CARTESIAN_POINT('',(-0.0918779434091532,-0.0099848060445385,0.0163374778502585));
#11838=CARTESIAN_POINT('',(-0.0723935155636038,-0.0099848060445385,0.0194274778502585));
#11839=CARTESIAN_POINT('',(-0.108912532145519,-0.0099848060445385,0.0194274778502585));
#11840=CARTESIAN_POINT('',(-0.0818279434091532,-0.0099848060445385,0.0250874778502585));
#11841=CARTESIAN_POINT('',(-0.0818279434091532,-0.0099848060445385,0.0235374778502585));
#11842=CARTESIAN_POINT('',(-0.101927943409153,-0.0099848060445385,0.0250874778502585));
#11843=CARTESIAN_POINT('',(-0.101927943409153,-0.0099848060445385,0.0235374778502585));
#11844=CARTESIAN_POINT('',(-0.0881741956678008,-0.0099848060445385,-0.00590421253435512));
#11845=CARTESIAN_POINT('',(-0.0884805546399407,-0.0099848060445385,-0.00551121775180265));
#11846=CARTESIAN_POINT('',(-0.0884805546399407,-0.0099848060445385,-0.00481075800804122));
#11847=CARTESIAN_POINT('',(-0.0881741956678008,-0.0099848060445385,-0.00590421253435512));
#11848=CARTESIAN_POINT('',(-0.0884805546399407,-0.0099848060445385,-0.00481075800804122));
#11849=CARTESIAN_POINT('',(-0.0884805546399407,-0.0099848060445385,-0.00481075800804122));
#11850=CARTESIAN_POINT('',(-0.0884805546399407,-0.0099848060445385,-0.00381757982399211));
#11851=CARTESIAN_POINT('',(-0.0880945644548258,-0.0099848060445385,-0.00332578335126697));
#11852=CARTESIAN_POINT('',(-0.0880945644548258,-0.0099848060445385,-0.00332578335126697));
#11853=CARTESIAN_POINT('',(-0.0880945644548258,-0.0099848060445385,-0.00332578335126697));
#11854=CARTESIAN_POINT('',(-0.087708574269711,-0.0099848060445385,-0.00283398687854184));
#11855=CARTESIAN_POINT('',(-0.0869528150724947,-0.0099848060445385,-0.00283398687854184));
#11856=CARTESIAN_POINT('',(-0.0869528150724947,-0.0099848060445385,-0.00283398687854184));
#11857=CARTESIAN_POINT('',(-0.0869528150724947,-0.0099848060445385,-0.00283398687854184));
#11858=CARTESIAN_POINT('',(-0.0866925389782339,-0.0099848060445385,-0.00283398687854184));
#11859=CARTESIAN_POINT('',(-0.0865428617908827,-0.0099848060445385,-0.00287748911525966));
#11860=CARTESIAN_POINT('',(-0.0865428617908827,-0.0099848060445385,-0.00287748911525966));
#11861=CARTESIAN_POINT('',(-0.0865428617908827,-0.0099848060445385,-0.00304228148655511));
#11862=CARTESIAN_POINT('',(-0.0865428617908827,-0.0099848060445385,-0.00320649611205045));
#11863=CARTESIAN_POINT('',(-0.086925367774972,-0.0099848060445385,-0.00447084808921833));
#11864=CARTESIAN_POINT('',(-0.0869483911162183,-0.0099848060445385,-0.00314956242625752));
#11865=CARTESIAN_POINT('',(-0.0869483911162183,-0.0099848060445385,-0.00314956242625752));
#11866=CARTESIAN_POINT('',(-0.0874903257600758,-0.0099848060445385,-0.00314956242625752));
#11867=CARTESIAN_POINT('',(-0.0877760396029259,-0.0099848060445385,-0.00348688909233211));
#11868=CARTESIAN_POINT('',(-0.0877760396029259,-0.0099848060445385,-0.00348688909233211));
#11869=CARTESIAN_POINT('',(-0.0877760396029259,-0.0099848060445385,-0.00348688909233211));
#11870=CARTESIAN_POINT('',(-0.0880617534457759,-0.0099848060445385,-0.00382421575840669));
#11871=CARTESIAN_POINT('',(-0.0880890345094803,-0.0099848060445385,-0.00454826993564219));
#11872=CARTESIAN_POINT('',(-0.0880890345094803,-0.0099848060445385,-0.00454826993564219));
#11873=CARTESIAN_POINT('',(-0.0880753939776282,-0.0099848060445385,-0.00454826993564219));
#11874=CARTESIAN_POINT('',(-0.0880617534457759,-0.0099848060445385,-0.00454826993564219));
#11875=CARTESIAN_POINT('',(-0.0880617534457759,-0.0099848060445385,-0.00454826993564219));
#11876=CARTESIAN_POINT('',(-0.0878081132859297,-0.0099848060445385,-0.0041515885228594));
#11877=CARTESIAN_POINT('',(-0.0872595427076576,-0.0099848060445385,-0.0041515885228594));
#11878=CARTESIAN_POINT('',(-0.0872595427076576,-0.0099848060445385,-0.0041515885228594));
#11879=CARTESIAN_POINT('',(-0.0872595427076576,-0.0099848060445385,-0.0041515885228594));
#11880=CARTESIAN_POINT('',(-0.0868053498632818,-0.0099848060445385,-0.0041515885228594));
#11881=CARTESIAN_POINT('',(-0.0865439677799518,-0.0099848060445385,-0.00442587381199546));
#11882=CARTESIAN_POINT('',(-0.0865439677799518,-0.0099848060445385,-0.00442587381199546));
#11883=CARTESIAN_POINT('',(-0.0865439677799518,-0.0099848060445385,-0.00442587381199546));
#11884=CARTESIAN_POINT('',(-0.0862825856966219,-0.0099848060445385,-0.00470015910113152));
#11885=CARTESIAN_POINT('',(-0.0862825856966219,-0.0099848060445385,-0.00516983579247471));
#11886=CARTESIAN_POINT('',(-0.0862825856966219,-0.0099848060445385,-0.00516983579247471));
#11887=CARTESIAN_POINT('',(-0.0862825856966219,-0.0099848060445385,-0.00516983579247471));
#11888=CARTESIAN_POINT('',(-0.0862825856966219,-0.0099848060445385,-0.00569554926331882));
#11889=CARTESIAN_POINT('',(-0.0865694055285411,-0.0099848060445385,-0.0059963782901132));
#11890=CARTESIAN_POINT('',(-0.0865694055285411,-0.0099848060445385,-0.0059963782901132));
#11891=CARTESIAN_POINT('',(-0.0865694055285411,-0.0099848060445385,-0.0059963782901132));
#11892=CARTESIAN_POINT('',(-0.0868562253604602,-0.0099848060445385,-0.00629720731690759));
#11893=CARTESIAN_POINT('',(-0.0873450725290011,-0.0099848060445385,-0.00629720731690759));
#11894=CARTESIAN_POINT('',(-0.0873450725290011,-0.0099848060445385,-0.00629720731690759));
#11895=CARTESIAN_POINT('',(-0.0873450725290011,-0.0099848060445385,-0.00629720731690759));
#11896=CARTESIAN_POINT('',(-0.0878678366956609,-0.0099848060445385,-0.00629720731690759));
#11897=CARTESIAN_POINT('',(-0.0881741956678008,-0.0099848060445385,-0.00590421253435512));
#11898=CARTESIAN_POINT('',(-0.0932772292326144,-0.0099848060445385,-0.00625075577600551));
#11899=CARTESIAN_POINT('',(-0.0930652479943708,-0.0099848060445385,-0.00625075577600551));
#11900=CARTESIAN_POINT('',(-0.093489210470858,-0.0099848060445385,-0.00625075577600551));
#11901=CARTESIAN_POINT('',(-0.0927913313682578,-0.0099848060445385,-0.00474255534878023));
#11902=CARTESIAN_POINT('',(-0.0920934522656576,-0.0099848060445385,-0.00323435492155495));
#11903=CARTESIAN_POINT('',(-0.0930114231930081,-0.0099848060445385,-0.00323435492155495));
#11904=CARTESIAN_POINT('',(-0.0939293941203586,-0.0099848060445385,-0.00323435492155495));
#11905=CARTESIAN_POINT('',(-0.0939293941203586,-0.0099848060445385,-0.0030581339965455));
#11906=CARTESIAN_POINT('',(-0.0939293941203586,-0.0099848060445385,-0.00288191307153605));
#11907=CARTESIAN_POINT('',(-0.0928086585303403,-0.0099848060445385,-0.00288191307153605));
#11908=CARTESIAN_POINT('',(-0.091687922940322,-0.0099848060445385,-0.00288191307153605));
#11909=CARTESIAN_POINT('',(-0.091687922940322,-0.0099848060445385,-0.00303527688911749));
#11910=CARTESIAN_POINT('',(-0.091687922940322,-0.0099848060445385,-0.00318864070669894));
#11911=CARTESIAN_POINT('',(-0.0923765854673464,-0.0099848060445385,-0.00471969824135223));
#11912=CARTESIAN_POINT('',(-0.0945716051064809,-0.0099848060445385,-0.0047923248568896));
#11913=CARTESIAN_POINT('',(-0.0943725270740434,-0.0099848060445385,-0.00500909871443261));
#11914=CARTESIAN_POINT('',(-0.0943725270740434,-0.0099848060445385,-0.00535416730399088));
#11915=CARTESIAN_POINT('',(-0.0945716051064809,-0.0099848060445385,-0.0047923248568896));
#11916=CARTESIAN_POINT('',(-0.0943725270740434,-0.0099848060445385,-0.00535416730399088));
#11917=CARTESIAN_POINT('',(-0.0943725270740434,-0.0099848060445385,-0.00535416730399088));
#11918=CARTESIAN_POINT('',(-0.0943725270740434,-0.0099848060445385,-0.00579877490976787));
#11919=CARTESIAN_POINT('',(-0.0946951072191967,-0.0099848060445385,-0.00604799111333773));
#11920=CARTESIAN_POINT('',(-0.0946951072191967,-0.0099848060445385,-0.00604799111333773));
#11921=CARTESIAN_POINT('',(-0.0946951072191967,-0.0099848060445385,-0.00604799111333773));
#11922=CARTESIAN_POINT('',(-0.09501768736435,-0.0099848060445385,-0.00629720731690759));
#11923=CARTESIAN_POINT('',(-0.0955706818988985,-0.0099848060445385,-0.00629720731690759));
#11924=CARTESIAN_POINT('',(-0.0955706818988985,-0.0099848060445385,-0.00629720731690759));
#11925=CARTESIAN_POINT('',(-0.0955706818988985,-0.0099848060445385,-0.00629720731690759));
#11926=CARTESIAN_POINT('',(-0.096169390648303,-0.0099848060445385,-0.00629720731690759));
#11927=CARTESIAN_POINT('',(-0.0964923394564794,-0.0099848060445385,-0.00614236884723401));
#11928=CARTESIAN_POINT('',(-0.0964923394564794,-0.0099848060445385,-0.00614236884723401));
#11929=CARTESIAN_POINT('',(-0.0964923394564794,-0.0099848060445385,-0.00595361337944145));
#11930=CARTESIAN_POINT('',(-0.0964923394564794,-0.0099848060445385,-0.00576506723958525));
#11931=CARTESIAN_POINT('',(-0.0955473479485898,-0.0099848060445385,-0.00346987988271266));
#11932=CARTESIAN_POINT('',(-0.0960403389458179,-0.0099848060445385,-0.00590264284012728));
#11933=CARTESIAN_POINT('',(-0.0955515976372652,-0.0099848060445385,-0.00358854327762462));
#11934=CARTESIAN_POINT('',(-0.0955566727040233,-0.0099848060445385,-0.00595361337944145));
#11935=CARTESIAN_POINT('',(-0.0955566727040233,-0.0099848060445385,-0.00595361337944145));
#11936=CARTESIAN_POINT('',(-0.0951651525735629,-0.0099848060445385,-0.00595361337944145));
#11937=CARTESIAN_POINT('',(-0.0949668118671716,-0.0099848060445385,-0.00580504218115942));
#11938=CARTESIAN_POINT('',(-0.0949668118671716,-0.0099848060445385,-0.00580504218115942));
#11939=CARTESIAN_POINT('',(-0.0949668118671716,-0.0099848060445385,-0.00580504218115942));
#11940=CARTESIAN_POINT('',(-0.0947684711607802,-0.0099848060445385,-0.00565647098287739));
#11941=CARTESIAN_POINT('',(-0.0947684711607802,-0.0099848060445385,-0.00539103360629411));
#11942=CARTESIAN_POINT('',(-0.0947684711607802,-0.0099848060445385,-0.00539103360629411));
#11943=CARTESIAN_POINT('',(-0.0947684711607802,-0.0099848060445385,-0.00539103360629411));
#11944=CARTESIAN_POINT('',(-0.0947684711607802,-0.0099848060445385,-0.00521628733337678));
#11945=CARTESIAN_POINT('',(-0.0948388857981793,-0.0099848060445385,-0.00510458243739799));
#11946=CARTESIAN_POINT('',(-0.0948388857981793,-0.0099848060445385,-0.00510458243739799));
#11947=CARTESIAN_POINT('',(-0.0948388857981793,-0.0099848060445385,-0.00510458243739799));
#11948=CARTESIAN_POINT('',(-0.0949093004355785,-0.0099848060445385,-0.00499287754141919));
#11949=CARTESIAN_POINT('',(-0.095074092806874,-0.0099848060445385,-0.00489813114449988));
#11950=CARTESIAN_POINT('',(-0.095074092806874,-0.0099848060445385,-0.00489813114449988));
#11951=CARTESIAN_POINT('',(-0.095074092806874,-0.0099848060445385,-0.00489813114449988));
#11952=CARTESIAN_POINT('',(-0.0952388851781694,-0.0099848060445385,-0.00480338474758057));
#11953=CARTESIAN_POINT('',(-0.0955751058551749,-0.0099848060445385,-0.00468393792811809));
#11954=CARTESIAN_POINT('',(-0.0955751058551749,-0.0099848060445385,-0.00468393792811809));
#11955=CARTESIAN_POINT('',(-0.0955751058551749,-0.0099848060445385,-0.00468393792811809));
#11956=CARTESIAN_POINT('',(-0.0960447825465181,-0.0099848060445385,-0.00451582758961535));
#11957=CARTESIAN_POINT('',(-0.0962464412201168,-0.0099848060445385,-0.00428541320022014));
#11958=CARTESIAN_POINT('',(-0.0962464412201168,-0.0099848060445385,-0.00428541320022014));
#11959=CARTESIAN_POINT('',(-0.0962464412201168,-0.0099848060445385,-0.00428541320022014));
#11960=CARTESIAN_POINT('',(-0.0964480998937155,-0.0099848060445385,-0.00405499881082493));
#11961=CARTESIAN_POINT('',(-0.0964480998937155,-0.0099848060445385,-0.0036841238096544));
#11962=CARTESIAN_POINT('',(-0.0964480998937155,-0.0099848060445385,-0.0036841238096544));
#11963=CARTESIAN_POINT('',(-0.0964480998937155,-0.0099848060445385,-0.0036841238096544));
#11964=CARTESIAN_POINT('',(-0.0964480998937155,-0.0099848060445385,-0.00329481565733226));
#11965=CARTESIAN_POINT('',(-0.0961557501164508,-0.0099848060445385,-0.00306440126793705));
#11966=CARTESIAN_POINT('',(-0.0961557501164508,-0.0099848060445385,-0.00306440126793705));
#11967=CARTESIAN_POINT('',(-0.0961557501164508,-0.0099848060445385,-0.00306440126793705));
#11968=CARTESIAN_POINT('',(-0.0958634003391862,-0.0099848060445385,-0.00283398687854184));
#11969=CARTESIAN_POINT('',(-0.0953811891050599,-0.0099848060445385,-0.00283398687854184));
#11970=CARTESIAN_POINT('',(-0.0953811891050599,-0.0099848060445385,-0.00283398687854184));
#11971=CARTESIAN_POINT('',(-0.0953526515173701,-0.0099848060445385,-0.00511686354542116));
#11972=CARTESIAN_POINT('',(-0.0944570908341333,-0.0099848060445385,-0.00301768178966104));
#11973=CARTESIAN_POINT('',(-0.0945185176311642,-0.0099848060445385,-0.00318864070669894));
#11974=CARTESIAN_POINT('',(-0.0945797156929876,-0.0099848060445385,-0.00335896302333988));
#11975=CARTESIAN_POINT('',(-0.0945797156929876,-0.0099848060445385,-0.00335896302333988));
#11976=CARTESIAN_POINT('',(-0.0949970422350602,-0.0099848060445385,-0.00318421675042255));
#11977=CARTESIAN_POINT('',(-0.0953907743436587,-0.0099848060445385,-0.00318421675042255));
#11978=CARTESIAN_POINT('',(-0.0953907743436587,-0.0099848060445385,-0.00318421675042255));
#11979=CARTESIAN_POINT('',(-0.0953907743436587,-0.0099848060445385,-0.00318421675042255));
#11980=CARTESIAN_POINT('',(-0.095701925935098,-0.0099848060445385,-0.00318421675042255));
#11981=CARTESIAN_POINT('',(-0.0958770408710384,-0.0099848060445385,-0.00331767276476026));
#11982=CARTESIAN_POINT('',(-0.0958770408710384,-0.0099848060445385,-0.00331767276476026));
#11983=CARTESIAN_POINT('',(-0.0958770408710384,-0.0099848060445385,-0.00331767276476026));
#11984=CARTESIAN_POINT('',(-0.0960521558069787,-0.0099848060445385,-0.00345112877909796));
#11985=CARTESIAN_POINT('',(-0.0960521558069787,-0.0099848060445385,-0.00368854776593079));
#11986=CARTESIAN_POINT('',(-0.0960521558069787,-0.0099848060445385,-0.00368854776593079));
#11987=CARTESIAN_POINT('',(-0.0960521558069787,-0.0099848060445385,-0.00368854776593079));
#11988=CARTESIAN_POINT('',(-0.0960521558069787,-0.0099848060445385,-0.00386329403884812));
#11989=CARTESIAN_POINT('',(-0.0959876397779481,-0.0099848060445385,-0.00397536759784994));
#11990=CARTESIAN_POINT('',(-0.0959876397779481,-0.0099848060445385,-0.00397536759784994));
#11991=CARTESIAN_POINT('',(-0.0959876397779481,-0.0099848060445385,-0.00397536759784994));
#11992=CARTESIAN_POINT('',(-0.0959231237489174,-0.0099848060445385,-0.00408744115685178));
#11993=CARTESIAN_POINT('',(-0.095769759931336,-0.0099848060445385,-0.00418071290167896));
#11994=CARTESIAN_POINT('',(-0.095769759931336,-0.0099848060445385,-0.00418071290167896));
#11995=CARTESIAN_POINT('',(-0.095769759931336,-0.0099848060445385,-0.00418071290167896));
#11996=CARTESIAN_POINT('',(-0.0956163961137545,-0.0099848060445385,-0.00427398464650613));
#11997=CARTESIAN_POINT('',(-0.0953008205660388,-0.0099848060445385,-0.00438679553155403));
#11998=CARTESIAN_POINT('',(-0.0953008205660388,-0.0099848060445385,-0.00438679553155403));
#11999=CARTESIAN_POINT('',(-0.0953008205660388,-0.0099848060445385,-0.00438679553155403));
#12000=CARTESIAN_POINT('',(-0.0947706831389184,-0.0099848060445385,-0.00457555099934659));
#12001=CARTESIAN_POINT('',(-0.0945716051064809,-0.0099848060445385,-0.0047923248568896));
#12002=CARTESIAN_POINT('',(-0.105387943409153,0.0250151939554615,0.0135139791523816));
#12003=CARTESIAN_POINT('',(-0.0918779434091532,0.0077151939554615,0.0150374778502585));
#12004=CARTESIAN_POINT('',(-0.0918779434091532,0.0122651939554615,0.0150374778502585));
#12005=CARTESIAN_POINT('',(-0.0918779434091532,0.0122651939554615,0.0175374778502585));
#12006=CARTESIAN_POINT('',(-0.0918779434091532,0.0220151939554615,0.0150374778502585));
#12007=CARTESIAN_POINT('',(-0.0918779434091532,0.0220151939554615,0.0175374778502585));
#12008=CARTESIAN_POINT('',(-0.0797879434091532,0.0250151939554615,0.0135139791523816));
#12009=CARTESIAN_POINT('',(-0.0943362274850798,-0.0044848060445385,0.0194274778502585));
#12010=CARTESIAN_POINT('',(-0.0818279434091532,-0.0044848060445385,0.0250874778502585));
#12011=CARTESIAN_POINT('',(-0.0822127305311644,-0.0044848060445385,0.0265838259592229));
#12012=CARTESIAN_POINT('',(-0.0822127305311644,-0.0044848060445385,0.0235911297412941));
#12013=CARTESIAN_POINT('',(-0.0822127305311644,-0.0044848060445385,0.0484274778502585));
#12014=CARTESIAN_POINT('',(-0.0822127305311644,-0.0044848060445385,0.0265889567447936));
#12015=CARTESIAN_POINT('',(-0.0818279434091532,-0.0044848060445385,0.0250874778502585));
#12016=CARTESIAN_POINT('',(-0.0822127305311644,-0.0044848060445385,0.0235859989557234));
#12017=CARTESIAN_POINT('',(-0.0822127305311644,-0.0044848060445385,0.0484274778502585));
#12018=CARTESIAN_POINT('',(-0.0818279434091532,-0.0044848060445385,0.0250874778502585));
#12019=CARTESIAN_POINT('',(-0.0822127305311644,-0.0044848060445385,0.0265889567447936));
#12020=CARTESIAN_POINT('',(-0.0822127305311644,-0.0044848060445385,0.0235859989557234));
#12021=CARTESIAN_POINT('',(-0.101927943409153,-0.0044848060445385,0.0250874778502585));
#12022=CARTESIAN_POINT('',(-0.101323086057373,-0.0044848060445385,0.0236603662274351));
#12023=CARTESIAN_POINT('',(-0.101323086057373,-0.0036348060445385,0.0236603662274351));
#12024=CARTESIAN_POINT('',(-0.101323086057373,-0.0044848060445385,0.026514589473082));
#12025=CARTESIAN_POINT('',(-0.101323086057373,-0.0036348060445385,0.026514589473082));
#12026=CARTESIAN_POINT('',(-0.101927943409153,-0.0036348060445385,0.0250874778502585));
#12027=CARTESIAN_POINT('',(-0.101323086057373,0.00651264771852908,0.0516274778502585));
#12028=CARTESIAN_POINT('',(-0.101323086057373,-0.0036348060445385,0.0516274778502585));
#12029=CARTESIAN_POINT('',(-0.0822127305311644,0.00615611042861161,0.0484274778502585));
#12030=CARTESIAN_POINT('',(-0.0822127305311644,-0.0036348060445385,0.0484274778502585));
#12031=CARTESIAN_POINT('',(-0.0822127305311644,-0.0036348060445385,0.0235911297412941));
#12032=CARTESIAN_POINT('',(-0.0822127305311644,-0.0036348060445385,0.0265838259592229));
#12033=CARTESIAN_POINT('',(-0.0822127305311644,-0.0036348060445385,0.0235911297412941));
#12034=CARTESIAN_POINT('',(-0.0822127305311644,-0.0036348060445385,0.0265838259592229));
#12035=CARTESIAN_POINT('',(-0.0925879434091532,0.0060151939554615,0.00242747785025851));
#12036=CARTESIAN_POINT('',(-0.0863379434091532,0.00601519395546148,0.00242747785025851));
#12037=CARTESIAN_POINT('',(-0.0863379434091532,-0.000234806044538498,0.00242747785025851));
#12038=CARTESIAN_POINT('',(-0.0863379434091532,0.0122651939554615,0.00242747785025851));
#12039=CARTESIAN_POINT('',(-0.0925879434091532,0.0122651939554615,0.00242747785025851));
#12040=CARTESIAN_POINT('',(-0.0988379434091532,0.0122651939554615,0.00242747785025851));
#12041=CARTESIAN_POINT('',(-0.0988379434091532,0.00601519395546148,0.00242747785025851));
#12042=CARTESIAN_POINT('',(-0.0988379434091532,-0.000234806044538498,0.00242747785025851));
#12043=CARTESIAN_POINT('',(-0.0925879434091532,-0.000234806044538498,0.00242747785025851));
#12044=CARTESIAN_POINT('',(-0.0797879434091532,0.0250151939554615,0.0135139791523816));
#12045=CARTESIAN_POINT('',(-0.0918779434091532,0.0287651939554615,0.0150374778502585));
#12046=CARTESIAN_POINT('',(-0.0918779434091532,-0.000234806044538498,0.0150374778502585));
#12047=CARTESIAN_POINT('',(-0.0918779434091532,-0.000234806044538498,0.0163374778502585));
#12048=CARTESIAN_POINT('',(-0.0988379434091532,0.00601519395546148,-0.000572522149741499));
#12049=CARTESIAN_POINT('',(-0.0988379434091532,-0.000234806044538498,-0.000572522149741499));
#12050=CARTESIAN_POINT('',(-0.0988379434091532,0.0122651939554615,-0.000572522149741499));
#12051=CARTESIAN_POINT('',(-0.0925879434091532,0.0122651939554615,-0.000572522149741499));
#12052=CARTESIAN_POINT('',(-0.0863379434091532,0.0122651939554615,-0.000572522149741499));
#12053=CARTESIAN_POINT('',(-0.0863379434091532,0.00601519395546148,-0.000572522149741499));
#12054=CARTESIAN_POINT('',(-0.0863379434091532,-0.000234806044538498,-0.000572522149741499));
#12055=CARTESIAN_POINT('',(-0.0925879434091532,-0.000234806044538498,-0.000572522149741499));
#12056=CARTESIAN_POINT('',(-0.105387943409153,0.0250151939554615,0.0135139791523816));
#12057=CARTESIAN_POINT('',(-0.0887119217266211,0.0230311939554615,0.0136449840539769));
#12058=CARTESIAN_POINT('',(-0.0891625361523398,0.0230311939554615,0.0136449840539769));
#12059=CARTESIAN_POINT('',(-0.0891625361523398,0.0225231939554615,0.0136449840539769));
#12060=CARTESIAN_POINT('',(-0.0891625361523398,0.0230311939554615,0.0136449840539769));
#12061=CARTESIAN_POINT('',(-0.0891625361523398,0.0230311939554615,0.0136449840539769));
#12062=CARTESIAN_POINT('',(-0.0887119217266211,0.0230311939554615,0.0136449840539769));
#12063=CARTESIAN_POINT('',(-0.0882613073009023,0.0230311939554615,0.0136449840539769));
#12064=CARTESIAN_POINT('',(-0.0882613073009023,0.0230311939554615,0.0136449840539769));
#12065=CARTESIAN_POINT('',(-0.0891625361523398,0.0230311939554615,0.0149660576754884));
#12066=CARTESIAN_POINT('',(-0.0891625361523398,0.0225231939554615,0.0169600944862441));
#12067=CARTESIAN_POINT('',(-0.0891625361523398,0.0225231939554615,0.0162871312969998));
#12068=CARTESIAN_POINT('',(-0.0891625361523398,0.0230311939554615,0.0162871312969998));
#12069=CARTESIAN_POINT('',(-0.0891625361523398,0.0230311939554615,0.0162871312969998));
#12070=CARTESIAN_POINT('',(-0.0891625361523398,0.0230311939554615,0.0149660576754884));
#12071=CARTESIAN_POINT('',(-0.0887119217266211,0.0230311939554615,0.0162871312969998));
#12072=CARTESIAN_POINT('',(-0.0882613073009023,0.0230311939554615,0.0162871312969998));
#12073=CARTESIAN_POINT('',(-0.0882613073009023,0.0230311939554615,0.0162871312969998));
#12074=CARTESIAN_POINT('',(-0.0887119217266211,0.0230311939554615,0.0162871312969998));
#12075=CARTESIAN_POINT('',(-0.0891625361523398,0.0230311939554615,0.0162871312969998));
#12076=CARTESIAN_POINT('',(-0.0882613073009023,0.0230311939554615,0.0149660576754884));
#12077=CARTESIAN_POINT('',(-0.0882613073009023,0.0230311939554615,0.0149660576754884));
#12078=CARTESIAN_POINT('',(-0.0943362274850798,0.0230311939554615,0.0194274778502585));
#12079=CARTESIAN_POINT('',(-0.0944965361523398,0.0230311939554615,0.0149660576754884));
#12080=CARTESIAN_POINT('',(-0.0944965361523398,0.0225231939554615,0.0129720208647327));
#12081=CARTESIAN_POINT('',(-0.0944965361523398,0.0225231939554615,0.0136449840539769));
#12082=CARTESIAN_POINT('',(-0.0944965361523398,0.0225231939554615,0.0162871312969998));
#12083=CARTESIAN_POINT('',(-0.0944965361523398,0.0230311939554615,0.0136449840539769));
#12084=CARTESIAN_POINT('',(-0.0944965361523398,0.0230311939554615,0.0136449840539769));
#12085=CARTESIAN_POINT('',(-0.0944965361523398,0.0230311939554615,0.0149660576754884));
#12086=CARTESIAN_POINT('',(-0.0944965361523398,0.0230311939554615,0.0162871312969998));
#12087=CARTESIAN_POINT('',(-0.0944965361523398,0.0230311939554615,0.0162871312969998));
#12088=CARTESIAN_POINT('',(-0.0949471505780586,0.0230311939554615,0.0136449840539769));
#12089=CARTESIAN_POINT('',(-0.0953977650037774,0.0230311939554615,0.0136449840539769));
#12090=CARTESIAN_POINT('',(-0.0953977650037774,0.0230311939554615,0.0136449840539769));
#12091=CARTESIAN_POINT('',(-0.0949471505780586,0.0230311939554615,0.0136449840539769));
#12092=CARTESIAN_POINT('',(-0.0944965361523398,0.0230311939554615,0.0136449840539769));
#12093=CARTESIAN_POINT('',(-0.0953977650037774,0.0230311939554615,0.0149660576754884));
#12094=CARTESIAN_POINT('',(-0.0953977650037774,0.0230311939554615,0.0162871312969998));
#12095=CARTESIAN_POINT('',(-0.0953977650037774,0.0230311939554615,0.0162871312969998));
#12096=CARTESIAN_POINT('',(-0.0953977650037774,0.0230311939554615,0.0149660576754884));
#12097=CARTESIAN_POINT('',(-0.0949471505780586,0.0230311939554615,0.0162871312969998));
#12098=CARTESIAN_POINT('',(-0.0944965361523398,0.0230311939554615,0.0162871312969998));
#12099=CARTESIAN_POINT('',(-0.0949471505780586,0.0230311939554615,0.0162871312969998));
#12100=CARTESIAN_POINT('',(-0.0943362274850798,0.0230311939554615,0.0194274778502585));
#12101=CARTESIAN_POINT('',(-0.0891625361523398,0.0225231939554615,0.0169600944862441));
#12102=CARTESIAN_POINT('',(-0.0891625361523398,0.0225231939554615,0.0169600944862441));
#12103=CARTESIAN_POINT('',(-0.0891625361523398,0.0225231939554615,0.0176330576754884));
#12104=CARTESIAN_POINT('',(-0.0891625361523398,0.0225231939554615,0.0176330576754884));
#12105=CARTESIAN_POINT('',(-0.0944965361523398,0.0225231939554615,0.0129720208647327));
#12106=CARTESIAN_POINT('',(-0.0944965361523398,0.0225231939554615,0.0129720208647327));
#12107=CARTESIAN_POINT('',(-0.0944965361523398,0.0225231939554615,0.0176330576754884));
#12108=CARTESIAN_POINT('',(-0.0944965361523398,0.0225231939554615,0.0176330576754884));
#12109=CARTESIAN_POINT('',(-0.0943362274850798,0.0220151939554615,0.0194274778502585));
#12110=CARTESIAN_POINT('',(-0.0918295361523398,0.0220151939554615,0.0149660576754884));
#12111=CARTESIAN_POINT('',(-0.0918295361523398,0.0220151939554615,0.0170234576754884));
#12112=CARTESIAN_POINT('',(-0.0891625361523398,0.0225231939554615,0.0169600944862441));
#12113=CARTESIAN_POINT('',(-0.0891625361523398,0.0225231939554615,0.0169600944862441));
#12114=CARTESIAN_POINT('',(-0.0891625361523398,0.0225231939554615,0.0122990576754884));
#12115=CARTESIAN_POINT('',(-0.0891625361523398,0.0225231939554615,0.0122990576754884));
#12116=CARTESIAN_POINT('',(-0.0918295361523398,0.0225231939554615,0.0122990576754884));
#12117=CARTESIAN_POINT('',(-0.0944965361523398,0.0225231939554615,0.0122990576754884));
#12118=CARTESIAN_POINT('',(-0.0944965361523398,0.0225231939554615,0.0122990576754884));
#12119=CARTESIAN_POINT('',(-0.0918295361523398,0.0225231939554615,0.0122990576754884));
#12120=CARTESIAN_POINT('',(-0.0944965361523398,0.0225231939554615,0.0129720208647327));
#12121=CARTESIAN_POINT('',(-0.0944965361523398,0.0225231939554615,0.0129720208647327));
#12122=CARTESIAN_POINT('',(-0.0918295361523398,0.0225231939554615,0.0176330576754884));
#12123=CARTESIAN_POINT('',(-0.0918295361523398,0.0225231939554615,0.0176330576754884));
#12124=CARTESIAN_POINT('',(-0.0918295361523398,0.0225231939554615,0.0149660576754884));
#12125=CARTESIAN_POINT('',(-0.0918295361523398,0.0225231939554615,0.0149660576754884));
#12126=CARTESIAN_POINT('',(-0.0918295361523398,0.0225231939554615,0.0170234576754884));
#12127=CARTESIAN_POINT('',(-0.0943362274850798,0.0225231939554615,0.0194274778502585));
#12128=CARTESIAN_POINT('',(-0.0918295361523398,0.0172526939554615,0.0111456026333524));
#12129=CARTESIAN_POINT('',(-0.0918295361523398,0.0172526939554615,0.0111456026333524));
#12130=CARTESIAN_POINT('',(-0.0918295361523398,0.0172526939554615,0.0120346026333524));
#12131=CARTESIAN_POINT('',(-0.0943362274850798,0.0172526939554615,0.0194274778502585));
#12132=CARTESIAN_POINT('',(-0.0918295361523398,0.0172526939554615,0.0187656026333524));
#12133=CARTESIAN_POINT('',(-0.0918295361523398,0.0172526939554615,0.0187656026333524));
#12134=CARTESIAN_POINT('',(-0.0918295361523398,0.0172526939554615,0.0196546026333524));
#12135=CARTESIAN_POINT('',(-0.0943362274850798,0.0172526939554615,0.0194274778502585));
#12136=CARTESIAN_POINT('',(-0.0847146618596654,-0.0104928060445385,-0.00625075577600551));
#12137=CARTESIAN_POINT('',(-0.0836075668014993,-0.0104928060445385,-0.00625075577600551));
#12138=CARTESIAN_POINT('',(-0.0836075668014993,-0.0104928060445385,-0.00625075577600551));
#12139=CARTESIAN_POINT('',(-0.0847146618596654,-0.0104928060445385,-0.00625075577600551));
#12140=CARTESIAN_POINT('',(-0.0858217569178315,-0.0104928060445385,-0.00625075577600551));
#12141=CARTESIAN_POINT('',(-0.0858217569178315,-0.0104928060445385,-0.00625075577600551));
#12142=CARTESIAN_POINT('',(-0.0836075668014993,-0.0104928060445385,-0.00607342886192696));
#12143=CARTESIAN_POINT('',(-0.0836075668014993,-0.0104928060445385,-0.00589610194784841));
#12144=CARTESIAN_POINT('',(-0.0836075668014993,-0.0104928060445385,-0.00589610194784841));
#12145=CARTESIAN_POINT('',(-0.0836075668014993,-0.0104928060445385,-0.00607342886192696));
#12146=CARTESIAN_POINT('',(-0.0844739249056253,-0.0104928060445385,-0.00589610194784841));
#12147=CARTESIAN_POINT('',(-0.0853402830097513,-0.0104928060445385,-0.00589610194784841));
#12148=CARTESIAN_POINT('',(-0.0853402830097513,-0.0104928060445385,-0.00589610194784841));
#12149=CARTESIAN_POINT('',(-0.0844739249056253,-0.0104928060445385,-0.00589610194784841));
#12150=CARTESIAN_POINT('',(-0.0853402830097513,-0.0104928060445385,-0.0058868853722726));
#12151=CARTESIAN_POINT('',(-0.0853402830097513,-0.0104928060445385,-0.00587766879669679));
#12152=CARTESIAN_POINT('',(-0.0853402830097513,-0.0104928060445385,-0.00587766879669679));
#12153=CARTESIAN_POINT('',(-0.0853402830097513,-0.0104928060445385,-0.0058868853722726));
#12154=CARTESIAN_POINT('',(-0.0849716199867189,-0.0104928060445385,-0.00551711636017117));
#12155=CARTESIAN_POINT('',(-0.0846029569636866,-0.0104928060445385,-0.00515656392364555));
#12156=CARTESIAN_POINT('',(-0.0846029569636866,-0.0104928060445385,-0.00515656392364555));
#12157=CARTESIAN_POINT('',(-0.0849716199867189,-0.0104928060445385,-0.00551711636017117));
#12158=CARTESIAN_POINT('',(-0.0839305156096756,-0.0104928060445385,-0.00436393842412603));
#12159=CARTESIAN_POINT('',(-0.0839305156096756,-0.0099848060445385,-0.00436393842412603));
#12160=CARTESIAN_POINT('',(-0.0840504539798355,-0.0104928060445385,-0.00457284747051102));
#12161=CARTESIAN_POINT('',(-0.0840504539798355,-0.0099848060445385,-0.00457284747051102));
#12162=CARTESIAN_POINT('',(-0.0842746010978391,-0.0104928060445385,-0.00483705597035086));
#12163=CARTESIAN_POINT('',(-0.0842746010978391,-0.0099848060445385,-0.00483705597035086));
#12164=CARTESIAN_POINT('',(-0.0846029569636866,-0.0104928060445385,-0.00515656392364555));
#12165=CARTESIAN_POINT('',(-0.0846029569636866,-0.0099848060445385,-0.00515656392364555));
#12166=CARTESIAN_POINT('',(-0.0839305156096756,-0.0104928060445385,-0.00436393842412603));
#12167=CARTESIAN_POINT('',(-0.0839305156096756,-0.0104928060445385,-0.00436393842412603));
#12168=CARTESIAN_POINT('',(-0.0839305156096756,-0.0104928060445385,-0.00436393842412603));
#12169=CARTESIAN_POINT('',(-0.0841104231649154,-0.0104928060445385,-0.00467730199370351));
#12170=CARTESIAN_POINT('',(-0.0846029569636866,-0.0104928060445385,-0.00515656392364555));
#12171=CARTESIAN_POINT('',(-0.0837506080544358,-0.0104928060445385,-0.00372983802451041));
#12172=CARTESIAN_POINT('',(-0.0837506080544358,-0.0099848060445385,-0.00372983802451041));
#12173=CARTESIAN_POINT('',(-0.0837506080544358,-0.0104928060445385,-0.00394366257786917));
#12174=CARTESIAN_POINT('',(-0.0837506080544358,-0.0099848060445385,-0.00394366257786917));
#12175=CARTESIAN_POINT('',(-0.0838105772395158,-0.0104928060445385,-0.00415502937774104));
#12176=CARTESIAN_POINT('',(-0.0838105772395158,-0.0099848060445385,-0.00415502937774104));
#12177=CARTESIAN_POINT('',(-0.0839305156096756,-0.0104928060445385,-0.00436393842412603));
#12178=CARTESIAN_POINT('',(-0.0839305156096756,-0.0099848060445385,-0.00436393842412603));
#12179=CARTESIAN_POINT('',(-0.0837506080544358,-0.0104928060445385,-0.00372983802451041));
#12180=CARTESIAN_POINT('',(-0.0837506080544358,-0.0104928060445385,-0.00372983802451041));
#12181=CARTESIAN_POINT('',(-0.0837506080544358,-0.0104928060445385,-0.00372983802451041));
#12182=CARTESIAN_POINT('',(-0.0837506080544358,-0.0104928060445385,-0.00405057485454854));
#12183=CARTESIAN_POINT('',(-0.0839305156096756,-0.0104928060445385,-0.00436393842412603));
#12184=CARTESIAN_POINT('',(-0.0840201007242725,-0.0104928060445385,-0.00307693581072015));
#12185=CARTESIAN_POINT('',(-0.0840201007242725,-0.0099848060445385,-0.00307693581072015));
#12186=CARTESIAN_POINT('',(-0.0838404389443814,-0.0104928060445385,-0.00323890176550569));
#12187=CARTESIAN_POINT('',(-0.0838404389443814,-0.0099848060445385,-0.00323890176550569));
#12188=CARTESIAN_POINT('',(-0.0837506080544358,-0.0104928060445385,-0.00345653583676911));
#12189=CARTESIAN_POINT('',(-0.0837506080544358,-0.0099848060445385,-0.00345653583676911));
#12190=CARTESIAN_POINT('',(-0.0837506080544358,-0.0104928060445385,-0.00372983802451041));
#12191=CARTESIAN_POINT('',(-0.0837506080544358,-0.0099848060445385,-0.00372983802451041));
#12192=CARTESIAN_POINT('',(-0.0840201007242725,-0.0104928060445385,-0.00307693581072015));
#12193=CARTESIAN_POINT('',(-0.0840201007242725,-0.0104928060445385,-0.00307693581072015));
#12194=CARTESIAN_POINT('',(-0.0840201007242725,-0.0104928060445385,-0.00307693581072015));
#12195=CARTESIAN_POINT('',(-0.0837506080544358,-0.0104928060445385,-0.00331988474289845));
#12196=CARTESIAN_POINT('',(-0.0837506080544358,-0.0104928060445385,-0.00372983802451041));
#12197=CARTESIAN_POINT('',(-0.0847644313677747,-0.0104928060445385,-0.00283398687854184));
#12198=CARTESIAN_POINT('',(-0.0847644313677747,-0.0099848060445385,-0.00283398687854184));
#12199=CARTESIAN_POINT('',(-0.0844478727186643,-0.0104928060445385,-0.00283398687854184));
#12200=CARTESIAN_POINT('',(-0.0844478727186643,-0.0099848060445385,-0.00283398687854184));
#12201=CARTESIAN_POINT('',(-0.0841997625041636,-0.0104928060445385,-0.00291496985593461));
#12202=CARTESIAN_POINT('',(-0.0841997625041636,-0.0099848060445385,-0.00291496985593461));
#12203=CARTESIAN_POINT('',(-0.0840201007242725,-0.0104928060445385,-0.00307693581072015));
#12204=CARTESIAN_POINT('',(-0.0840201007242725,-0.0099848060445385,-0.00307693581072015));
#12205=CARTESIAN_POINT('',(-0.0847644313677747,-0.0104928060445385,-0.00283398687854184));
#12206=CARTESIAN_POINT('',(-0.0847644313677747,-0.0104928060445385,-0.00283398687854184));
#12207=CARTESIAN_POINT('',(-0.0847644313677747,-0.0104928060445385,-0.00283398687854184));
#12208=CARTESIAN_POINT('',(-0.0842895933941091,-0.0104928060445385,-0.00283398687854184));
#12209=CARTESIAN_POINT('',(-0.0840201007242725,-0.0104928060445385,-0.00307693581072015));
#12210=CARTESIAN_POINT('',(-0.0857782546811137,-0.0104928060445385,-0.00322108305272579));
#12211=CARTESIAN_POINT('',(-0.0857782546811137,-0.0099848060445385,-0.00322108305272579));
#12212=CARTESIAN_POINT('',(-0.0854680861910692,-0.0104928060445385,-0.00296301893660316));
#12213=CARTESIAN_POINT('',(-0.0854680861910692,-0.0099848060445385,-0.00296301893660316));
#12214=CARTESIAN_POINT('',(-0.0851301450866229,-0.0104928060445385,-0.00283398687854184));
#12215=CARTESIAN_POINT('',(-0.0851301450866229,-0.0099848060445385,-0.00283398687854184));
#12216=CARTESIAN_POINT('',(-0.0847644313677747,-0.0104928060445385,-0.00283398687854184));
#12217=CARTESIAN_POINT('',(-0.0847644313677747,-0.0099848060445385,-0.00283398687854184));
#12218=CARTESIAN_POINT('',(-0.0857782546811137,-0.0104928060445385,-0.00322108305272579));
#12219=CARTESIAN_POINT('',(-0.0857782546811137,-0.0104928060445385,-0.00322108305272579));
#12220=CARTESIAN_POINT('',(-0.0857782546811137,-0.0104928060445385,-0.00322108305272579));
#12221=CARTESIAN_POINT('',(-0.0853130019460469,-0.0104928060445385,-0.00283398687854184));
#12222=CARTESIAN_POINT('',(-0.0847644313677747,-0.0104928060445385,-0.00283398687854184));
#12223=CARTESIAN_POINT('',(-0.0856768723497798,-0.0104928060445385,-0.0033512210998562));
#12224=CARTESIAN_POINT('',(-0.0855754900184459,-0.0104928060445385,-0.00348135914698661));
#12225=CARTESIAN_POINT('',(-0.0855754900184459,-0.0104928060445385,-0.00348135914698661));
#12226=CARTESIAN_POINT('',(-0.0856768723497798,-0.0104928060445385,-0.0033512210998562));
#12227=CARTESIAN_POINT('',(-0.0851574261503272,-0.0104928060445385,-0.00322993096527856));
#12228=CARTESIAN_POINT('',(-0.0851574261503272,-0.0099848060445385,-0.00322993096527856));
#12229=CARTESIAN_POINT('',(-0.0852827715781582,-0.0104928060445385,-0.00327613673083195));
#12230=CARTESIAN_POINT('',(-0.0852827715781582,-0.0099848060445385,-0.00327613673083195));
#12231=CARTESIAN_POINT('',(-0.0854221262008644,-0.0104928060445385,-0.00335994612473464));
#12232=CARTESIAN_POINT('',(-0.0854221262008644,-0.0099848060445385,-0.00335994612473464));
#12233=CARTESIAN_POINT('',(-0.0855754900184459,-0.0104928060445385,-0.00348135914698662));
#12234=CARTESIAN_POINT('',(-0.0855754900184459,-0.0099848060445385,-0.00348135914698662));
#12235=CARTESIAN_POINT('',(-0.0851574261503272,-0.0104928060445385,-0.00322993096527856));
#12236=CARTESIAN_POINT('',(-0.0851574261503272,-0.0104928060445385,-0.00322993096527856));
#12237=CARTESIAN_POINT('',(-0.0851574261503272,-0.0104928060445385,-0.00322993096527856));
#12238=CARTESIAN_POINT('',(-0.0853454442920737,-0.0104928060445385,-0.00329923961360865));
#12239=CARTESIAN_POINT('',(-0.0855754900184459,-0.0104928060445385,-0.00348135914698662));
#12240=CARTESIAN_POINT('',(-0.0847668024406465,-0.0104928060445385,-0.00430023991025451));
#12241=CARTESIAN_POINT('',(-0.0847600074114984,-0.0104928060445385,-0.00316062231694849));
#12242=CARTESIAN_POINT('',(-0.0847600074114984,-0.0104928060445385,-0.00316062231694849));
#12243=CARTESIAN_POINT('',(-0.0847668024406465,-0.0104928060445385,-0.00430023991025451));
#12244=CARTESIAN_POINT('',(-0.0843058145671225,-0.0104928060445385,-0.00331841009080633));
#12245=CARTESIAN_POINT('',(-0.0843058145671225,-0.0099848060445385,-0.00331841009080633));
#12246=CARTESIAN_POINT('',(-0.0844149388219401,-0.0104928060445385,-0.00321321824156777));
#12247=CARTESIAN_POINT('',(-0.0844149388219401,-0.0099848060445385,-0.00321321824156777));
#12248=CARTESIAN_POINT('',(-0.0845663364367321,-0.0104928060445385,-0.00316062231694849));
#12249=CARTESIAN_POINT('',(-0.0845663364367321,-0.0099848060445385,-0.00316062231694849));
#12250=CARTESIAN_POINT('',(-0.0847600074114984,-0.0104928060445385,-0.00316062231694849));
#12251=CARTESIAN_POINT('',(-0.0847600074114984,-0.0099848060445385,-0.00316062231694849));
#12252=CARTESIAN_POINT('',(-0.0843058145671225,-0.0104928060445385,-0.00331841009080633));
#12253=CARTESIAN_POINT('',(-0.0843058145671225,-0.0104928060445385,-0.00331841009080633));
#12254=CARTESIAN_POINT('',(-0.0843058145671225,-0.0104928060445385,-0.00331841009080633));
#12255=CARTESIAN_POINT('',(-0.0844695009493489,-0.0104928060445385,-0.00316062231694849));
#12256=CARTESIAN_POINT('',(-0.0847600074114984,-0.0104928060445385,-0.00316062231694849));
#12257=CARTESIAN_POINT('',(-0.0841421281848962,-0.0104928060445385,-0.00374605919752383));
#12258=CARTESIAN_POINT('',(-0.0841421281848962,-0.0099848060445385,-0.00374605919752383));
#12259=CARTESIAN_POINT('',(-0.0841421281848962,-0.0104928060445385,-0.00356615164228405));
#12260=CARTESIAN_POINT('',(-0.0841421281848962,-0.0099848060445385,-0.00356615164228405));
#12261=CARTESIAN_POINT('',(-0.084196690312305,-0.0104928060445385,-0.00342360194004489));
#12262=CARTESIAN_POINT('',(-0.084196690312305,-0.0099848060445385,-0.00342360194004489));
#12263=CARTESIAN_POINT('',(-0.0843058145671225,-0.0104928060445385,-0.00331841009080633));
#12264=CARTESIAN_POINT('',(-0.0843058145671225,-0.0099848060445385,-0.00331841009080633));
#12265=CARTESIAN_POINT('',(-0.0841421281848962,-0.0104928060445385,-0.00374605919752383));
#12266=CARTESIAN_POINT('',(-0.0841421281848962,-0.0104928060445385,-0.00374605919752383));
#12267=CARTESIAN_POINT('',(-0.0841421281848962,-0.0104928060445385,-0.00374605919752383));
#12268=CARTESIAN_POINT('',(-0.0841421281848962,-0.0104928060445385,-0.00347619786466416));
#12269=CARTESIAN_POINT('',(-0.0843058145671225,-0.0104928060445385,-0.00331841009080633));
#12270=CARTESIAN_POINT('',(-0.0851182974414158,-0.0104928060445385,-0.00375498351454014));
#12271=CARTESIAN_POINT('',(-0.0842066442139268,-0.0104928060445385,-0.00410292500381914));
#12272=CARTESIAN_POINT('',(-0.0842064345816526,-0.0104928060445385,-0.00410300809526306));
#12273=CARTESIAN_POINT('',(-0.0851182974414158,-0.0104928060445385,-0.00375498351454014));
#12274=CARTESIAN_POINT('',(-0.0855949408156093,-0.0104928060445385,-0.00353651549209786));
#12275=CARTESIAN_POINT('',(-0.0844001923010188,-0.0104928060445385,-0.00444393830012405));
#12276=CARTESIAN_POINT('',(-0.0844001923010188,-0.0104928060445385,-0.00444393830012405));
#12277=CARTESIAN_POINT('',(-0.0855949408156093,-0.0104928060445385,-0.00353651549209786));
#12278=CARTESIAN_POINT('',(-0.0849347536844157,-0.0104928060445385,-0.00502974384372242));
#12279=CARTESIAN_POINT('',(-0.0849347536844157,-0.0099848060445385,-0.00502974384372242));
#12280=CARTESIAN_POINT('',(-0.0846644008008586,-0.0104928060445385,-0.00475595010528374));
#12281=CARTESIAN_POINT('',(-0.0846644008008586,-0.0099848060445385,-0.00475595010528374));
#12282=CARTESIAN_POINT('',(-0.0844862136730597,-0.0104928060445385,-0.00456068159075095));
#12283=CARTESIAN_POINT('',(-0.0844862136730597,-0.0099848060445385,-0.00456068159075095));
#12284=CARTESIAN_POINT('',(-0.0844001923010188,-0.0104928060445385,-0.00444393830012405));
#12285=CARTESIAN_POINT('',(-0.0844001923010188,-0.0099848060445385,-0.00444393830012405));
#12286=CARTESIAN_POINT('',(-0.0849347536844157,-0.0104928060445385,-0.00502974384372242));
#12287=CARTESIAN_POINT('',(-0.0849347536844157,-0.0104928060445385,-0.00502974384372242));
#12288=CARTESIAN_POINT('',(-0.0849347536844157,-0.0104928060445385,-0.00502974384372242));
#12289=CARTESIAN_POINT('',(-0.0845292243590801,-0.0104928060445385,-0.0046190532360644));
#12290=CARTESIAN_POINT('',(-0.0844001923010188,-0.0104928060445385,-0.00444393830012405));
#12291=CARTESIAN_POINT('',(-0.0853782553011236,-0.0104928060445385,-0.00547545743856851));
#12292=CARTESIAN_POINT('',(-0.0858217569178315,-0.0104928060445385,-0.0059211710334146));
#12293=CARTESIAN_POINT('',(-0.0858217569178315,-0.0104928060445385,-0.0059211710334146));
#12294=CARTESIAN_POINT('',(-0.0853782553011236,-0.0104928060445385,-0.00547545743856851));
#12295=CARTESIAN_POINT('',(-0.0858217569178315,-0.0104928060445385,-0.00608596340471006));
#12296=CARTESIAN_POINT('',(-0.0858217569178315,-0.0104928060445385,-0.00608596340471006));
#12297=CARTESIAN_POINT('',(-0.0943362274850798,-0.0104928060445385,0.0193259319756496));
#12298=CARTESIAN_POINT('',(-0.0901104138647666,-0.0104928060445385,-0.00625075577600551));
#12299=CARTESIAN_POINT('',(-0.0890033188066005,-0.0104928060445385,-0.00625075577600551));
#12300=CARTESIAN_POINT('',(-0.0890033188066005,-0.0104928060445385,-0.00625075577600551));
#12301=CARTESIAN_POINT('',(-0.0901104138647666,-0.0104928060445385,-0.00625075577600551));
#12302=CARTESIAN_POINT('',(-0.0912175089229327,-0.0104928060445385,-0.00625075577600551));
#12303=CARTESIAN_POINT('',(-0.0912175089229327,-0.0104928060445385,-0.00625075577600551));
#12304=CARTESIAN_POINT('',(-0.0890033188066005,-0.0104928060445385,-0.00607342886192696));
#12305=CARTESIAN_POINT('',(-0.0890033188066005,-0.0104928060445385,-0.00589610194784841));
#12306=CARTESIAN_POINT('',(-0.0890033188066005,-0.0104928060445385,-0.00589610194784841));
#12307=CARTESIAN_POINT('',(-0.0890033188066005,-0.0104928060445385,-0.00607342886192696));
#12308=CARTESIAN_POINT('',(-0.0898696769107265,-0.0104928060445385,-0.00589610194784841));
#12309=CARTESIAN_POINT('',(-0.0907360350148525,-0.0104928060445385,-0.00589610194784841));
#12310=CARTESIAN_POINT('',(-0.0907360350148525,-0.0104928060445385,-0.00589610194784841));
#12311=CARTESIAN_POINT('',(-0.0898696769107265,-0.0104928060445385,-0.00589610194784841));
#12312=CARTESIAN_POINT('',(-0.0907360350148525,-0.0104928060445385,-0.0058868853722726));
#12313=CARTESIAN_POINT('',(-0.0907360350148525,-0.0104928060445385,-0.00587766879669679));
#12314=CARTESIAN_POINT('',(-0.0907360350148525,-0.0104928060445385,-0.00587766879669679));
#12315=CARTESIAN_POINT('',(-0.0907360350148525,-0.0104928060445385,-0.0058868853722726));
#12316=CARTESIAN_POINT('',(-0.0903673719918202,-0.0104928060445385,-0.00551711636017117));
#12317=CARTESIAN_POINT('',(-0.0899987089687878,-0.0104928060445385,-0.00515656392364555));
#12318=CARTESIAN_POINT('',(-0.0899987089687878,-0.0104928060445385,-0.00515656392364555));
#12319=CARTESIAN_POINT('',(-0.0903673719918202,-0.0104928060445385,-0.00551711636017117));
#12320=CARTESIAN_POINT('',(-0.0893262676147769,-0.0104928060445385,-0.00436393842412603));
#12321=CARTESIAN_POINT('',(-0.0893262676147769,-0.0099848060445385,-0.00436393842412603));
#12322=CARTESIAN_POINT('',(-0.0894462059849367,-0.0104928060445385,-0.00457284747051102));
#12323=CARTESIAN_POINT('',(-0.0894462059849367,-0.0099848060445385,-0.00457284747051102));
#12324=CARTESIAN_POINT('',(-0.0896703531029403,-0.0104928060445385,-0.00483705597035086));
#12325=CARTESIAN_POINT('',(-0.0896703531029403,-0.0099848060445385,-0.00483705597035086));
#12326=CARTESIAN_POINT('',(-0.0899987089687878,-0.0104928060445385,-0.00515656392364555));
#12327=CARTESIAN_POINT('',(-0.0899987089687878,-0.0099848060445385,-0.00515656392364555));
#12328=CARTESIAN_POINT('',(-0.0893262676147769,-0.0104928060445385,-0.00436393842412603));
#12329=CARTESIAN_POINT('',(-0.0893262676147769,-0.0104928060445385,-0.00436393842412603));
#12330=CARTESIAN_POINT('',(-0.0893262676147769,-0.0104928060445385,-0.00436393842412603));
#12331=CARTESIAN_POINT('',(-0.0895061751700166,-0.0104928060445385,-0.00467730199370351));
#12332=CARTESIAN_POINT('',(-0.0899987089687878,-0.0104928060445385,-0.00515656392364555));
#12333=CARTESIAN_POINT('',(-0.0891463600595371,-0.0104928060445385,-0.00372983802451041));
#12334=CARTESIAN_POINT('',(-0.0891463600595371,-0.0099848060445385,-0.00372983802451041));
#12335=CARTESIAN_POINT('',(-0.0891463600595371,-0.0104928060445385,-0.00394366257786917));
#12336=CARTESIAN_POINT('',(-0.0891463600595371,-0.0099848060445385,-0.00394366257786917));
#12337=CARTESIAN_POINT('',(-0.089206329244617,-0.0104928060445385,-0.00415502937774104));
#12338=CARTESIAN_POINT('',(-0.089206329244617,-0.0099848060445385,-0.00415502937774104));
#12339=CARTESIAN_POINT('',(-0.0893262676147769,-0.0104928060445385,-0.00436393842412603));
#12340=CARTESIAN_POINT('',(-0.0893262676147769,-0.0099848060445385,-0.00436393842412603));
#12341=CARTESIAN_POINT('',(-0.0891463600595371,-0.0104928060445385,-0.00372983802451041));
#12342=CARTESIAN_POINT('',(-0.0891463600595371,-0.0104928060445385,-0.00372983802451041));
#12343=CARTESIAN_POINT('',(-0.0891463600595371,-0.0104928060445385,-0.00372983802451041));
#12344=CARTESIAN_POINT('',(-0.0891463600595371,-0.0104928060445385,-0.00405057485454854));
#12345=CARTESIAN_POINT('',(-0.0893262676147769,-0.0104928060445385,-0.00436393842412603));
#12346=CARTESIAN_POINT('',(-0.0894158527293737,-0.0104928060445385,-0.00307693581072015));
#12347=CARTESIAN_POINT('',(-0.0894158527293737,-0.0099848060445385,-0.00307693581072015));
#12348=CARTESIAN_POINT('',(-0.0892361909494826,-0.0104928060445385,-0.00323890176550569));
#12349=CARTESIAN_POINT('',(-0.0892361909494826,-0.0099848060445385,-0.00323890176550569));
#12350=CARTESIAN_POINT('',(-0.0891463600595371,-0.0104928060445385,-0.00345653583676911));
#12351=CARTESIAN_POINT('',(-0.0891463600595371,-0.0099848060445385,-0.00345653583676911));
#12352=CARTESIAN_POINT('',(-0.0891463600595371,-0.0104928060445385,-0.00372983802451041));
#12353=CARTESIAN_POINT('',(-0.0891463600595371,-0.0099848060445385,-0.00372983802451041));
#12354=CARTESIAN_POINT('',(-0.0894158527293737,-0.0104928060445385,-0.00307693581072015));
#12355=CARTESIAN_POINT('',(-0.0894158527293737,-0.0104928060445385,-0.00307693581072015));
#12356=CARTESIAN_POINT('',(-0.0894158527293737,-0.0104928060445385,-0.00307693581072015));
#12357=CARTESIAN_POINT('',(-0.0891463600595371,-0.0104928060445385,-0.00331988474289845));
#12358=CARTESIAN_POINT('',(-0.0891463600595371,-0.0104928060445385,-0.00372983802451041));
#12359=CARTESIAN_POINT('',(-0.090160183372876,-0.0104928060445385,-0.00283398687854184));
#12360=CARTESIAN_POINT('',(-0.090160183372876,-0.0099848060445385,-0.00283398687854184));
#12361=CARTESIAN_POINT('',(-0.0898436247237655,-0.0104928060445385,-0.00283398687854184));
#12362=CARTESIAN_POINT('',(-0.0898436247237655,-0.0099848060445385,-0.00283398687854184));
#12363=CARTESIAN_POINT('',(-0.0895955145092648,-0.0104928060445385,-0.00291496985593461));
#12364=CARTESIAN_POINT('',(-0.0895955145092648,-0.0099848060445385,-0.00291496985593461));
#12365=CARTESIAN_POINT('',(-0.0894158527293737,-0.0104928060445385,-0.00307693581072015));
#12366=CARTESIAN_POINT('',(-0.0894158527293737,-0.0099848060445385,-0.00307693581072015));
#12367=CARTESIAN_POINT('',(-0.090160183372876,-0.0104928060445385,-0.00283398687854184));
#12368=CARTESIAN_POINT('',(-0.090160183372876,-0.0104928060445385,-0.00283398687854184));
#12369=CARTESIAN_POINT('',(-0.090160183372876,-0.0104928060445385,-0.00283398687854184));
#12370=CARTESIAN_POINT('',(-0.0896853453992103,-0.0104928060445385,-0.00283398687854184));
#12371=CARTESIAN_POINT('',(-0.0894158527293737,-0.0104928060445385,-0.00307693581072015));
#12372=CARTESIAN_POINT('',(-0.0911740066862149,-0.0104928060445385,-0.00322108305272579));
#12373=CARTESIAN_POINT('',(-0.0911740066862149,-0.0099848060445385,-0.00322108305272579));
#12374=CARTESIAN_POINT('',(-0.0908638381961703,-0.0104928060445385,-0.00296301893660316));
#12375=CARTESIAN_POINT('',(-0.0908638381961703,-0.0099848060445385,-0.00296301893660316));
#12376=CARTESIAN_POINT('',(-0.0905258970917241,-0.0104928060445385,-0.00283398687854184));
#12377=CARTESIAN_POINT('',(-0.0905258970917241,-0.0099848060445385,-0.00283398687854184));
#12378=CARTESIAN_POINT('',(-0.090160183372876,-0.0104928060445385,-0.00283398687854184));
#12379=CARTESIAN_POINT('',(-0.090160183372876,-0.0099848060445385,-0.00283398687854184));
#12380=CARTESIAN_POINT('',(-0.0911740066862149,-0.0104928060445385,-0.00322108305272579));
#12381=CARTESIAN_POINT('',(-0.0911740066862149,-0.0104928060445385,-0.00322108305272579));
#12382=CARTESIAN_POINT('',(-0.0911740066862149,-0.0104928060445385,-0.00322108305272579));
#12383=CARTESIAN_POINT('',(-0.0907087539511481,-0.0104928060445385,-0.00283398687854184));
#12384=CARTESIAN_POINT('',(-0.090160183372876,-0.0104928060445385,-0.00283398687854184));
#12385=CARTESIAN_POINT('',(-0.091072624354881,-0.0104928060445385,-0.0033512210998562));
#12386=CARTESIAN_POINT('',(-0.0909712420235471,-0.0104928060445385,-0.00348135914698661));
#12387=CARTESIAN_POINT('',(-0.0909712420235471,-0.0104928060445385,-0.00348135914698661));
#12388=CARTESIAN_POINT('',(-0.091072624354881,-0.0104928060445385,-0.0033512210998562));
#12389=CARTESIAN_POINT('',(-0.0905531781554285,-0.0104928060445385,-0.00322993096527856));
#12390=CARTESIAN_POINT('',(-0.0905531781554285,-0.0099848060445385,-0.00322993096527856));
#12391=CARTESIAN_POINT('',(-0.0906785235832594,-0.0104928060445385,-0.00327613673083195));
#12392=CARTESIAN_POINT('',(-0.0906785235832594,-0.0099848060445385,-0.00327613673083195));
#12393=CARTESIAN_POINT('',(-0.0908178782059656,-0.0104928060445385,-0.00335994612473464));
#12394=CARTESIAN_POINT('',(-0.0908178782059656,-0.0099848060445385,-0.00335994612473464));
#12395=CARTESIAN_POINT('',(-0.0909712420235471,-0.0104928060445385,-0.00348135914698662));
#12396=CARTESIAN_POINT('',(-0.0909712420235471,-0.0099848060445385,-0.00348135914698662));
#12397=CARTESIAN_POINT('',(-0.0905531781554285,-0.0104928060445385,-0.00322993096527856));
#12398=CARTESIAN_POINT('',(-0.0905531781554285,-0.0104928060445385,-0.00322993096527856));
#12399=CARTESIAN_POINT('',(-0.0905531781554285,-0.0104928060445385,-0.00322993096527856));
#12400=CARTESIAN_POINT('',(-0.0907411962971749,-0.0104928060445385,-0.00329923961360865));
#12401=CARTESIAN_POINT('',(-0.0909712420235471,-0.0104928060445385,-0.00348135914698662));
#12402=CARTESIAN_POINT('',(-0.0901625544457478,-0.0104928060445385,-0.00430023991025481));
#12403=CARTESIAN_POINT('',(-0.0901557594165996,-0.0104928060445385,-0.00316062231694849));
#12404=CARTESIAN_POINT('',(-0.0901557594165996,-0.0104928060445385,-0.00316062231694849));
#12405=CARTESIAN_POINT('',(-0.0901625544457478,-0.0104928060445385,-0.00430023991025481));
#12406=CARTESIAN_POINT('',(-0.0897015665722238,-0.0104928060445385,-0.00331841009080633));
#12407=CARTESIAN_POINT('',(-0.0897015665722238,-0.0099848060445385,-0.00331841009080633));
#12408=CARTESIAN_POINT('',(-0.0898106908270413,-0.0104928060445385,-0.00321321824156777));
#12409=CARTESIAN_POINT('',(-0.0898106908270413,-0.0099848060445385,-0.00321321824156777));
#12410=CARTESIAN_POINT('',(-0.0899620884418332,-0.0104928060445385,-0.00316062231694849));
#12411=CARTESIAN_POINT('',(-0.0899620884418332,-0.0099848060445385,-0.00316062231694849));
#12412=CARTESIAN_POINT('',(-0.0901557594165996,-0.0104928060445385,-0.00316062231694849));
#12413=CARTESIAN_POINT('',(-0.0901557594165996,-0.0099848060445385,-0.00316062231694849));
#12414=CARTESIAN_POINT('',(-0.0897015665722238,-0.0104928060445385,-0.00331841009080633));
#12415=CARTESIAN_POINT('',(-0.0897015665722238,-0.0104928060445385,-0.00331841009080633));
#12416=CARTESIAN_POINT('',(-0.0897015665722238,-0.0104928060445385,-0.00331841009080633));
#12417=CARTESIAN_POINT('',(-0.0898652529544501,-0.0104928060445385,-0.00316062231694849));
#12418=CARTESIAN_POINT('',(-0.0901557594165996,-0.0104928060445385,-0.00316062231694849));
#12419=CARTESIAN_POINT('',(-0.0895378801899974,-0.0104928060445385,-0.00374605919752383));
#12420=CARTESIAN_POINT('',(-0.0895378801899974,-0.0099848060445385,-0.00374605919752383));
#12421=CARTESIAN_POINT('',(-0.0895378801899974,-0.0104928060445385,-0.00356615164228405));
#12422=CARTESIAN_POINT('',(-0.0895378801899974,-0.0099848060445385,-0.00356615164228405));
#12423=CARTESIAN_POINT('',(-0.0895924423174062,-0.0104928060445385,-0.00342360194004489));
#12424=CARTESIAN_POINT('',(-0.0895924423174062,-0.0099848060445385,-0.00342360194004489));
#12425=CARTESIAN_POINT('',(-0.0897015665722238,-0.0104928060445385,-0.00331841009080633));
#12426=CARTESIAN_POINT('',(-0.0897015665722238,-0.0099848060445385,-0.00331841009080633));
#12427=CARTESIAN_POINT('',(-0.0895378801899974,-0.0104928060445385,-0.00374605919752383));
#12428=CARTESIAN_POINT('',(-0.0895378801899974,-0.0104928060445385,-0.00374605919752383));
#12429=CARTESIAN_POINT('',(-0.0895378801899974,-0.0104928060445385,-0.00374605919752383));
#12430=CARTESIAN_POINT('',(-0.0895378801899974,-0.0104928060445385,-0.00347619786466416));
#12431=CARTESIAN_POINT('',(-0.0897015665722238,-0.0104928060445385,-0.00331841009080633));
#12432=CARTESIAN_POINT('',(-0.0905140494465173,-0.0104928060445385,-0.00375498351453984));
#12433=CARTESIAN_POINT('',(-0.0896023962190281,-0.0104928060445385,-0.00410292500381914));
#12434=CARTESIAN_POINT('',(-0.0896021865867539,-0.0104928060445385,-0.00410300809526307));
#12435=CARTESIAN_POINT('',(-0.0905140494465173,-0.0104928060445385,-0.00375498351453984));
#12436=CARTESIAN_POINT('',(-0.0909906928207076,-0.0104928060445385,-0.00353651549209992));
#12437=CARTESIAN_POINT('',(-0.08979594430612,-0.0104928060445385,-0.00444393830012405));
#12438=CARTESIAN_POINT('',(-0.08979594430612,-0.0104928060445385,-0.00444393830012405));
#12439=CARTESIAN_POINT('',(-0.0909906928207076,-0.0104928060445385,-0.00353651549209992));
#12440=CARTESIAN_POINT('',(-0.0903305056895169,-0.0104928060445385,-0.00502974384372242));
#12441=CARTESIAN_POINT('',(-0.0903305056895169,-0.0099848060445385,-0.00502974384372242));
#12442=CARTESIAN_POINT('',(-0.0900601528059599,-0.0104928060445385,-0.00475595010528374));
#12443=CARTESIAN_POINT('',(-0.0900601528059599,-0.0099848060445385,-0.00475595010528374));
#12444=CARTESIAN_POINT('',(-0.0898819656781609,-0.0104928060445385,-0.00456068159075095));
#12445=CARTESIAN_POINT('',(-0.0898819656781609,-0.0099848060445385,-0.00456068159075095));
#12446=CARTESIAN_POINT('',(-0.08979594430612,-0.0104928060445385,-0.00444393830012405));
#12447=CARTESIAN_POINT('',(-0.08979594430612,-0.0099848060445385,-0.00444393830012405));
#12448=CARTESIAN_POINT('',(-0.0903305056895169,-0.0104928060445385,-0.00502974384372242));
#12449=CARTESIAN_POINT('',(-0.0903305056895169,-0.0104928060445385,-0.00502974384372242));
#12450=CARTESIAN_POINT('',(-0.0903305056895169,-0.0104928060445385,-0.00502974384372242));
#12451=CARTESIAN_POINT('',(-0.0899249763641814,-0.0104928060445385,-0.0046190532360644));
#12452=CARTESIAN_POINT('',(-0.08979594430612,-0.0104928060445385,-0.00444393830012405));
#12453=CARTESIAN_POINT('',(-0.0907740073062248,-0.0104928060445385,-0.00547545743856851));
#12454=CARTESIAN_POINT('',(-0.0912175089229327,-0.0104928060445385,-0.0059211710334146));
#12455=CARTESIAN_POINT('',(-0.0912175089229327,-0.0104928060445385,-0.0059211710334146));
#12456=CARTESIAN_POINT('',(-0.0907740073062248,-0.0104928060445385,-0.00547545743856851));
#12457=CARTESIAN_POINT('',(-0.0912175089229327,-0.0104928060445385,-0.00608596340471006));
#12458=CARTESIAN_POINT('',(-0.0912175089229327,-0.0104928060445385,-0.00608596340471006));
#12459=CARTESIAN_POINT('',(-0.0943362274850798,-0.0104928060445385,0.0193259319756496));
#12460=CARTESIAN_POINT('',(-0.0873494964852775,-0.0104928060445385,-0.00597204653059307));
#12461=CARTESIAN_POINT('',(-0.0873494964852775,-0.0099848060445385,-0.00597204653059307));
#12462=CARTESIAN_POINT('',(-0.0871312479756424,-0.0104928060445385,-0.00597204653059307));
#12463=CARTESIAN_POINT('',(-0.0871312479756424,-0.0099848060445385,-0.00597204653059307));
#12464=CARTESIAN_POINT('',(-0.0869619087603962,-0.0104928060445385,-0.00590322943296037));
#12465=CARTESIAN_POINT('',(-0.0869619087603962,-0.0099848060445385,-0.00590322943296037));
#12466=CARTESIAN_POINT('',(-0.0868414788395389,-0.0104928060445385,-0.00576559523769496));
#12467=CARTESIAN_POINT('',(-0.0868414788395389,-0.0099848060445385,-0.00576559523769496));
#12468=CARTESIAN_POINT('',(-0.0873494964852775,-0.0099848060445385,-0.00597204653059307));
#12469=CARTESIAN_POINT('',(-0.0870221237208248,-0.0099848060445385,-0.00597204653059307));
#12470=CARTESIAN_POINT('',(-0.0868414788395389,-0.0099848060445385,-0.00576559523769496));
#12471=CARTESIAN_POINT('',(-0.0873494964852775,-0.0099848060445385,-0.00597204653059307));
#12472=CARTESIAN_POINT('',(-0.0868414788395389,-0.0099848060445385,-0.00576559523769496));
#12473=CARTESIAN_POINT('',(-0.0873494964852775,-0.0104928060445385,-0.00597204653059307));
#12474=CARTESIAN_POINT('',(-0.0873494964852775,-0.0104928060445385,-0.00597204653059307));
#12475=CARTESIAN_POINT('',(-0.0873494964852775,-0.0104928060445385,-0.00597204653059307));
#12476=CARTESIAN_POINT('',(-0.0870221237208248,-0.0104928060445385,-0.00597204653059307));
#12477=CARTESIAN_POINT('',(-0.0868414788395389,-0.0104928060445385,-0.00576559523769496));
#12478=CARTESIAN_POINT('',(-0.0868414788395389,-0.0104928060445385,-0.00576559523769496));
#12479=CARTESIAN_POINT('',(-0.0868414788395389,-0.0104928060445385,-0.00576559523769496));
#12480=CARTESIAN_POINT('',(-0.0873599359678328,-0.0104928060445385,-0.00532119742910147));
#12481=CARTESIAN_POINT('',(-0.0873599359678328,-0.0099848060445385,-0.00532119742910147));
#12482=CARTESIAN_POINT('',(-0.0877355831891297,-0.0099848060445385,-0.00585236607430445));
#12483=CARTESIAN_POINT('',(-0.0877354866703923,-0.0104928060445385,-0.00585223104810756));
#12484=CARTESIAN_POINT('',(-0.0877355831891297,-0.0104928060445385,-0.00585236607430445));
#12485=CARTESIAN_POINT('',(-0.0873599359678328,-0.0104928060445385,-0.00532119742910147));
#12486=CARTESIAN_POINT('',(-0.08727978852298,-0.0104928060445385,-0.00521989139927584));
#12487=CARTESIAN_POINT('',(-0.08727978852298,-0.0099848060445385,-0.00521989139927584));
#12488=CARTESIAN_POINT('',(-0.0879967321271837,-0.0099848060445385,-0.00552738335682614));
#12489=CARTESIAN_POINT('',(-0.0879968687537223,-0.0104928060445385,-0.00552743892481607));
#12490=CARTESIAN_POINT('',(-0.0879967321271837,-0.0104928060445385,-0.00552738335682614));
#12491=CARTESIAN_POINT('',(-0.08727978852298,-0.0104928060445385,-0.00521989139927584));
#12492=CARTESIAN_POINT('',(-0.0870229944407254,-0.0104928060445385,-0.00509487257544589));
#12493=CARTESIAN_POINT('',(-0.0870229944407254,-0.0099848060445385,-0.00509487257544589));
#12494=CARTESIAN_POINT('',(-0.0880891224666904,-0.0099848060445385,-0.0050850407584289));
#12495=CARTESIAN_POINT('',(-0.0880890345094803,-0.0104928060445385,-0.00508504329717727));
#12496=CARTESIAN_POINT('',(-0.0880891224666904,-0.0104928060445385,-0.0050850407584289));
#12497=CARTESIAN_POINT('',(-0.0870229944407254,-0.0104928060445385,-0.00509487257544589));
#12498=CARTESIAN_POINT('',(-0.0875462556472622,-0.0104928060445385,-0.00509323384229441));
#12499=CARTESIAN_POINT('',(-0.0875462556472622,-0.0099848060445385,-0.00509323384229441));
#12500=CARTESIAN_POINT('',(-0.0879863782978743,-0.0099848060445385,-0.00477401614916072));
#12501=CARTESIAN_POINT('',(-0.0879865461890774,-0.0104928060445385,-0.00477389170573798));
#12502=CARTESIAN_POINT('',(-0.0879863782978743,-0.0104928060445385,-0.00477401614916072));
#12503=CARTESIAN_POINT('',(-0.0875462556472622,-0.0104928060445385,-0.00509323384229441));
#12504=CARTESIAN_POINT('',(-0.0874069951500031,-0.0104928060445385,-0.00517518433903244));
#12505=CARTESIAN_POINT('',(-0.0874069951500031,-0.0099848060445385,-0.00517518433903244));
#12506=CARTESIAN_POINT('',(-0.0877111391853367,-0.0099848060445385,-0.00453872072058697));
#12507=CARTESIAN_POINT('',(-0.0877111549108722,-0.0104928060445385,-0.00453868469704335));
#12508=CARTESIAN_POINT('',(-0.0877111391853366,-0.0104928060445385,-0.00453872072058697));
#12509=CARTESIAN_POINT('',(-0.0874069951500031,-0.0104928060445385,-0.00517518433903244));
#12510=CARTESIAN_POINT('',(-0.0873417740184321,-0.0104928060445385,-0.00529854533613232));
#12511=CARTESIAN_POINT('',(-0.0873417740184321,-0.0099848060445385,-0.00529854533613232));
#12512=CARTESIAN_POINT('',(-0.0873310633341259,-0.0099848060445385,-0.00445315487569985));
#12513=CARTESIAN_POINT('',(-0.0873310633341259,-0.0104928060445385,-0.00445315487569985));
#12514=CARTESIAN_POINT('',(-0.0873310633341259,-0.0104928060445385,-0.00445315487569985));
#12515=CARTESIAN_POINT('',(-0.0873417740184321,-0.0104928060445385,-0.00529854533613232));
#12516=CARTESIAN_POINT('',(-0.0868289442967558,-0.0104928060445385,-0.00464449098465363));
#12517=CARTESIAN_POINT('',(-0.0868289442967558,-0.0099848060445385,-0.00464449098465363));
#12518=CARTESIAN_POINT('',(-0.0869410178557577,-0.0104928060445385,-0.00451693357868444));
#12519=CARTESIAN_POINT('',(-0.0869410178557577,-0.0099848060445385,-0.00451693357868444));
#12520=CARTESIAN_POINT('',(-0.0871083908682144,-0.0104928060445385,-0.00445315487569985));
#12521=CARTESIAN_POINT('',(-0.0871083908682144,-0.0099848060445385,-0.00445315487569985));
#12522=CARTESIAN_POINT('',(-0.0873310633341259,-0.0104928060445385,-0.00445315487569985));
#12523=CARTESIAN_POINT('',(-0.0873310633341259,-0.0099848060445385,-0.00445315487569985));
#12524=CARTESIAN_POINT('',(-0.0868289442967558,-0.0099848060445385,-0.00464449098465363));
#12525=CARTESIAN_POINT('',(-0.0869970546352586,-0.0099848060445385,-0.00445315487569985));
#12526=CARTESIAN_POINT('',(-0.0873310633341259,-0.0099848060445385,-0.00445315487569985));
#12527=CARTESIAN_POINT('',(-0.0868289442967558,-0.0099848060445385,-0.00464449098465363));
#12528=CARTESIAN_POINT('',(-0.0868289442967558,-0.0104928060445385,-0.00464449098465363));
#12529=CARTESIAN_POINT('',(-0.0868289442967558,-0.0104928060445385,-0.00464449098465363));
#12530=CARTESIAN_POINT('',(-0.0868289442967558,-0.0104928060445385,-0.00464449098465363));
#12531=CARTESIAN_POINT('',(-0.0869970546352586,-0.0104928060445385,-0.00445315487569985));
#12532=CARTESIAN_POINT('',(-0.0873310633341259,-0.0104928060445385,-0.00445315487569985));
#12533=CARTESIAN_POINT('',(-0.0866608339582531,-0.0104928060445385,-0.00516983579247471));
#12534=CARTESIAN_POINT('',(-0.0866608339582531,-0.0099848060445385,-0.00516983579247471));
#12535=CARTESIAN_POINT('',(-0.0866608339582531,-0.0104928060445385,-0.00494716332656318));
#12536=CARTESIAN_POINT('',(-0.0866608339582531,-0.0099848060445385,-0.00494716332656318));
#12537=CARTESIAN_POINT('',(-0.086716870737754,-0.0104928060445385,-0.00477204839062282));
#12538=CARTESIAN_POINT('',(-0.086716870737754,-0.0099848060445385,-0.00477204839062282));
#12539=CARTESIAN_POINT('',(-0.0868289442967558,-0.0104928060445385,-0.00464449098465363));
#12540=CARTESIAN_POINT('',(-0.0868289442967558,-0.0099848060445385,-0.00464449098465363));
#12541=CARTESIAN_POINT('',(-0.0866608339582531,-0.0099848060445385,-0.00516983579247471));
#12542=CARTESIAN_POINT('',(-0.0866608339582531,-0.0099848060445385,-0.00483582709360741));
#12543=CARTESIAN_POINT('',(-0.0868289442967558,-0.0099848060445385,-0.00464449098465363));
#12544=CARTESIAN_POINT('',(-0.0866608339582531,-0.0099848060445385,-0.00516983579247471));
#12545=CARTESIAN_POINT('',(-0.0866608339582531,-0.0104928060445385,-0.00516983579247471));
#12546=CARTESIAN_POINT('',(-0.0866608339582531,-0.0104928060445385,-0.00516983579247471));
#12547=CARTESIAN_POINT('',(-0.0866608339582531,-0.0104928060445385,-0.00516983579247471));
#12548=CARTESIAN_POINT('',(-0.0866608339582531,-0.0104928060445385,-0.00483582709360741));
#12549=CARTESIAN_POINT('',(-0.0868289442967558,-0.0104928060445385,-0.00464449098465363));
#12550=CARTESIAN_POINT('',(-0.0884805546399407,-0.0104928060445385,-0.00481075800804122));
#12551=CARTESIAN_POINT('',(-0.0884805546399407,-0.0099848060445385,-0.00481075800804122));
#12552=CARTESIAN_POINT('',(-0.0884805546399407,-0.0104928060445385,-0.00414863921867515));
#12553=CARTESIAN_POINT('',(-0.0884805546399407,-0.0099848060445385,-0.00414863921867515));
#12554=CARTESIAN_POINT('',(-0.0883518912449024,-0.0104928060445385,-0.00365364766641707));
#12555=CARTESIAN_POINT('',(-0.0883518912449024,-0.0099848060445385,-0.00365364766641707));
#12556=CARTESIAN_POINT('',(-0.0880945644548258,-0.0104928060445385,-0.00332578335126697));
#12557=CARTESIAN_POINT('',(-0.0880945644548258,-0.0099848060445385,-0.00332578335126697));
#12558=CARTESIAN_POINT('',(-0.0884805546399407,-0.0104928060445385,-0.00481075800804122));
#12559=CARTESIAN_POINT('',(-0.0884805546399407,-0.0104928060445385,-0.00481075800804122));
#12560=CARTESIAN_POINT('',(-0.0884805546399407,-0.0104928060445385,-0.00481075800804122));
#12561=CARTESIAN_POINT('',(-0.0884805546399407,-0.0104928060445385,-0.00381757982399211));
#12562=CARTESIAN_POINT('',(-0.0880945644548258,-0.0104928060445385,-0.00332578335126697));
#12563=CARTESIAN_POINT('',(-0.0880945644548258,-0.0104928060445385,-0.00332578335126697));
#12564=CARTESIAN_POINT('',(-0.0880945644548258,-0.0104928060445385,-0.00332578335126697));
#12565=CARTESIAN_POINT('',(-0.0881741956678008,-0.0104928060445385,-0.00590421253435512));
#12566=CARTESIAN_POINT('',(-0.0881741956678008,-0.0099848060445385,-0.00590421253435512));
#12567=CARTESIAN_POINT('',(-0.0883784349825607,-0.0104928060445385,-0.00564221601265347));
#12568=CARTESIAN_POINT('',(-0.0883784349825607,-0.0099848060445385,-0.00564221601265347));
#12569=CARTESIAN_POINT('',(-0.0884805546399407,-0.0104928060445385,-0.00527773117054884));
#12570=CARTESIAN_POINT('',(-0.0884805546399407,-0.0099848060445385,-0.00527773117054884));
#12571=CARTESIAN_POINT('',(-0.0884805546399407,-0.0104928060445385,-0.00481075800804122));
#12572=CARTESIAN_POINT('',(-0.0884805546399407,-0.0099848060445385,-0.00481075800804122));
#12573=CARTESIAN_POINT('',(-0.0881741956678008,-0.0104928060445385,-0.00590421253435512));
#12574=CARTESIAN_POINT('',(-0.0881741956678008,-0.0104928060445385,-0.00590421253435512));
#12575=CARTESIAN_POINT('',(-0.0881741956678008,-0.0104928060445385,-0.00590421253435512));
#12576=CARTESIAN_POINT('',(-0.0884805546399407,-0.0104928060445385,-0.00551121775180265));
#12577=CARTESIAN_POINT('',(-0.0884805546399407,-0.0104928060445385,-0.00481075800804122));
#12578=CARTESIAN_POINT('',(-0.0873450725290011,-0.0104928060445385,-0.00629720731690759));
#12579=CARTESIAN_POINT('',(-0.0873450725290011,-0.0099848060445385,-0.00629720731690759));
#12580=CARTESIAN_POINT('',(-0.087693581973441,-0.0104928060445385,-0.00629720731690759));
#12581=CARTESIAN_POINT('',(-0.087693581973441,-0.0099848060445385,-0.00629720731690759));
#12582=CARTESIAN_POINT('',(-0.0879699563530409,-0.0104928060445385,-0.00616620905605677));
#12583=CARTESIAN_POINT('',(-0.0879699563530409,-0.0099848060445385,-0.00616620905605677));
#12584=CARTESIAN_POINT('',(-0.0881741956678008,-0.0104928060445385,-0.00590421253435512));
#12585=CARTESIAN_POINT('',(-0.0881741956678008,-0.0099848060445385,-0.00590421253435512));
#12586=CARTESIAN_POINT('',(-0.0873450725290011,-0.0104928060445385,-0.00629720731690759));
#12587=CARTESIAN_POINT('',(-0.0873450725290011,-0.0104928060445385,-0.00629720731690759));
#12588=CARTESIAN_POINT('',(-0.0873450725290011,-0.0104928060445385,-0.00629720731690759));
#12589=CARTESIAN_POINT('',(-0.0878678366956609,-0.0104928060445385,-0.00629720731690759));
#12590=CARTESIAN_POINT('',(-0.0881741956678008,-0.0104928060445385,-0.00590421253435512));
#12591=CARTESIAN_POINT('',(-0.0865694055285411,-0.0104928060445385,-0.0059963782901132));
#12592=CARTESIAN_POINT('',(-0.0865694055285411,-0.0099848060445385,-0.0059963782901132));
#12593=CARTESIAN_POINT('',(-0.0867606187498205,-0.0104928060445385,-0.00619693097464279));
#12594=CARTESIAN_POINT('',(-0.0867606187498205,-0.0099848060445385,-0.00619693097464279));
#12595=CARTESIAN_POINT('',(-0.0870191744166405,-0.0104928060445385,-0.00629720731690759));
#12596=CARTESIAN_POINT('',(-0.0870191744166405,-0.0099848060445385,-0.00629720731690759));
#12597=CARTESIAN_POINT('',(-0.0873450725290011,-0.0104928060445385,-0.00629720731690759));
#12598=CARTESIAN_POINT('',(-0.0873450725290011,-0.0099848060445385,-0.00629720731690759));
#12599=CARTESIAN_POINT('',(-0.0865694055285411,-0.0104928060445385,-0.0059963782901132));
#12600=CARTESIAN_POINT('',(-0.0865694055285411,-0.0104928060445385,-0.0059963782901132));
#12601=CARTESIAN_POINT('',(-0.0865694055285411,-0.0104928060445385,-0.0059963782901132));
#12602=CARTESIAN_POINT('',(-0.0868562253604602,-0.0104928060445385,-0.00629720731690759));
#12603=CARTESIAN_POINT('',(-0.0873450725290011,-0.0104928060445385,-0.00629720731690759));
#12604=CARTESIAN_POINT('',(-0.0862825856966219,-0.0104928060445385,-0.00516983579247471));
#12605=CARTESIAN_POINT('',(-0.0862825856966219,-0.0099848060445385,-0.00516983579247471));
#12606=CARTESIAN_POINT('',(-0.0862825856966219,-0.0104928060445385,-0.00552031143970412));
#12607=CARTESIAN_POINT('',(-0.0862825856966219,-0.0099848060445385,-0.00552031143970412));
#12608=CARTESIAN_POINT('',(-0.0863781923072616,-0.0104928060445385,-0.00579582560558361));
#12609=CARTESIAN_POINT('',(-0.0863781923072616,-0.0099848060445385,-0.00579582560558361));
#12610=CARTESIAN_POINT('',(-0.0865694055285411,-0.0104928060445385,-0.0059963782901132));
#12611=CARTESIAN_POINT('',(-0.0865694055285411,-0.0099848060445385,-0.0059963782901132));
#12612=CARTESIAN_POINT('',(-0.0862825856966219,-0.0104928060445385,-0.00516983579247471));
#12613=CARTESIAN_POINT('',(-0.0862825856966219,-0.0104928060445385,-0.00516983579247471));
#12614=CARTESIAN_POINT('',(-0.0862825856966219,-0.0104928060445385,-0.00516983579247471));
#12615=CARTESIAN_POINT('',(-0.0862825856966219,-0.0104928060445385,-0.00569554926331882));
#12616=CARTESIAN_POINT('',(-0.0865694055285411,-0.0104928060445385,-0.0059963782901132));
#12617=CARTESIAN_POINT('',(-0.0865439677799518,-0.0104928060445385,-0.00442587381199546));
#12618=CARTESIAN_POINT('',(-0.0865439677799518,-0.0099848060445385,-0.00442587381199546));
#12619=CARTESIAN_POINT('',(-0.0863697130577319,-0.0104928060445385,-0.0046087306714195));
#12620=CARTESIAN_POINT('',(-0.0863697130577319,-0.0099848060445385,-0.0046087306714195));
#12621=CARTESIAN_POINT('',(-0.0862825856966219,-0.0104928060445385,-0.00485671799824592));
#12622=CARTESIAN_POINT('',(-0.0862825856966219,-0.0099848060445385,-0.00485671799824592));
#12623=CARTESIAN_POINT('',(-0.0862825856966219,-0.0104928060445385,-0.00516983579247471));
#12624=CARTESIAN_POINT('',(-0.0862825856966219,-0.0099848060445385,-0.00516983579247471));
#12625=CARTESIAN_POINT('',(-0.0865439677799518,-0.0104928060445385,-0.00442587381199546));
#12626=CARTESIAN_POINT('',(-0.0865439677799518,-0.0104928060445385,-0.00442587381199546));
#12627=CARTESIAN_POINT('',(-0.0865439677799518,-0.0104928060445385,-0.00442587381199546));
#12628=CARTESIAN_POINT('',(-0.0862825856966219,-0.0104928060445385,-0.00470015910113152));
#12629=CARTESIAN_POINT('',(-0.0862825856966219,-0.0104928060445385,-0.00516983579247471));
#12630=CARTESIAN_POINT('',(-0.0872595427076576,-0.0104928060445385,-0.0041515885228594));
#12631=CARTESIAN_POINT('',(-0.0872595427076576,-0.0099848060445385,-0.0041515885228594));
#12632=CARTESIAN_POINT('',(-0.0869567474780737,-0.0104928060445385,-0.0041515885228594));
#12633=CARTESIAN_POINT('',(-0.0869567474780737,-0.0099848060445385,-0.0041515885228594));
#12634=CARTESIAN_POINT('',(-0.0867182225021718,-0.0104928060445385,-0.00424301695257142));
#12635=CARTESIAN_POINT('',(-0.0867182225021718,-0.0099848060445385,-0.00424301695257142));
#12636=CARTESIAN_POINT('',(-0.0865439677799518,-0.0104928060445385,-0.00442587381199546));
#12637=CARTESIAN_POINT('',(-0.0865439677799518,-0.0099848060445385,-0.00442587381199546));
#12638=CARTESIAN_POINT('',(-0.0872595427076576,-0.0104928060445385,-0.0041515885228594));
#12639=CARTESIAN_POINT('',(-0.0872595427076576,-0.0104928060445385,-0.0041515885228594));
#12640=CARTESIAN_POINT('',(-0.0872595427076576,-0.0104928060445385,-0.0041515885228594));
#12641=CARTESIAN_POINT('',(-0.0868053498632818,-0.0104928060445385,-0.0041515885228594));
#12642=CARTESIAN_POINT('',(-0.0865439677799518,-0.0104928060445385,-0.00442587381199546));
#12643=CARTESIAN_POINT('',(-0.0880617534457759,-0.0104928060445385,-0.00454826993564219));
#12644=CARTESIAN_POINT('',(-0.0880617534457759,-0.0099848060445385,-0.00454826993564219));
#12645=CARTESIAN_POINT('',(-0.0878926600058784,-0.0104928060445385,-0.00428381566045366));
#12646=CARTESIAN_POINT('',(-0.0878926600058784,-0.0099848060445385,-0.00428381566045366));
#12647=CARTESIAN_POINT('',(-0.0876252564265057,-0.0104928060445385,-0.0041515885228594));
#12648=CARTESIAN_POINT('',(-0.0876252564265057,-0.0099848060445385,-0.0041515885228594));
#12649=CARTESIAN_POINT('',(-0.0872595427076576,-0.0104928060445385,-0.0041515885228594));
#12650=CARTESIAN_POINT('',(-0.0872595427076576,-0.0099848060445385,-0.0041515885228594));
#12651=CARTESIAN_POINT('',(-0.0880617534457759,-0.0104928060445385,-0.00454826993564219));
#12652=CARTESIAN_POINT('',(-0.0880617534457759,-0.0104928060445385,-0.00454826993564219));
#12653=CARTESIAN_POINT('',(-0.0880617534457759,-0.0104928060445385,-0.00454826993564219));
#12654=CARTESIAN_POINT('',(-0.0878081132859297,-0.0104928060445385,-0.0041515885228594));
#12655=CARTESIAN_POINT('',(-0.0872595427076576,-0.0104928060445385,-0.0041515885228594));
#12656=CARTESIAN_POINT('',(-0.0880753939776282,-0.0104928060445385,-0.00454826993564219));
#12657=CARTESIAN_POINT('',(-0.0880890345094803,-0.0104928060445385,-0.00454826993564219));
#12658=CARTESIAN_POINT('',(-0.0880890345094803,-0.0104928060445385,-0.00454826993564219));
#12659=CARTESIAN_POINT('',(-0.0880753939776282,-0.0104928060445385,-0.00454826993564219));
#12660=CARTESIAN_POINT('',(-0.0877760396029259,-0.0104928060445385,-0.00348688909233211));
#12661=CARTESIAN_POINT('',(-0.0877760396029259,-0.0099848060445385,-0.00348688909233211));
#12662=CARTESIAN_POINT('',(-0.0879665154981592,-0.0104928060445385,-0.00371177353638183));
#12663=CARTESIAN_POINT('',(-0.0879665154981592,-0.0099848060445385,-0.00371177353638183));
#12664=CARTESIAN_POINT('',(-0.0880708471336774,-0.0104928060445385,-0.00406556715081852));
#12665=CARTESIAN_POINT('',(-0.0880708471336774,-0.0099848060445385,-0.00406556715081852));
#12666=CARTESIAN_POINT('',(-0.0880890345094803,-0.0104928060445385,-0.00454826993564219));
#12667=CARTESIAN_POINT('',(-0.0880890345094803,-0.0099848060445385,-0.00454826993564219));
#12668=CARTESIAN_POINT('',(-0.0877760396029259,-0.0104928060445385,-0.00348688909233211));
#12669=CARTESIAN_POINT('',(-0.0877760396029259,-0.0104928060445385,-0.00348688909233211));
#12670=CARTESIAN_POINT('',(-0.0877760396029259,-0.0104928060445385,-0.00348688909233211));
#12671=CARTESIAN_POINT('',(-0.0880617534457759,-0.0104928060445385,-0.00382421575840669));
#12672=CARTESIAN_POINT('',(-0.0880890345094803,-0.0104928060445385,-0.00454826993564219));
#12673=CARTESIAN_POINT('',(-0.0869483911162183,-0.0104928060445385,-0.00314956242625752));
#12674=CARTESIAN_POINT('',(-0.0869483911162183,-0.0099848060445385,-0.00314956242625752));
#12675=CARTESIAN_POINT('',(-0.0873096808787899,-0.0104928060445385,-0.00314956242625752));
#12676=CARTESIAN_POINT('',(-0.0873096808787899,-0.0099848060445385,-0.00314956242625752));
#12677=CARTESIAN_POINT('',(-0.0875855637076925,-0.0104928060445385,-0.00326200464828238));
#12678=CARTESIAN_POINT('',(-0.0875855637076925,-0.0099848060445385,-0.00326200464828238));
#12679=CARTESIAN_POINT('',(-0.0877760396029259,-0.0104928060445385,-0.00348688909233211));
#12680=CARTESIAN_POINT('',(-0.0877760396029259,-0.0099848060445385,-0.00348688909233211));
#12681=CARTESIAN_POINT('',(-0.0869483911162183,-0.0104928060445385,-0.00314956242625752));
#12682=CARTESIAN_POINT('',(-0.0869483911162183,-0.0104928060445385,-0.00314956242625752));
#12683=CARTESIAN_POINT('',(-0.0869483911162183,-0.0104928060445385,-0.00314956242625752));
#12684=CARTESIAN_POINT('',(-0.0874903257600758,-0.0104928060445385,-0.00314956242625752));
#12685=CARTESIAN_POINT('',(-0.0877760396029259,-0.0104928060445385,-0.00348688909233211));
#12686=CARTESIAN_POINT('',(-0.086925367774972,-0.0104928060445385,-0.00447084808921833));
#12687=CARTESIAN_POINT('',(-0.0865428617908827,-0.0104928060445385,-0.00320649611205045));
#12688=CARTESIAN_POINT('',(-0.0865428617908827,-0.0104928060445385,-0.00320649611205045));
#12689=CARTESIAN_POINT('',(-0.086925367774972,-0.0104928060445385,-0.00447084808921833));
#12690=CARTESIAN_POINT('',(-0.0865428617908827,-0.0104928060445385,-0.00304228148655511));
#12691=CARTESIAN_POINT('',(-0.0865428617908827,-0.0104928060445385,-0.00287748911525966));
#12692=CARTESIAN_POINT('',(-0.0865428617908827,-0.0104928060445385,-0.00287748911525966));
#12693=CARTESIAN_POINT('',(-0.0865428617908827,-0.0104928060445385,-0.00304228148655511));
#12694=CARTESIAN_POINT('',(-0.0869528150724947,-0.0104928060445385,-0.00283398687854184));
#12695=CARTESIAN_POINT('',(-0.0869528150724947,-0.0099848060445385,-0.00283398687854184));
#12696=CARTESIAN_POINT('',(-0.0867792976763209,-0.0104928060445385,-0.00283398687854184));
#12697=CARTESIAN_POINT('',(-0.0867792976763209,-0.0099848060445385,-0.00283398687854184));
#12698=CARTESIAN_POINT('',(-0.0866426465824502,-0.0104928060445385,-0.00284848762411445));
#12699=CARTESIAN_POINT('',(-0.0866426465824502,-0.0099848060445385,-0.00284848762411445));
#12700=CARTESIAN_POINT('',(-0.0865428617908827,-0.0104928060445385,-0.00287748911525966));
#12701=CARTESIAN_POINT('',(-0.0865428617908827,-0.0099848060445385,-0.00287748911525966));
#12702=CARTESIAN_POINT('',(-0.0869528150724947,-0.0104928060445385,-0.00283398687854184));
#12703=CARTESIAN_POINT('',(-0.0869528150724947,-0.0104928060445385,-0.00283398687854184));
#12704=CARTESIAN_POINT('',(-0.0869528150724947,-0.0104928060445385,-0.00283398687854184));
#12705=CARTESIAN_POINT('',(-0.0866925389782339,-0.0104928060445385,-0.00283398687854184));
#12706=CARTESIAN_POINT('',(-0.0865428617908827,-0.0104928060445385,-0.00287748911525966));
#12707=CARTESIAN_POINT('',(-0.0880945644548258,-0.0104928060445385,-0.00332578335126697));
#12708=CARTESIAN_POINT('',(-0.0880945644548258,-0.0099848060445385,-0.00332578335126697));
#12709=CARTESIAN_POINT('',(-0.0878372376647493,-0.0104928060445385,-0.00299791903611689));
#12710=CARTESIAN_POINT('',(-0.0878372376647493,-0.0099848060445385,-0.00299791903611689));
#12711=CARTESIAN_POINT('',(-0.0874566545373056,-0.0104928060445385,-0.00283398687854184));
#12712=CARTESIAN_POINT('',(-0.0874566545373056,-0.0099848060445385,-0.00283398687854184));
#12713=CARTESIAN_POINT('',(-0.0869528150724947,-0.0104928060445385,-0.00283398687854184));
#12714=CARTESIAN_POINT('',(-0.0869528150724947,-0.0099848060445385,-0.00283398687854184));
#12715=CARTESIAN_POINT('',(-0.0880945644548258,-0.0104928060445385,-0.00332578335126697));
#12716=CARTESIAN_POINT('',(-0.087708574269711,-0.0104928060445385,-0.00283398687854184));
#12717=CARTESIAN_POINT('',(-0.0869528150724947,-0.0104928060445385,-0.00283398687854184));
#12718=CARTESIAN_POINT('',(-0.0868414788395389,-0.0104928060445385,-0.00576559523769496));
#12719=CARTESIAN_POINT('',(-0.0868414788395389,-0.0099848060445385,-0.00576559523769496));
#12720=CARTESIAN_POINT('',(-0.0867210489186817,-0.0104928060445385,-0.00562796104242955));
#12721=CARTESIAN_POINT('',(-0.0867210489186817,-0.0099848060445385,-0.00562796104242955));
#12722=CARTESIAN_POINT('',(-0.0866608339582531,-0.0104928060445385,-0.00542937456068947));
#12723=CARTESIAN_POINT('',(-0.0866608339582531,-0.0099848060445385,-0.00542937456068947));
#12724=CARTESIAN_POINT('',(-0.0866608339582531,-0.0104928060445385,-0.00516983579247471));
#12725=CARTESIAN_POINT('',(-0.0866608339582531,-0.0099848060445385,-0.00516983579247471));
#12726=CARTESIAN_POINT('',(-0.0868414788395389,-0.0099848060445385,-0.00576559523769496));
#12727=CARTESIAN_POINT('',(-0.0866608339582531,-0.0099848060445385,-0.00555914394479685));
#12728=CARTESIAN_POINT('',(-0.0866608339582531,-0.0099848060445385,-0.00516983579247471));
#12729=CARTESIAN_POINT('',(-0.0868414788395389,-0.0104928060445385,-0.00576559523769496));
#12730=CARTESIAN_POINT('',(-0.0866608339582531,-0.0104928060445385,-0.00555914394479685));
#12731=CARTESIAN_POINT('',(-0.0866608339582531,-0.0104928060445385,-0.00516983579247471));
#12732=CARTESIAN_POINT('',(-0.0943362274850798,-0.0104928060445385,0.0193259319756496));
#12733=CARTESIAN_POINT('',(-0.0927913313682578,-0.0104928060445385,-0.00474255534878023));
#12734=CARTESIAN_POINT('',(-0.093489210470858,-0.0104928060445385,-0.00625075577600551));
#12735=CARTESIAN_POINT('',(-0.093489210470858,-0.0104928060445385,-0.00625075577600551));
#12736=CARTESIAN_POINT('',(-0.0927913313682578,-0.0104928060445385,-0.00474255534878023));
#12737=CARTESIAN_POINT('',(-0.0920934522656576,-0.0104928060445385,-0.00323435492155495));
#12738=CARTESIAN_POINT('',(-0.0920934522656576,-0.0104928060445385,-0.00323435492155495));
#12739=CARTESIAN_POINT('',(-0.0932772292326144,-0.0104928060445385,-0.00625075577600551));
#12740=CARTESIAN_POINT('',(-0.0930652479943708,-0.0104928060445385,-0.00625075577600551));
#12741=CARTESIAN_POINT('',(-0.0930652479943708,-0.0104928060445385,-0.00625075577600551));
#12742=CARTESIAN_POINT('',(-0.0932772292326144,-0.0104928060445385,-0.00625075577600551));
#12743=CARTESIAN_POINT('',(-0.0923765854673464,-0.0104928060445385,-0.00471969824135223));
#12744=CARTESIAN_POINT('',(-0.091687922940322,-0.0104928060445385,-0.00318864070669894));
#12745=CARTESIAN_POINT('',(-0.091687922940322,-0.0104928060445385,-0.00318864070669894));
#12746=CARTESIAN_POINT('',(-0.0923765854673464,-0.0104928060445385,-0.00471969824135223));
#12747=CARTESIAN_POINT('',(-0.091687922940322,-0.0104928060445385,-0.00303527688911749));
#12748=CARTESIAN_POINT('',(-0.091687922940322,-0.0104928060445385,-0.00288191307153605));
#12749=CARTESIAN_POINT('',(-0.091687922940322,-0.0104928060445385,-0.00288191307153605));
#12750=CARTESIAN_POINT('',(-0.091687922940322,-0.0104928060445385,-0.00303527688911749));
#12751=CARTESIAN_POINT('',(-0.0928086585303403,-0.0104928060445385,-0.00288191307153605));
#12752=CARTESIAN_POINT('',(-0.0939293941203586,-0.0104928060445385,-0.00288191307153605));
#12753=CARTESIAN_POINT('',(-0.0939293941203586,-0.0104928060445385,-0.00288191307153605));
#12754=CARTESIAN_POINT('',(-0.0928086585303403,-0.0104928060445385,-0.00288191307153605));
#12755=CARTESIAN_POINT('',(-0.0939293941203586,-0.0104928060445385,-0.0030581339965455));
#12756=CARTESIAN_POINT('',(-0.0939293941203586,-0.0104928060445385,-0.00323435492155495));
#12757=CARTESIAN_POINT('',(-0.0939293941203586,-0.0104928060445385,-0.00323435492155495));
#12758=CARTESIAN_POINT('',(-0.0939293941203586,-0.0104928060445385,-0.0030581339965455));
#12759=CARTESIAN_POINT('',(-0.0930114231930081,-0.0104928060445385,-0.00323435492155495));
#12760=CARTESIAN_POINT('',(-0.0930114231930081,-0.0104928060445385,-0.00323435492155495));
#12761=CARTESIAN_POINT('',(-0.0943362274850798,-0.0104928060445385,0.0193259319756496));
#12762=CARTESIAN_POINT('',(-0.0943725270740434,-0.0104928060445385,-0.00535416730399088));
#12763=CARTESIAN_POINT('',(-0.0943725270740434,-0.0099848060445385,-0.00535416730399088));
#12764=CARTESIAN_POINT('',(-0.0943725270740434,-0.0104928060445385,-0.00565057237450887));
#12765=CARTESIAN_POINT('',(-0.0943725270740434,-0.0099848060445385,-0.00565057237450887));
#12766=CARTESIAN_POINT('',(-0.0944800537890945,-0.0104928060445385,-0.00588184697762449));
#12767=CARTESIAN_POINT('',(-0.0944800537890945,-0.0099848060445385,-0.00588184697762449));
#12768=CARTESIAN_POINT('',(-0.0946951072191967,-0.0104928060445385,-0.00604799111333773));
#12769=CARTESIAN_POINT('',(-0.0946951072191967,-0.0099848060445385,-0.00604799111333773));
#12770=CARTESIAN_POINT('',(-0.0943725270740434,-0.0104928060445385,-0.00535416730399088));
#12771=CARTESIAN_POINT('',(-0.0943725270740434,-0.0104928060445385,-0.00535416730399088));
#12772=CARTESIAN_POINT('',(-0.0943725270740434,-0.0104928060445385,-0.00535416730399088));
#12773=CARTESIAN_POINT('',(-0.0943725270740434,-0.0104928060445385,-0.00579877490976787));
#12774=CARTESIAN_POINT('',(-0.0946951072191967,-0.0104928060445385,-0.00604799111333773));
#12775=CARTESIAN_POINT('',(-0.0946951072191967,-0.0104928060445385,-0.00604799111333773));
#12776=CARTESIAN_POINT('',(-0.0946951072191967,-0.0104928060445385,-0.00604799111333773));
#12777=CARTESIAN_POINT('',(-0.0945716051064809,-0.0104928060445385,-0.0047923248568896));
#12778=CARTESIAN_POINT('',(-0.0945716051064809,-0.0099848060445385,-0.0047923248568896));
#12779=CARTESIAN_POINT('',(-0.0944388864181892,-0.0104928060445385,-0.00493684076191827));
#12780=CARTESIAN_POINT('',(-0.0944388864181892,-0.0099848060445385,-0.00493684076191827));
#12781=CARTESIAN_POINT('',(-0.0943725270740434,-0.0104928060445385,-0.0051241215776187));
#12782=CARTESIAN_POINT('',(-0.0943725270740434,-0.0099848060445385,-0.0051241215776187));
#12783=CARTESIAN_POINT('',(-0.0943725270740434,-0.0104928060445385,-0.00535416730399088));
#12784=CARTESIAN_POINT('',(-0.0943725270740434,-0.0099848060445385,-0.00535416730399088));
#12785=CARTESIAN_POINT('',(-0.0945716051064809,-0.0104928060445385,-0.0047923248568896));
#12786=CARTESIAN_POINT('',(-0.0945716051064809,-0.0104928060445385,-0.0047923248568896));
#12787=CARTESIAN_POINT('',(-0.0945716051064809,-0.0104928060445385,-0.0047923248568896));
#12788=CARTESIAN_POINT('',(-0.0943725270740434,-0.0104928060445385,-0.00500909871443261));
#12789=CARTESIAN_POINT('',(-0.0943725270740434,-0.0104928060445385,-0.00535416730399088));
#12790=CARTESIAN_POINT('',(-0.0953008205660388,-0.0104928060445385,-0.00438679553155403));
#12791=CARTESIAN_POINT('',(-0.0953008205660388,-0.0099848060445385,-0.00438679553155403));
#12792=CARTESIAN_POINT('',(-0.0949473956146252,-0.0104928060445385,-0.0045126325100824));
#12793=CARTESIAN_POINT('',(-0.0949473956146252,-0.0099848060445385,-0.0045126325100824));
#12794=CARTESIAN_POINT('',(-0.0947043237947726,-0.0104928060445385,-0.00464780895186093));
#12795=CARTESIAN_POINT('',(-0.0947043237947726,-0.0099848060445385,-0.00464780895186093));
#12796=CARTESIAN_POINT('',(-0.0945716051064809,-0.0104928060445385,-0.0047923248568896));
#12797=CARTESIAN_POINT('',(-0.0945716051064809,-0.0099848060445385,-0.0047923248568896));
#12798=CARTESIAN_POINT('',(-0.0953008205660388,-0.0104928060445385,-0.00438679553155403));
#12799=CARTESIAN_POINT('',(-0.0953008205660388,-0.0104928060445385,-0.00438679553155403));
#12800=CARTESIAN_POINT('',(-0.0953008205660388,-0.0104928060445385,-0.00438679553155403));
#12801=CARTESIAN_POINT('',(-0.0947706831389184,-0.0104928060445385,-0.00457555099934659));
#12802=CARTESIAN_POINT('',(-0.0945716051064809,-0.0104928060445385,-0.0047923248568896));
#12803=CARTESIAN_POINT('',(-0.095769759931336,-0.0104928060445385,-0.00418071290167896));
#12804=CARTESIAN_POINT('',(-0.095769759931336,-0.0099848060445385,-0.00418071290167896));
#12805=CARTESIAN_POINT('',(-0.0956675173862817,-0.0104928060445385,-0.00424289406489708));
#12806=CARTESIAN_POINT('',(-0.0956675173862817,-0.0099848060445385,-0.00424289406489708));
#12807=CARTESIAN_POINT('',(-0.0955112042645159,-0.0104928060445385,-0.00431158827485543));
#12808=CARTESIAN_POINT('',(-0.0955112042645159,-0.0099848060445385,-0.00431158827485543));
#12809=CARTESIAN_POINT('',(-0.0953008205660388,-0.0104928060445385,-0.00438679553155403));
#12810=CARTESIAN_POINT('',(-0.0953008205660388,-0.0099848060445385,-0.00438679553155403));
#12811=CARTESIAN_POINT('',(-0.095769759931336,-0.0104928060445385,-0.00418071290167896));
#12812=CARTESIAN_POINT('',(-0.095769759931336,-0.0104928060445385,-0.00418071290167896));
#12813=CARTESIAN_POINT('',(-0.095769759931336,-0.0104928060445385,-0.00418071290167896));
#12814=CARTESIAN_POINT('',(-0.0956163961137545,-0.0104928060445385,-0.00427398464650613));
#12815=CARTESIAN_POINT('',(-0.0953008205660388,-0.0104928060445385,-0.00438679553155403));
#12816=CARTESIAN_POINT('',(-0.0959876397779481,-0.0104928060445385,-0.00397536759784994));
#12817=CARTESIAN_POINT('',(-0.0959876397779481,-0.0099848060445385,-0.00397536759784994));
#12818=CARTESIAN_POINT('',(-0.0959446290919276,-0.0104928060445385,-0.00405008330385117));
#12819=CARTESIAN_POINT('',(-0.0959446290919276,-0.0099848060445385,-0.00405008330385117));
#12820=CARTESIAN_POINT('',(-0.0958720024763903,-0.0104928060445385,-0.00411853173846083));
#12821=CARTESIAN_POINT('',(-0.0958720024763903,-0.0099848060445385,-0.00411853173846083));
#12822=CARTESIAN_POINT('',(-0.095769759931336,-0.0104928060445385,-0.00418071290167896));
#12823=CARTESIAN_POINT('',(-0.095769759931336,-0.0099848060445385,-0.00418071290167896));
#12824=CARTESIAN_POINT('',(-0.0959876397779481,-0.0104928060445385,-0.00397536759784994));
#12825=CARTESIAN_POINT('',(-0.0959876397779481,-0.0104928060445385,-0.00397536759784994));
#12826=CARTESIAN_POINT('',(-0.0959876397779481,-0.0104928060445385,-0.00397536759784994));
#12827=CARTESIAN_POINT('',(-0.0959231237489174,-0.0104928060445385,-0.00408744115685178));
#12828=CARTESIAN_POINT('',(-0.095769759931336,-0.0104928060445385,-0.00418071290167896));
#12829=CARTESIAN_POINT('',(-0.0960521558069787,-0.0104928060445385,-0.00368854776593079));
#12830=CARTESIAN_POINT('',(-0.0960521558069787,-0.0099848060445385,-0.00368854776593079));
#12831=CARTESIAN_POINT('',(-0.0960521558069787,-0.0104928060445385,-0.00380504528120901));
#12832=CARTESIAN_POINT('',(-0.0960521558069787,-0.0099848060445385,-0.00380504528120901));
#12833=CARTESIAN_POINT('',(-0.0960306504639685,-0.0104928060445385,-0.00390065189184872));
#12834=CARTESIAN_POINT('',(-0.0960306504639685,-0.0099848060445385,-0.00390065189184872));
#12835=CARTESIAN_POINT('',(-0.0959876397779481,-0.0104928060445385,-0.00397536759784994));
#12836=CARTESIAN_POINT('',(-0.0959876397779481,-0.0099848060445385,-0.00397536759784994));
#12837=CARTESIAN_POINT('',(-0.0960521558069787,-0.0104928060445385,-0.00368854776593079));
#12838=CARTESIAN_POINT('',(-0.0960521558069787,-0.0104928060445385,-0.00368854776593079));
#12839=CARTESIAN_POINT('',(-0.0960521558069787,-0.0104928060445385,-0.00368854776593079));
#12840=CARTESIAN_POINT('',(-0.0960521558069787,-0.0104928060445385,-0.00386329403884812));
#12841=CARTESIAN_POINT('',(-0.0959876397779481,-0.0104928060445385,-0.00397536759784994));
#12842=CARTESIAN_POINT('',(-0.0958770408710384,-0.0104928060445385,-0.00331767276476026));
#12843=CARTESIAN_POINT('',(-0.0958770408710384,-0.0099848060445385,-0.00331767276476026));
#12844=CARTESIAN_POINT('',(-0.0959937841616653,-0.0104928060445385,-0.0034066434409854));
#12845=CARTESIAN_POINT('',(-0.0959937841616653,-0.0099848060445385,-0.0034066434409854));
#12846=CARTESIAN_POINT('',(-0.0960521558069787,-0.0104928060445385,-0.00353026844137557));
#12847=CARTESIAN_POINT('',(-0.0960521558069787,-0.0099848060445385,-0.00353026844137557));
#12848=CARTESIAN_POINT('',(-0.0960521558069787,-0.0104928060445385,-0.00368854776593079));
#12849=CARTESIAN_POINT('',(-0.0960521558069787,-0.0099848060445385,-0.00368854776593079));
#12850=CARTESIAN_POINT('',(-0.0958770408710384,-0.0104928060445385,-0.00331767276476026));
#12851=CARTESIAN_POINT('',(-0.0958770408710384,-0.0104928060445385,-0.00331767276476026));
#12852=CARTESIAN_POINT('',(-0.0958770408710384,-0.0104928060445385,-0.00331767276476026));
#12853=CARTESIAN_POINT('',(-0.0960521558069787,-0.0104928060445385,-0.00345112877909796));
#12854=CARTESIAN_POINT('',(-0.0960521558069787,-0.0104928060445385,-0.00368854776593079));
#12855=CARTESIAN_POINT('',(-0.0953907743436587,-0.0104928060445385,-0.00318421675042255));
#12856=CARTESIAN_POINT('',(-0.0953907743436587,-0.0099848060445385,-0.00318421675042255));
#12857=CARTESIAN_POINT('',(-0.0955982087379516,-0.0104928060445385,-0.00318421675042256));
#12858=CARTESIAN_POINT('',(-0.0955982087379516,-0.0099848060445385,-0.00318421675042256));
#12859=CARTESIAN_POINT('',(-0.0957602975804114,-0.0104928060445385,-0.00322870208853512));
#12860=CARTESIAN_POINT('',(-0.0957602975804114,-0.0099848060445385,-0.00322870208853512));
#12861=CARTESIAN_POINT('',(-0.0958770408710384,-0.0104928060445385,-0.00331767276476026));
#12862=CARTESIAN_POINT('',(-0.0958770408710384,-0.0099848060445385,-0.00331767276476026));
#12863=CARTESIAN_POINT('',(-0.0953907743436587,-0.0104928060445385,-0.00318421675042255));
#12864=CARTESIAN_POINT('',(-0.0953907743436587,-0.0104928060445385,-0.00318421675042255));
#12865=CARTESIAN_POINT('',(-0.0953907743436587,-0.0104928060445385,-0.00318421675042255));
#12866=CARTESIAN_POINT('',(-0.095701925935098,-0.0104928060445385,-0.00318421675042255));
#12867=CARTESIAN_POINT('',(-0.0958770408710384,-0.0104928060445385,-0.00331767276476026));
#12868=CARTESIAN_POINT('',(-0.0945797156929876,-0.0104928060445385,-0.00335896302333988));
#12869=CARTESIAN_POINT('',(-0.0945797156929876,-0.0099848060445385,-0.00335896302333988));
#12870=CARTESIAN_POINT('',(-0.0948579333877027,-0.0104928060445385,-0.00324246550806166));
#12871=CARTESIAN_POINT('',(-0.0948579333877027,-0.0099848060445385,-0.00324246550806166));
#12872=CARTESIAN_POINT('',(-0.0951282862712597,-0.0104928060445385,-0.00318421675042256));
#12873=CARTESIAN_POINT('',(-0.0951282862712597,-0.0099848060445385,-0.00318421675042256));
#12874=CARTESIAN_POINT('',(-0.0953907743436587,-0.0104928060445385,-0.00318421675042255));
#12875=CARTESIAN_POINT('',(-0.0953907743436587,-0.0099848060445385,-0.00318421675042255));
#12876=CARTESIAN_POINT('',(-0.0945797156929876,-0.0104928060445385,-0.00335896302333988));
#12877=CARTESIAN_POINT('',(-0.0945797156929876,-0.0104928060445385,-0.00335896302333988));
#12878=CARTESIAN_POINT('',(-0.0945797156929876,-0.0104928060445385,-0.00335896302333988));
#12879=CARTESIAN_POINT('',(-0.0949970422350602,-0.0104928060445385,-0.00318421675042255));
#12880=CARTESIAN_POINT('',(-0.0953907743436587,-0.0104928060445385,-0.00318421675042255));
#12881=CARTESIAN_POINT('',(-0.0945185176311642,-0.0104928060445385,-0.00318864070669894));
#12882=CARTESIAN_POINT('',(-0.0944570908341333,-0.0104928060445385,-0.00301768178966104));
#12883=CARTESIAN_POINT('',(-0.0944570908341333,-0.0104928060445385,-0.00301768178966104));
#12884=CARTESIAN_POINT('',(-0.0945185176311642,-0.0104928060445385,-0.00318864070669894));
#12885=CARTESIAN_POINT('',(-0.0953526515173701,-0.0104928060445385,-0.00511686354542116));
#12886=CARTESIAN_POINT('',(-0.0953811891050599,-0.0104928060445385,-0.00283398687854184));
#12887=CARTESIAN_POINT('',(-0.0953811891050599,-0.0104928060445385,-0.00283398687854184));
#12888=CARTESIAN_POINT('',(-0.0953526515173701,-0.0104928060445385,-0.00511686354542116));
#12889=CARTESIAN_POINT('',(-0.0961557501164508,-0.0104928060445385,-0.00306440126793705));
#12890=CARTESIAN_POINT('',(-0.0961557501164508,-0.0099848060445385,-0.00306440126793705));
#12891=CARTESIAN_POINT('',(-0.0959608502649411,-0.0104928060445385,-0.00291079167500691));
#12892=CARTESIAN_POINT('',(-0.0959608502649411,-0.0099848060445385,-0.00291079167500691));
#12893=CARTESIAN_POINT('',(-0.0957026632611441,-0.0104928060445385,-0.00283398687854184));
#12894=CARTESIAN_POINT('',(-0.0957026632611441,-0.0099848060445385,-0.00283398687854184));
#12895=CARTESIAN_POINT('',(-0.0953811891050599,-0.0104928060445385,-0.00283398687854184));
#12896=CARTESIAN_POINT('',(-0.0953811891050599,-0.0099848060445385,-0.00283398687854184));
#12897=CARTESIAN_POINT('',(-0.0961557501164508,-0.0104928060445385,-0.00306440126793705));
#12898=CARTESIAN_POINT('',(-0.0961557501164508,-0.0104928060445385,-0.00306440126793705));
#12899=CARTESIAN_POINT('',(-0.0961557501164508,-0.0104928060445385,-0.00306440126793705));
#12900=CARTESIAN_POINT('',(-0.0958634003391862,-0.0104928060445385,-0.00283398687854184));
#12901=CARTESIAN_POINT('',(-0.0953811891050599,-0.0104928060445385,-0.00283398687854184));
#12902=CARTESIAN_POINT('',(-0.0964480998937155,-0.0104928060445385,-0.0036841238096544));
#12903=CARTESIAN_POINT('',(-0.0964480998937155,-0.0099848060445385,-0.0036841238096544));
#12904=CARTESIAN_POINT('',(-0.0964480998937155,-0.0104928060445385,-0.00342458504143964));
#12905=CARTESIAN_POINT('',(-0.0964480998937155,-0.0099848060445385,-0.00342458504143964));
#12906=CARTESIAN_POINT('',(-0.0963506499679606,-0.0104928060445385,-0.00321801086086719));
#12907=CARTESIAN_POINT('',(-0.0963506499679606,-0.0099848060445385,-0.00321801086086719));
#12908=CARTESIAN_POINT('',(-0.0961557501164508,-0.0104928060445385,-0.00306440126793705));
#12909=CARTESIAN_POINT('',(-0.0961557501164508,-0.0099848060445385,-0.00306440126793705));
#12910=CARTESIAN_POINT('',(-0.0964480998937155,-0.0104928060445385,-0.0036841238096544));
#12911=CARTESIAN_POINT('',(-0.0964480998937155,-0.0104928060445385,-0.0036841238096544));
#12912=CARTESIAN_POINT('',(-0.0964480998937155,-0.0104928060445385,-0.0036841238096544));
#12913=CARTESIAN_POINT('',(-0.0964480998937155,-0.0104928060445385,-0.00329481565733226));
#12914=CARTESIAN_POINT('',(-0.0961557501164508,-0.0104928060445385,-0.00306440126793705));
#12915=CARTESIAN_POINT('',(-0.0962464412201168,-0.0104928060445385,-0.00428541320022014));
#12916=CARTESIAN_POINT('',(-0.0962464412201168,-0.0099848060445385,-0.00428541320022014));
#12917=CARTESIAN_POINT('',(-0.0963808803358493,-0.0104928060445385,-0.00413180360729));
#12918=CARTESIAN_POINT('',(-0.0963808803358493,-0.0099848060445385,-0.00413180360729));
#12919=CARTESIAN_POINT('',(-0.0964480998937155,-0.0104928060445385,-0.00393137381043475));
#12920=CARTESIAN_POINT('',(-0.0964480998937155,-0.0099848060445385,-0.00393137381043475));
#12921=CARTESIAN_POINT('',(-0.0964480998937155,-0.0104928060445385,-0.0036841238096544));
#12922=CARTESIAN_POINT('',(-0.0964480998937155,-0.0099848060445385,-0.0036841238096544));
#12923=CARTESIAN_POINT('',(-0.0962464412201168,-0.0104928060445385,-0.00428541320022014));
#12924=CARTESIAN_POINT('',(-0.0962464412201168,-0.0104928060445385,-0.00428541320022014));
#12925=CARTESIAN_POINT('',(-0.0962464412201168,-0.0104928060445385,-0.00428541320022014));
#12926=CARTESIAN_POINT('',(-0.0964480998937155,-0.0104928060445385,-0.00405499881082493));
#12927=CARTESIAN_POINT('',(-0.0964480998937155,-0.0104928060445385,-0.0036841238096544));
#12928=CARTESIAN_POINT('',(-0.0955751058551749,-0.0104928060445385,-0.00468393792811809));
#12929=CARTESIAN_POINT('',(-0.0955751058551749,-0.0099848060445385,-0.00468393792811809));
#12930=CARTESIAN_POINT('',(-0.0958882236494037,-0.0104928060445385,-0.00457186436911626));
#12931=CARTESIAN_POINT('',(-0.0958882236494037,-0.0099848060445385,-0.00457186436911626));
#12932=CARTESIAN_POINT('',(-0.0961120021043843,-0.0104928060445385,-0.00443902279315028));
#12933=CARTESIAN_POINT('',(-0.0961120021043843,-0.0099848060445385,-0.00443902279315028));
#12934=CARTESIAN_POINT('',(-0.0962464412201168,-0.0104928060445385,-0.00428541320022014));
#12935=CARTESIAN_POINT('',(-0.0962464412201168,-0.0099848060445385,-0.00428541320022014));
#12936=CARTESIAN_POINT('',(-0.0955751058551749,-0.0104928060445385,-0.00468393792811809));
#12937=CARTESIAN_POINT('',(-0.0955751058551749,-0.0104928060445385,-0.00468393792811809));
#12938=CARTESIAN_POINT('',(-0.0955751058551749,-0.0104928060445385,-0.00468393792811809));
#12939=CARTESIAN_POINT('',(-0.0960447825465181,-0.0104928060445385,-0.00451582758961535));
#12940=CARTESIAN_POINT('',(-0.0962464412201168,-0.0104928060445385,-0.00428541320022014));
#12941=CARTESIAN_POINT('',(-0.095074092806874,-0.0104928060445385,-0.00489813114449988));
#12942=CARTESIAN_POINT('',(-0.095074092806874,-0.0099848060445385,-0.00489813114449988));
#12943=CARTESIAN_POINT('',(-0.0951839543877376,-0.0104928060445385,-0.00483496687988701));
#12944=CARTESIAN_POINT('',(-0.0951839543877376,-0.0099848060445385,-0.00483496687988701));
#12945=CARTESIAN_POINT('',(-0.0953509587371712,-0.0104928060445385,-0.00476356914109308));
#12946=CARTESIAN_POINT('',(-0.0953509587371712,-0.0099848060445385,-0.00476356914109308));
#12947=CARTESIAN_POINT('',(-0.0955751058551749,-0.0104928060445385,-0.00468393792811809));
#12948=CARTESIAN_POINT('',(-0.0955751058551749,-0.0099848060445385,-0.00468393792811809));
#12949=CARTESIAN_POINT('',(-0.095074092806874,-0.0104928060445385,-0.00489813114449988));
#12950=CARTESIAN_POINT('',(-0.095074092806874,-0.0104928060445385,-0.00489813114449988));
#12951=CARTESIAN_POINT('',(-0.095074092806874,-0.0104928060445385,-0.00489813114449988));
#12952=CARTESIAN_POINT('',(-0.0952388851781694,-0.0104928060445385,-0.00480338474758057));
#12953=CARTESIAN_POINT('',(-0.0955751058551749,-0.0104928060445385,-0.00468393792811809));
#12954=CARTESIAN_POINT('',(-0.0948388857981793,-0.0104928060445385,-0.00510458243739799));
#12955=CARTESIAN_POINT('',(-0.0948388857981793,-0.0099848060445385,-0.00510458243739799));
#12956=CARTESIAN_POINT('',(-0.0948858288897788,-0.0104928060445385,-0.00503011250674546));
#12957=CARTESIAN_POINT('',(-0.0948858288897788,-0.0099848060445385,-0.00503011250674546));
#12958=CARTESIAN_POINT('',(-0.0949642312260103,-0.0104928060445385,-0.00496129540911275));
#12959=CARTESIAN_POINT('',(-0.0949642312260103,-0.0099848060445385,-0.00496129540911275));
#12960=CARTESIAN_POINT('',(-0.095074092806874,-0.0104928060445385,-0.00489813114449988));
#12961=CARTESIAN_POINT('',(-0.095074092806874,-0.0099848060445385,-0.00489813114449988));
#12962=CARTESIAN_POINT('',(-0.0948388857981793,-0.0104928060445385,-0.00510458243739799));
#12963=CARTESIAN_POINT('',(-0.0948388857981793,-0.0104928060445385,-0.00510458243739799));
#12964=CARTESIAN_POINT('',(-0.0948388857981793,-0.0104928060445385,-0.00510458243739799));
#12965=CARTESIAN_POINT('',(-0.0949093004355785,-0.0104928060445385,-0.00499287754141919));
#12966=CARTESIAN_POINT('',(-0.095074092806874,-0.0104928060445385,-0.00489813114449988));
#12967=CARTESIAN_POINT('',(-0.0947684711607802,-0.0104928060445385,-0.00539103360629411));
#12968=CARTESIAN_POINT('',(-0.0947684711607802,-0.0099848060445385,-0.00539103360629411));
#12969=CARTESIAN_POINT('',(-0.0947684711607802,-0.0104928060445385,-0.00527453609101589));
#12970=CARTESIAN_POINT('',(-0.0947684711607802,-0.0099848060445385,-0.00527453609101589));
#12971=CARTESIAN_POINT('',(-0.0947919427065799,-0.0104928060445385,-0.00517905236805052));
#12972=CARTESIAN_POINT('',(-0.0947919427065799,-0.0099848060445385,-0.00517905236805052));
#12973=CARTESIAN_POINT('',(-0.0948388857981793,-0.0104928060445385,-0.00510458243739799));
#12974=CARTESIAN_POINT('',(-0.0948388857981793,-0.0099848060445385,-0.00510458243739799));
#12975=CARTESIAN_POINT('',(-0.0947684711607802,-0.0104928060445385,-0.00539103360629411));
#12976=CARTESIAN_POINT('',(-0.0947684711607802,-0.0104928060445385,-0.00539103360629411));
#12977=CARTESIAN_POINT('',(-0.0947684711607802,-0.0104928060445385,-0.00539103360629411));
#12978=CARTESIAN_POINT('',(-0.0947684711607802,-0.0104928060445385,-0.00521628733337678));
#12979=CARTESIAN_POINT('',(-0.0948388857981793,-0.0104928060445385,-0.00510458243739799));
#12980=CARTESIAN_POINT('',(-0.0949668118671716,-0.0104928060445385,-0.00580504218115942));
#12981=CARTESIAN_POINT('',(-0.0949668118671716,-0.0099848060445385,-0.00580504218115942));
#12982=CARTESIAN_POINT('',(-0.0948345847295773,-0.0104928060445385,-0.00570599471563807));
#12983=CARTESIAN_POINT('',(-0.0948345847295773,-0.0099848060445385,-0.00570599471563807));
#12984=CARTESIAN_POINT('',(-0.0947684711607802,-0.0104928060445385,-0.00556799185734963));
#12985=CARTESIAN_POINT('',(-0.0947684711607802,-0.0099848060445385,-0.00556799185734963));
#12986=CARTESIAN_POINT('',(-0.0947684711607802,-0.0104928060445385,-0.00539103360629411));
#12987=CARTESIAN_POINT('',(-0.0947684711607802,-0.0099848060445385,-0.00539103360629411));
#12988=CARTESIAN_POINT('',(-0.0949668118671716,-0.0104928060445385,-0.00580504218115942));
#12989=CARTESIAN_POINT('',(-0.0949668118671716,-0.0104928060445385,-0.00580504218115942));
#12990=CARTESIAN_POINT('',(-0.0949668118671716,-0.0104928060445385,-0.00580504218115942));
#12991=CARTESIAN_POINT('',(-0.0947684711607802,-0.0104928060445385,-0.00565647098287739));
#12992=CARTESIAN_POINT('',(-0.0947684711607802,-0.0104928060445385,-0.00539103360629411));
#12993=CARTESIAN_POINT('',(-0.0955566727040233,-0.0104928060445385,-0.00595361337944145));
#12994=CARTESIAN_POINT('',(-0.0955566727040233,-0.0099848060445385,-0.00595361337944145));
#12995=CARTESIAN_POINT('',(-0.0952956592837164,-0.0104928060445385,-0.00595361337944145));
#12996=CARTESIAN_POINT('',(-0.0952956592837164,-0.0099848060445385,-0.00595361337944145));
#12997=CARTESIAN_POINT('',(-0.0950990390047658,-0.0104928060445385,-0.00590408964668077));
#12998=CARTESIAN_POINT('',(-0.0950990390047658,-0.0099848060445385,-0.00590408964668077));
#12999=CARTESIAN_POINT('',(-0.0949668118671716,-0.0104928060445385,-0.00580504218115942));
#13000=CARTESIAN_POINT('',(-0.0949668118671716,-0.0099848060445385,-0.00580504218115942));
#13001=CARTESIAN_POINT('',(-0.0955566727040233,-0.0104928060445385,-0.00595361337944145));
#13002=CARTESIAN_POINT('',(-0.0955566727040233,-0.0104928060445385,-0.00595361337944145));
#13003=CARTESIAN_POINT('',(-0.0955566727040233,-0.0104928060445385,-0.00595361337944145));
#13004=CARTESIAN_POINT('',(-0.0951651525735629,-0.0104928060445385,-0.00595361337944145));
#13005=CARTESIAN_POINT('',(-0.0949668118671716,-0.0104928060445385,-0.00580504218115942));
#13006=CARTESIAN_POINT('',(-0.0955515976372652,-0.0104928060445385,-0.00358854327762462));
#13007=CARTESIAN_POINT('',(-0.0960403585902417,-0.0104928060445385,-0.00590273788226299));
#13008=CARTESIAN_POINT('',(-0.0960403389458179,-0.0104928060445385,-0.00590264284012728));
#13009=CARTESIAN_POINT('',(-0.0955515976372652,-0.0104928060445385,-0.00358854327762462));
#13010=CARTESIAN_POINT('',(-0.0955473479485898,-0.0104928060445385,-0.00346987988271266));
#13011=CARTESIAN_POINT('',(-0.0964923394564794,-0.0104928060445385,-0.00576506723958525));
#13012=CARTESIAN_POINT('',(-0.0964923394564794,-0.0104928060445385,-0.00576506723958525));
#13013=CARTESIAN_POINT('',(-0.0955473479485898,-0.0104928060445385,-0.00346987988271266));
#13014=CARTESIAN_POINT('',(-0.0964923394564794,-0.0104928060445385,-0.00595361337944145));
#13015=CARTESIAN_POINT('',(-0.0964923394564794,-0.0104928060445385,-0.00614236884723401));
#13016=CARTESIAN_POINT('',(-0.0964923394564794,-0.0104928060445385,-0.00614236884723401));
#13017=CARTESIAN_POINT('',(-0.0964923394564794,-0.0104928060445385,-0.00595361337944145));
#13018=CARTESIAN_POINT('',(-0.0955706818988985,-0.0104928060445385,-0.00629720731690759));
#13019=CARTESIAN_POINT('',(-0.0955706818988985,-0.0099848060445385,-0.00629720731690759));
#13020=CARTESIAN_POINT('',(-0.0959698210651682,-0.0104928060445385,-0.00629720731690759));
#13021=CARTESIAN_POINT('',(-0.0959698210651682,-0.0099848060445385,-0.00629720731690759));
#13022=CARTESIAN_POINT('',(-0.0962770402510285,-0.0104928060445385,-0.00624559449368306));
#13023=CARTESIAN_POINT('',(-0.0962770402510285,-0.0099848060445385,-0.00624559449368306));
#13024=CARTESIAN_POINT('',(-0.0964923394564794,-0.0104928060445385,-0.00614236884723401));
#13025=CARTESIAN_POINT('',(-0.0964923394564794,-0.0099848060445385,-0.00614236884723401));
#13026=CARTESIAN_POINT('',(-0.0955706818988985,-0.0104928060445385,-0.00629720731690759));
#13027=CARTESIAN_POINT('',(-0.0955706818988985,-0.0104928060445385,-0.00629720731690759));
#13028=CARTESIAN_POINT('',(-0.0955706818988985,-0.0104928060445385,-0.00629720731690759));
#13029=CARTESIAN_POINT('',(-0.096169390648303,-0.0104928060445385,-0.00629720731690759));
#13030=CARTESIAN_POINT('',(-0.0964923394564794,-0.0104928060445385,-0.00614236884723401));
#13031=CARTESIAN_POINT('',(-0.0946951072191967,-0.0104928060445385,-0.00604799111333773));
#13032=CARTESIAN_POINT('',(-0.0946951072191967,-0.0099848060445385,-0.00604799111333773));
#13033=CARTESIAN_POINT('',(-0.0949101606492989,-0.0104928060445385,-0.00621413524905097));
#13034=CARTESIAN_POINT('',(-0.0949101606492989,-0.0099848060445385,-0.00621413524905097));
#13035=CARTESIAN_POINT('',(-0.0952020188758662,-0.0104928060445385,-0.00629720731690759));
#13036=CARTESIAN_POINT('',(-0.0952020188758662,-0.0099848060445385,-0.00629720731690759));
#13037=CARTESIAN_POINT('',(-0.0955706818988985,-0.0104928060445385,-0.00629720731690759));
#13038=CARTESIAN_POINT('',(-0.0955706818988985,-0.0099848060445385,-0.00629720731690759));
#13039=CARTESIAN_POINT('',(-0.0946951072191967,-0.0104928060445385,-0.00604799111333773));
#13040=CARTESIAN_POINT('',(-0.09501768736435,-0.0104928060445385,-0.00629720731690759));
#13041=CARTESIAN_POINT('',(-0.0955706818988985,-0.0104928060445385,-0.00629720731690759));
#13042=CARTESIAN_POINT('',(-0.0943362274850798,-0.0104928060445385,0.0193259319756496));
#13043=CARTESIAN_POINT('',(-0.097879249749127,-0.0104928060445385,-0.00430495234044086));
#13044=CARTESIAN_POINT('',(-0.097879249749127,-0.0099848060445385,-0.00430495234044086));
#13045=CARTESIAN_POINT('',(-0.0976831210208738,-0.0099848060445385,-0.00482697918105464));
#13046=CARTESIAN_POINT('',(-0.0980755435812478,-0.0099848060445385,-0.00378298670181045));
#13047=CARTESIAN_POINT('',(-0.0976831210208738,-0.0104928060445385,-0.00482697918105464));
#13048=CARTESIAN_POINT('',(-0.0976831210208738,-0.0104928060445385,-0.00482697918105464));
#13049=CARTESIAN_POINT('',(-0.097879249749127,-0.0104928060445385,-0.00430495234044086));
#13050=CARTESIAN_POINT('',(-0.0980755435812478,-0.0104928057945385,-0.00378298670181046));
#13051=CARTESIAN_POINT('',(-0.0980753784773802,-0.0104928060445385,-0.00378292549982707));
#13052=CARTESIAN_POINT('',(-0.0982280049689156,-0.0104928060445385,-0.00482697918105464));
#13053=CARTESIAN_POINT('',(-0.0982280049689156,-0.0099848060445385,-0.00482697918105464));
#13054=CARTESIAN_POINT('',(-0.0987728889169574,-0.0099848060445385,-0.00482697918105464));
#13055=CARTESIAN_POINT('',(-0.0987728889169574,-0.0104928060445385,-0.00482697918105464));
#13056=CARTESIAN_POINT('',(-0.0987728889169574,-0.0104928060445385,-0.00482697918105464));
#13057=CARTESIAN_POINT('',(-0.0982280049689156,-0.0104928060445385,-0.00482697918105464));
#13058=CARTESIAN_POINT('',(-0.098574916873589,-0.0104928060445385,-0.00430495234044086));
#13059=CARTESIAN_POINT('',(-0.098574916873589,-0.0099848060445385,-0.00430495234044086));
#13060=CARTESIAN_POINT('',(-0.0983770640732716,-0.0099848060445385,-0.00378288210704601));
#13061=CARTESIAN_POINT('',(-0.0983769448302207,-0.0104928060445385,-0.00378292549982706));
#13062=CARTESIAN_POINT('',(-0.0983770640732716,-0.0104928060445385,-0.00378288210704601));
#13063=CARTESIAN_POINT('',(-0.098574916873589,-0.0104928060445385,-0.00430495234044086));
#13064=CARTESIAN_POINT('',(-0.10252470839031,-0.0104928060445385,-0.00227354617164323));
#13065=CARTESIAN_POINT('',(-0.10252470839031,-0.0099848060445385,-0.00227354617164323));
#13066=CARTESIAN_POINT('',(-0.098231391964937,-0.0099848060445385,-0.00329695337075691));
#13067=CARTESIAN_POINT('',(-0.0982313919643517,-0.0104928060445385,-0.00329695337074786));
#13068=CARTESIAN_POINT('',(-0.098231391964937,-0.0104928060445385,-0.00329695337075691));
#13069=CARTESIAN_POINT('',(-0.10252470839031,-0.0104928060445385,-0.00227354617164323));
#13070=CARTESIAN_POINT('',(-0.0973516929631677,-0.0104928060445385,-0.00571508840353953));
#13071=CARTESIAN_POINT('',(-0.0971419237030623,-0.0104928060445385,-0.00625075577600551));
#13072=CARTESIAN_POINT('',(-0.0971419237030623,-0.0104928060445385,-0.00625075577600551));
#13073=CARTESIAN_POINT('',(-0.0973516929631677,-0.0104928060445385,-0.00571508840353953));
#13074=CARTESIAN_POINT('',(-0.0975614622232731,-0.0104928060445385,-0.00517942103107355));
#13075=CARTESIAN_POINT('',(-0.0975614622232731,-0.0104928060445385,-0.00517942103107355));
#13076=CARTESIAN_POINT('',(-0.0969391590403945,-0.0104928060445385,-0.00625075577600551));
#13077=CARTESIAN_POINT('',(-0.0967363943777268,-0.0104928060445385,-0.00625075577600551));
#13078=CARTESIAN_POINT('',(-0.0967363943777268,-0.0104928060445385,-0.00625075577600551));
#13079=CARTESIAN_POINT('',(-0.0969391590403945,-0.0104928060445385,-0.00625075577600551));
#13080=CARTESIAN_POINT('',(-0.0973988818301159,-0.0104928060445385,-0.00455932982633316));
#13081=CARTESIAN_POINT('',(-0.098061369282505,-0.0104928060445385,-0.00286790387666082));
#13082=CARTESIAN_POINT('',(-0.098061369282505,-0.0104928060445385,-0.00286790387666082));
#13083=CARTESIAN_POINT('',(-0.0973988818301159,-0.0104928060445385,-0.00455932982633316));
#13084=CARTESIAN_POINT('',(-0.0982261616538004,-0.0104928060445385,-0.00286790387666082));
#13085=CARTESIAN_POINT('',(-0.0983909540250959,-0.0104928060445385,-0.00286790387666082));
#13086=CARTESIAN_POINT('',(-0.0983909540250959,-0.0104928060445385,-0.00286790387666082));
#13087=CARTESIAN_POINT('',(-0.0982261616538004,-0.0104928060445385,-0.00286790387666082));
#13088=CARTESIAN_POINT('',(-0.0990567594446923,-0.0104928060445385,-0.00455932982633316));
#13089=CARTESIAN_POINT('',(-0.0997225648642887,-0.0104928060445385,-0.00625075577600551));
#13090=CARTESIAN_POINT('',(-0.0997225648642887,-0.0104928060445385,-0.00625075577600551));
#13091=CARTESIAN_POINT('',(-0.0990567594446923,-0.0104928060445385,-0.00455932982633316));
#13092=CARTESIAN_POINT('',(-0.0995242241578973,-0.0104928060445385,-0.00625075577600551));
#13093=CARTESIAN_POINT('',(-0.0993258834515059,-0.0104928060445385,-0.00625075577600551));
#13094=CARTESIAN_POINT('',(-0.0993258834515059,-0.0104928060445385,-0.00625075577600551));
#13095=CARTESIAN_POINT('',(-0.0995242241578973,-0.0104928060445385,-0.00625075577600551));
#13096=CARTESIAN_POINT('',(-0.0991186948325617,-0.0104928060445385,-0.00571508840353953));
#13097=CARTESIAN_POINT('',(-0.0989115062136175,-0.0104928060445385,-0.00517942103107355));
#13098=CARTESIAN_POINT('',(-0.0989115062136175,-0.0104928060445385,-0.00517942103107355));
#13099=CARTESIAN_POINT('',(-0.0991186948325617,-0.0104928060445385,-0.00571508840353953));
#13100=CARTESIAN_POINT('',(-0.0982364842184453,-0.0104928060445385,-0.00517942103107355));
#13101=CARTESIAN_POINT('',(-0.0982364842184453,-0.0104928060445385,-0.00517942103107355));
#13102=CARTESIAN_POINT('',(-0.0927601732615569,-0.0104928060445385,-0.0018126439675242));
#13103=CARTESIAN_POINT('',(-0.0927601732615569,-0.0099848060445385,-0.0018126439675242));
#13104=CARTESIAN_POINT('',(-0.0927601732615569,-0.0104928060445385,-0.0018126439675242));
#13105=CARTESIAN_POINT('',(-0.0943362274850798,-0.0104928060445385,0.0193259319756496));
#13106=CARTESIAN_POINT('',(-0.0925879434091532,-0.0099848060445385,0.0574274778502585));
#13107=CARTESIAN_POINT('',(-0.0925879434091532,-0.0099848060445385,0.0574274778502585));
#13108=CARTESIAN_POINT('',(-0.108912532145519,0.0885085900358731,0.0194274778502585));
#13109=CARTESIAN_POINT('',(-0.0818279434091532,-0.0036348060445385,0.0250874778502585));
#13110=CARTESIAN_POINT('',(-0.0818279434091532,-0.0036348060445385,0.0250874778502585));
#13111=CARTESIAN_POINT('',(-0.0893775153249161,-0.0036348060445385,0.0194274778502585));
#13112=CARTESIAN_POINT('',(-0.0893775153249161,-0.0036348060445385,0.0194274778502585));
#13113=CARTESIAN_POINT('',(-0.0723935155636038,0.0839702566409522,0.0194274778502585));
#13114=CARTESIAN_POINT('',(0.0194288754536074,-0.155067890844929,-0.352353687091999));
#13115=CARTESIAN_POINT('',(-0.117322889730895,-0.0303304552138752,0.0422611611552148));
#13116=CARTESIAN_POINT('',(-0.122072572596421,-0.0303304552138752,-0.0212114807218313));
#13117=CARTESIAN_POINT('',(-0.121869807933753,-0.0303304552138752,-0.0212114807218313));
#13118=CARTESIAN_POINT('',(-0.122275337259088,-0.0303304552138752,-0.0212114807218313));
#13119=CARTESIAN_POINT('',(-0.122485106519194,-0.0303304552138752,-0.0206758133493654));
#13120=CARTESIAN_POINT('',(-0.122694875779299,-0.0303304552138752,-0.0201401459768993));
#13121=CARTESIAN_POINT('',(-0.123369897774471,-0.0303304552138752,-0.0201401459768993));
#13122=CARTESIAN_POINT('',(-0.124044919769643,-0.0303304552138752,-0.0201401459768993));
#13123=CARTESIAN_POINT('',(-0.124252108388588,-0.0303304552138752,-0.0206758133493654));
#13124=CARTESIAN_POINT('',(-0.124459297007532,-0.0303304552138752,-0.0212114807218313));
#13125=CARTESIAN_POINT('',(-0.124657637713923,-0.0303304552138752,-0.0212114807218313));
#13126=CARTESIAN_POINT('',(-0.124855978420315,-0.0303304552138752,-0.0212114807218313));
#13127=CARTESIAN_POINT('',(-0.124190173000718,-0.0303304552138752,-0.019520054772159));
#13128=CARTESIAN_POINT('',(-0.123524367581122,-0.0303304552138752,-0.0178286288224867));
#13129=CARTESIAN_POINT('',(-0.123359575209826,-0.0303304552138752,-0.0178286288224867));
#13130=CARTESIAN_POINT('',(-0.123194782838531,-0.0303304552138752,-0.0178286288224867));
#13131=CARTESIAN_POINT('',(-0.122532295386142,-0.0303304552138752,-0.019520054772159));
#13132=CARTESIAN_POINT('',(-0.114136732362626,-0.0303304552138752,-0.0210341538077527));
#13133=CARTESIAN_POINT('',(-0.114136732362626,-0.0303304552138752,-0.0208568268936742));
#13134=CARTESIAN_POINT('',(-0.114136732362626,-0.0303304552138752,-0.0212114807218313));
#13135=CARTESIAN_POINT('',(-0.115243827420793,-0.0303304552138752,-0.0212114807218313));
#13136=CARTESIAN_POINT('',(-0.116350922478959,-0.0303304552138752,-0.0212114807218313));
#13137=CARTESIAN_POINT('',(-0.116350922478959,-0.0303304552138752,-0.0210466883505358));
#13138=CARTESIAN_POINT('',(-0.116350922478959,-0.0303304552138752,-0.0208818959792404));
#13139=CARTESIAN_POINT('',(-0.115907420862251,-0.0303304552138752,-0.0204361823843943));
#13140=CARTESIAN_POINT('',(-0.115463919245543,-0.0303304552138752,-0.0199904687895483));
#13141=CARTESIAN_POINT('',(-0.115463919245543,-0.0303304552138752,-0.0199904687895483));
#13142=CARTESIAN_POINT('',(-0.115058389920207,-0.0303304552138752,-0.0195797781818902));
#13143=CARTESIAN_POINT('',(-0.114929357862146,-0.0303304552138752,-0.0194046632459499));
#13144=CARTESIAN_POINT('',(-0.114929357862146,-0.0303304552138752,-0.0194046632459499));
#13145=CARTESIAN_POINT('',(-0.116124106376732,-0.0303304552138752,-0.0184972404379263));
#13146=CARTESIAN_POINT('',(-0.11473560014278,-0.0303304552138752,-0.0190637330410889));
#13147=CARTESIAN_POINT('',(-0.115647463002544,-0.0303304552138752,-0.0187157084603658));
#13148=CARTESIAN_POINT('',(-0.114671293746023,-0.0303304552138752,-0.0187067841433496));
#13149=CARTESIAN_POINT('',(-0.114671293746023,-0.0303304552138752,-0.0187067841433496));
#13150=CARTESIAN_POINT('',(-0.114671293746023,-0.0303304552138752,-0.01843692281049));
#13151=CARTESIAN_POINT('',(-0.11483498012825,-0.0303304552138752,-0.0182791350366322));
#13152=CARTESIAN_POINT('',(-0.11483498012825,-0.0303304552138752,-0.0182791350366322));
#13153=CARTESIAN_POINT('',(-0.11483498012825,-0.0303304552138752,-0.0182791350366322));
#13154=CARTESIAN_POINT('',(-0.114998666510476,-0.0303304552138752,-0.0181213472627743));
#13155=CARTESIAN_POINT('',(-0.115289172972626,-0.0303304552138752,-0.0181213472627743));
#13156=CARTESIAN_POINT('',(-0.115289172972626,-0.0303304552138752,-0.0181213472627743));
#13157=CARTESIAN_POINT('',(-0.115295968001774,-0.0303304552138752,-0.0192609648560789));
#13158=CARTESIAN_POINT('',(-0.115686591711454,-0.0303304552138752,-0.0181906559111044));
#13159=CARTESIAN_POINT('',(-0.115686591711454,-0.0303304552138752,-0.0181906559111044));
#13160=CARTESIAN_POINT('',(-0.115874609853201,-0.0303304552138752,-0.0182599645594345));
#13161=CARTESIAN_POINT('',(-0.116104655579573,-0.0303304552138752,-0.0184420840928125));
#13162=CARTESIAN_POINT('',(-0.116104655579573,-0.0303304552138752,-0.0184420840928125));
#13163=CARTESIAN_POINT('',(-0.116206037910907,-0.0303304552138752,-0.018311946045682));
#13164=CARTESIAN_POINT('',(-0.116307420242241,-0.0303304552138752,-0.0181818079985516));
#13165=CARTESIAN_POINT('',(-0.116307420242241,-0.0303304552138752,-0.0181818079985516));
#13166=CARTESIAN_POINT('',(-0.115842167507174,-0.0303304552138752,-0.0177947118243676));
#13167=CARTESIAN_POINT('',(-0.115293596928902,-0.0303304552138752,-0.0177947118243676));
#13168=CARTESIAN_POINT('',(-0.115293596928902,-0.0303304552138752,-0.0177947118243676));
#13169=CARTESIAN_POINT('',(-0.115293596928902,-0.0303304552138752,-0.0177947118243676));
#13170=CARTESIAN_POINT('',(-0.114818758955236,-0.0303304552138752,-0.0177947118243676));
#13171=CARTESIAN_POINT('',(-0.1145492662854,-0.0303304552138752,-0.018037660756546));
#13172=CARTESIAN_POINT('',(-0.1145492662854,-0.0303304552138752,-0.018037660756546));
#13173=CARTESIAN_POINT('',(-0.1145492662854,-0.0303304552138752,-0.018037660756546));
#13174=CARTESIAN_POINT('',(-0.114279773615563,-0.0303304552138752,-0.0182806096887243));
#13175=CARTESIAN_POINT('',(-0.114279773615563,-0.0303304552138752,-0.0186905629703362));
#13176=CARTESIAN_POINT('',(-0.114279773615563,-0.0303304552138752,-0.0186905629703362));
#13177=CARTESIAN_POINT('',(-0.114279773615563,-0.0303304552138752,-0.0186905629703362));
#13178=CARTESIAN_POINT('',(-0.114279773615563,-0.0303304552138752,-0.0190112998003743));
#13179=CARTESIAN_POINT('',(-0.114459681170803,-0.0303304552138752,-0.0193246633699518));
#13180=CARTESIAN_POINT('',(-0.114459681170803,-0.0303304552138752,-0.0193246633699518));
#13181=CARTESIAN_POINT('',(-0.114459681170803,-0.0303304552138752,-0.0193246633699518));
#13182=CARTESIAN_POINT('',(-0.114639588726043,-0.0303304552138752,-0.0196380269395293));
#13183=CARTESIAN_POINT('',(-0.115132122524814,-0.0303304552138752,-0.0201172888694713));
#13184=CARTESIAN_POINT('',(-0.115132122524814,-0.0303304552138752,-0.0201172888694713));
#13185=CARTESIAN_POINT('',(-0.115500785547846,-0.0303304552138752,-0.020477841305997));
#13186=CARTESIAN_POINT('',(-0.115869448570878,-0.0303304552138752,-0.0208383937425226));
#13187=CARTESIAN_POINT('',(-0.115869448570878,-0.0303304552138752,-0.0208476103180984));
#13188=CARTESIAN_POINT('',(-0.115869448570878,-0.0303304552138752,-0.0208568268936742));
#13189=CARTESIAN_POINT('',(-0.115003090466752,-0.0303304552138752,-0.0208568268936742));
#13190=CARTESIAN_POINT('',(-0.108740980357525,-0.0303304552138752,-0.0210341538077527));
#13191=CARTESIAN_POINT('',(-0.108740980357525,-0.0303304552138752,-0.0208568268936742));
#13192=CARTESIAN_POINT('',(-0.108740980357525,-0.0303304552138752,-0.0212114807218313));
#13193=CARTESIAN_POINT('',(-0.109848075415691,-0.0303304552138752,-0.0212114807218313));
#13194=CARTESIAN_POINT('',(-0.110955170473857,-0.0303304552138752,-0.0212114807218313));
#13195=CARTESIAN_POINT('',(-0.110955170473857,-0.0303304552138752,-0.0210466883505358));
#13196=CARTESIAN_POINT('',(-0.110955170473857,-0.0303304552138752,-0.0208818959792404));
#13197=CARTESIAN_POINT('',(-0.11051166885715,-0.0303304552138752,-0.0204361823843943));
#13198=CARTESIAN_POINT('',(-0.110068167240442,-0.0303304552138752,-0.0199904687895483));
#13199=CARTESIAN_POINT('',(-0.110068167240442,-0.0303304552138752,-0.0199904687895483));
#13200=CARTESIAN_POINT('',(-0.109662637915106,-0.0303304552138752,-0.0195797781818902));
#13201=CARTESIAN_POINT('',(-0.109533605857045,-0.0303304552138752,-0.0194046632459499));
#13202=CARTESIAN_POINT('',(-0.109533605857045,-0.0303304552138752,-0.0194046632459499));
#13203=CARTESIAN_POINT('',(-0.11072835437163,-0.0303304552138752,-0.0184972404379266));
#13204=CARTESIAN_POINT('',(-0.109339848137679,-0.0303304552138752,-0.0190637330410889));
#13205=CARTESIAN_POINT('',(-0.110251710997442,-0.0303304552138752,-0.0187157084603659));
#13206=CARTESIAN_POINT('',(-0.109275541740922,-0.0303304552138752,-0.0187067841433496));
#13207=CARTESIAN_POINT('',(-0.109275541740922,-0.0303304552138752,-0.0187067841433496));
#13208=CARTESIAN_POINT('',(-0.109275541740922,-0.0303304552138752,-0.01843692281049));
#13209=CARTESIAN_POINT('',(-0.109439228123148,-0.0303304552138752,-0.0182791350366322));
#13210=CARTESIAN_POINT('',(-0.109439228123148,-0.0303304552138752,-0.0182791350366322));
#13211=CARTESIAN_POINT('',(-0.109439228123148,-0.0303304552138752,-0.0182791350366322));
#13212=CARTESIAN_POINT('',(-0.109602914505375,-0.0303304552138752,-0.0181213472627743));
#13213=CARTESIAN_POINT('',(-0.109893420967524,-0.0303304552138752,-0.0181213472627743));
#13214=CARTESIAN_POINT('',(-0.109893420967524,-0.0303304552138752,-0.0181213472627743));
#13215=CARTESIAN_POINT('',(-0.109900215996672,-0.0303304552138752,-0.0192609648560806));
#13216=CARTESIAN_POINT('',(-0.110290839706353,-0.0303304552138752,-0.0181906559111044));
#13217=CARTESIAN_POINT('',(-0.110290839706353,-0.0303304552138752,-0.0181906559111044));
#13218=CARTESIAN_POINT('',(-0.1104788578481,-0.0303304552138752,-0.0182599645594345));
#13219=CARTESIAN_POINT('',(-0.110708903574472,-0.0303304552138752,-0.0184420840928125));
#13220=CARTESIAN_POINT('',(-0.110708903574472,-0.0303304552138752,-0.0184420840928125));
#13221=CARTESIAN_POINT('',(-0.110810285905806,-0.0303304552138752,-0.018311946045682));
#13222=CARTESIAN_POINT('',(-0.11091166823714,-0.0303304552138752,-0.0181818079985516));
#13223=CARTESIAN_POINT('',(-0.11091166823714,-0.0303304552138752,-0.0181818079985516));
#13224=CARTESIAN_POINT('',(-0.110446415502073,-0.0303304552138752,-0.0177947118243676));
#13225=CARTESIAN_POINT('',(-0.109897844923801,-0.0303304552138752,-0.0177947118243676));
#13226=CARTESIAN_POINT('',(-0.109897844923801,-0.0303304552138752,-0.0177947118243676));
#13227=CARTESIAN_POINT('',(-0.109897844923801,-0.0303304552138752,-0.0177947118243676));
#13228=CARTESIAN_POINT('',(-0.109423006950135,-0.0303304552138752,-0.0177947118243676));
#13229=CARTESIAN_POINT('',(-0.109153514280298,-0.0303304552138752,-0.018037660756546));
#13230=CARTESIAN_POINT('',(-0.109153514280298,-0.0303304552138752,-0.018037660756546));
#13231=CARTESIAN_POINT('',(-0.109153514280298,-0.0303304552138752,-0.018037660756546));
#13232=CARTESIAN_POINT('',(-0.108884021610462,-0.0303304552138752,-0.0182806096887243));
#13233=CARTESIAN_POINT('',(-0.108884021610462,-0.0303304552138752,-0.0186905629703362));
#13234=CARTESIAN_POINT('',(-0.108884021610462,-0.0303304552138752,-0.0186905629703362));
#13235=CARTESIAN_POINT('',(-0.108884021610462,-0.0303304552138752,-0.0186905629703362));
#13236=CARTESIAN_POINT('',(-0.108884021610462,-0.0303304552138752,-0.0190112998003743));
#13237=CARTESIAN_POINT('',(-0.109063929165702,-0.0303304552138752,-0.0193246633699518));
#13238=CARTESIAN_POINT('',(-0.109063929165702,-0.0303304552138752,-0.0193246633699518));
#13239=CARTESIAN_POINT('',(-0.109063929165702,-0.0303304552138752,-0.0193246633699518));
#13240=CARTESIAN_POINT('',(-0.109243836720941,-0.0303304552138752,-0.0196380269395293));
#13241=CARTESIAN_POINT('',(-0.109736370519713,-0.0303304552138752,-0.0201172888694713));
#13242=CARTESIAN_POINT('',(-0.109736370519713,-0.0303304552138752,-0.0201172888694713));
#13243=CARTESIAN_POINT('',(-0.110105033542745,-0.0303304552138752,-0.020477841305997));
#13244=CARTESIAN_POINT('',(-0.110473696565777,-0.0303304552138752,-0.0208383937425226));
#13245=CARTESIAN_POINT('',(-0.110473696565777,-0.0303304552138752,-0.0208476103180984));
#13246=CARTESIAN_POINT('',(-0.110473696565777,-0.0303304552138752,-0.0208568268936742));
#13247=CARTESIAN_POINT('',(-0.109607338461651,-0.0303304552138752,-0.0208568268936742));
#13248=CARTESIAN_POINT('',(-0.105772889730895,-0.0303304552138752,-0.0016523375426621));
#13249=CARTESIAN_POINT('',(-0.105772889730895,-0.0303304552138752,7.26624573379E-5));
#13250=CARTESIAN_POINT('',(-0.128872889730895,-0.0303304552138752,-0.0016523375426621));
#13251=CARTESIAN_POINT('',(-0.128872889730895,-0.0303304552138752,7.26624573379E-5));
#13252=CARTESIAN_POINT('',(-0.116612889730895,-0.0303304552138752,0.000290661155214797));
#13253=CARTESIAN_POINT('',(-0.116612889730895,-0.0303304552138752,0.0017101611552148));
#13254=CARTESIAN_POINT('',(-0.106562889730895,-0.0303304552138752,0.0103406611552148));
#13255=CARTESIAN_POINT('',(-0.106562889730895,-0.0303304552138752,0.0087906611552148));
#13256=CARTESIAN_POINT('',(-0.126662889730895,-0.0303304552138752,0.0103406611552148));
#13257=CARTESIAN_POINT('',(-0.126662889730895,-0.0303304552138752,0.0087906611552148));
#13258=CARTESIAN_POINT('',(-0.113307609223827,-0.0303304552138752,-0.020864937480181));
#13259=CARTESIAN_POINT('',(-0.113613968195967,-0.0303304552138752,-0.0204719426976285));
#13260=CARTESIAN_POINT('',(-0.113613968195967,-0.0303304552138752,-0.019771482953867));
#13261=CARTESIAN_POINT('',(-0.113307609223827,-0.0303304552138752,-0.020864937480181));
#13262=CARTESIAN_POINT('',(-0.113613968195967,-0.0303304552138752,-0.019771482953867));
#13263=CARTESIAN_POINT('',(-0.113613968195967,-0.0303304552138752,-0.019771482953867));
#13264=CARTESIAN_POINT('',(-0.113613968195967,-0.0303304552138752,-0.0187783047698179));
#13265=CARTESIAN_POINT('',(-0.113227978010852,-0.0303304552138752,-0.0182865082970928));
#13266=CARTESIAN_POINT('',(-0.113227978010852,-0.0303304552138752,-0.0182865082970928));
#13267=CARTESIAN_POINT('',(-0.113227978010852,-0.0303304552138752,-0.0182865082970928));
#13268=CARTESIAN_POINT('',(-0.112841987825737,-0.0303304552138752,-0.0177947118243676));
#13269=CARTESIAN_POINT('',(-0.112086228628521,-0.0303304552138752,-0.0177947118243676));
#13270=CARTESIAN_POINT('',(-0.112086228628521,-0.0303304552138752,-0.0177947118243676));
#13271=CARTESIAN_POINT('',(-0.112086228628521,-0.0303304552138752,-0.0177947118243676));
#13272=CARTESIAN_POINT('',(-0.11182595253426,-0.0303304552138752,-0.0177947118243676));
#13273=CARTESIAN_POINT('',(-0.111676275346909,-0.0303304552138752,-0.0178382140610855));
#13274=CARTESIAN_POINT('',(-0.111676275346909,-0.0303304552138752,-0.0178382140610855));
#13275=CARTESIAN_POINT('',(-0.111676275346909,-0.0303304552138752,-0.0180030064323809));
#13276=CARTESIAN_POINT('',(-0.111676275346909,-0.0303304552138752,-0.0181672210578762));
#13277=CARTESIAN_POINT('',(-0.112058781330998,-0.0303304552138752,-0.0194315730350449));
#13278=CARTESIAN_POINT('',(-0.112081804672244,-0.0303304552138752,-0.0181102873720833));
#13279=CARTESIAN_POINT('',(-0.112081804672244,-0.0303304552138752,-0.0181102873720833));
#13280=CARTESIAN_POINT('',(-0.112623739316102,-0.0303304552138752,-0.0181102873720833));
#13281=CARTESIAN_POINT('',(-0.112909453158952,-0.0303304552138752,-0.0184476140381579));
#13282=CARTESIAN_POINT('',(-0.112909453158952,-0.0303304552138752,-0.0184476140381579));
#13283=CARTESIAN_POINT('',(-0.112909453158952,-0.0303304552138752,-0.0184476140381579));
#13284=CARTESIAN_POINT('',(-0.113195167001802,-0.0303304552138752,-0.0187849407042325));
#13285=CARTESIAN_POINT('',(-0.113222448065506,-0.0303304552138752,-0.019508994881468));
#13286=CARTESIAN_POINT('',(-0.113222448065506,-0.0303304552138752,-0.019508994881468));
#13287=CARTESIAN_POINT('',(-0.113208807533654,-0.0303304552138752,-0.019508994881468));
#13288=CARTESIAN_POINT('',(-0.113195167001802,-0.0303304552138752,-0.019508994881468));
#13289=CARTESIAN_POINT('',(-0.113195167001802,-0.0303304552138752,-0.019508994881468));
#13290=CARTESIAN_POINT('',(-0.112941526841956,-0.0303304552138752,-0.0191123134686852));
#13291=CARTESIAN_POINT('',(-0.112392956263684,-0.0303304552138752,-0.0191123134686852));
#13292=CARTESIAN_POINT('',(-0.112392956263684,-0.0303304552138752,-0.0191123134686852));
#13293=CARTESIAN_POINT('',(-0.112392956263684,-0.0303304552138752,-0.0191123134686852));
#13294=CARTESIAN_POINT('',(-0.111938763419308,-0.0303304552138752,-0.0191123134686852));
#13295=CARTESIAN_POINT('',(-0.111677381335978,-0.0303304552138752,-0.0193865987578213));
#13296=CARTESIAN_POINT('',(-0.111677381335978,-0.0303304552138752,-0.0193865987578213));
#13297=CARTESIAN_POINT('',(-0.111677381335978,-0.0303304552138752,-0.0193865987578213));
#13298=CARTESIAN_POINT('',(-0.111415999252648,-0.0303304552138752,-0.0196608840469573));
#13299=CARTESIAN_POINT('',(-0.111415999252648,-0.0303304552138752,-0.0201305607383005));
#13300=CARTESIAN_POINT('',(-0.111415999252648,-0.0303304552138752,-0.0201305607383005));
#13301=CARTESIAN_POINT('',(-0.111415999252648,-0.0303304552138752,-0.0201305607383005));
#13302=CARTESIAN_POINT('',(-0.111415999252648,-0.0303304552138752,-0.0206562742091447));
#13303=CARTESIAN_POINT('',(-0.111702819084567,-0.0303304552138752,-0.020957103235939));
#13304=CARTESIAN_POINT('',(-0.111702819084567,-0.0303304552138752,-0.020957103235939));
#13305=CARTESIAN_POINT('',(-0.111702819084567,-0.0303304552138752,-0.020957103235939));
#13306=CARTESIAN_POINT('',(-0.111989638916486,-0.0303304552138752,-0.0212579322627334));
#13307=CARTESIAN_POINT('',(-0.112478486085027,-0.0303304552138752,-0.0212579322627334));
#13308=CARTESIAN_POINT('',(-0.112478486085027,-0.0303304552138752,-0.0212579322627334));
#13309=CARTESIAN_POINT('',(-0.112478486085027,-0.0303304552138752,-0.0212579322627334));
#13310=CARTESIAN_POINT('',(-0.113001250251687,-0.0303304552138752,-0.0212579322627334));
#13311=CARTESIAN_POINT('',(-0.113307609223827,-0.0303304552138752,-0.020864937480181));
#13312=CARTESIAN_POINT('',(-0.11841064278864,-0.0303304552138752,-0.0212114807218313));
#13313=CARTESIAN_POINT('',(-0.118198661550397,-0.0303304552138752,-0.0212114807218313));
#13314=CARTESIAN_POINT('',(-0.118622624026884,-0.0303304552138752,-0.0212114807218313));
#13315=CARTESIAN_POINT('',(-0.117924744924284,-0.0303304552138752,-0.0197032802946061));
#13316=CARTESIAN_POINT('',(-0.117226865821684,-0.0303304552138752,-0.0181950798673807));
#13317=CARTESIAN_POINT('',(-0.118144836749034,-0.0303304552138752,-0.0181950798673807));
#13318=CARTESIAN_POINT('',(-0.119062807676385,-0.0303304552138752,-0.0181950798673807));
#13319=CARTESIAN_POINT('',(-0.119062807676385,-0.0303304552138752,-0.0180188589423713));
#13320=CARTESIAN_POINT('',(-0.119062807676385,-0.0303304552138752,-0.0178426380173618));
#13321=CARTESIAN_POINT('',(-0.117942072086366,-0.0303304552138752,-0.0178426380173618));
#13322=CARTESIAN_POINT('',(-0.116821336496348,-0.0303304552138752,-0.0178426380173618));
#13323=CARTESIAN_POINT('',(-0.116821336496348,-0.0303304552138752,-0.0179960018349433));
#13324=CARTESIAN_POINT('',(-0.116821336496348,-0.0303304552138752,-0.0181493656525248));
#13325=CARTESIAN_POINT('',(-0.117509999023372,-0.0303304552138752,-0.019680423187178));
#13326=CARTESIAN_POINT('',(-0.119705018662507,-0.0303304552138752,-0.0197530498027154));
#13327=CARTESIAN_POINT('',(-0.119505940630069,-0.0303304552138752,-0.0199698236602584));
#13328=CARTESIAN_POINT('',(-0.119505940630069,-0.0303304552138752,-0.0203148922498167));
#13329=CARTESIAN_POINT('',(-0.119705018662507,-0.0303304552138752,-0.0197530498027154));
#13330=CARTESIAN_POINT('',(-0.119505940630069,-0.0303304552138752,-0.0203148922498167));
#13331=CARTESIAN_POINT('',(-0.119505940630069,-0.0303304552138752,-0.0203148922498167));
#13332=CARTESIAN_POINT('',(-0.119505940630069,-0.0303304552138752,-0.0207594998555937));
#13333=CARTESIAN_POINT('',(-0.119828520775223,-0.0303304552138752,-0.0210087160591635));
#13334=CARTESIAN_POINT('',(-0.119828520775223,-0.0303304552138752,-0.0210087160591635));
#13335=CARTESIAN_POINT('',(-0.119828520775223,-0.0303304552138752,-0.0210087160591635));
#13336=CARTESIAN_POINT('',(-0.120151100920376,-0.0303304552138752,-0.0212579322627334));
#13337=CARTESIAN_POINT('',(-0.120704095454924,-0.0303304552138752,-0.0212579322627334));
#13338=CARTESIAN_POINT('',(-0.120704095454924,-0.0303304552138752,-0.0212579322627334));
#13339=CARTESIAN_POINT('',(-0.120704095454924,-0.0303304552138752,-0.0212579322627334));
#13340=CARTESIAN_POINT('',(-0.121302804204329,-0.0303304552138752,-0.0212579322627334));
#13341=CARTESIAN_POINT('',(-0.121625753012505,-0.0303304552138752,-0.0211030937930598));
#13342=CARTESIAN_POINT('',(-0.121625753012505,-0.0303304552138752,-0.0211030937930598));
#13343=CARTESIAN_POINT('',(-0.121625753012505,-0.0303304552138752,-0.0209143383252672));
#13344=CARTESIAN_POINT('',(-0.121625753012505,-0.0303304552138752,-0.0207257921854111));
#13345=CARTESIAN_POINT('',(-0.120680761504616,-0.0303304552138752,-0.0184306048285379));
#13346=CARTESIAN_POINT('',(-0.121173752501844,-0.0303304552138752,-0.0208633677859531));
#13347=CARTESIAN_POINT('',(-0.120685011193291,-0.0303304552138752,-0.0185492682234506));
#13348=CARTESIAN_POINT('',(-0.120690086260049,-0.0303304552138752,-0.0209143383252672));
#13349=CARTESIAN_POINT('',(-0.120690086260049,-0.0303304552138752,-0.0209143383252672));
#13350=CARTESIAN_POINT('',(-0.120298566129589,-0.0303304552138752,-0.0209143383252672));
#13351=CARTESIAN_POINT('',(-0.120100225423198,-0.0303304552138752,-0.0207657671269852));
#13352=CARTESIAN_POINT('',(-0.120100225423198,-0.0303304552138752,-0.0207657671269852));
#13353=CARTESIAN_POINT('',(-0.120100225423198,-0.0303304552138752,-0.0207657671269852));
#13354=CARTESIAN_POINT('',(-0.119901884716806,-0.0303304552138752,-0.0206171959287032));
#13355=CARTESIAN_POINT('',(-0.119901884716806,-0.0303304552138752,-0.0203517585521199));
#13356=CARTESIAN_POINT('',(-0.119901884716806,-0.0303304552138752,-0.0203517585521199));
#13357=CARTESIAN_POINT('',(-0.119901884716806,-0.0303304552138752,-0.0203517585521199));
#13358=CARTESIAN_POINT('',(-0.119901884716806,-0.0303304552138752,-0.0201770122792026));
#13359=CARTESIAN_POINT('',(-0.119972299354205,-0.0303304552138752,-0.0200653073832238));
#13360=CARTESIAN_POINT('',(-0.119972299354205,-0.0303304552138752,-0.0200653073832238));
#13361=CARTESIAN_POINT('',(-0.119972299354205,-0.0303304552138752,-0.0200653073832238));
#13362=CARTESIAN_POINT('',(-0.120042713991604,-0.0303304552138752,-0.019953602487245));
#13363=CARTESIAN_POINT('',(-0.1202075063629,-0.0303304552138752,-0.0198588560903257));
#13364=CARTESIAN_POINT('',(-0.1202075063629,-0.0303304552138752,-0.0198588560903257));
#13365=CARTESIAN_POINT('',(-0.1202075063629,-0.0303304552138752,-0.0198588560903257));
#13366=CARTESIAN_POINT('',(-0.120372298734195,-0.0303304552138752,-0.0197641096934064));
#13367=CARTESIAN_POINT('',(-0.120708519411201,-0.0303304552138752,-0.0196446628739439));
#13368=CARTESIAN_POINT('',(-0.120708519411201,-0.0303304552138752,-0.0196446628739439));
#13369=CARTESIAN_POINT('',(-0.120708519411201,-0.0303304552138752,-0.0196446628739439));
#13370=CARTESIAN_POINT('',(-0.121178196102544,-0.0303304552138752,-0.0194765525354412));
#13371=CARTESIAN_POINT('',(-0.121379854776143,-0.0303304552138752,-0.0192461381460459));
#13372=CARTESIAN_POINT('',(-0.121379854776143,-0.0303304552138752,-0.0192461381460459));
#13373=CARTESIAN_POINT('',(-0.121379854776143,-0.0303304552138752,-0.0192461381460459));
#13374=CARTESIAN_POINT('',(-0.121581513449741,-0.0303304552138752,-0.0190157237566508));
#13375=CARTESIAN_POINT('',(-0.121581513449741,-0.0303304552138752,-0.0186448487554802));
#13376=CARTESIAN_POINT('',(-0.121581513449741,-0.0303304552138752,-0.0186448487554802));
#13377=CARTESIAN_POINT('',(-0.121581513449741,-0.0303304552138752,-0.0186448487554802));
#13378=CARTESIAN_POINT('',(-0.121581513449741,-0.0303304552138752,-0.0182555406031581));
#13379=CARTESIAN_POINT('',(-0.121289163672477,-0.0303304552138752,-0.0180251262137629));
#13380=CARTESIAN_POINT('',(-0.121289163672477,-0.0303304552138752,-0.0180251262137629));
#13381=CARTESIAN_POINT('',(-0.121289163672477,-0.0303304552138752,-0.0180251262137629));
#13382=CARTESIAN_POINT('',(-0.120996813895212,-0.0303304552138752,-0.0177947118243676));
#13383=CARTESIAN_POINT('',(-0.120514602661086,-0.0303304552138752,-0.0177947118243676));
#13384=CARTESIAN_POINT('',(-0.120514602661086,-0.0303304552138752,-0.0177947118243676));
#13385=CARTESIAN_POINT('',(-0.120486065073396,-0.0303304552138752,-0.0200775884912473));
#13386=CARTESIAN_POINT('',(-0.119590504390159,-0.0303304552138752,-0.0179784067354869));
#13387=CARTESIAN_POINT('',(-0.11965193118719,-0.0303304552138752,-0.0181493656525248));
#13388=CARTESIAN_POINT('',(-0.119713129249014,-0.0303304552138752,-0.0183196879691657));
#13389=CARTESIAN_POINT('',(-0.119713129249014,-0.0303304552138752,-0.0183196879691657));
#13390=CARTESIAN_POINT('',(-0.120130455791086,-0.0303304552138752,-0.0181449416962483));
#13391=CARTESIAN_POINT('',(-0.120524187899685,-0.0303304552138752,-0.0181449416962483));
#13392=CARTESIAN_POINT('',(-0.120524187899685,-0.0303304552138752,-0.0181449416962483));
#13393=CARTESIAN_POINT('',(-0.120524187899685,-0.0303304552138752,-0.0181449416962483));
#13394=CARTESIAN_POINT('',(-0.120835339491124,-0.0303304552138752,-0.0181449416962483));
#13395=CARTESIAN_POINT('',(-0.121010454427064,-0.0303304552138752,-0.0182783977105861));
#13396=CARTESIAN_POINT('',(-0.121010454427064,-0.0303304552138752,-0.0182783977105861));
#13397=CARTESIAN_POINT('',(-0.121010454427064,-0.0303304552138752,-0.0182783977105861));
#13398=CARTESIAN_POINT('',(-0.121185569363005,-0.0303304552138752,-0.0184118537249238));
#13399=CARTESIAN_POINT('',(-0.121185569363005,-0.0303304552138752,-0.0186492727117566));
#13400=CARTESIAN_POINT('',(-0.121185569363005,-0.0303304552138752,-0.0186492727117566));
#13401=CARTESIAN_POINT('',(-0.121185569363005,-0.0303304552138752,-0.0186492727117566));
#13402=CARTESIAN_POINT('',(-0.121185569363005,-0.0303304552138752,-0.0188240189846739));
#13403=CARTESIAN_POINT('',(-0.121121053333974,-0.0303304552138752,-0.0189360925436758));
#13404=CARTESIAN_POINT('',(-0.121121053333974,-0.0303304552138752,-0.0189360925436758));
#13405=CARTESIAN_POINT('',(-0.121121053333974,-0.0303304552138752,-0.0189360925436758));
#13406=CARTESIAN_POINT('',(-0.121056537304943,-0.0303304552138752,-0.0190481661026776));
#13407=CARTESIAN_POINT('',(-0.120903173487362,-0.0303304552138752,-0.0191414378475048));
#13408=CARTESIAN_POINT('',(-0.120903173487362,-0.0303304552138752,-0.0191414378475048));
#13409=CARTESIAN_POINT('',(-0.120903173487362,-0.0303304552138752,-0.0191414378475048));
#13410=CARTESIAN_POINT('',(-0.12074980966978,-0.0303304552138752,-0.0192347095923319));
#13411=CARTESIAN_POINT('',(-0.120434234122065,-0.0303304552138752,-0.0193475204773799));
#13412=CARTESIAN_POINT('',(-0.120434234122065,-0.0303304552138752,-0.0193475204773799));
#13413=CARTESIAN_POINT('',(-0.120434234122065,-0.0303304552138752,-0.0193475204773799));
#13414=CARTESIAN_POINT('',(-0.119904096694944,-0.0303304552138752,-0.0195362759451724));
#13415=CARTESIAN_POINT('',(-0.119705018662507,-0.0303304552138752,-0.0197530498027154));
#13416=CARTESIAN_POINT('',(-0.100625407495739,-0.0303304552138752,0.0042611611552148));
#13417=CARTESIAN_POINT('',(-0.100625407495739,-0.0303304552138752,0.0422611611552148));
#13418=CARTESIAN_POINT('',(-0.100625407495739,-0.0303304552138752,-0.0337388388447852));
#13419=CARTESIAN_POINT('',(-0.117322889730895,-0.0303304552138752,0.0422611611552148));
#13420=CARTESIAN_POINT('',(-0.135180427787588,-0.0303304552138752,0.0422611611552148));
#13421=CARTESIAN_POINT('',(-0.135180427787588,-0.0303304552138752,-0.0562322349251968));
#13422=CARTESIAN_POINT('',(-0.135180427787588,-0.0303304552138752,-0.0337388388447852));
#13423=CARTESIAN_POINT('',(-0.117322889730895,-0.0303304552138752,-0.0337388388447852));
#13424=CARTESIAN_POINT('',(-0.117322889730895,0.00166954478612481,0.0422611611552148));
#13425=CARTESIAN_POINT('',(-0.100625407495739,0.00166954478612481,0.0422611611552148));
#13426=CARTESIAN_POINT('',(-0.100625407495739,0.00166954478612482,-0.0337388388447852));
#13427=CARTESIAN_POINT('',(-0.100625407495739,0.00166954478612482,0.0422611611552148));
#13428=CARTESIAN_POINT('',(-0.117322889730895,0.00166954478612481,-0.0337388388447852));
#13429=CARTESIAN_POINT('',(-0.135180427787588,0.00166954478612481,-0.0337388388447852));
#13430=CARTESIAN_POINT('',(-0.135180427787588,0.00166954478612481,-0.0562322349251968));
#13431=CARTESIAN_POINT('',(-0.135180427787588,0.00166954478612481,0.0422611611552148));
#13432=CARTESIAN_POINT('',(-0.117322889730895,0.00166954478612481,0.0422611611552148));
#13433=CARTESIAN_POINT('',(-0.11658508654569,0.00166954478612481,0.00407228271811737));
#13434=CARTESIAN_POINT('',(-0.11658508654569,0.00166954478612481,0.00496128271811737));
#13435=CARTESIAN_POINT('',(-0.11658508654569,0.00166954478612481,-0.00354771728188264));
#13436=CARTESIAN_POINT('',(-0.11658508654569,0.00166954478612481,-0.00265871728188263));
#13437=CARTESIAN_POINT('',(-0.128872889730895,0.00166954478612481,-0.0016523375426621));
#13438=CARTESIAN_POINT('',(-0.128872889730895,0.00166954478612481,7.26624573379E-5));
#13439=CARTESIAN_POINT('',(-0.105772889730895,0.00166954478612481,-0.0016523375426621));
#13440=CARTESIAN_POINT('',(-0.105772889730895,0.00166954478612481,7.26624573379E-5));
#13441=CARTESIAN_POINT('',(-0.113467472119971,0.00166954478612481,0.00159381138176482));
#13442=CARTESIAN_POINT('',(-0.11391808654569,0.00166954478612481,0.00159381138176482));
#13443=CARTESIAN_POINT('',(-0.113016857694252,0.00166954478612481,0.00159381138176482));
#13444=CARTESIAN_POINT('',(-0.11391808654569,0.00166954478612481,0.00226677457100909));
#13445=CARTESIAN_POINT('',(-0.11391808654569,0.00166954478612481,0.00293973776025335));
#13446=CARTESIAN_POINT('',(-0.11658508654569,0.00166954478612481,0.00293973776025335));
#13447=CARTESIAN_POINT('',(-0.11925208654569,0.00166954478612481,0.00293973776025335));
#13448=CARTESIAN_POINT('',(-0.11925208654569,0.00166954478612481,0.00226677457100909));
#13449=CARTESIAN_POINT('',(-0.11925208654569,0.00166954478612481,0.00159381138176482));
#13450=CARTESIAN_POINT('',(-0.119702700971409,0.00166954478612481,0.00159381138176482));
#13451=CARTESIAN_POINT('',(-0.120153315397128,0.00166954478612481,0.00159381138176482));
#13452=CARTESIAN_POINT('',(-0.120153315397128,0.00166954478612481,0.000272737760253357));
#13453=CARTESIAN_POINT('',(-0.120153315397128,0.00166954478612481,-0.0010483358612581));
#13454=CARTESIAN_POINT('',(-0.119702700971409,0.00166954478612481,-0.0010483358612581));
#13455=CARTESIAN_POINT('',(-0.11925208654569,0.00166954478612481,-0.0010483358612581));
#13456=CARTESIAN_POINT('',(-0.11925208654569,0.00166954478612481,-0.00172129905050237));
#13457=CARTESIAN_POINT('',(-0.11925208654569,0.00166954478612481,-0.00239426223974664));
#13458=CARTESIAN_POINT('',(-0.11658508654569,0.00166954478612481,-0.00239426223974664));
#13459=CARTESIAN_POINT('',(-0.11391808654569,0.00166954478612481,-0.00239426223974664));
#13460=CARTESIAN_POINT('',(-0.11391808654569,0.00166954478612481,-0.00172129905050237));
#13461=CARTESIAN_POINT('',(-0.11391808654569,0.00166954478612481,-0.0010483358612581));
#13462=CARTESIAN_POINT('',(-0.113467472119971,0.00166954478612481,-0.0010483358612581));
#13463=CARTESIAN_POINT('',(-0.113016857694252,0.00166954478612481,-0.0010483358612581));
#13464=CARTESIAN_POINT('',(-0.113016857694252,0.00166954478612481,0.000272737760253357));
#13465=CARTESIAN_POINT('',(-0.119071173806822,-0.0143304552138752,0.0376611611552148));
#13466=CARTESIAN_POINT('',(-0.135434900311377,-0.0277660513145481,0.0376611611552148));
#13467=CARTESIAN_POINT('',(-0.135180427787588,-0.0277660513145481,0.0376611611552148));
#13468=CARTESIAN_POINT('',(-0.13129673167427,-0.0277660513145481,0.0376611611552148));
#13469=CARTESIAN_POINT('',(-0.135180427787588,-0.0143304552138752,0.0376611611552148));
#13470=CARTESIAN_POINT('',(-0.135180427787588,-0.00110789382151508,0.0376611611552148));
#13471=CARTESIAN_POINT('',(-0.135434900311377,-0.00110789382151508,0.0376611611552148));
#13472=CARTESIAN_POINT('',(-0.13129673167427,-0.00110789382151508,0.0376611611552148));
#13473=CARTESIAN_POINT('',(-0.13129673167427,-0.0144369725680315,0.0376611611552148));
#13474=CARTESIAN_POINT('',(-0.135434900311377,-0.00110789382151508,0.0376611611552148));
#13475=CARTESIAN_POINT('',(-0.135180427787588,-0.00110789382151508,0.0376611611552148));
#13476=CARTESIAN_POINT('',(-0.135180427787588,-0.00110789382151508,-0.0337388388447852));
#13477=CARTESIAN_POINT('',(-0.135434900311377,-0.00110789382151508,-0.0337388388447852));
#13478=CARTESIAN_POINT('',(-0.13129673167427,-0.00110789382151508,-0.0337388388447852));
#13479=CARTESIAN_POINT('',(-0.13129673167427,-0.00110789382151508,0.0376611611552148));
#13480=CARTESIAN_POINT('',(-0.135434900311377,-0.0277660513145481,0.0376611611552148));
#13481=CARTESIAN_POINT('',(-0.135434900311377,-0.0277660513145481,-0.0337388388447852));
#13482=CARTESIAN_POINT('',(-0.135180427787588,-0.0277660513145481,-0.0337388388447852));
#13483=CARTESIAN_POINT('',(-0.13129673167427,-0.0277660513145481,-0.0337388388447852));
#13484=CARTESIAN_POINT('',(-0.135180427787588,-0.0277660513145481,0.0376611611552148));
#13485=CARTESIAN_POINT('',(-0.13129673167427,-0.0277660513145481,0.0376611611552148));
#13486=CARTESIAN_POINT('',(-0.117322889730895,-0.0143304552138752,0.0422611611552148));
#13487=CARTESIAN_POINT('',(-0.100625407495739,0.0643819160433066,0.0422611611552148));
#13488=CARTESIAN_POINT('',(-0.135180427787588,-0.0143304552138752,0.0422611611552148));
#13489=CARTESIAN_POINT('',(-0.117322889730895,-0.0143304552138752,0.0422611611552148));
#13490=CARTESIAN_POINT('',(-0.109647889730895,-0.0143304552138752,0.0422611611552148));
#13491=CARTESIAN_POINT('',(-0.117322889730895,-0.0143304552138752,-0.0337388388447852));
#13492=CARTESIAN_POINT('',(-0.100625407495739,0.0643819160433066,-0.0337388388447852));
#13493=CARTESIAN_POINT('',(-0.100625407495739,-0.00110789382151508,-0.0337388388447852));
#13494=CARTESIAN_POINT('',(-0.101157131740811,-0.00110789382151508,-0.0337388388447852));
#13495=CARTESIAN_POINT('',(-0.104399941462929,-0.00110789382151508,-0.0337388388447852));
#13496=CARTESIAN_POINT('',(-0.104399941462929,-0.0143562643456805,-0.0337388388447852));
#13497=CARTESIAN_POINT('',(-0.104399941462929,-0.0276046348698459,-0.0337388388447852));
#13498=CARTESIAN_POINT('',(-0.101157131740811,-0.0276046348698459,-0.0337388388447852));
#13499=CARTESIAN_POINT('',(-0.100625407495739,-0.0276046348698459,-0.0337388388447852));
#13500=CARTESIAN_POINT('',(-0.100625407495739,0.0643819160433066,-0.0337388388447852));
#13501=CARTESIAN_POINT('',(-0.135180427787588,-0.0143304552138752,-0.0337388388447852));
#13502=CARTESIAN_POINT('',(-0.13129673167427,-0.0144369725680315,-0.0337388388447852));
#13503=CARTESIAN_POINT('',(-0.135180427787588,-0.0143304552138752,-0.0337388388447852));
#13504=CARTESIAN_POINT('',(-0.119071173806822,0.00217754478612481,0.0042611611552148));
#13505=CARTESIAN_POINT('',(-0.11658508654569,0.00217754478612481,0.000272737760253357));
#13506=CARTESIAN_POINT('',(-0.11658508654569,0.00217754478612481,0.00233013776025336));
#13507=CARTESIAN_POINT('',(-0.11391808654569,0.00217754478612481,0.00226677457100909));
#13508=CARTESIAN_POINT('',(-0.11391808654569,0.00217754478612481,0.00159381138176482));
#13509=CARTESIAN_POINT('',(-0.11391808654569,0.00217754478612481,0.00293973776025335));
#13510=CARTESIAN_POINT('',(-0.11391808654569,0.00217754478612481,0.000272737760253357));
#13511=CARTESIAN_POINT('',(-0.11391808654569,0.00217754478612481,-0.0010483358612581));
#13512=CARTESIAN_POINT('',(-0.11391808654569,0.00217754478612481,-0.00172129905050237));
#13513=CARTESIAN_POINT('',(-0.11391808654569,0.00217754478612481,-0.00239426223974664));
#13514=CARTESIAN_POINT('',(-0.11658508654569,0.00217754478612481,-0.00239426223974664));
#13515=CARTESIAN_POINT('',(-0.11925208654569,0.00217754478612481,-0.00239426223974664));
#13516=CARTESIAN_POINT('',(-0.11925208654569,0.00217754478612481,-0.00172129905050237));
#13517=CARTESIAN_POINT('',(-0.11925208654569,0.00217754478612481,-0.0010483358612581));
#13518=CARTESIAN_POINT('',(-0.11925208654569,0.00217754478612481,0.000272737760253357));
#13519=CARTESIAN_POINT('',(-0.11925208654569,0.00217754478612481,0.00159381138176482));
#13520=CARTESIAN_POINT('',(-0.11925208654569,0.00217754478612481,0.00226677457100909));
#13521=CARTESIAN_POINT('',(-0.11925208654569,0.00217754478612481,0.00293973776025335));
#13522=CARTESIAN_POINT('',(-0.11658508654569,0.00217754478612481,0.00293973776025335));
#13523=CARTESIAN_POINT('',(-0.128872889730895,0.00466954478612481,-0.0016523375426621));
#13524=CARTESIAN_POINT('',(-0.116612889730895,-0.0126304552138752,0.000290661155214797));
#13525=CARTESIAN_POINT('',(-0.118591043326198,-0.00671195683541972,0.00224047743922072));
#13526=CARTESIAN_POINT('',(-0.116602362731268,-0.00658666015355604,0.00306071706963994));
#13527=CARTESIAN_POINT('',(-0.114676844134101,-0.00707159955250126,0.00226062121350831));
#13528=CARTESIAN_POINT('',(-0.113841607004962,-0.00749801235462907,0.000327368305324992));
#13529=CARTESIAN_POINT('',(-0.114635213783579,-0.00708967755442935,-0.00164058708247227));
#13530=CARTESIAN_POINT('',(-0.116539065373169,-0.00659294169480131,-0.0024763164299194));
#13531=CARTESIAN_POINT('',(-0.118544341652918,-0.00670176599742692,-0.00170629186573786));
#13532=CARTESIAN_POINT('',(-0.119385244321005,-0.00694717544316514,0.00025966485744666));
#13533=CARTESIAN_POINT('',(-0.118591043326198,-0.00671195683541972,0.00224047743922072));
#13534=CARTESIAN_POINT('',(-0.116602362731268,-0.00658666015355604,0.00306071706963994));
#13535=CARTESIAN_POINT('',(-0.114676844134101,-0.00707159955250126,0.00226062121350831));
#13536=CARTESIAN_POINT('',(-0.116612889730895,-0.00668836616702419,0.0027906611552148));
#13537=CARTESIAN_POINT('',(-0.116612889730895,0.00166954478612481,0.000290661155214797));
#13538=CARTESIAN_POINT('',(-0.116612889730895,0.00166954478612481,0.0027906611552148));
#13539=CARTESIAN_POINT('',(-0.105772889730895,0.00466954478612481,-0.0016523375426621));
#13540=CARTESIAN_POINT('',(-0.105772889730895,-0.0276046348698459,-0.0016523375426621));
#13541=CARTESIAN_POINT('',(-0.104399941462929,-0.0276046348698459,-0.000608001364274698));
#13542=CARTESIAN_POINT('',(-0.104399941462929,-0.0276046348698459,-0.0026966737210495));
#13543=CARTESIAN_POINT('',(-0.104399941462929,0.00466954478612481,-0.0026966737210495));
#13544=CARTESIAN_POINT('',(-0.104399941462929,-0.00110789382151508,-0.00269667372104955));
#13545=CARTESIAN_POINT('',(-0.105772889730895,-0.00110789382151508,-0.0016523375426621));
#13546=CARTESIAN_POINT('',(-0.104399941462929,-0.00110789382151508,-0.000608001364274649));
#13547=CARTESIAN_POINT('',(-0.104399941462929,0.00466954478612481,-0.000608001364274698));
#13548=CARTESIAN_POINT('',(-0.117322889730895,-0.0143304552138752,-0.0157388388447852));
#13549=CARTESIAN_POINT('',(-0.117322889730895,-0.0143304552138752,-0.0157388388447852));
#13550=CARTESIAN_POINT('',(-0.109767889730895,-0.0143304552138752,-0.0157388388447852));
#13551=CARTESIAN_POINT('',(-0.117322889730895,-0.0143304552138752,-0.0027388388447852));
#13552=CARTESIAN_POINT('',(-0.117322889730895,-0.0143304552138752,-0.0027388388447852));
#13553=CARTESIAN_POINT('',(-0.109647889730895,-0.0143304552138752,-0.0027388388447852));
#13554=CARTESIAN_POINT('',(-0.117322889730895,-0.0143304552138752,-0.0027388388447852));
#13555=CARTESIAN_POINT('',(-0.109767889730895,-0.0143304552138752,-0.0027388388447852));
#13556=CARTESIAN_POINT('',(-0.117322889730895,-0.0143304552138752,-0.0027388388447852));
#13557=CARTESIAN_POINT('',(-0.119071173806822,-0.0243304552138752,0.0042611611552148));
#13558=CARTESIAN_POINT('',(-0.126662889730895,-0.0243304552138752,0.0103406611552148));
#13559=CARTESIAN_POINT('',(-0.126662889730895,-0.0243304552138752,0.0087906611552148));
#13560=CARTESIAN_POINT('',(-0.126662889730895,-0.0243304552138752,0.0103406611552148));
#13561=CARTESIAN_POINT('',(-0.119071173806822,-0.0243304552138752,0.0042611611552148));
#13562=CARTESIAN_POINT('',(-0.106562889730895,-0.0243304552138752,0.0103406611552148));
#13563=CARTESIAN_POINT('',(-0.106562889730895,-0.0243304552138752,0.0087906611552148));
#13564=CARTESIAN_POINT('',(-0.106562889730895,-0.0243304552138752,0.0103406611552148));
#13565=CARTESIAN_POINT('',(-0.13129673167427,-0.0144369725680315,0.0376611611552148));
#13566=CARTESIAN_POINT('',(-0.119071173806822,-0.0143304552138752,0.0376611611552148));
#13567=CARTESIAN_POINT('',(-0.100625407495739,-0.0143304552138752,0.0376611611552148));
#13568=CARTESIAN_POINT('',(-0.100625407495739,-0.0276046348698459,0.0376611611552148));
#13569=CARTESIAN_POINT('',(-0.100625407495739,-0.00110789382151508,0.0376611611552148));
#13570=CARTESIAN_POINT('',(-0.101157131740811,-0.0276046348698459,0.0376611611552148));
#13571=CARTESIAN_POINT('',(-0.104399941462929,-0.0276046348698459,0.0376611611552148));
#13572=CARTESIAN_POINT('',(-0.104399941462929,-0.0143562643456805,0.0376611611552148));
#13573=CARTESIAN_POINT('',(-0.104399941462929,-0.00110789382151508,0.0376611611552148));
#13574=CARTESIAN_POINT('',(-0.101157131740811,-0.00110789382151508,0.0376611611552148));
#13575=CARTESIAN_POINT('',(-0.135434900311377,-0.00110789382151508,0.0376611611552148));
#13576=CARTESIAN_POINT('',(-0.100625407495739,-0.00110789382151508,0.0376611611552148));
#13577=CARTESIAN_POINT('',(-0.104399941462929,-0.00110789382151508,0.0376611611552148));
#13578=CARTESIAN_POINT('',(-0.104399941462929,-0.00110789382151508,0.0376611611552148));
#13579=CARTESIAN_POINT('',(-0.104399941462929,-0.0143562643456805,0.0376611611552148));
#13580=CARTESIAN_POINT('',(-0.104399941462929,-0.0276046348698459,0.0376611611552148));
#13581=CARTESIAN_POINT('',(-0.104399941462929,-0.0143562643456805,0.0376611611552148));
#13582=CARTESIAN_POINT('',(-0.104399941462929,-0.0276046348698459,0.0376611611552148));
#13583=CARTESIAN_POINT('',(-0.101157131740811,-0.0276046348698459,0.0376611611552148));
#13584=CARTESIAN_POINT('',(-0.100625407495739,-0.0276046348698459,0.0376611611552148));
#13585=CARTESIAN_POINT('',(-0.116612889730895,0.00841954478612481,0.000290661155214797));
#13586=CARTESIAN_POINT('',(-0.117731168322374,-0.0220097820489622,-0.000819112996497339));
#13587=CARTESIAN_POINT('',(-0.116609350601112,-0.0220053595966732,-0.00128196367645732));
#13588=CARTESIAN_POINT('',(-0.11550876765855,-0.0218040451287022,-0.000826065366384572));
#13589=CARTESIAN_POINT('',(-0.115039107172036,-0.0216550869810504,0.000279280493419356));
#13590=CARTESIAN_POINT('',(-0.115495337875922,-0.021800351920805,0.00139515347764448));
#13591=CARTESIAN_POINT('',(-0.116590558851139,-0.0220035092358316,0.0018622863275528));
#13592=CARTESIAN_POINT('',(-0.117715090154142,-0.0220110311772444,0.00141602488529667));
#13593=CARTESIAN_POINT('',(-0.118186970651319,-0.0219536873190265,0.0003012569275522));
#13594=CARTESIAN_POINT('',(-0.117731168322374,-0.0220097820489622,-0.000819112996497339));
#13595=CARTESIAN_POINT('',(-0.116609350601112,-0.0220053595966732,-0.00128196367645732));
#13596=CARTESIAN_POINT('',(-0.11550876765855,-0.0218040451287022,-0.000826065366384572));
#13597=CARTESIAN_POINT('',(-0.116612889730895,-0.0219725442607262,-0.0011288388447852));
#13598=CARTESIAN_POINT('',(-0.117322889730895,-0.0143304552138752,-0.0157388388447852));
#13599=CARTESIAN_POINT('',(-0.119071173806822,0.00166954478612481,0.0042611611552148));
#13600=CARTESIAN_POINT('',(-0.11658508654569,0.00166954478612481,0.000272737760253357));
#13601=CARTESIAN_POINT('',(-0.11658508654569,0.00166954478612481,0.00233013776025336));
#13602=CARTESIAN_POINT('',(-0.11391808654569,0.00217754478612481,0.00226677457100909));
#13603=CARTESIAN_POINT('',(-0.11391808654569,0.00217754478612481,0.00159381138176482));
#13604=CARTESIAN_POINT('',(-0.11391808654569,0.00217754478612481,0.00293973776025335));
#13605=CARTESIAN_POINT('',(-0.113467472119971,0.00217754478612481,0.00159381138176482));
#13606=CARTESIAN_POINT('',(-0.113016857694252,0.00217754478612481,0.00159381138176482));
#13607=CARTESIAN_POINT('',(-0.113016857694252,0.00268554478612481,0.00159381138176482));
#13608=CARTESIAN_POINT('',(-0.113467472119971,0.00268554478612481,0.00159381138176482));
#13609=CARTESIAN_POINT('',(-0.11391808654569,0.00268554478612481,0.00159381138176482));
#13610=CARTESIAN_POINT('',(-0.11391808654569,0.00268554478612481,0.00159381138176482));
#13611=CARTESIAN_POINT('',(-0.113016857694252,0.00217754478612481,0.000272737760253357));
#13612=CARTESIAN_POINT('',(-0.113016857694252,0.00217754478612481,-0.0010483358612581));
#13613=CARTESIAN_POINT('',(-0.113016857694252,0.00268554478612481,-0.0010483358612581));
#13614=CARTESIAN_POINT('',(-0.113016857694252,0.00268554478612481,0.000272737760253357));
#13615=CARTESIAN_POINT('',(-0.113467472119971,0.00217754478612481,-0.0010483358612581));
#13616=CARTESIAN_POINT('',(-0.11391808654569,0.00217754478612481,-0.0010483358612581));
#13617=CARTESIAN_POINT('',(-0.11391808654569,0.00268554478612481,-0.0010483358612581));
#13618=CARTESIAN_POINT('',(-0.11391808654569,0.00268554478612481,-0.0010483358612581));
#13619=CARTESIAN_POINT('',(-0.113467472119971,0.00268554478612481,-0.0010483358612581));
#13620=CARTESIAN_POINT('',(-0.11391808654569,0.00217754478612481,-0.00172129905050237));
#13621=CARTESIAN_POINT('',(-0.11391808654569,0.00217754478612481,-0.00239426223974664));
#13622=CARTESIAN_POINT('',(-0.11658508654569,0.00217754478612481,-0.00239426223974664));
#13623=CARTESIAN_POINT('',(-0.11925208654569,0.00217754478612481,-0.00239426223974664));
#13624=CARTESIAN_POINT('',(-0.11925208654569,0.00217754478612481,-0.00172129905050237));
#13625=CARTESIAN_POINT('',(-0.11925208654569,0.00217754478612481,-0.0010483358612581));
#13626=CARTESIAN_POINT('',(-0.119702700971409,0.00217754478612481,-0.0010483358612581));
#13627=CARTESIAN_POINT('',(-0.120153315397128,0.00217754478612481,-0.0010483358612581));
#13628=CARTESIAN_POINT('',(-0.120153315397128,0.00268554478612481,-0.0010483358612581));
#13629=CARTESIAN_POINT('',(-0.119702700971409,0.00268554478612481,-0.0010483358612581));
#13630=CARTESIAN_POINT('',(-0.11925208654569,0.00268554478612481,-0.0010483358612581));
#13631=CARTESIAN_POINT('',(-0.11925208654569,0.00268554478612481,-0.0010483358612581));
#13632=CARTESIAN_POINT('',(-0.120153315397128,0.00217754478612481,0.000272737760253357));
#13633=CARTESIAN_POINT('',(-0.120153315397128,0.00217754478612481,0.00159381138176482));
#13634=CARTESIAN_POINT('',(-0.120153315397128,0.00268554478612481,0.00159381138176482));
#13635=CARTESIAN_POINT('',(-0.120153315397128,0.00268554478612481,0.000272737760253357));
#13636=CARTESIAN_POINT('',(-0.119702700971409,0.00217754478612481,0.00159381138176482));
#13637=CARTESIAN_POINT('',(-0.11925208654569,0.00217754478612481,0.00159381138176482));
#13638=CARTESIAN_POINT('',(-0.11925208654569,0.00268554478612481,0.00159381138176482));
#13639=CARTESIAN_POINT('',(-0.11925208654569,0.00268554478612481,0.00159381138176482));
#13640=CARTESIAN_POINT('',(-0.119702700971409,0.00268554478612481,0.00159381138176482));
#13641=CARTESIAN_POINT('',(-0.11925208654569,0.00217754478612481,0.00226677457100909));
#13642=CARTESIAN_POINT('',(-0.11925208654569,0.00217754478612481,0.00293973776025335));
#13643=CARTESIAN_POINT('',(-0.11658508654569,0.00217754478612481,0.000272737760253357));
#13644=CARTESIAN_POINT('',(-0.11658508654569,0.00217754478612481,0.00293973776025335));
#13645=CARTESIAN_POINT('',(-0.11925208654569,0.00268554478612481,0.000272737760253357));
#13646=CARTESIAN_POINT('',(-0.11925208654569,0.00268554478612481,0.000272737760253357));
#13647=CARTESIAN_POINT('',(-0.11658508654569,0.00268554478612481,0.000272737760253353));
#13648=CARTESIAN_POINT('',(-0.11391808654569,0.00268554478612481,0.000272737760253357));
#13649=CARTESIAN_POINT('',(-0.11391808654569,0.00268554478612481,0.000272737760253357));
#13650=CARTESIAN_POINT('',(-0.11658508654569,0.00268554478612481,0.000272737760253353));
#13651=CARTESIAN_POINT('',(-0.11658508654569,-0.00309295521387519,-0.00354771728188264));
#13652=CARTESIAN_POINT('',(-0.11658508654569,-0.00309295521387519,-0.00354771728188264));
#13653=CARTESIAN_POINT('',(-0.11658508654569,-0.00309295521387519,-0.00265871728188263));
#13654=CARTESIAN_POINT('',(-0.119071173806822,-0.00309295521387519,0.0042611611552148));
#13655=CARTESIAN_POINT('',(-0.11658508654569,-0.00309295521387519,0.00407228271811737));
#13656=CARTESIAN_POINT('',(-0.11658508654569,-0.00309295521387519,0.00407228271811737));
#13657=CARTESIAN_POINT('',(-0.11658508654569,-0.00309295521387519,0.00496128271811737));
#13658=CARTESIAN_POINT('',(-0.119071173806822,-0.00309295521387519,0.0042611611552148));
#13659=CARTESIAN_POINT('',(-0.109848075415691,-0.0308384552138752,-0.0212114807218313));
#13660=CARTESIAN_POINT('',(-0.108740980357525,-0.0308384552138752,-0.0212114807218313));
#13661=CARTESIAN_POINT('',(-0.108740980357525,-0.0308384552138752,-0.0212114807218313));
#13662=CARTESIAN_POINT('',(-0.109848075415691,-0.0308384552138752,-0.0212114807218313));
#13663=CARTESIAN_POINT('',(-0.110955170473857,-0.0308384552138752,-0.0212114807218313));
#13664=CARTESIAN_POINT('',(-0.110955170473857,-0.0308384552138752,-0.0212114807218313));
#13665=CARTESIAN_POINT('',(-0.108740980357525,-0.0308384552138752,-0.0210341538077527));
#13666=CARTESIAN_POINT('',(-0.108740980357525,-0.0308384552138752,-0.0208568268936742));
#13667=CARTESIAN_POINT('',(-0.108740980357525,-0.0308384552138752,-0.0208568268936742));
#13668=CARTESIAN_POINT('',(-0.108740980357525,-0.0308384552138752,-0.0210341538077527));
#13669=CARTESIAN_POINT('',(-0.109607338461651,-0.0308384552138752,-0.0208568268936742));
#13670=CARTESIAN_POINT('',(-0.110473696565777,-0.0308384552138752,-0.0208568268936742));
#13671=CARTESIAN_POINT('',(-0.110473696565777,-0.0308384552138752,-0.0208568268936742));
#13672=CARTESIAN_POINT('',(-0.109607338461651,-0.0308384552138752,-0.0208568268936742));
#13673=CARTESIAN_POINT('',(-0.110473696565777,-0.0308384552138752,-0.0208476103180984));
#13674=CARTESIAN_POINT('',(-0.110473696565777,-0.0308384552138752,-0.0208383937425226));
#13675=CARTESIAN_POINT('',(-0.110473696565777,-0.0308384552138752,-0.0208383937425226));
#13676=CARTESIAN_POINT('',(-0.110473696565777,-0.0308384552138752,-0.0208476103180984));
#13677=CARTESIAN_POINT('',(-0.110105033542745,-0.0308384552138752,-0.020477841305997));
#13678=CARTESIAN_POINT('',(-0.109736370519713,-0.0308384552138752,-0.0201172888694713));
#13679=CARTESIAN_POINT('',(-0.109736370519713,-0.0308384552138752,-0.0201172888694713));
#13680=CARTESIAN_POINT('',(-0.110105033542745,-0.0308384552138752,-0.020477841305997));
#13681=CARTESIAN_POINT('',(-0.109063929165702,-0.0308384552138752,-0.0193246633699518));
#13682=CARTESIAN_POINT('',(-0.109063929165702,-0.0303304552138752,-0.0193246633699518));
#13683=CARTESIAN_POINT('',(-0.109183867535861,-0.0308384552138752,-0.0195335724163368));
#13684=CARTESIAN_POINT('',(-0.109183867535861,-0.0303304552138752,-0.0195335724163368));
#13685=CARTESIAN_POINT('',(-0.109408014653865,-0.0308384552138752,-0.0197977809161766));
#13686=CARTESIAN_POINT('',(-0.109408014653865,-0.0303304552138752,-0.0197977809161766));
#13687=CARTESIAN_POINT('',(-0.109736370519713,-0.0308384552138752,-0.0201172888694713));
#13688=CARTESIAN_POINT('',(-0.109736370519713,-0.0303304552138752,-0.0201172888694713));
#13689=CARTESIAN_POINT('',(-0.109063929165702,-0.0308384552138752,-0.0193246633699518));
#13690=CARTESIAN_POINT('',(-0.109063929165702,-0.0308384552138752,-0.0193246633699518));
#13691=CARTESIAN_POINT('',(-0.109063929165702,-0.0308384552138752,-0.0193246633699518));
#13692=CARTESIAN_POINT('',(-0.109243836720941,-0.0308384552138752,-0.0196380269395293));
#13693=CARTESIAN_POINT('',(-0.109736370519713,-0.0308384552138752,-0.0201172888694713));
#13694=CARTESIAN_POINT('',(-0.108884021610462,-0.0308384552138752,-0.0186905629703362));
#13695=CARTESIAN_POINT('',(-0.108884021610462,-0.0303304552138752,-0.0186905629703362));
#13696=CARTESIAN_POINT('',(-0.108884021610462,-0.0308384552138752,-0.018904387523695));
#13697=CARTESIAN_POINT('',(-0.108884021610462,-0.0303304552138752,-0.018904387523695));
#13698=CARTESIAN_POINT('',(-0.108943990795542,-0.0308384552138752,-0.0191157543235668));
#13699=CARTESIAN_POINT('',(-0.108943990795542,-0.0303304552138752,-0.0191157543235668));
#13700=CARTESIAN_POINT('',(-0.109063929165702,-0.0308384552138752,-0.0193246633699518));
#13701=CARTESIAN_POINT('',(-0.109063929165702,-0.0303304552138752,-0.0193246633699518));
#13702=CARTESIAN_POINT('',(-0.108884021610462,-0.0308384552138752,-0.0186905629703362));
#13703=CARTESIAN_POINT('',(-0.108884021610462,-0.0308384552138752,-0.0186905629703362));
#13704=CARTESIAN_POINT('',(-0.108884021610462,-0.0308384552138752,-0.0186905629703362));
#13705=CARTESIAN_POINT('',(-0.108884021610462,-0.0308384552138752,-0.0190112998003743));
#13706=CARTESIAN_POINT('',(-0.109063929165702,-0.0308384552138752,-0.0193246633699518));
#13707=CARTESIAN_POINT('',(-0.109153514280298,-0.0308384552138752,-0.018037660756546));
#13708=CARTESIAN_POINT('',(-0.109153514280298,-0.0303304552138752,-0.018037660756546));
#13709=CARTESIAN_POINT('',(-0.108973852500407,-0.0308384552138752,-0.0181996267113315));
#13710=CARTESIAN_POINT('',(-0.108973852500407,-0.0303304552138752,-0.0181996267113315));
#13711=CARTESIAN_POINT('',(-0.108884021610462,-0.0308384552138752,-0.0184172607825949));
#13712=CARTESIAN_POINT('',(-0.108884021610462,-0.0303304552138752,-0.0184172607825949));
#13713=CARTESIAN_POINT('',(-0.108884021610462,-0.0308384552138752,-0.0186905629703362));
#13714=CARTESIAN_POINT('',(-0.108884021610462,-0.0303304552138752,-0.0186905629703362));
#13715=CARTESIAN_POINT('',(-0.109153514280298,-0.0308384552138752,-0.018037660756546));
#13716=CARTESIAN_POINT('',(-0.109153514280298,-0.0308384552138752,-0.018037660756546));
#13717=CARTESIAN_POINT('',(-0.109153514280298,-0.0308384552138752,-0.018037660756546));
#13718=CARTESIAN_POINT('',(-0.108884021610462,-0.0308384552138752,-0.0182806096887243));
#13719=CARTESIAN_POINT('',(-0.108884021610462,-0.0308384552138752,-0.0186905629703362));
#13720=CARTESIAN_POINT('',(-0.109897844923801,-0.0308384552138752,-0.0177947118243676));
#13721=CARTESIAN_POINT('',(-0.109897844923801,-0.0303304552138752,-0.0177947118243676));
#13722=CARTESIAN_POINT('',(-0.10958128627469,-0.0308384552138752,-0.0177947118243676));
#13723=CARTESIAN_POINT('',(-0.10958128627469,-0.0303304552138752,-0.0177947118243676));
#13724=CARTESIAN_POINT('',(-0.109333176060189,-0.0308384552138752,-0.0178756948017604));
#13725=CARTESIAN_POINT('',(-0.109333176060189,-0.0303304552138752,-0.0178756948017604));
#13726=CARTESIAN_POINT('',(-0.109153514280298,-0.0308384552138752,-0.018037660756546));
#13727=CARTESIAN_POINT('',(-0.109153514280298,-0.0303304552138752,-0.018037660756546));
#13728=CARTESIAN_POINT('',(-0.109897844923801,-0.0308384552138752,-0.0177947118243676));
#13729=CARTESIAN_POINT('',(-0.109897844923801,-0.0308384552138752,-0.0177947118243676));
#13730=CARTESIAN_POINT('',(-0.109897844923801,-0.0308384552138752,-0.0177947118243676));
#13731=CARTESIAN_POINT('',(-0.109423006950135,-0.0308384552138752,-0.0177947118243676));
#13732=CARTESIAN_POINT('',(-0.109153514280298,-0.0308384552138752,-0.018037660756546));
#13733=CARTESIAN_POINT('',(-0.11091166823714,-0.0308384552138752,-0.0181818079985516));
#13734=CARTESIAN_POINT('',(-0.11091166823714,-0.0303304552138752,-0.0181818079985516));
#13735=CARTESIAN_POINT('',(-0.110601499747095,-0.0308384552138752,-0.017923743882429));
#13736=CARTESIAN_POINT('',(-0.110601499747095,-0.0303304552138752,-0.017923743882429));
#13737=CARTESIAN_POINT('',(-0.110263558642649,-0.0308384552138752,-0.0177947118243676));
#13738=CARTESIAN_POINT('',(-0.110263558642649,-0.0303304552138752,-0.0177947118243676));
#13739=CARTESIAN_POINT('',(-0.109897844923801,-0.0308384552138752,-0.0177947118243676));
#13740=CARTESIAN_POINT('',(-0.109897844923801,-0.0303304552138752,-0.0177947118243676));
#13741=CARTESIAN_POINT('',(-0.11091166823714,-0.0308384552138752,-0.0181818079985516));
#13742=CARTESIAN_POINT('',(-0.11091166823714,-0.0308384552138752,-0.0181818079985516));
#13743=CARTESIAN_POINT('',(-0.11091166823714,-0.0308384552138752,-0.0181818079985516));
#13744=CARTESIAN_POINT('',(-0.110446415502073,-0.0308384552138752,-0.0177947118243676));
#13745=CARTESIAN_POINT('',(-0.109897844923801,-0.0308384552138752,-0.0177947118243676));
#13746=CARTESIAN_POINT('',(-0.110810285905806,-0.0308384552138752,-0.018311946045682));
#13747=CARTESIAN_POINT('',(-0.110708903574472,-0.0308384552138752,-0.0184420840928125));
#13748=CARTESIAN_POINT('',(-0.110708903574472,-0.0308384552138752,-0.0184420840928125));
#13749=CARTESIAN_POINT('',(-0.110810285905806,-0.0308384552138752,-0.018311946045682));
#13750=CARTESIAN_POINT('',(-0.110290839706353,-0.0308384552138752,-0.0181906559111044));
#13751=CARTESIAN_POINT('',(-0.110290839706353,-0.0303304552138752,-0.0181906559111044));
#13752=CARTESIAN_POINT('',(-0.110416185134184,-0.0308384552138752,-0.0182368616766578));
#13753=CARTESIAN_POINT('',(-0.110416185134184,-0.0303304552138752,-0.0182368616766578));
#13754=CARTESIAN_POINT('',(-0.11055553975689,-0.0308384552138752,-0.0183206710705605));
#13755=CARTESIAN_POINT('',(-0.11055553975689,-0.0303304552138752,-0.0183206710705605));
#13756=CARTESIAN_POINT('',(-0.110708903574472,-0.0308384552138752,-0.0184420840928125));
#13757=CARTESIAN_POINT('',(-0.110708903574472,-0.0303304552138752,-0.0184420840928125));
#13758=CARTESIAN_POINT('',(-0.110290839706353,-0.0308384552138752,-0.0181906559111044));
#13759=CARTESIAN_POINT('',(-0.110290839706353,-0.0308384552138752,-0.0181906559111044));
#13760=CARTESIAN_POINT('',(-0.110290839706353,-0.0308384552138752,-0.0181906559111044));
#13761=CARTESIAN_POINT('',(-0.1104788578481,-0.0308384552138752,-0.0182599645594345));
#13762=CARTESIAN_POINT('',(-0.110708903574472,-0.0308384552138752,-0.0184420840928125));
#13763=CARTESIAN_POINT('',(-0.109900215996672,-0.0308384552138753,-0.0192609648560806));
#13764=CARTESIAN_POINT('',(-0.109893420967524,-0.0308384552138752,-0.0181213472627743));
#13765=CARTESIAN_POINT('',(-0.109893420967524,-0.0308384552138752,-0.0181213472627743));
#13766=CARTESIAN_POINT('',(-0.109900215996672,-0.0308384552138752,-0.0192609648560806));
#13767=CARTESIAN_POINT('',(-0.109439228123148,-0.0308384552138752,-0.0182791350366322));
#13768=CARTESIAN_POINT('',(-0.109439228123148,-0.0303304552138752,-0.0182791350366322));
#13769=CARTESIAN_POINT('',(-0.109548352377966,-0.0308384552138752,-0.0181739431873936));
#13770=CARTESIAN_POINT('',(-0.109548352377966,-0.0303304552138752,-0.0181739431873936));
#13771=CARTESIAN_POINT('',(-0.109699749992758,-0.0308384552138752,-0.0181213472627743));
#13772=CARTESIAN_POINT('',(-0.109699749992758,-0.0303304552138752,-0.0181213472627743));
#13773=CARTESIAN_POINT('',(-0.109893420967524,-0.0308384552138752,-0.0181213472627743));
#13774=CARTESIAN_POINT('',(-0.109893420967524,-0.0303304552138752,-0.0181213472627743));
#13775=CARTESIAN_POINT('',(-0.109439228123148,-0.0308384552138752,-0.0182791350366322));
#13776=CARTESIAN_POINT('',(-0.109439228123148,-0.0308384552138752,-0.0182791350366322));
#13777=CARTESIAN_POINT('',(-0.109439228123148,-0.0308384552138752,-0.0182791350366322));
#13778=CARTESIAN_POINT('',(-0.109602914505375,-0.0308384552138752,-0.0181213472627743));
#13779=CARTESIAN_POINT('',(-0.109893420967524,-0.0308384552138752,-0.0181213472627743));
#13780=CARTESIAN_POINT('',(-0.109275541740922,-0.0308384552138752,-0.0187067841433496));
#13781=CARTESIAN_POINT('',(-0.109275541740922,-0.0303304552138752,-0.0187067841433496));
#13782=CARTESIAN_POINT('',(-0.109275541740922,-0.0308384552138752,-0.0185268765881099));
#13783=CARTESIAN_POINT('',(-0.109275541740922,-0.0303304552138752,-0.0185268765881099));
#13784=CARTESIAN_POINT('',(-0.109330103868331,-0.0308384552138752,-0.0183843268858707));
#13785=CARTESIAN_POINT('',(-0.109330103868331,-0.0303304552138752,-0.0183843268858707));
#13786=CARTESIAN_POINT('',(-0.109439228123148,-0.0308384552138752,-0.0182791350366322));
#13787=CARTESIAN_POINT('',(-0.109439228123148,-0.0303304552138752,-0.0182791350366322));
#13788=CARTESIAN_POINT('',(-0.109275541740922,-0.0308384552138752,-0.0187067841433496));
#13789=CARTESIAN_POINT('',(-0.109275541740922,-0.0308384552138752,-0.0187067841433496));
#13790=CARTESIAN_POINT('',(-0.109275541740922,-0.0308384552138752,-0.0187067841433496));
#13791=CARTESIAN_POINT('',(-0.109275541740922,-0.0308384552138752,-0.01843692281049));
#13792=CARTESIAN_POINT('',(-0.109439228123148,-0.0308384552138752,-0.0182791350366322));
#13793=CARTESIAN_POINT('',(-0.110251710997442,-0.0308384552138753,-0.0187157084603659));
#13794=CARTESIAN_POINT('',(-0.109340057769953,-0.0308384552138752,-0.019063649949645));
#13795=CARTESIAN_POINT('',(-0.109339848137679,-0.0308384552138752,-0.0190637330410889));
#13796=CARTESIAN_POINT('',(-0.110251710997442,-0.0308384552138752,-0.0187157084603659));
#13797=CARTESIAN_POINT('',(-0.11072835437163,-0.0308384552138753,-0.0184972404379266));
#13798=CARTESIAN_POINT('',(-0.109533605857045,-0.0308384552138752,-0.0194046632459499));
#13799=CARTESIAN_POINT('',(-0.109533605857045,-0.0308384552138752,-0.0194046632459499));
#13800=CARTESIAN_POINT('',(-0.11072835437163,-0.0308384552138752,-0.0184972404379266));
#13801=CARTESIAN_POINT('',(-0.110068167240442,-0.0308384552138752,-0.0199904687895483));
#13802=CARTESIAN_POINT('',(-0.110068167240442,-0.0303304552138752,-0.0199904687895483));
#13803=CARTESIAN_POINT('',(-0.109797814356885,-0.0308384552138752,-0.0197166750511096));
#13804=CARTESIAN_POINT('',(-0.109797814356885,-0.0303304552138752,-0.0197166750511096));
#13805=CARTESIAN_POINT('',(-0.109619627229086,-0.0308384552138752,-0.0195214065365767));
#13806=CARTESIAN_POINT('',(-0.109619627229086,-0.0303304552138752,-0.0195214065365767));
#13807=CARTESIAN_POINT('',(-0.109533605857045,-0.0308384552138752,-0.0194046632459499));
#13808=CARTESIAN_POINT('',(-0.109533605857045,-0.0303304552138752,-0.0194046632459499));
#13809=CARTESIAN_POINT('',(-0.110068167240442,-0.0308384552138752,-0.0199904687895483));
#13810=CARTESIAN_POINT('',(-0.110068167240442,-0.0308384552138752,-0.0199904687895483));
#13811=CARTESIAN_POINT('',(-0.110068167240442,-0.0308384552138752,-0.0199904687895483));
#13812=CARTESIAN_POINT('',(-0.109662637915106,-0.0308384552138752,-0.0195797781818902));
#13813=CARTESIAN_POINT('',(-0.109533605857045,-0.0308384552138752,-0.0194046632459499));
#13814=CARTESIAN_POINT('',(-0.11051166885715,-0.0308384552138752,-0.0204361823843943));
#13815=CARTESIAN_POINT('',(-0.110955170473857,-0.0308384552138752,-0.0208818959792404));
#13816=CARTESIAN_POINT('',(-0.110955170473857,-0.0308384552138752,-0.0208818959792404));
#13817=CARTESIAN_POINT('',(-0.11051166885715,-0.0308384552138752,-0.0204361823843943));
#13818=CARTESIAN_POINT('',(-0.110955170473857,-0.0308384552138752,-0.0210466883505358));
#13819=CARTESIAN_POINT('',(-0.110955170473857,-0.0308384552138752,-0.0210466883505358));
#13820=CARTESIAN_POINT('',(-0.119071173806822,-0.0308384552138752,0.0042611611552148));
#13821=CARTESIAN_POINT('',(-0.115243827420793,-0.0308384552138752,-0.0212114807218313));
#13822=CARTESIAN_POINT('',(-0.114136732362626,-0.0308384552138752,-0.0212114807218313));
#13823=CARTESIAN_POINT('',(-0.114136732362626,-0.0308384552138752,-0.0212114807218313));
#13824=CARTESIAN_POINT('',(-0.115243827420793,-0.0308384552138752,-0.0212114807218313));
#13825=CARTESIAN_POINT('',(-0.116350922478959,-0.0308384552138752,-0.0212114807218313));
#13826=CARTESIAN_POINT('',(-0.116350922478959,-0.0308384552138752,-0.0212114807218313));
#13827=CARTESIAN_POINT('',(-0.114136732362626,-0.0308384552138752,-0.0210341538077527));
#13828=CARTESIAN_POINT('',(-0.114136732362626,-0.0308384552138752,-0.0208568268936742));
#13829=CARTESIAN_POINT('',(-0.114136732362626,-0.0308384552138752,-0.0208568268936742));
#13830=CARTESIAN_POINT('',(-0.114136732362626,-0.0308384552138752,-0.0210341538077527));
#13831=CARTESIAN_POINT('',(-0.115003090466752,-0.0308384552138752,-0.0208568268936742));
#13832=CARTESIAN_POINT('',(-0.115869448570878,-0.0308384552138752,-0.0208568268936742));
#13833=CARTESIAN_POINT('',(-0.115869448570878,-0.0308384552138752,-0.0208568268936742));
#13834=CARTESIAN_POINT('',(-0.115003090466752,-0.0308384552138752,-0.0208568268936742));
#13835=CARTESIAN_POINT('',(-0.115869448570878,-0.0308384552138752,-0.0208476103180984));
#13836=CARTESIAN_POINT('',(-0.115869448570878,-0.0308384552138752,-0.0208383937425226));
#13837=CARTESIAN_POINT('',(-0.115869448570878,-0.0308384552138752,-0.0208383937425226));
#13838=CARTESIAN_POINT('',(-0.115869448570878,-0.0308384552138752,-0.0208476103180984));
#13839=CARTESIAN_POINT('',(-0.115500785547846,-0.0308384552138752,-0.020477841305997));
#13840=CARTESIAN_POINT('',(-0.115132122524814,-0.0308384552138752,-0.0201172888694713));
#13841=CARTESIAN_POINT('',(-0.115132122524814,-0.0308384552138752,-0.0201172888694713));
#13842=CARTESIAN_POINT('',(-0.115500785547846,-0.0308384552138752,-0.020477841305997));
#13843=CARTESIAN_POINT('',(-0.114459681170803,-0.0308384552138752,-0.0193246633699518));
#13844=CARTESIAN_POINT('',(-0.114459681170803,-0.0303304552138752,-0.0193246633699518));
#13845=CARTESIAN_POINT('',(-0.114579619540963,-0.0308384552138752,-0.0195335724163368));
#13846=CARTESIAN_POINT('',(-0.114579619540963,-0.0303304552138752,-0.0195335724163368));
#13847=CARTESIAN_POINT('',(-0.114803766658966,-0.0308384552138752,-0.0197977809161766));
#13848=CARTESIAN_POINT('',(-0.114803766658966,-0.0303304552138752,-0.0197977809161766));
#13849=CARTESIAN_POINT('',(-0.115132122524814,-0.0308384552138752,-0.0201172888694713));
#13850=CARTESIAN_POINT('',(-0.115132122524814,-0.0303304552138752,-0.0201172888694713));
#13851=CARTESIAN_POINT('',(-0.114459681170803,-0.0308384552138752,-0.0193246633699518));
#13852=CARTESIAN_POINT('',(-0.114459681170803,-0.0308384552138752,-0.0193246633699518));
#13853=CARTESIAN_POINT('',(-0.114459681170803,-0.0308384552138752,-0.0193246633699518));
#13854=CARTESIAN_POINT('',(-0.114639588726043,-0.0308384552138752,-0.0196380269395293));
#13855=CARTESIAN_POINT('',(-0.115132122524814,-0.0308384552138752,-0.0201172888694713));
#13856=CARTESIAN_POINT('',(-0.114279773615563,-0.0308384552138752,-0.0186905629703362));
#13857=CARTESIAN_POINT('',(-0.114279773615563,-0.0303304552138752,-0.0186905629703362));
#13858=CARTESIAN_POINT('',(-0.114279773615563,-0.0308384552138752,-0.018904387523695));
#13859=CARTESIAN_POINT('',(-0.114279773615563,-0.0303304552138752,-0.018904387523695));
#13860=CARTESIAN_POINT('',(-0.114339742800643,-0.0308384552138752,-0.0191157543235668));
#13861=CARTESIAN_POINT('',(-0.114339742800643,-0.0303304552138752,-0.0191157543235668));
#13862=CARTESIAN_POINT('',(-0.114459681170803,-0.0308384552138752,-0.0193246633699518));
#13863=CARTESIAN_POINT('',(-0.114459681170803,-0.0303304552138752,-0.0193246633699518));
#13864=CARTESIAN_POINT('',(-0.114279773615563,-0.0308384552138752,-0.0186905629703362));
#13865=CARTESIAN_POINT('',(-0.114279773615563,-0.0308384552138752,-0.0186905629703362));
#13866=CARTESIAN_POINT('',(-0.114279773615563,-0.0308384552138752,-0.0186905629703362));
#13867=CARTESIAN_POINT('',(-0.114279773615563,-0.0308384552138752,-0.0190112998003743));
#13868=CARTESIAN_POINT('',(-0.114459681170803,-0.0308384552138752,-0.0193246633699518));
#13869=CARTESIAN_POINT('',(-0.1145492662854,-0.0308384552138752,-0.018037660756546));
#13870=CARTESIAN_POINT('',(-0.1145492662854,-0.0303304552138752,-0.018037660756546));
#13871=CARTESIAN_POINT('',(-0.114369604505509,-0.0308384552138752,-0.0181996267113315));
#13872=CARTESIAN_POINT('',(-0.114369604505509,-0.0303304552138752,-0.0181996267113315));
#13873=CARTESIAN_POINT('',(-0.114279773615563,-0.0308384552138752,-0.0184172607825949));
#13874=CARTESIAN_POINT('',(-0.114279773615563,-0.0303304552138752,-0.0184172607825949));
#13875=CARTESIAN_POINT('',(-0.114279773615563,-0.0308384552138752,-0.0186905629703362));
#13876=CARTESIAN_POINT('',(-0.114279773615563,-0.0303304552138752,-0.0186905629703362));
#13877=CARTESIAN_POINT('',(-0.1145492662854,-0.0308384552138752,-0.018037660756546));
#13878=CARTESIAN_POINT('',(-0.1145492662854,-0.0308384552138752,-0.018037660756546));
#13879=CARTESIAN_POINT('',(-0.1145492662854,-0.0308384552138752,-0.018037660756546));
#13880=CARTESIAN_POINT('',(-0.114279773615563,-0.0308384552138752,-0.0182806096887243));
#13881=CARTESIAN_POINT('',(-0.114279773615563,-0.0308384552138752,-0.0186905629703362));
#13882=CARTESIAN_POINT('',(-0.115293596928902,-0.0308384552138752,-0.0177947118243676));
#13883=CARTESIAN_POINT('',(-0.115293596928902,-0.0303304552138752,-0.0177947118243676));
#13884=CARTESIAN_POINT('',(-0.114977038279792,-0.0308384552138752,-0.0177947118243676));
#13885=CARTESIAN_POINT('',(-0.114977038279792,-0.0303304552138752,-0.0177947118243676));
#13886=CARTESIAN_POINT('',(-0.114728928065291,-0.0308384552138752,-0.0178756948017604));
#13887=CARTESIAN_POINT('',(-0.114728928065291,-0.0303304552138752,-0.0178756948017604));
#13888=CARTESIAN_POINT('',(-0.1145492662854,-0.0308384552138752,-0.018037660756546));
#13889=CARTESIAN_POINT('',(-0.1145492662854,-0.0303304552138752,-0.018037660756546));
#13890=CARTESIAN_POINT('',(-0.115293596928902,-0.0308384552138752,-0.0177947118243676));
#13891=CARTESIAN_POINT('',(-0.115293596928902,-0.0308384552138752,-0.0177947118243676));
#13892=CARTESIAN_POINT('',(-0.115293596928902,-0.0308384552138752,-0.0177947118243676));
#13893=CARTESIAN_POINT('',(-0.114818758955236,-0.0308384552138752,-0.0177947118243676));
#13894=CARTESIAN_POINT('',(-0.1145492662854,-0.0308384552138752,-0.018037660756546));
#13895=CARTESIAN_POINT('',(-0.116307420242241,-0.0308384552138752,-0.0181818079985516));
#13896=CARTESIAN_POINT('',(-0.116307420242241,-0.0303304552138752,-0.0181818079985516));
#13897=CARTESIAN_POINT('',(-0.115997251752196,-0.0308384552138752,-0.017923743882429));
#13898=CARTESIAN_POINT('',(-0.115997251752196,-0.0303304552138752,-0.017923743882429));
#13899=CARTESIAN_POINT('',(-0.11565931064775,-0.0308384552138752,-0.0177947118243676));
#13900=CARTESIAN_POINT('',(-0.11565931064775,-0.0303304552138752,-0.0177947118243676));
#13901=CARTESIAN_POINT('',(-0.115293596928902,-0.0308384552138752,-0.0177947118243676));
#13902=CARTESIAN_POINT('',(-0.115293596928902,-0.0303304552138752,-0.0177947118243676));
#13903=CARTESIAN_POINT('',(-0.116307420242241,-0.0308384552138752,-0.0181818079985516));
#13904=CARTESIAN_POINT('',(-0.116307420242241,-0.0308384552138752,-0.0181818079985516));
#13905=CARTESIAN_POINT('',(-0.116307420242241,-0.0308384552138752,-0.0181818079985516));
#13906=CARTESIAN_POINT('',(-0.115842167507174,-0.0308384552138752,-0.0177947118243676));
#13907=CARTESIAN_POINT('',(-0.115293596928902,-0.0308384552138752,-0.0177947118243676));
#13908=CARTESIAN_POINT('',(-0.116206037910907,-0.0308384552138752,-0.018311946045682));
#13909=CARTESIAN_POINT('',(-0.116104655579573,-0.0308384552138752,-0.0184420840928125));
#13910=CARTESIAN_POINT('',(-0.116104655579573,-0.0308384552138752,-0.0184420840928125));
#13911=CARTESIAN_POINT('',(-0.116206037910907,-0.0308384552138752,-0.018311946045682));
#13912=CARTESIAN_POINT('',(-0.115686591711454,-0.0308384552138752,-0.0181906559111044));
#13913=CARTESIAN_POINT('',(-0.115686591711454,-0.0303304552138752,-0.0181906559111044));
#13914=CARTESIAN_POINT('',(-0.115811937139285,-0.0308384552138752,-0.0182368616766578));
#13915=CARTESIAN_POINT('',(-0.115811937139285,-0.0303304552138752,-0.0182368616766578));
#13916=CARTESIAN_POINT('',(-0.115951291761992,-0.0308384552138752,-0.0183206710705605));
#13917=CARTESIAN_POINT('',(-0.115951291761992,-0.0303304552138752,-0.0183206710705605));
#13918=CARTESIAN_POINT('',(-0.116104655579573,-0.0308384552138752,-0.0184420840928125));
#13919=CARTESIAN_POINT('',(-0.116104655579573,-0.0303304552138752,-0.0184420840928125));
#13920=CARTESIAN_POINT('',(-0.115686591711454,-0.0308384552138752,-0.0181906559111044));
#13921=CARTESIAN_POINT('',(-0.115686591711454,-0.0308384552138752,-0.0181906559111044));
#13922=CARTESIAN_POINT('',(-0.115686591711454,-0.0308384552138752,-0.0181906559111044));
#13923=CARTESIAN_POINT('',(-0.115874609853201,-0.0308384552138752,-0.0182599645594345));
#13924=CARTESIAN_POINT('',(-0.116104655579573,-0.0308384552138752,-0.0184420840928125));
#13925=CARTESIAN_POINT('',(-0.115295968001774,-0.0308384552138753,-0.0192609648560789));
#13926=CARTESIAN_POINT('',(-0.115289172972626,-0.0308384552138752,-0.0181213472627743));
#13927=CARTESIAN_POINT('',(-0.115289172972626,-0.0308384552138752,-0.0181213472627743));
#13928=CARTESIAN_POINT('',(-0.115295968001774,-0.0308384552138752,-0.0192609648560789));
#13929=CARTESIAN_POINT('',(-0.11483498012825,-0.0308384552138752,-0.0182791350366322));
#13930=CARTESIAN_POINT('',(-0.11483498012825,-0.0303304552138752,-0.0182791350366322));
#13931=CARTESIAN_POINT('',(-0.114944104383067,-0.0308384552138752,-0.0181739431873936));
#13932=CARTESIAN_POINT('',(-0.114944104383067,-0.0303304552138752,-0.0181739431873936));
#13933=CARTESIAN_POINT('',(-0.115095501997859,-0.0308384552138752,-0.0181213472627743));
#13934=CARTESIAN_POINT('',(-0.115095501997859,-0.0303304552138752,-0.0181213472627743));
#13935=CARTESIAN_POINT('',(-0.115289172972626,-0.0308384552138752,-0.0181213472627743));
#13936=CARTESIAN_POINT('',(-0.115289172972626,-0.0303304552138752,-0.0181213472627743));
#13937=CARTESIAN_POINT('',(-0.11483498012825,-0.0308384552138752,-0.0182791350366322));
#13938=CARTESIAN_POINT('',(-0.11483498012825,-0.0308384552138752,-0.0182791350366322));
#13939=CARTESIAN_POINT('',(-0.11483498012825,-0.0308384552138752,-0.0182791350366322));
#13940=CARTESIAN_POINT('',(-0.114998666510476,-0.0308384552138752,-0.0181213472627743));
#13941=CARTESIAN_POINT('',(-0.115289172972626,-0.0308384552138752,-0.0181213472627743));
#13942=CARTESIAN_POINT('',(-0.114671293746023,-0.0308384552138752,-0.0187067841433496));
#13943=CARTESIAN_POINT('',(-0.114671293746023,-0.0303304552138752,-0.0187067841433496));
#13944=CARTESIAN_POINT('',(-0.114671293746023,-0.0308384552138752,-0.0185268765881099));
#13945=CARTESIAN_POINT('',(-0.114671293746023,-0.0303304552138752,-0.0185268765881099));
#13946=CARTESIAN_POINT('',(-0.114725855873432,-0.0308384552138752,-0.0183843268858707));
#13947=CARTESIAN_POINT('',(-0.114725855873432,-0.0303304552138752,-0.0183843268858707));
#13948=CARTESIAN_POINT('',(-0.11483498012825,-0.0308384552138752,-0.0182791350366322));
#13949=CARTESIAN_POINT('',(-0.11483498012825,-0.0303304552138752,-0.0182791350366322));
#13950=CARTESIAN_POINT('',(-0.114671293746023,-0.0308384552138752,-0.0187067841433496));
#13951=CARTESIAN_POINT('',(-0.114671293746023,-0.0308384552138752,-0.0187067841433496));
#13952=CARTESIAN_POINT('',(-0.114671293746023,-0.0308384552138752,-0.0187067841433496));
#13953=CARTESIAN_POINT('',(-0.114671293746023,-0.0308384552138752,-0.01843692281049));
#13954=CARTESIAN_POINT('',(-0.11483498012825,-0.0308384552138752,-0.0182791350366322));
#13955=CARTESIAN_POINT('',(-0.115647463002544,-0.0308384552138753,-0.0187157084603658));
#13956=CARTESIAN_POINT('',(-0.114735809775054,-0.0308384552138752,-0.019063649949645));
#13957=CARTESIAN_POINT('',(-0.11473560014278,-0.0308384552138752,-0.0190637330410889));
#13958=CARTESIAN_POINT('',(-0.115647463002544,-0.0308384552138752,-0.0187157084603658));
#13959=CARTESIAN_POINT('',(-0.116124106376732,-0.0308384552138753,-0.0184972404379263));
#13960=CARTESIAN_POINT('',(-0.114929357862146,-0.0308384552138752,-0.0194046632459499));
#13961=CARTESIAN_POINT('',(-0.114929357862146,-0.0308384552138752,-0.0194046632459499));
#13962=CARTESIAN_POINT('',(-0.116124106376732,-0.0308384552138752,-0.0184972404379263));
#13963=CARTESIAN_POINT('',(-0.115463919245543,-0.0308384552138752,-0.0199904687895483));
#13964=CARTESIAN_POINT('',(-0.115463919245543,-0.0303304552138752,-0.0199904687895483));
#13965=CARTESIAN_POINT('',(-0.115193566361986,-0.0308384552138752,-0.0197166750511096));
#13966=CARTESIAN_POINT('',(-0.115193566361986,-0.0303304552138752,-0.0197166750511096));
#13967=CARTESIAN_POINT('',(-0.115015379234187,-0.0308384552138752,-0.0195214065365767));
#13968=CARTESIAN_POINT('',(-0.115015379234187,-0.0303304552138752,-0.0195214065365767));
#13969=CARTESIAN_POINT('',(-0.114929357862146,-0.0308384552138752,-0.0194046632459499));
#13970=CARTESIAN_POINT('',(-0.114929357862146,-0.0303304552138752,-0.0194046632459499));
#13971=CARTESIAN_POINT('',(-0.115463919245543,-0.0308384552138752,-0.0199904687895483));
#13972=CARTESIAN_POINT('',(-0.115463919245543,-0.0308384552138752,-0.0199904687895483));
#13973=CARTESIAN_POINT('',(-0.115463919245543,-0.0308384552138752,-0.0199904687895483));
#13974=CARTESIAN_POINT('',(-0.115058389920207,-0.0308384552138752,-0.0195797781818902));
#13975=CARTESIAN_POINT('',(-0.114929357862146,-0.0308384552138752,-0.0194046632459499));
#13976=CARTESIAN_POINT('',(-0.115907420862251,-0.0308384552138752,-0.0204361823843943));
#13977=CARTESIAN_POINT('',(-0.116350922478959,-0.0308384552138752,-0.0208818959792404));
#13978=CARTESIAN_POINT('',(-0.116350922478959,-0.0308384552138752,-0.0208818959792404));
#13979=CARTESIAN_POINT('',(-0.115907420862251,-0.0308384552138752,-0.0204361823843943));
#13980=CARTESIAN_POINT('',(-0.116350922478959,-0.0308384552138752,-0.0210466883505358));
#13981=CARTESIAN_POINT('',(-0.116350922478959,-0.0308384552138752,-0.0210466883505358));
#13982=CARTESIAN_POINT('',(-0.119071173806822,-0.0308384552138752,0.0042611611552148));
#13983=CARTESIAN_POINT('',(-0.112482910041303,-0.0308384552138752,-0.0209327714764189));
#13984=CARTESIAN_POINT('',(-0.112482910041303,-0.0303304552138752,-0.0209327714764189));
#13985=CARTESIAN_POINT('',(-0.112264661531668,-0.0308384552138752,-0.0209327714764189));
#13986=CARTESIAN_POINT('',(-0.112264661531668,-0.0303304552138752,-0.0209327714764189));
#13987=CARTESIAN_POINT('',(-0.112095322316422,-0.0308384552138752,-0.0208639543787862));
#13988=CARTESIAN_POINT('',(-0.112095322316422,-0.0303304552138752,-0.0208639543787862));
#13989=CARTESIAN_POINT('',(-0.111974892395565,-0.0308384552138752,-0.0207263201835208));
#13990=CARTESIAN_POINT('',(-0.111974892395565,-0.0303304552138752,-0.0207263201835208));
#13991=CARTESIAN_POINT('',(-0.112482910041303,-0.0303304552138752,-0.0209327714764189));
#13992=CARTESIAN_POINT('',(-0.112155537276851,-0.0303304552138752,-0.0209327714764189));
#13993=CARTESIAN_POINT('',(-0.111974892395565,-0.0303304552138752,-0.0207263201835208));
#13994=CARTESIAN_POINT('',(-0.112482910041303,-0.0303304552138752,-0.0209327714764189));
#13995=CARTESIAN_POINT('',(-0.111974892395565,-0.0303304552138752,-0.0207263201835208));
#13996=CARTESIAN_POINT('',(-0.112482910041303,-0.0308384552138752,-0.0209327714764189));
#13997=CARTESIAN_POINT('',(-0.112482910041303,-0.0308384552138752,-0.0209327714764189));
#13998=CARTESIAN_POINT('',(-0.112482910041303,-0.0308384552138752,-0.0209327714764189));
#13999=CARTESIAN_POINT('',(-0.112155537276851,-0.0308384552138752,-0.0209327714764189));
#14000=CARTESIAN_POINT('',(-0.111974892395565,-0.0308384552138752,-0.0207263201835208));
#14001=CARTESIAN_POINT('',(-0.111974892395565,-0.0308384552138752,-0.0207263201835208));
#14002=CARTESIAN_POINT('',(-0.111974892395565,-0.0308384552138752,-0.0207263201835208));
#14003=CARTESIAN_POINT('',(-0.112493349523859,-0.0308384552138752,-0.0202819223749275));
#14004=CARTESIAN_POINT('',(-0.112493349523859,-0.0303304552138752,-0.0202819223749275));
#14005=CARTESIAN_POINT('',(-0.112868996745156,-0.0303304552138752,-0.0208130910201302));
#14006=CARTESIAN_POINT('',(-0.112868900226418,-0.0308384552138752,-0.0208129559939333));
#14007=CARTESIAN_POINT('',(-0.112868996745156,-0.0308384552138752,-0.0208130910201302));
#14008=CARTESIAN_POINT('',(-0.112493349523859,-0.0308384552138752,-0.0202819223749275));
#14009=CARTESIAN_POINT('',(-0.112413202079014,-0.0308384552138752,-0.0201806163451088));
#14010=CARTESIAN_POINT('',(-0.112413202079014,-0.0303304552138752,-0.0201806163451088));
#14011=CARTESIAN_POINT('',(-0.113130145683209,-0.0303304552138752,-0.0204881083026519));
#14012=CARTESIAN_POINT('',(-0.113130282309748,-0.0308384552138752,-0.0204881638706419));
#14013=CARTESIAN_POINT('',(-0.113130145683209,-0.0308384552138752,-0.0204881083026519));
#14014=CARTESIAN_POINT('',(-0.112413202079014,-0.0308384552138752,-0.0201806163451088));
#14015=CARTESIAN_POINT('',(-0.112156407996751,-0.0308384552138752,-0.0200555975212717));
#14016=CARTESIAN_POINT('',(-0.112156407996751,-0.0303304552138752,-0.0200555975212717));
#14017=CARTESIAN_POINT('',(-0.113222536022716,-0.0303304552138752,-0.0200457657042547));
#14018=CARTESIAN_POINT('',(-0.113222448065506,-0.0308384552138752,-0.0200457682430031));
#14019=CARTESIAN_POINT('',(-0.113222536022716,-0.0308384552138752,-0.0200457657042547));
#14020=CARTESIAN_POINT('',(-0.112156407996751,-0.0308384552138752,-0.0200555975212717));
#14021=CARTESIAN_POINT('',(-0.112679669203288,-0.0308384552138752,-0.0200539587881201));
#14022=CARTESIAN_POINT('',(-0.112679669203288,-0.0303304552138752,-0.0200539587881201));
#14023=CARTESIAN_POINT('',(-0.1131197918539,-0.0303304552138752,-0.0197347410949865));
#14024=CARTESIAN_POINT('',(-0.113119959745103,-0.0308384552138752,-0.0197346166515638));
#14025=CARTESIAN_POINT('',(-0.1131197918539,-0.0308384552138752,-0.0197347410949865));
#14026=CARTESIAN_POINT('',(-0.112679669203288,-0.0308384552138752,-0.0200539587881201));
#14027=CARTESIAN_POINT('',(-0.112540408706032,-0.0308384552138752,-0.0201359092848554));
#14028=CARTESIAN_POINT('',(-0.112540408706032,-0.0303304552138752,-0.0201359092848554));
#14029=CARTESIAN_POINT('',(-0.112844552741363,-0.0303304552138752,-0.0194994456664128));
#14030=CARTESIAN_POINT('',(-0.112844568466898,-0.0308384552138752,-0.0194994096428691));
#14031=CARTESIAN_POINT('',(-0.112844552741363,-0.0308384552138752,-0.0194994456664128));
#14032=CARTESIAN_POINT('',(-0.112540408706032,-0.0308384552138752,-0.0201359092848554));
#14033=CARTESIAN_POINT('',(-0.112475187574457,-0.0308384552138752,-0.0202592702819611));
#14034=CARTESIAN_POINT('',(-0.112475187574457,-0.0303304552138752,-0.0202592702819611));
#14035=CARTESIAN_POINT('',(-0.112464476890152,-0.0303304552138752,-0.0194138798215257));
#14036=CARTESIAN_POINT('',(-0.112464476890152,-0.0308384552138752,-0.0194138798215257));
#14037=CARTESIAN_POINT('',(-0.112464476890152,-0.0308384552138752,-0.0194138798215257));
#14038=CARTESIAN_POINT('',(-0.112475187574457,-0.0308384552138752,-0.0202592702819611));
#14039=CARTESIAN_POINT('',(-0.111962357852782,-0.0308384552138752,-0.0196052159304794));
#14040=CARTESIAN_POINT('',(-0.111962357852782,-0.0303304552138752,-0.0196052159304794));
#14041=CARTESIAN_POINT('',(-0.112074431411784,-0.0308384552138752,-0.0194776585245102));
#14042=CARTESIAN_POINT('',(-0.112074431411784,-0.0303304552138752,-0.0194776585245102));
#14043=CARTESIAN_POINT('',(-0.11224180442424,-0.0308384552138752,-0.0194138798215257));
#14044=CARTESIAN_POINT('',(-0.11224180442424,-0.0303304552138752,-0.0194138798215257));
#14045=CARTESIAN_POINT('',(-0.112464476890152,-0.0308384552138752,-0.0194138798215257));
#14046=CARTESIAN_POINT('',(-0.112464476890152,-0.0303304552138752,-0.0194138798215257));
#14047=CARTESIAN_POINT('',(-0.111962357852782,-0.0303304552138752,-0.0196052159304794));
#14048=CARTESIAN_POINT('',(-0.112130468191285,-0.0303304552138752,-0.0194138798215257));
#14049=CARTESIAN_POINT('',(-0.112464476890152,-0.0303304552138752,-0.0194138798215257));
#14050=CARTESIAN_POINT('',(-0.111962357852782,-0.0303304552138752,-0.0196052159304794));
#14051=CARTESIAN_POINT('',(-0.111962357852782,-0.0308384552138752,-0.0196052159304794));
#14052=CARTESIAN_POINT('',(-0.111962357852782,-0.0308384552138752,-0.0196052159304794));
#14053=CARTESIAN_POINT('',(-0.111962357852782,-0.0308384552138752,-0.0196052159304794));
#14054=CARTESIAN_POINT('',(-0.112130468191285,-0.0308384552138752,-0.0194138798215257));
#14055=CARTESIAN_POINT('',(-0.112464476890152,-0.0308384552138752,-0.0194138798215257));
#14056=CARTESIAN_POINT('',(-0.111794247514279,-0.0308384552138752,-0.0201305607383005));
#14057=CARTESIAN_POINT('',(-0.111794247514279,-0.0303304552138752,-0.0201305607383005));
#14058=CARTESIAN_POINT('',(-0.111794247514279,-0.0308384552138752,-0.019907888272389));
#14059=CARTESIAN_POINT('',(-0.111794247514279,-0.0303304552138752,-0.019907888272389));
#14060=CARTESIAN_POINT('',(-0.11185028429378,-0.0308384552138752,-0.0197327733364486));
#14061=CARTESIAN_POINT('',(-0.11185028429378,-0.0303304552138752,-0.0197327733364486));
#14062=CARTESIAN_POINT('',(-0.111962357852782,-0.0308384552138752,-0.0196052159304794));
#14063=CARTESIAN_POINT('',(-0.111962357852782,-0.0303304552138752,-0.0196052159304794));
#14064=CARTESIAN_POINT('',(-0.111794247514279,-0.0303304552138752,-0.0201305607383005));
#14065=CARTESIAN_POINT('',(-0.111794247514279,-0.0303304552138752,-0.0197965520394332));
#14066=CARTESIAN_POINT('',(-0.111962357852782,-0.0303304552138752,-0.0196052159304794));
#14067=CARTESIAN_POINT('',(-0.111794247514279,-0.0303304552138752,-0.0201305607383005));
#14068=CARTESIAN_POINT('',(-0.111794247514279,-0.0308384552138752,-0.0201305607383005));
#14069=CARTESIAN_POINT('',(-0.111794247514279,-0.0308384552138752,-0.0201305607383005));
#14070=CARTESIAN_POINT('',(-0.111794247514279,-0.0308384552138752,-0.0201305607383005));
#14071=CARTESIAN_POINT('',(-0.111794247514279,-0.0308384552138752,-0.0197965520394332));
#14072=CARTESIAN_POINT('',(-0.111962357852782,-0.0308384552138752,-0.0196052159304794));
#14073=CARTESIAN_POINT('',(-0.113613968195967,-0.0308384552138752,-0.019771482953867));
#14074=CARTESIAN_POINT('',(-0.113613968195967,-0.0303304552138752,-0.019771482953867));
#14075=CARTESIAN_POINT('',(-0.113613968195967,-0.0308384552138752,-0.0191093641645009));
#14076=CARTESIAN_POINT('',(-0.113613968195967,-0.0303304552138752,-0.0191093641645009));
#14077=CARTESIAN_POINT('',(-0.113485304800928,-0.0308384552138752,-0.0186143726122429));
#14078=CARTESIAN_POINT('',(-0.113485304800928,-0.0303304552138752,-0.0186143726122429));
#14079=CARTESIAN_POINT('',(-0.113227978010852,-0.0308384552138752,-0.0182865082970928));
#14080=CARTESIAN_POINT('',(-0.113227978010852,-0.0303304552138752,-0.0182865082970928));
#14081=CARTESIAN_POINT('',(-0.113613968195967,-0.0308384552138752,-0.019771482953867));
#14082=CARTESIAN_POINT('',(-0.113613968195967,-0.0308384552138752,-0.019771482953867));
#14083=CARTESIAN_POINT('',(-0.113613968195967,-0.0308384552138752,-0.019771482953867));
#14084=CARTESIAN_POINT('',(-0.113613968195967,-0.0308384552138752,-0.0187783047698179));
#14085=CARTESIAN_POINT('',(-0.113227978010852,-0.0308384552138752,-0.0182865082970928));
#14086=CARTESIAN_POINT('',(-0.113227978010852,-0.0308384552138752,-0.0182865082970928));
#14087=CARTESIAN_POINT('',(-0.113227978010852,-0.0308384552138752,-0.0182865082970928));
#14088=CARTESIAN_POINT('',(-0.113307609223827,-0.0308384552138752,-0.020864937480181));
#14089=CARTESIAN_POINT('',(-0.113307609223827,-0.0303304552138752,-0.020864937480181));
#14090=CARTESIAN_POINT('',(-0.113511848538587,-0.0308384552138752,-0.0206029409584793));
#14091=CARTESIAN_POINT('',(-0.113511848538587,-0.0303304552138752,-0.0206029409584793));
#14092=CARTESIAN_POINT('',(-0.113613968195967,-0.0308384552138752,-0.0202384561163746));
#14093=CARTESIAN_POINT('',(-0.113613968195967,-0.0303304552138752,-0.0202384561163746));
#14094=CARTESIAN_POINT('',(-0.113613968195967,-0.0308384552138752,-0.019771482953867));
#14095=CARTESIAN_POINT('',(-0.113613968195967,-0.0303304552138752,-0.019771482953867));
#14096=CARTESIAN_POINT('',(-0.113307609223827,-0.0308384552138752,-0.020864937480181));
#14097=CARTESIAN_POINT('',(-0.113307609223827,-0.0308384552138752,-0.020864937480181));
#14098=CARTESIAN_POINT('',(-0.113307609223827,-0.0308384552138752,-0.020864937480181));
#14099=CARTESIAN_POINT('',(-0.113613968195967,-0.0308384552138752,-0.0204719426976285));
#14100=CARTESIAN_POINT('',(-0.113613968195967,-0.0308384552138752,-0.019771482953867));
#14101=CARTESIAN_POINT('',(-0.112478486085027,-0.0308384552138752,-0.0212579322627334));
#14102=CARTESIAN_POINT('',(-0.112478486085027,-0.0303304552138752,-0.0212579322627334));
#14103=CARTESIAN_POINT('',(-0.112826995529467,-0.0308384552138752,-0.0212579322627334));
#14104=CARTESIAN_POINT('',(-0.112826995529467,-0.0303304552138752,-0.0212579322627334));
#14105=CARTESIAN_POINT('',(-0.113103369909067,-0.0308384552138752,-0.0211269340018826));
#14106=CARTESIAN_POINT('',(-0.113103369909067,-0.0303304552138752,-0.0211269340018826));
#14107=CARTESIAN_POINT('',(-0.113307609223827,-0.0308384552138752,-0.020864937480181));
#14108=CARTESIAN_POINT('',(-0.113307609223827,-0.0303304552138752,-0.020864937480181));
#14109=CARTESIAN_POINT('',(-0.112478486085027,-0.0308384552138752,-0.0212579322627334));
#14110=CARTESIAN_POINT('',(-0.112478486085027,-0.0308384552138752,-0.0212579322627334));
#14111=CARTESIAN_POINT('',(-0.112478486085027,-0.0308384552138752,-0.0212579322627334));
#14112=CARTESIAN_POINT('',(-0.113001250251687,-0.0308384552138752,-0.0212579322627334));
#14113=CARTESIAN_POINT('',(-0.113307609223827,-0.0308384552138752,-0.020864937480181));
#14114=CARTESIAN_POINT('',(-0.111702819084567,-0.0308384552138752,-0.020957103235939));
#14115=CARTESIAN_POINT('',(-0.111702819084567,-0.0303304552138752,-0.020957103235939));
#14116=CARTESIAN_POINT('',(-0.111894032305846,-0.0308384552138752,-0.0211576559204686));
#14117=CARTESIAN_POINT('',(-0.111894032305846,-0.0303304552138752,-0.0211576559204686));
#14118=CARTESIAN_POINT('',(-0.112152587972666,-0.0308384552138752,-0.0212579322627334));
#14119=CARTESIAN_POINT('',(-0.112152587972666,-0.0303304552138752,-0.0212579322627334));
#14120=CARTESIAN_POINT('',(-0.112478486085027,-0.0308384552138752,-0.0212579322627334));
#14121=CARTESIAN_POINT('',(-0.112478486085027,-0.0303304552138752,-0.0212579322627334));
#14122=CARTESIAN_POINT('',(-0.111702819084567,-0.0308384552138752,-0.020957103235939));
#14123=CARTESIAN_POINT('',(-0.111702819084567,-0.0308384552138752,-0.020957103235939));
#14124=CARTESIAN_POINT('',(-0.111702819084567,-0.0308384552138752,-0.020957103235939));
#14125=CARTESIAN_POINT('',(-0.111989638916486,-0.0308384552138752,-0.0212579322627334));
#14126=CARTESIAN_POINT('',(-0.112478486085027,-0.0308384552138752,-0.0212579322627334));
#14127=CARTESIAN_POINT('',(-0.111415999252648,-0.0308384552138752,-0.0201305607383005));
#14128=CARTESIAN_POINT('',(-0.111415999252648,-0.0303304552138752,-0.0201305607383005));
#14129=CARTESIAN_POINT('',(-0.111415999252648,-0.0308384552138752,-0.0204810363855299));
#14130=CARTESIAN_POINT('',(-0.111415999252648,-0.0303304552138752,-0.0204810363855299));
#14131=CARTESIAN_POINT('',(-0.111511605863288,-0.0308384552138752,-0.0207565505514094));
#14132=CARTESIAN_POINT('',(-0.111511605863288,-0.0303304552138752,-0.0207565505514094));
#14133=CARTESIAN_POINT('',(-0.111702819084567,-0.0308384552138752,-0.020957103235939));
#14134=CARTESIAN_POINT('',(-0.111702819084567,-0.0303304552138752,-0.020957103235939));
#14135=CARTESIAN_POINT('',(-0.111415999252648,-0.0308384552138752,-0.0201305607383005));
#14136=CARTESIAN_POINT('',(-0.111415999252648,-0.0308384552138752,-0.0201305607383005));
#14137=CARTESIAN_POINT('',(-0.111415999252648,-0.0308384552138752,-0.0201305607383005));
#14138=CARTESIAN_POINT('',(-0.111415999252648,-0.0308384552138752,-0.0206562742091447));
#14139=CARTESIAN_POINT('',(-0.111702819084567,-0.0308384552138752,-0.020957103235939));
#14140=CARTESIAN_POINT('',(-0.111677381335978,-0.0308384552138752,-0.0193865987578213));
#14141=CARTESIAN_POINT('',(-0.111677381335978,-0.0303304552138752,-0.0193865987578213));
#14142=CARTESIAN_POINT('',(-0.111503126613758,-0.0308384552138752,-0.0195694556172453));
#14143=CARTESIAN_POINT('',(-0.111503126613758,-0.0303304552138752,-0.0195694556172453));
#14144=CARTESIAN_POINT('',(-0.111415999252648,-0.0308384552138752,-0.0198174429440717));
#14145=CARTESIAN_POINT('',(-0.111415999252648,-0.0303304552138752,-0.0198174429440717));
#14146=CARTESIAN_POINT('',(-0.111415999252648,-0.0308384552138752,-0.0201305607383005));
#14147=CARTESIAN_POINT('',(-0.111415999252648,-0.0303304552138752,-0.0201305607383005));
#14148=CARTESIAN_POINT('',(-0.111677381335978,-0.0308384552138752,-0.0193865987578213));
#14149=CARTESIAN_POINT('',(-0.111677381335978,-0.0308384552138752,-0.0193865987578213));
#14150=CARTESIAN_POINT('',(-0.111677381335978,-0.0308384552138752,-0.0193865987578213));
#14151=CARTESIAN_POINT('',(-0.111415999252648,-0.0308384552138752,-0.0196608840469573));
#14152=CARTESIAN_POINT('',(-0.111415999252648,-0.0308384552138752,-0.0201305607383005));
#14153=CARTESIAN_POINT('',(-0.112392956263684,-0.0308384552138752,-0.0191123134686852));
#14154=CARTESIAN_POINT('',(-0.112392956263684,-0.0303304552138752,-0.0191123134686852));
#14155=CARTESIAN_POINT('',(-0.1120901610341,-0.0308384552138752,-0.0191123134686852));
#14156=CARTESIAN_POINT('',(-0.1120901610341,-0.0303304552138752,-0.0191123134686852));
#14157=CARTESIAN_POINT('',(-0.111851636058198,-0.0308384552138752,-0.0192037418983972));
#14158=CARTESIAN_POINT('',(-0.111851636058198,-0.0303304552138752,-0.0192037418983972));
#14159=CARTESIAN_POINT('',(-0.111677381335978,-0.0308384552138752,-0.0193865987578213));
#14160=CARTESIAN_POINT('',(-0.111677381335978,-0.0303304552138752,-0.0193865987578213));
#14161=CARTESIAN_POINT('',(-0.112392956263684,-0.0308384552138752,-0.0191123134686852));
#14162=CARTESIAN_POINT('',(-0.112392956263684,-0.0308384552138752,-0.0191123134686852));
#14163=CARTESIAN_POINT('',(-0.112392956263684,-0.0308384552138752,-0.0191123134686852));
#14164=CARTESIAN_POINT('',(-0.111938763419308,-0.0308384552138752,-0.0191123134686852));
#14165=CARTESIAN_POINT('',(-0.111677381335978,-0.0308384552138752,-0.0193865987578213));
#14166=CARTESIAN_POINT('',(-0.113195167001802,-0.0308384552138752,-0.019508994881468));
#14167=CARTESIAN_POINT('',(-0.113195167001802,-0.0303304552138752,-0.019508994881468));
#14168=CARTESIAN_POINT('',(-0.113026073561904,-0.0308384552138752,-0.0192445406062795));
#14169=CARTESIAN_POINT('',(-0.113026073561904,-0.0303304552138752,-0.0192445406062795));
#14170=CARTESIAN_POINT('',(-0.112758669982532,-0.0308384552138752,-0.0191123134686852));
#14171=CARTESIAN_POINT('',(-0.112758669982532,-0.0303304552138752,-0.0191123134686852));
#14172=CARTESIAN_POINT('',(-0.112392956263684,-0.0308384552138752,-0.0191123134686852));
#14173=CARTESIAN_POINT('',(-0.112392956263684,-0.0303304552138752,-0.0191123134686852));
#14174=CARTESIAN_POINT('',(-0.113195167001802,-0.0308384552138752,-0.019508994881468));
#14175=CARTESIAN_POINT('',(-0.113195167001802,-0.0308384552138752,-0.019508994881468));
#14176=CARTESIAN_POINT('',(-0.113195167001802,-0.0308384552138752,-0.019508994881468));
#14177=CARTESIAN_POINT('',(-0.112941526841956,-0.0308384552138752,-0.0191123134686852));
#14178=CARTESIAN_POINT('',(-0.112392956263684,-0.0308384552138752,-0.0191123134686852));
#14179=CARTESIAN_POINT('',(-0.113208807533654,-0.0308384552138752,-0.019508994881468));
#14180=CARTESIAN_POINT('',(-0.113222448065506,-0.0308384552138752,-0.019508994881468));
#14181=CARTESIAN_POINT('',(-0.113222448065506,-0.0308384552138752,-0.019508994881468));
#14182=CARTESIAN_POINT('',(-0.113208807533654,-0.0308384552138752,-0.019508994881468));
#14183=CARTESIAN_POINT('',(-0.112909453158952,-0.0308384552138752,-0.0184476140381579));
#14184=CARTESIAN_POINT('',(-0.112909453158952,-0.0303304552138752,-0.0184476140381579));
#14185=CARTESIAN_POINT('',(-0.113099929054185,-0.0308384552138752,-0.0186724984822076));
#14186=CARTESIAN_POINT('',(-0.113099929054185,-0.0303304552138752,-0.0186724984822076));
#14187=CARTESIAN_POINT('',(-0.113204260689703,-0.0308384552138752,-0.0190262920966443));
#14188=CARTESIAN_POINT('',(-0.113204260689703,-0.0303304552138752,-0.0190262920966443));
#14189=CARTESIAN_POINT('',(-0.113222448065506,-0.0308384552138752,-0.019508994881468));
#14190=CARTESIAN_POINT('',(-0.113222448065506,-0.0303304552138752,-0.019508994881468));
#14191=CARTESIAN_POINT('',(-0.112909453158952,-0.0308384552138752,-0.0184476140381579));
#14192=CARTESIAN_POINT('',(-0.112909453158952,-0.0308384552138752,-0.0184476140381579));
#14193=CARTESIAN_POINT('',(-0.112909453158952,-0.0308384552138752,-0.0184476140381579));
#14194=CARTESIAN_POINT('',(-0.113195167001802,-0.0308384552138752,-0.0187849407042325));
#14195=CARTESIAN_POINT('',(-0.113222448065506,-0.0308384552138752,-0.019508994881468));
#14196=CARTESIAN_POINT('',(-0.112081804672244,-0.0308384552138752,-0.0181102873720833));
#14197=CARTESIAN_POINT('',(-0.112081804672244,-0.0303304552138752,-0.0181102873720833));
#14198=CARTESIAN_POINT('',(-0.112443094434816,-0.0308384552138752,-0.0181102873720833));
#14199=CARTESIAN_POINT('',(-0.112443094434816,-0.0303304552138752,-0.0181102873720833));
#14200=CARTESIAN_POINT('',(-0.112718977263719,-0.0308384552138752,-0.0182227295941082));
#14201=CARTESIAN_POINT('',(-0.112718977263719,-0.0303304552138752,-0.0182227295941082));
#14202=CARTESIAN_POINT('',(-0.112909453158952,-0.0308384552138752,-0.0184476140381579));
#14203=CARTESIAN_POINT('',(-0.112909453158952,-0.0303304552138752,-0.0184476140381579));
#14204=CARTESIAN_POINT('',(-0.112081804672244,-0.0308384552138752,-0.0181102873720833));
#14205=CARTESIAN_POINT('',(-0.112081804672244,-0.0308384552138752,-0.0181102873720833));
#14206=CARTESIAN_POINT('',(-0.112081804672244,-0.0308384552138752,-0.0181102873720833));
#14207=CARTESIAN_POINT('',(-0.112623739316102,-0.0308384552138752,-0.0181102873720833));
#14208=CARTESIAN_POINT('',(-0.112909453158952,-0.0308384552138752,-0.0184476140381579));
#14209=CARTESIAN_POINT('',(-0.112058781330998,-0.0308384552138753,-0.0194315730350449));
#14210=CARTESIAN_POINT('',(-0.111676275346909,-0.0308384552138752,-0.0181672210578762));
#14211=CARTESIAN_POINT('',(-0.111676275346909,-0.0308384552138752,-0.0181672210578762));
#14212=CARTESIAN_POINT('',(-0.112058781330998,-0.0308384552138752,-0.0194315730350449));
#14213=CARTESIAN_POINT('',(-0.111676275346909,-0.0308384552138752,-0.0180030064323809));
#14214=CARTESIAN_POINT('',(-0.111676275346909,-0.0308384552138752,-0.0178382140610855));
#14215=CARTESIAN_POINT('',(-0.111676275346909,-0.0308384552138752,-0.0178382140610855));
#14216=CARTESIAN_POINT('',(-0.111676275346909,-0.0308384552138752,-0.0180030064323809));
#14217=CARTESIAN_POINT('',(-0.112086228628521,-0.0308384552138752,-0.0177947118243676));
#14218=CARTESIAN_POINT('',(-0.112086228628521,-0.0303304552138752,-0.0177947118243676));
#14219=CARTESIAN_POINT('',(-0.111912711232347,-0.0308384552138752,-0.0177947118243676));
#14220=CARTESIAN_POINT('',(-0.111912711232347,-0.0303304552138752,-0.0177947118243676));
#14221=CARTESIAN_POINT('',(-0.111776060138476,-0.0308384552138752,-0.0178092125699402));
#14222=CARTESIAN_POINT('',(-0.111776060138476,-0.0303304552138752,-0.0178092125699402));
#14223=CARTESIAN_POINT('',(-0.111676275346909,-0.0308384552138752,-0.0178382140610855));
#14224=CARTESIAN_POINT('',(-0.111676275346909,-0.0303304552138752,-0.0178382140610855));
#14225=CARTESIAN_POINT('',(-0.112086228628521,-0.0308384552138752,-0.0177947118243676));
#14226=CARTESIAN_POINT('',(-0.112086228628521,-0.0308384552138752,-0.0177947118243676));
#14227=CARTESIAN_POINT('',(-0.112086228628521,-0.0308384552138752,-0.0177947118243676));
#14228=CARTESIAN_POINT('',(-0.11182595253426,-0.0308384552138752,-0.0177947118243676));
#14229=CARTESIAN_POINT('',(-0.111676275346909,-0.0308384552138752,-0.0178382140610855));
#14230=CARTESIAN_POINT('',(-0.113227978010852,-0.0308384552138752,-0.0182865082970928));
#14231=CARTESIAN_POINT('',(-0.113227978010852,-0.0303304552138752,-0.0182865082970928));
#14232=CARTESIAN_POINT('',(-0.112970651220775,-0.0308384552138752,-0.0179586439819427));
#14233=CARTESIAN_POINT('',(-0.112970651220775,-0.0303304552138752,-0.0179586439819427));
#14234=CARTESIAN_POINT('',(-0.112590068093332,-0.0308384552138752,-0.0177947118243676));
#14235=CARTESIAN_POINT('',(-0.112590068093332,-0.0303304552138752,-0.0177947118243676));
#14236=CARTESIAN_POINT('',(-0.112086228628521,-0.0308384552138752,-0.0177947118243676));
#14237=CARTESIAN_POINT('',(-0.112086228628521,-0.0303304552138752,-0.0177947118243676));
#14238=CARTESIAN_POINT('',(-0.113227978010852,-0.0308384552138752,-0.0182865082970928));
#14239=CARTESIAN_POINT('',(-0.112841987825737,-0.0308384552138752,-0.0177947118243676));
#14240=CARTESIAN_POINT('',(-0.112086228628521,-0.0308384552138752,-0.0177947118243676));
#14241=CARTESIAN_POINT('',(-0.111974892395565,-0.0308384552138752,-0.0207263201835208));
#14242=CARTESIAN_POINT('',(-0.111974892395565,-0.0303304552138752,-0.0207263201835208));
#14243=CARTESIAN_POINT('',(-0.111854462474708,-0.0308384552138752,-0.0205886859882554));
#14244=CARTESIAN_POINT('',(-0.111854462474708,-0.0303304552138752,-0.0205886859882554));
#14245=CARTESIAN_POINT('',(-0.111794247514279,-0.0308384552138752,-0.0203900995065153));
#14246=CARTESIAN_POINT('',(-0.111794247514279,-0.0303304552138752,-0.0203900995065153));
#14247=CARTESIAN_POINT('',(-0.111794247514279,-0.0308384552138752,-0.0201305607383005));
#14248=CARTESIAN_POINT('',(-0.111794247514279,-0.0303304552138752,-0.0201305607383005));
#14249=CARTESIAN_POINT('',(-0.111974892395565,-0.0303304552138752,-0.0207263201835208));
#14250=CARTESIAN_POINT('',(-0.111794247514279,-0.0303304552138752,-0.0205198688906227));
#14251=CARTESIAN_POINT('',(-0.111794247514279,-0.0303304552138752,-0.0201305607383005));
#14252=CARTESIAN_POINT('',(-0.111974892395565,-0.0308384552138752,-0.0207263201835208));
#14253=CARTESIAN_POINT('',(-0.111794247514279,-0.0308384552138752,-0.0205198688906227));
#14254=CARTESIAN_POINT('',(-0.111794247514279,-0.0308384552138752,-0.0201305607383005));
#14255=CARTESIAN_POINT('',(-0.119071173806822,-0.0308384552138752,0.0042611611552148));
#14256=CARTESIAN_POINT('',(-0.117924744924284,-0.0308384552138752,-0.0197032802946061));
#14257=CARTESIAN_POINT('',(-0.118622624026884,-0.0308384552138752,-0.0212114807218313));
#14258=CARTESIAN_POINT('',(-0.118622624026884,-0.0308384552138752,-0.0212114807218313));
#14259=CARTESIAN_POINT('',(-0.117924744924284,-0.0308384552138752,-0.0197032802946061));
#14260=CARTESIAN_POINT('',(-0.117226865821684,-0.0308384552138752,-0.0181950798673807));
#14261=CARTESIAN_POINT('',(-0.117226865821684,-0.0308384552138752,-0.0181950798673807));
#14262=CARTESIAN_POINT('',(-0.11841064278864,-0.0308384552138752,-0.0212114807218313));
#14263=CARTESIAN_POINT('',(-0.118198661550397,-0.0308384552138752,-0.0212114807218313));
#14264=CARTESIAN_POINT('',(-0.118198661550397,-0.0308384552138752,-0.0212114807218313));
#14265=CARTESIAN_POINT('',(-0.11841064278864,-0.0308384552138752,-0.0212114807218313));
#14266=CARTESIAN_POINT('',(-0.117509999023372,-0.0308384552138752,-0.019680423187178));
#14267=CARTESIAN_POINT('',(-0.116821336496348,-0.0308384552138752,-0.0181493656525248));
#14268=CARTESIAN_POINT('',(-0.116821336496348,-0.0308384552138752,-0.0181493656525248));
#14269=CARTESIAN_POINT('',(-0.117509999023372,-0.0308384552138752,-0.019680423187178));
#14270=CARTESIAN_POINT('',(-0.116821336496348,-0.0308384552138752,-0.0179960018349433));
#14271=CARTESIAN_POINT('',(-0.116821336496348,-0.0308384552138752,-0.0178426380173618));
#14272=CARTESIAN_POINT('',(-0.116821336496348,-0.0308384552138752,-0.0178426380173618));
#14273=CARTESIAN_POINT('',(-0.116821336496348,-0.0308384552138752,-0.0179960018349433));
#14274=CARTESIAN_POINT('',(-0.117942072086366,-0.0308384552138752,-0.0178426380173618));
#14275=CARTESIAN_POINT('',(-0.119062807676385,-0.0308384552138752,-0.0178426380173618));
#14276=CARTESIAN_POINT('',(-0.119062807676385,-0.0308384552138752,-0.0178426380173618));
#14277=CARTESIAN_POINT('',(-0.117942072086366,-0.0308384552138752,-0.0178426380173618));
#14278=CARTESIAN_POINT('',(-0.119062807676385,-0.0308384552138752,-0.0180188589423713));
#14279=CARTESIAN_POINT('',(-0.119062807676385,-0.0308384552138752,-0.0181950798673807));
#14280=CARTESIAN_POINT('',(-0.119062807676385,-0.0308384552138752,-0.0181950798673807));
#14281=CARTESIAN_POINT('',(-0.119062807676385,-0.0308384552138752,-0.0180188589423713));
#14282=CARTESIAN_POINT('',(-0.118144836749034,-0.0308384552138752,-0.0181950798673807));
#14283=CARTESIAN_POINT('',(-0.118144836749034,-0.0308384552138752,-0.0181950798673807));
#14284=CARTESIAN_POINT('',(-0.119071173806822,-0.0308384552138752,0.0042611611552148));
#14285=CARTESIAN_POINT('',(-0.119505940630069,-0.0308384552138752,-0.0203148922498167));
#14286=CARTESIAN_POINT('',(-0.119505940630069,-0.0303304552138752,-0.0203148922498167));
#14287=CARTESIAN_POINT('',(-0.119505940630069,-0.0308384552138752,-0.0206112973203347));
#14288=CARTESIAN_POINT('',(-0.119505940630069,-0.0303304552138752,-0.0206112973203347));
#14289=CARTESIAN_POINT('',(-0.11961346734512,-0.0308384552138752,-0.0208425719234503));
#14290=CARTESIAN_POINT('',(-0.11961346734512,-0.0303304552138752,-0.0208425719234503));
#14291=CARTESIAN_POINT('',(-0.119828520775223,-0.0308384552138752,-0.0210087160591635));
#14292=CARTESIAN_POINT('',(-0.119828520775223,-0.0303304552138752,-0.0210087160591635));
#14293=CARTESIAN_POINT('',(-0.119505940630069,-0.0308384552138752,-0.0203148922498167));
#14294=CARTESIAN_POINT('',(-0.119505940630069,-0.0308384552138752,-0.0203148922498167));
#14295=CARTESIAN_POINT('',(-0.119505940630069,-0.0308384552138752,-0.0203148922498167));
#14296=CARTESIAN_POINT('',(-0.119505940630069,-0.0308384552138752,-0.0207594998555937));
#14297=CARTESIAN_POINT('',(-0.119828520775223,-0.0308384552138752,-0.0210087160591635));
#14298=CARTESIAN_POINT('',(-0.119828520775223,-0.0308384552138752,-0.0210087160591635));
#14299=CARTESIAN_POINT('',(-0.119828520775223,-0.0308384552138752,-0.0210087160591635));
#14300=CARTESIAN_POINT('',(-0.119705018662507,-0.0308384552138752,-0.0197530498027154));
#14301=CARTESIAN_POINT('',(-0.119705018662507,-0.0303304552138752,-0.0197530498027154));
#14302=CARTESIAN_POINT('',(-0.119572299974215,-0.0308384552138752,-0.0198975657077441));
#14303=CARTESIAN_POINT('',(-0.119572299974215,-0.0303304552138752,-0.0198975657077441));
#14304=CARTESIAN_POINT('',(-0.119505940630069,-0.0308384552138752,-0.0200848465234445));
#14305=CARTESIAN_POINT('',(-0.119505940630069,-0.0303304552138752,-0.0200848465234445));
#14306=CARTESIAN_POINT('',(-0.119505940630069,-0.0308384552138752,-0.0203148922498167));
#14307=CARTESIAN_POINT('',(-0.119505940630069,-0.0303304552138752,-0.0203148922498167));
#14308=CARTESIAN_POINT('',(-0.119705018662507,-0.0308384552138752,-0.0197530498027154));
#14309=CARTESIAN_POINT('',(-0.119705018662507,-0.0308384552138752,-0.0197530498027154));
#14310=CARTESIAN_POINT('',(-0.119705018662507,-0.0308384552138752,-0.0197530498027154));
#14311=CARTESIAN_POINT('',(-0.119505940630069,-0.0308384552138752,-0.0199698236602584));
#14312=CARTESIAN_POINT('',(-0.119505940630069,-0.0308384552138752,-0.0203148922498167));
#14313=CARTESIAN_POINT('',(-0.120434234122065,-0.0308384552138752,-0.0193475204773799));
#14314=CARTESIAN_POINT('',(-0.120434234122065,-0.0303304552138752,-0.0193475204773799));
#14315=CARTESIAN_POINT('',(-0.120080809170651,-0.0308384552138752,-0.0194733574559082));
#14316=CARTESIAN_POINT('',(-0.120080809170651,-0.0303304552138752,-0.0194733574559082));
#14317=CARTESIAN_POINT('',(-0.119837737350799,-0.0308384552138752,-0.0196085338976867));
#14318=CARTESIAN_POINT('',(-0.119837737350799,-0.0303304552138752,-0.0196085338976867));
#14319=CARTESIAN_POINT('',(-0.119705018662507,-0.0308384552138752,-0.0197530498027154));
#14320=CARTESIAN_POINT('',(-0.119705018662507,-0.0303304552138752,-0.0197530498027154));
#14321=CARTESIAN_POINT('',(-0.120434234122065,-0.0308384552138752,-0.0193475204773799));
#14322=CARTESIAN_POINT('',(-0.120434234122065,-0.0308384552138752,-0.0193475204773799));
#14323=CARTESIAN_POINT('',(-0.120434234122065,-0.0308384552138752,-0.0193475204773799));
#14324=CARTESIAN_POINT('',(-0.119904096694944,-0.0308384552138752,-0.0195362759451724));
#14325=CARTESIAN_POINT('',(-0.119705018662507,-0.0308384552138752,-0.0197530498027154));
#14326=CARTESIAN_POINT('',(-0.120903173487362,-0.0308384552138752,-0.0191414378475048));
#14327=CARTESIAN_POINT('',(-0.120903173487362,-0.0303304552138752,-0.0191414378475048));
#14328=CARTESIAN_POINT('',(-0.120800930942308,-0.0308384552138752,-0.0192036190107229));
#14329=CARTESIAN_POINT('',(-0.120800930942308,-0.0303304552138752,-0.0192036190107229));
#14330=CARTESIAN_POINT('',(-0.120644617820542,-0.0308384552138752,-0.0192723132206813));
#14331=CARTESIAN_POINT('',(-0.120644617820542,-0.0303304552138752,-0.0192723132206813));
#14332=CARTESIAN_POINT('',(-0.120434234122065,-0.0308384552138752,-0.0193475204773799));
#14333=CARTESIAN_POINT('',(-0.120434234122065,-0.0303304552138752,-0.0193475204773799));
#14334=CARTESIAN_POINT('',(-0.120903173487362,-0.0308384552138752,-0.0191414378475048));
#14335=CARTESIAN_POINT('',(-0.120903173487362,-0.0308384552138752,-0.0191414378475048));
#14336=CARTESIAN_POINT('',(-0.120903173487362,-0.0308384552138752,-0.0191414378475048));
#14337=CARTESIAN_POINT('',(-0.12074980966978,-0.0308384552138752,-0.0192347095923319));
#14338=CARTESIAN_POINT('',(-0.120434234122065,-0.0308384552138752,-0.0193475204773799));
#14339=CARTESIAN_POINT('',(-0.121121053333974,-0.0308384552138752,-0.0189360925436758));
#14340=CARTESIAN_POINT('',(-0.121121053333974,-0.0303304552138752,-0.0189360925436758));
#14341=CARTESIAN_POINT('',(-0.121078042647954,-0.0308384552138752,-0.019010808249677));
#14342=CARTESIAN_POINT('',(-0.121078042647954,-0.0303304552138752,-0.019010808249677));
#14343=CARTESIAN_POINT('',(-0.121005416032416,-0.0308384552138752,-0.0190792566842867));
#14344=CARTESIAN_POINT('',(-0.121005416032416,-0.0303304552138752,-0.0190792566842867));
#14345=CARTESIAN_POINT('',(-0.120903173487362,-0.0308384552138752,-0.0191414378475048));
#14346=CARTESIAN_POINT('',(-0.120903173487362,-0.0303304552138752,-0.0191414378475048));
#14347=CARTESIAN_POINT('',(-0.121121053333974,-0.0308384552138752,-0.0189360925436758));
#14348=CARTESIAN_POINT('',(-0.121121053333974,-0.0308384552138752,-0.0189360925436758));
#14349=CARTESIAN_POINT('',(-0.121121053333974,-0.0308384552138752,-0.0189360925436758));
#14350=CARTESIAN_POINT('',(-0.121056537304943,-0.0308384552138752,-0.0190481661026776));
#14351=CARTESIAN_POINT('',(-0.120903173487362,-0.0308384552138752,-0.0191414378475048));
#14352=CARTESIAN_POINT('',(-0.121185569363005,-0.0308384552138752,-0.0186492727117566));
#14353=CARTESIAN_POINT('',(-0.121185569363005,-0.0303304552138752,-0.0186492727117566));
#14354=CARTESIAN_POINT('',(-0.121185569363005,-0.0308384552138752,-0.0187657702270348));
#14355=CARTESIAN_POINT('',(-0.121185569363005,-0.0303304552138752,-0.0187657702270348));
#14356=CARTESIAN_POINT('',(-0.121164064019995,-0.0308384552138752,-0.0188613768376746));
#14357=CARTESIAN_POINT('',(-0.121164064019995,-0.0303304552138752,-0.0188613768376746));
#14358=CARTESIAN_POINT('',(-0.121121053333974,-0.0308384552138752,-0.0189360925436758));
#14359=CARTESIAN_POINT('',(-0.121121053333974,-0.0303304552138752,-0.0189360925436758));
#14360=CARTESIAN_POINT('',(-0.121185569363005,-0.0308384552138752,-0.0186492727117566));
#14361=CARTESIAN_POINT('',(-0.121185569363005,-0.0308384552138752,-0.0186492727117566));
#14362=CARTESIAN_POINT('',(-0.121185569363005,-0.0308384552138752,-0.0186492727117566));
#14363=CARTESIAN_POINT('',(-0.121185569363005,-0.0308384552138752,-0.0188240189846739));
#14364=CARTESIAN_POINT('',(-0.121121053333974,-0.0308384552138752,-0.0189360925436758));
#14365=CARTESIAN_POINT('',(-0.121010454427064,-0.0308384552138752,-0.0182783977105861));
#14366=CARTESIAN_POINT('',(-0.121010454427064,-0.0303304552138752,-0.0182783977105861));
#14367=CARTESIAN_POINT('',(-0.121127197717691,-0.0308384552138752,-0.0183673683868112));
#14368=CARTESIAN_POINT('',(-0.121127197717691,-0.0303304552138752,-0.0183673683868112));
#14369=CARTESIAN_POINT('',(-0.121185569363005,-0.0308384552138752,-0.0184909933872014));
#14370=CARTESIAN_POINT('',(-0.121185569363005,-0.0303304552138752,-0.0184909933872014));
#14371=CARTESIAN_POINT('',(-0.121185569363005,-0.0308384552138752,-0.0186492727117566));
#14372=CARTESIAN_POINT('',(-0.121185569363005,-0.0303304552138752,-0.0186492727117566));
#14373=CARTESIAN_POINT('',(-0.121010454427064,-0.0308384552138752,-0.0182783977105861));
#14374=CARTESIAN_POINT('',(-0.121010454427064,-0.0308384552138752,-0.0182783977105861));
#14375=CARTESIAN_POINT('',(-0.121010454427064,-0.0308384552138752,-0.0182783977105861));
#14376=CARTESIAN_POINT('',(-0.121185569363005,-0.0308384552138752,-0.0184118537249238));
#14377=CARTESIAN_POINT('',(-0.121185569363005,-0.0308384552138752,-0.0186492727117566));
#14378=CARTESIAN_POINT('',(-0.120524187899685,-0.0308384552138752,-0.0181449416962483));
#14379=CARTESIAN_POINT('',(-0.120524187899685,-0.0303304552138752,-0.0181449416962483));
#14380=CARTESIAN_POINT('',(-0.120731622293978,-0.0308384552138752,-0.0181449416962483));
#14381=CARTESIAN_POINT('',(-0.120731622293978,-0.0303304552138752,-0.0181449416962483));
#14382=CARTESIAN_POINT('',(-0.120893711136437,-0.0308384552138752,-0.0181894270343609));
#14383=CARTESIAN_POINT('',(-0.120893711136437,-0.0303304552138752,-0.0181894270343609));
#14384=CARTESIAN_POINT('',(-0.121010454427064,-0.0308384552138752,-0.0182783977105861));
#14385=CARTESIAN_POINT('',(-0.121010454427064,-0.0303304552138752,-0.0182783977105861));
#14386=CARTESIAN_POINT('',(-0.120524187899685,-0.0308384552138752,-0.0181449416962483));
#14387=CARTESIAN_POINT('',(-0.120524187899685,-0.0308384552138752,-0.0181449416962483));
#14388=CARTESIAN_POINT('',(-0.120524187899685,-0.0308384552138752,-0.0181449416962483));
#14389=CARTESIAN_POINT('',(-0.120835339491124,-0.0308384552138752,-0.0181449416962483));
#14390=CARTESIAN_POINT('',(-0.121010454427064,-0.0308384552138752,-0.0182783977105861));
#14391=CARTESIAN_POINT('',(-0.119713129249014,-0.0308384552138752,-0.0183196879691657));
#14392=CARTESIAN_POINT('',(-0.119713129249014,-0.0303304552138752,-0.0183196879691657));
#14393=CARTESIAN_POINT('',(-0.119991346943729,-0.0308384552138752,-0.0182031904538875));
#14394=CARTESIAN_POINT('',(-0.119991346943729,-0.0303304552138752,-0.0182031904538875));
#14395=CARTESIAN_POINT('',(-0.120261699827286,-0.0308384552138752,-0.0181449416962483));
#14396=CARTESIAN_POINT('',(-0.120261699827286,-0.0303304552138752,-0.0181449416962483));
#14397=CARTESIAN_POINT('',(-0.120524187899685,-0.0308384552138752,-0.0181449416962483));
#14398=CARTESIAN_POINT('',(-0.120524187899685,-0.0303304552138752,-0.0181449416962483));
#14399=CARTESIAN_POINT('',(-0.119713129249014,-0.0308384552138752,-0.0183196879691657));
#14400=CARTESIAN_POINT('',(-0.119713129249014,-0.0308384552138752,-0.0183196879691657));
#14401=CARTESIAN_POINT('',(-0.119713129249014,-0.0308384552138752,-0.0183196879691657));
#14402=CARTESIAN_POINT('',(-0.120130455791086,-0.0308384552138752,-0.0181449416962483));
#14403=CARTESIAN_POINT('',(-0.120524187899685,-0.0308384552138752,-0.0181449416962483));
#14404=CARTESIAN_POINT('',(-0.11965193118719,-0.0308384552138752,-0.0181493656525248));
#14405=CARTESIAN_POINT('',(-0.119590504390159,-0.0308384552138752,-0.0179784067354869));
#14406=CARTESIAN_POINT('',(-0.119590504390159,-0.0308384552138752,-0.0179784067354869));
#14407=CARTESIAN_POINT('',(-0.11965193118719,-0.0308384552138752,-0.0181493656525248));
#14408=CARTESIAN_POINT('',(-0.120486065073396,-0.0308384552138752,-0.0200775884912473));
#14409=CARTESIAN_POINT('',(-0.120514602661086,-0.0308384552138752,-0.0177947118243676));
#14410=CARTESIAN_POINT('',(-0.120514602661086,-0.0308384552138752,-0.0177947118243676));
#14411=CARTESIAN_POINT('',(-0.120486065073396,-0.0308384552138752,-0.0200775884912473));
#14412=CARTESIAN_POINT('',(-0.121289163672477,-0.0308384552138752,-0.0180251262137629));
#14413=CARTESIAN_POINT('',(-0.121289163672477,-0.0303304552138752,-0.0180251262137629));
#14414=CARTESIAN_POINT('',(-0.121094263820967,-0.0308384552138752,-0.0178715166208327));
#14415=CARTESIAN_POINT('',(-0.121094263820967,-0.0303304552138752,-0.0178715166208327));
#14416=CARTESIAN_POINT('',(-0.12083607681717,-0.0308384552138752,-0.0177947118243676));
#14417=CARTESIAN_POINT('',(-0.12083607681717,-0.0303304552138752,-0.0177947118243676));
#14418=CARTESIAN_POINT('',(-0.120514602661086,-0.0308384552138752,-0.0177947118243676));
#14419=CARTESIAN_POINT('',(-0.120514602661086,-0.0303304552138752,-0.0177947118243676));
#14420=CARTESIAN_POINT('',(-0.121289163672477,-0.0308384552138752,-0.0180251262137629));
#14421=CARTESIAN_POINT('',(-0.121289163672477,-0.0308384552138752,-0.0180251262137629));
#14422=CARTESIAN_POINT('',(-0.121289163672477,-0.0308384552138752,-0.0180251262137629));
#14423=CARTESIAN_POINT('',(-0.120996813895212,-0.0308384552138752,-0.0177947118243676));
#14424=CARTESIAN_POINT('',(-0.120514602661086,-0.0308384552138752,-0.0177947118243676));
#14425=CARTESIAN_POINT('',(-0.121581513449741,-0.0308384552138752,-0.0186448487554802));
#14426=CARTESIAN_POINT('',(-0.121581513449741,-0.0303304552138752,-0.0186448487554802));
#14427=CARTESIAN_POINT('',(-0.121581513449741,-0.0308384552138752,-0.0183853099872654));
#14428=CARTESIAN_POINT('',(-0.121581513449741,-0.0303304552138752,-0.0183853099872654));
#14429=CARTESIAN_POINT('',(-0.121484063523987,-0.0308384552138752,-0.018178735806693));
#14430=CARTESIAN_POINT('',(-0.121484063523987,-0.0303304552138752,-0.018178735806693));
#14431=CARTESIAN_POINT('',(-0.121289163672477,-0.0308384552138752,-0.0180251262137629));
#14432=CARTESIAN_POINT('',(-0.121289163672477,-0.0303304552138752,-0.0180251262137629));
#14433=CARTESIAN_POINT('',(-0.121581513449741,-0.0308384552138752,-0.0186448487554802));
#14434=CARTESIAN_POINT('',(-0.121581513449741,-0.0308384552138752,-0.0186448487554802));
#14435=CARTESIAN_POINT('',(-0.121581513449741,-0.0308384552138752,-0.0186448487554802));
#14436=CARTESIAN_POINT('',(-0.121581513449741,-0.0308384552138752,-0.0182555406031581));
#14437=CARTESIAN_POINT('',(-0.121289163672477,-0.0308384552138752,-0.0180251262137629));
#14438=CARTESIAN_POINT('',(-0.121379854776143,-0.0308384552138752,-0.0192461381460459));
#14439=CARTESIAN_POINT('',(-0.121379854776143,-0.0303304552138752,-0.0192461381460459));
#14440=CARTESIAN_POINT('',(-0.121514293891875,-0.0308384552138752,-0.0190925285531158));
#14441=CARTESIAN_POINT('',(-0.121514293891875,-0.0303304552138752,-0.0190925285531158));
#14442=CARTESIAN_POINT('',(-0.121581513449741,-0.0308384552138752,-0.0188920987562606));
#14443=CARTESIAN_POINT('',(-0.121581513449741,-0.0303304552138752,-0.0188920987562606));
#14444=CARTESIAN_POINT('',(-0.121581513449741,-0.0308384552138752,-0.0186448487554802));
#14445=CARTESIAN_POINT('',(-0.121581513449741,-0.0303304552138752,-0.0186448487554802));
#14446=CARTESIAN_POINT('',(-0.121379854776143,-0.0308384552138752,-0.0192461381460459));
#14447=CARTESIAN_POINT('',(-0.121379854776143,-0.0308384552138752,-0.0192461381460459));
#14448=CARTESIAN_POINT('',(-0.121379854776143,-0.0308384552138752,-0.0192461381460459));
#14449=CARTESIAN_POINT('',(-0.121581513449741,-0.0308384552138752,-0.0190157237566508));
#14450=CARTESIAN_POINT('',(-0.121581513449741,-0.0308384552138752,-0.0186448487554802));
#14451=CARTESIAN_POINT('',(-0.120708519411201,-0.0308384552138752,-0.0196446628739439));
#14452=CARTESIAN_POINT('',(-0.120708519411201,-0.0303304552138752,-0.0196446628739439));
#14453=CARTESIAN_POINT('',(-0.12102163720543,-0.0308384552138752,-0.0195325893149421));
#14454=CARTESIAN_POINT('',(-0.12102163720543,-0.0303304552138752,-0.0195325893149421));
#14455=CARTESIAN_POINT('',(-0.12124541566041,-0.0308384552138752,-0.0193997477389761));
#14456=CARTESIAN_POINT('',(-0.12124541566041,-0.0303304552138752,-0.0193997477389761));
#14457=CARTESIAN_POINT('',(-0.121379854776143,-0.0308384552138752,-0.0192461381460459));
#14458=CARTESIAN_POINT('',(-0.121379854776143,-0.0303304552138752,-0.0192461381460459));
#14459=CARTESIAN_POINT('',(-0.120708519411201,-0.0308384552138752,-0.0196446628739439));
#14460=CARTESIAN_POINT('',(-0.120708519411201,-0.0308384552138752,-0.0196446628739439));
#14461=CARTESIAN_POINT('',(-0.120708519411201,-0.0308384552138752,-0.0196446628739439));
#14462=CARTESIAN_POINT('',(-0.121178196102544,-0.0308384552138752,-0.0194765525354412));
#14463=CARTESIAN_POINT('',(-0.121379854776143,-0.0308384552138752,-0.0192461381460459));
#14464=CARTESIAN_POINT('',(-0.1202075063629,-0.0308384552138752,-0.0198588560903257));
#14465=CARTESIAN_POINT('',(-0.1202075063629,-0.0303304552138752,-0.0198588560903257));
#14466=CARTESIAN_POINT('',(-0.120317367943764,-0.0308384552138752,-0.0197956918257128));
#14467=CARTESIAN_POINT('',(-0.120317367943764,-0.0303304552138752,-0.0197956918257128));
#14468=CARTESIAN_POINT('',(-0.120484372293197,-0.0308384552138752,-0.0197242940869189));
#14469=CARTESIAN_POINT('',(-0.120484372293197,-0.0303304552138752,-0.0197242940869189));
#14470=CARTESIAN_POINT('',(-0.120708519411201,-0.0308384552138752,-0.0196446628739439));
#14471=CARTESIAN_POINT('',(-0.120708519411201,-0.0303304552138752,-0.0196446628739439));
#14472=CARTESIAN_POINT('',(-0.1202075063629,-0.0308384552138752,-0.0198588560903257));
#14473=CARTESIAN_POINT('',(-0.1202075063629,-0.0308384552138752,-0.0198588560903257));
#14474=CARTESIAN_POINT('',(-0.1202075063629,-0.0308384552138752,-0.0198588560903257));
#14475=CARTESIAN_POINT('',(-0.120372298734195,-0.0308384552138752,-0.0197641096934064));
#14476=CARTESIAN_POINT('',(-0.120708519411201,-0.0308384552138752,-0.0196446628739439));
#14477=CARTESIAN_POINT('',(-0.119972299354205,-0.0308384552138752,-0.0200653073832238));
#14478=CARTESIAN_POINT('',(-0.119972299354205,-0.0303304552138752,-0.0200653073832238));
#14479=CARTESIAN_POINT('',(-0.120019242445805,-0.0308384552138752,-0.0199908374525713));
#14480=CARTESIAN_POINT('',(-0.120019242445805,-0.0303304552138752,-0.0199908374525713));
#14481=CARTESIAN_POINT('',(-0.120097644782036,-0.0308384552138752,-0.0199220203549386));
#14482=CARTESIAN_POINT('',(-0.120097644782036,-0.0303304552138752,-0.0199220203549386));
#14483=CARTESIAN_POINT('',(-0.1202075063629,-0.0308384552138752,-0.0198588560903257));
#14484=CARTESIAN_POINT('',(-0.1202075063629,-0.0303304552138752,-0.0198588560903257));
#14485=CARTESIAN_POINT('',(-0.119972299354205,-0.0308384552138752,-0.0200653073832238));
#14486=CARTESIAN_POINT('',(-0.119972299354205,-0.0308384552138752,-0.0200653073832238));
#14487=CARTESIAN_POINT('',(-0.119972299354205,-0.0308384552138752,-0.0200653073832238));
#14488=CARTESIAN_POINT('',(-0.120042713991604,-0.0308384552138752,-0.019953602487245));
#14489=CARTESIAN_POINT('',(-0.1202075063629,-0.0308384552138752,-0.0198588560903257));
#14490=CARTESIAN_POINT('',(-0.119901884716806,-0.0308384552138752,-0.0203517585521199));
#14491=CARTESIAN_POINT('',(-0.119901884716806,-0.0303304552138752,-0.0203517585521199));
#14492=CARTESIAN_POINT('',(-0.119901884716806,-0.0308384552138752,-0.0202352610368417));
#14493=CARTESIAN_POINT('',(-0.119901884716806,-0.0303304552138752,-0.0202352610368417));
#14494=CARTESIAN_POINT('',(-0.119925356262606,-0.0308384552138752,-0.0201397773138763));
#14495=CARTESIAN_POINT('',(-0.119925356262606,-0.0303304552138752,-0.0201397773138763));
#14496=CARTESIAN_POINT('',(-0.119972299354205,-0.0308384552138752,-0.0200653073832238));
#14497=CARTESIAN_POINT('',(-0.119972299354205,-0.0303304552138752,-0.0200653073832238));
#14498=CARTESIAN_POINT('',(-0.119901884716806,-0.0308384552138752,-0.0203517585521199));
#14499=CARTESIAN_POINT('',(-0.119901884716806,-0.0308384552138752,-0.0203517585521199));
#14500=CARTESIAN_POINT('',(-0.119901884716806,-0.0308384552138752,-0.0203517585521199));
#14501=CARTESIAN_POINT('',(-0.119901884716806,-0.0308384552138752,-0.0201770122792026));
#14502=CARTESIAN_POINT('',(-0.119972299354205,-0.0308384552138752,-0.0200653073832238));
#14503=CARTESIAN_POINT('',(-0.120100225423198,-0.0308384552138752,-0.0207657671269852));
#14504=CARTESIAN_POINT('',(-0.120100225423198,-0.0303304552138752,-0.0207657671269852));
#14505=CARTESIAN_POINT('',(-0.119967998285603,-0.0308384552138752,-0.0206667196614639));
#14506=CARTESIAN_POINT('',(-0.119967998285603,-0.0303304552138752,-0.0206667196614639));
#14507=CARTESIAN_POINT('',(-0.119901884716806,-0.0308384552138752,-0.0205287168031754));
#14508=CARTESIAN_POINT('',(-0.119901884716806,-0.0303304552138752,-0.0205287168031754));
#14509=CARTESIAN_POINT('',(-0.119901884716806,-0.0308384552138752,-0.0203517585521199));
#14510=CARTESIAN_POINT('',(-0.119901884716806,-0.0303304552138752,-0.0203517585521199));
#14511=CARTESIAN_POINT('',(-0.120100225423198,-0.0308384552138752,-0.0207657671269852));
#14512=CARTESIAN_POINT('',(-0.120100225423198,-0.0308384552138752,-0.0207657671269852));
#14513=CARTESIAN_POINT('',(-0.120100225423198,-0.0308384552138752,-0.0207657671269852));
#14514=CARTESIAN_POINT('',(-0.119901884716806,-0.0308384552138752,-0.0206171959287032));
#14515=CARTESIAN_POINT('',(-0.119901884716806,-0.0308384552138752,-0.0203517585521199));
#14516=CARTESIAN_POINT('',(-0.120690086260049,-0.0308384552138752,-0.0209143383252672));
#14517=CARTESIAN_POINT('',(-0.120690086260049,-0.0303304552138752,-0.0209143383252672));
#14518=CARTESIAN_POINT('',(-0.120429072839742,-0.0308384552138752,-0.0209143383252672));
#14519=CARTESIAN_POINT('',(-0.120429072839742,-0.0303304552138752,-0.0209143383252672));
#14520=CARTESIAN_POINT('',(-0.120232452560792,-0.0308384552138752,-0.0208648145925066));
#14521=CARTESIAN_POINT('',(-0.120232452560792,-0.0303304552138752,-0.0208648145925066));
#14522=CARTESIAN_POINT('',(-0.120100225423198,-0.0308384552138752,-0.0207657671269852));
#14523=CARTESIAN_POINT('',(-0.120100225423198,-0.0303304552138752,-0.0207657671269852));
#14524=CARTESIAN_POINT('',(-0.120690086260049,-0.0308384552138752,-0.0209143383252672));
#14525=CARTESIAN_POINT('',(-0.120690086260049,-0.0308384552138752,-0.0209143383252672));
#14526=CARTESIAN_POINT('',(-0.120690086260049,-0.0308384552138752,-0.0209143383252672));
#14527=CARTESIAN_POINT('',(-0.120298566129589,-0.0308384552138752,-0.0209143383252672));
#14528=CARTESIAN_POINT('',(-0.120100225423198,-0.0308384552138752,-0.0207657671269852));
#14529=CARTESIAN_POINT('',(-0.120685011193291,-0.0308384552138754,-0.0185492682234506));
#14530=CARTESIAN_POINT('',(-0.121173772146268,-0.0308384552138752,-0.0208634628280888));
#14531=CARTESIAN_POINT('',(-0.121173752501844,-0.0308384552138752,-0.0208633677859531));
#14532=CARTESIAN_POINT('',(-0.120685011193291,-0.0308384552138752,-0.0185492682234506));
#14533=CARTESIAN_POINT('',(-0.120680761504616,-0.0308384552138754,-0.0184306048285379));
#14534=CARTESIAN_POINT('',(-0.121625753012505,-0.0308384552138752,-0.0207257921854111));
#14535=CARTESIAN_POINT('',(-0.121625753012505,-0.0308384552138752,-0.0207257921854111));
#14536=CARTESIAN_POINT('',(-0.120680761504616,-0.0308384552138752,-0.0184306048285379));
#14537=CARTESIAN_POINT('',(-0.121625753012505,-0.0308384552138752,-0.0209143383252672));
#14538=CARTESIAN_POINT('',(-0.121625753012505,-0.0308384552138752,-0.0211030937930598));
#14539=CARTESIAN_POINT('',(-0.121625753012505,-0.0308384552138752,-0.0211030937930598));
#14540=CARTESIAN_POINT('',(-0.121625753012505,-0.0308384552138752,-0.0209143383252672));
#14541=CARTESIAN_POINT('',(-0.120704095454924,-0.0308384552138752,-0.0212579322627334));
#14542=CARTESIAN_POINT('',(-0.120704095454924,-0.0303304552138752,-0.0212579322627334));
#14543=CARTESIAN_POINT('',(-0.121103234621194,-0.0308384552138752,-0.0212579322627334));
#14544=CARTESIAN_POINT('',(-0.121103234621194,-0.0303304552138752,-0.0212579322627334));
#14545=CARTESIAN_POINT('',(-0.121410453807054,-0.0308384552138752,-0.0212063194395089));
#14546=CARTESIAN_POINT('',(-0.121410453807054,-0.0303304552138752,-0.0212063194395089));
#14547=CARTESIAN_POINT('',(-0.121625753012505,-0.0308384552138752,-0.0211030937930598));
#14548=CARTESIAN_POINT('',(-0.121625753012505,-0.0303304552138752,-0.0211030937930598));
#14549=CARTESIAN_POINT('',(-0.120704095454924,-0.0308384552138752,-0.0212579322627334));
#14550=CARTESIAN_POINT('',(-0.120704095454924,-0.0308384552138752,-0.0212579322627334));
#14551=CARTESIAN_POINT('',(-0.120704095454924,-0.0308384552138752,-0.0212579322627334));
#14552=CARTESIAN_POINT('',(-0.121302804204329,-0.0308384552138752,-0.0212579322627334));
#14553=CARTESIAN_POINT('',(-0.121625753012505,-0.0308384552138752,-0.0211030937930598));
#14554=CARTESIAN_POINT('',(-0.119828520775223,-0.0308384552138752,-0.0210087160591635));
#14555=CARTESIAN_POINT('',(-0.119828520775223,-0.0303304552138752,-0.0210087160591635));
#14556=CARTESIAN_POINT('',(-0.120043574205325,-0.0308384552138752,-0.0211748601948768));
#14557=CARTESIAN_POINT('',(-0.120043574205325,-0.0303304552138752,-0.0211748601948768));
#14558=CARTESIAN_POINT('',(-0.120335432431892,-0.0308384552138752,-0.0212579322627334));
#14559=CARTESIAN_POINT('',(-0.120335432431892,-0.0303304552138752,-0.0212579322627334));
#14560=CARTESIAN_POINT('',(-0.120704095454924,-0.0308384552138752,-0.0212579322627334));
#14561=CARTESIAN_POINT('',(-0.120704095454924,-0.0303304552138752,-0.0212579322627334));
#14562=CARTESIAN_POINT('',(-0.119828520775223,-0.0308384552138752,-0.0210087160591635));
#14563=CARTESIAN_POINT('',(-0.120151100920376,-0.0308384552138752,-0.0212579322627334));
#14564=CARTESIAN_POINT('',(-0.120704095454924,-0.0308384552138752,-0.0212579322627334));
#14565=CARTESIAN_POINT('',(-0.119071173806822,-0.0308384552138752,0.0042611611552148));
#14566=CARTESIAN_POINT('',(-0.123012663305153,-0.0308384552138752,-0.0192656772862667));
#14567=CARTESIAN_POINT('',(-0.123012663305153,-0.0303304552138752,-0.0192656772862667));
#14568=CARTESIAN_POINT('',(-0.1228165345769,-0.0303304552138752,-0.0197877041268805));
#14569=CARTESIAN_POINT('',(-0.123208957137274,-0.0303304552138752,-0.0187437116476363));
#14570=CARTESIAN_POINT('',(-0.1228165345769,-0.0308384552138752,-0.0197877041268805));
#14571=CARTESIAN_POINT('',(-0.1228165345769,-0.0308384552138752,-0.0197877041268805));
#14572=CARTESIAN_POINT('',(-0.123012663305153,-0.0308384552138752,-0.0192656772862667));
#14573=CARTESIAN_POINT('',(-0.123208957137274,-0.0308384549638752,-0.0187437116476363));
#14574=CARTESIAN_POINT('',(-0.123208792033406,-0.0308384552138752,-0.0187436504456529));
#14575=CARTESIAN_POINT('',(-0.123361418524942,-0.0308384552138752,-0.0197877041268805));
#14576=CARTESIAN_POINT('',(-0.123361418524942,-0.0303304552138752,-0.0197877041268805));
#14577=CARTESIAN_POINT('',(-0.123906302472983,-0.0303304552138752,-0.0197877041268805));
#14578=CARTESIAN_POINT('',(-0.123906302472983,-0.0308384552138752,-0.0197877041268805));
#14579=CARTESIAN_POINT('',(-0.123906302472983,-0.0308384552138752,-0.0197877041268805));
#14580=CARTESIAN_POINT('',(-0.123361418524942,-0.0308384552138752,-0.0197877041268805));
#14581=CARTESIAN_POINT('',(-0.123708330429615,-0.0308384552138752,-0.0192656772862667));
#14582=CARTESIAN_POINT('',(-0.123708330429615,-0.0303304552138752,-0.0192656772862667));
#14583=CARTESIAN_POINT('',(-0.123510477629298,-0.0303304552138752,-0.0187436070528718));
#14584=CARTESIAN_POINT('',(-0.123510358386247,-0.0308384552138752,-0.0187436504456528));
#14585=CARTESIAN_POINT('',(-0.123510477629297,-0.0308384552138752,-0.0187436070528718));
#14586=CARTESIAN_POINT('',(-0.123708330429615,-0.0308384552138752,-0.0192656772862667));
#14587=CARTESIAN_POINT('',(-0.127658121946332,-0.0308384552138758,-0.0172342711174724));
#14588=CARTESIAN_POINT('',(-0.127658121946332,-0.0303304552138752,-0.0172342711174724));
#14589=CARTESIAN_POINT('',(-0.123364805520963,-0.0303304552138752,-0.0182576783165827));
#14590=CARTESIAN_POINT('',(-0.123364805520378,-0.0308384552138752,-0.0182576783165737));
#14591=CARTESIAN_POINT('',(-0.123364805520963,-0.0308384552138752,-0.0182576783165827));
#14592=CARTESIAN_POINT('',(-0.127658121946332,-0.0308384552138752,-0.0172342711174724));
#14593=CARTESIAN_POINT('',(-0.122485106519194,-0.0308384552138752,-0.0206758133493654));
#14594=CARTESIAN_POINT('',(-0.122275337259088,-0.0308384552138752,-0.0212114807218313));
#14595=CARTESIAN_POINT('',(-0.122275337259088,-0.0308384552138752,-0.0212114807218313));
#14596=CARTESIAN_POINT('',(-0.122485106519194,-0.0308384552138752,-0.0206758133493654));
#14597=CARTESIAN_POINT('',(-0.122694875779299,-0.0308384552138752,-0.0201401459768993));
#14598=CARTESIAN_POINT('',(-0.122694875779299,-0.0308384552138752,-0.0201401459768993));
#14599=CARTESIAN_POINT('',(-0.122072572596421,-0.0308384552138752,-0.0212114807218313));
#14600=CARTESIAN_POINT('',(-0.121869807933753,-0.0308384552138752,-0.0212114807218313));
#14601=CARTESIAN_POINT('',(-0.121869807933753,-0.0308384552138752,-0.0212114807218313));
#14602=CARTESIAN_POINT('',(-0.122072572596421,-0.0308384552138752,-0.0212114807218313));
#14603=CARTESIAN_POINT('',(-0.122532295386142,-0.0308384552138752,-0.019520054772159));
#14604=CARTESIAN_POINT('',(-0.123194782838531,-0.0308384552138752,-0.0178286288224867));
#14605=CARTESIAN_POINT('',(-0.123194782838531,-0.0308384552138752,-0.0178286288224867));
#14606=CARTESIAN_POINT('',(-0.122532295386142,-0.0308384552138752,-0.019520054772159));
#14607=CARTESIAN_POINT('',(-0.123359575209826,-0.0308384552138752,-0.0178286288224867));
#14608=CARTESIAN_POINT('',(-0.123524367581122,-0.0308384552138752,-0.0178286288224867));
#14609=CARTESIAN_POINT('',(-0.123524367581122,-0.0308384552138752,-0.0178286288224867));
#14610=CARTESIAN_POINT('',(-0.123359575209826,-0.0308384552138752,-0.0178286288224867));
#14611=CARTESIAN_POINT('',(-0.124190173000718,-0.0308384552138752,-0.019520054772159));
#14612=CARTESIAN_POINT('',(-0.124855978420315,-0.0308384552138752,-0.0212114807218313));
#14613=CARTESIAN_POINT('',(-0.124855978420315,-0.0308384552138752,-0.0212114807218313));
#14614=CARTESIAN_POINT('',(-0.124190173000718,-0.0308384552138752,-0.019520054772159));
#14615=CARTESIAN_POINT('',(-0.124657637713923,-0.0308384552138752,-0.0212114807218313));
#14616=CARTESIAN_POINT('',(-0.124459297007532,-0.0308384552138752,-0.0212114807218313));
#14617=CARTESIAN_POINT('',(-0.124459297007532,-0.0308384552138752,-0.0212114807218313));
#14618=CARTESIAN_POINT('',(-0.124657637713923,-0.0308384552138752,-0.0212114807218313));
#14619=CARTESIAN_POINT('',(-0.124252108388588,-0.0308384552138752,-0.0206758133493654));
#14620=CARTESIAN_POINT('',(-0.124044919769643,-0.0308384552138752,-0.0201401459768993));
#14621=CARTESIAN_POINT('',(-0.124044919769643,-0.0308384552138752,-0.0201401459768993));
#14622=CARTESIAN_POINT('',(-0.124252108388588,-0.0308384552138752,-0.0206758133493654));
#14623=CARTESIAN_POINT('',(-0.123369897774471,-0.0308384552138752,-0.0201401459768993));
#14624=CARTESIAN_POINT('',(-0.123369897774471,-0.0308384552138752,-0.0201401459768993));
#14625=CARTESIAN_POINT('',(-0.117893586817604,-0.0308384552138762,-0.0167733689133557));
#14626=CARTESIAN_POINT('',(-0.117893586817604,-0.0303304552138752,-0.0167733689133557));
#14627=CARTESIAN_POINT('',(-0.117893586817604,-0.0308384552138752,-0.0167733689133557));
#14628=CARTESIAN_POINT('',(-0.119071173806822,-0.0308384552138752,0.0042611611552148));
#14629=CARTESIAN_POINT('',(-0.117322889730895,-0.0303304552138752,0.0422611611552148));
#14630=CARTESIAN_POINT('',(-0.117322889730895,-0.0303304552138752,0.0422611611552148));
#14631=CARTESIAN_POINT('',(-0.135180427787588,-0.0143304552138752,-0.0562322349251968));
#14632=CARTESIAN_POINT('',(-0.100625407495739,0.0643819160433066,0.0042611611552148));
#14633=CARTESIAN_POINT('',(0.115632893007184,-0.13472224145911,-0.337187370260653));
#14634=CARTESIAN_POINT('',(-0.158885484234362,-0.0303304552138752,-0.000412258738270804));
#14635=CARTESIAN_POINT('',(-0.103595484234362,-0.0303304552138752,0.0108477412617292));
#14636=CARTESIAN_POINT('',(-0.103595484234362,-0.0303304552138752,0.0133477412617292));
#14637=CARTESIAN_POINT('',(-0.103595484234362,-0.0303304552138752,0.0083477412617292));
#14638=CARTESIAN_POINT('',(-0.102345484234362,-0.0303304552138752,0.0133477412617292));
#14639=CARTESIAN_POINT('',(-0.101095484234362,-0.0303304552138752,0.0133477412617292));
#14640=CARTESIAN_POINT('',(-0.101095484234362,-0.0303304552138752,0.0108477412617292));
#14641=CARTESIAN_POINT('',(-0.101095484234362,-0.0303304552138752,0.0083477412617292));
#14642=CARTESIAN_POINT('',(-0.102345484234362,-0.0303304552138752,0.0083477412617292));
#14643=CARTESIAN_POINT('',(-0.130945484234362,-0.0303304552138752,0.0133477412617292));
#14644=CARTESIAN_POINT('',(-0.129695484234362,-0.0303304552138752,0.0133477412617292));
#14645=CARTESIAN_POINT('',(-0.132195484234362,-0.0303304552138752,0.0133477412617292));
#14646=CARTESIAN_POINT('',(-0.129695484234362,-0.0303304552138752,0.0108477412617292));
#14647=CARTESIAN_POINT('',(-0.129695484234362,-0.0303304552138752,0.00834774126172919));
#14648=CARTESIAN_POINT('',(-0.130945484234362,-0.0303304552138752,0.00834774126172919));
#14649=CARTESIAN_POINT('',(-0.132195484234362,-0.0303304552138752,0.00834774126172919));
#14650=CARTESIAN_POINT('',(-0.132195484234362,-0.0303304552138752,0.0108477412617292));
#14651=CARTESIAN_POINT('',(-0.121645484234362,-0.0303304552138752,-0.0140022587382708));
#14652=CARTESIAN_POINT('',(-0.121645484234362,-0.0303304552138752,-0.0127522587382708));
#14653=CARTESIAN_POINT('',(-0.121645484234362,-0.0303304552138752,-0.0152522587382708));
#14654=CARTESIAN_POINT('',(-0.116645484234362,-0.0303304552138752,-0.0127522587382708));
#14655=CARTESIAN_POINT('',(-0.111645484234362,-0.0303304552138752,-0.0127522587382708));
#14656=CARTESIAN_POINT('',(-0.111645484234362,-0.0303304552138752,-0.0140022587382708));
#14657=CARTESIAN_POINT('',(-0.111645484234362,-0.0303304552138752,-0.0152522587382708));
#14658=CARTESIAN_POINT('',(-0.116645484234362,-0.0303304552138752,-0.0152522587382708));
#14659=CARTESIAN_POINT('',(-0.127695484234362,-0.0303304552138752,-0.0127522587382708));
#14660=CARTESIAN_POINT('',(-0.129695484234362,-0.0303304552138752,-0.0127522587382708));
#14661=CARTESIAN_POINT('',(-0.125695484234362,-0.0303304552138752,-0.0127522587382708));
#14662=CARTESIAN_POINT('',(-0.129695484234362,-0.0303304552138752,-0.0107522587382708));
#14663=CARTESIAN_POINT('',(-0.129695484234362,-0.0303304552138752,-0.0087522587382708));
#14664=CARTESIAN_POINT('',(-0.127695484234362,-0.0303304552138752,-0.0087522587382708));
#14665=CARTESIAN_POINT('',(-0.125695484234362,-0.0303304552138752,-0.00875225873827079));
#14666=CARTESIAN_POINT('',(-0.125695484234362,-0.0303304552138752,-0.0107522587382708));
#14667=CARTESIAN_POINT('',(-0.103595484234362,-0.0303304552138752,-0.0107522587382708));
#14668=CARTESIAN_POINT('',(-0.103595484234362,-0.0303304552138752,-0.0127522587382708));
#14669=CARTESIAN_POINT('',(-0.103595484234362,-0.0303304552138752,-0.00875225873827079));
#14670=CARTESIAN_POINT('',(-0.105595484234362,-0.0303304552138752,-0.0127522587382708));
#14671=CARTESIAN_POINT('',(-0.107595484234362,-0.0303304552138752,-0.0127522587382708));
#14672=CARTESIAN_POINT('',(-0.107595484234362,-0.0303304552138752,-0.0107522587382708));
#14673=CARTESIAN_POINT('',(-0.107595484234362,-0.0303304552138752,-0.00875225873827079));
#14674=CARTESIAN_POINT('',(-0.105595484234362,-0.0303304552138752,-0.00875225873827079));
#14675=CARTESIAN_POINT('',(-0.126695484234362,-0.0303304552138752,0.0103477412617292));
#14676=CARTESIAN_POINT('',(-0.125145484234362,-0.0303304552138752,0.0103477412617292));
#14677=CARTESIAN_POINT('',(-0.106595484234362,-0.0303304552138752,0.0103477412617292));
#14678=CARTESIAN_POINT('',(-0.108145484234362,-0.0303304552138752,0.0103477412617292));
#14679=CARTESIAN_POINT('',(-0.117160029887824,-0.0303304552138752,-0.0031772587382708));
#14680=CARTESIAN_POINT('',(-0.113195484234362,-0.0303304552138752,-0.0031772587382708));
#14681=CARTESIAN_POINT('',(-0.120124575541286,-0.0303304552138752,-0.0031772587382708));
#14682=CARTESIAN_POINT('',(-0.120124575541286,-0.0303304552138752,-0.000202258738270788));
#14683=CARTESIAN_POINT('',(-0.120124575541286,-0.0303304552138752,0.0037727412617292));
#14684=CARTESIAN_POINT('',(-0.116660029887824,-0.0303304552138752,0.0037727412617292));
#14685=CARTESIAN_POINT('',(-0.113195484234362,-0.0303304552138752,0.0037727412617292));
#14686=CARTESIAN_POINT('',(-0.113195484234362,-0.0303304552138752,0.000297741261729212));
#14687=CARTESIAN_POINT('',(-0.121645484234362,-0.0303304552138752,0.0120977412617292));
#14688=CARTESIAN_POINT('',(-0.121645484234362,-0.0303304552138752,0.0158477412617292));
#14689=CARTESIAN_POINT('',(-0.121645484234362,-0.0303304552138752,0.0108477412617292));
#14690=CARTESIAN_POINT('',(-0.116645484234362,-0.0303304552138752,0.0158477412617292));
#14691=CARTESIAN_POINT('',(-0.111645484234362,-0.0303304552138752,0.0158477412617292));
#14692=CARTESIAN_POINT('',(-0.111645484234362,-0.0303304552138752,0.0120977412617292));
#14693=CARTESIAN_POINT('',(-0.111645484234362,-0.0303304552138752,0.0108477412617292));
#14694=CARTESIAN_POINT('',(-0.116645484234362,-0.0303304552138752,0.0108477412617292));
#14695=CARTESIAN_POINT('',(-0.100625407495739,-0.0303304552138752,0.0042611611552148));
#14696=CARTESIAN_POINT('',(-0.100625407495739,-0.0303304552138752,0.0223307111665689));
#14697=CARTESIAN_POINT('',(-0.100625407495739,-0.0303304552138752,-0.0168369156288666));
#14698=CARTESIAN_POINT('',(-0.0752854842343616,-0.0303304552138752,0.0223307111665689));
#14699=CARTESIAN_POINT('',(-0.134903679660873,-0.0303304552138752,0.0223307111665689));
#14700=CARTESIAN_POINT('',(-0.134903679660873,-0.0303304552138752,0.00274689776885119));
#14701=CARTESIAN_POINT('',(-0.134903679660873,-0.0303304552138752,-0.0168369156288666));
#14702=CARTESIAN_POINT('',(-0.11678440851123,-0.0303304552138752,-0.0168369156288666));
#14703=CARTESIAN_POINT('',(-0.11678440851123,-0.0363304552138752,0.0027468977688512));
#14704=CARTESIAN_POINT('',(-0.102345484234362,-0.0363304552138752,0.0133477412617292));
#14705=CARTESIAN_POINT('',(-0.103595484234362,-0.0363304552138752,0.0133477412617292));
#14706=CARTESIAN_POINT('',(-0.101095484234362,-0.0363304552138752,0.0133477412617292));
#14707=CARTESIAN_POINT('',(-0.103595484234362,-0.0363304552138752,0.0108477412617292));
#14708=CARTESIAN_POINT('',(-0.103595484234362,-0.0363304552138752,0.0083477412617292));
#14709=CARTESIAN_POINT('',(-0.102345484234362,-0.0363304552138752,0.0083477412617292));
#14710=CARTESIAN_POINT('',(-0.101095484234362,-0.0363304552138752,0.0083477412617292));
#14711=CARTESIAN_POINT('',(-0.101095484234362,-0.0363304552138752,0.0108477412617292));
#14712=CARTESIAN_POINT('',(-0.101095484234362,-0.0363304552138752,0.0108477412617292));
#14713=CARTESIAN_POINT('',(-0.101095484234362,-0.0363304552138752,0.0133477412617292));
#14714=CARTESIAN_POINT('',(-0.101095484234362,-0.0363304552138752,0.0083477412617292));
#14715=CARTESIAN_POINT('',(-0.130945484234362,-0.0363304552138752,0.00834774126172919));
#14716=CARTESIAN_POINT('',(-0.103595484234362,-0.0363304552138752,0.0083477412617292));
#14717=CARTESIAN_POINT('',(-0.103595484234362,-0.0363304552138752,0.0108477412617292));
#14718=CARTESIAN_POINT('',(-0.103595484234362,-0.0363304552138752,0.0133477412617292));
#14719=CARTESIAN_POINT('',(-0.116645484234362,-0.0363304552138752,0.0133477412617292));
#14720=CARTESIAN_POINT('',(-0.11678440851123,-0.0363304552138752,0.0027468977688512));
#14721=CARTESIAN_POINT('',(-0.129695484234362,-0.0363304552138752,0.0108477412617292));
#14722=CARTESIAN_POINT('',(-0.129695484234362,-0.0363304552138752,0.0133477412617292));
#14723=CARTESIAN_POINT('',(-0.129695484234362,-0.0363304552138752,0.00834774126172919));
#14724=CARTESIAN_POINT('',(-0.130945484234362,-0.0363304552138752,0.0133477412617292));
#14725=CARTESIAN_POINT('',(-0.132195484234362,-0.0363304552138752,0.0133477412617292));
#14726=CARTESIAN_POINT('',(-0.132195484234362,-0.0363304552138752,0.0108477412617292));
#14727=CARTESIAN_POINT('',(-0.132195484234362,-0.0363304552138752,0.00834774126172919));
#14728=CARTESIAN_POINT('',(-0.130945484234362,-0.0363304552138752,0.00834774126172919));
#14729=CARTESIAN_POINT('',(-0.130945484234362,-0.0363304552138752,0.00834774126172919));
#14730=CARTESIAN_POINT('',(-0.129695484234362,-0.0363304552138752,0.00834774126172919));
#14731=CARTESIAN_POINT('',(-0.132195484234362,-0.0363304552138752,0.00834774126172919));
#14732=CARTESIAN_POINT('',(-0.132195484234362,-0.0363304552138752,0.0108477412617292));
#14733=CARTESIAN_POINT('',(-0.132195484234362,-0.0363304552138752,0.0133477412617292));
#14734=CARTESIAN_POINT('',(-0.116645484234362,-0.0363304552138752,0.0133477412617292));
#14735=CARTESIAN_POINT('',(-0.129695484234362,-0.0363304552138752,0.0133477412617292));
#14736=CARTESIAN_POINT('',(-0.129695484234362,-0.0363304552138752,0.0108477412617292));
#14737=CARTESIAN_POINT('',(-0.11678440851123,-0.0363304552138752,0.0027468977688512));
#14738=CARTESIAN_POINT('',(-0.121645484234362,-0.0363304552138752,0.0145977412617292));
#14739=CARTESIAN_POINT('',(-0.121645484234362,-0.0363304552138752,0.0133477412617292));
#14740=CARTESIAN_POINT('',(-0.121645484234362,-0.0363304552138752,0.0158477412617292));
#14741=CARTESIAN_POINT('',(-0.116645484234362,-0.0363304552138752,0.0133477412617292));
#14742=CARTESIAN_POINT('',(-0.111645484234362,-0.0363304552138752,0.0133477412617292));
#14743=CARTESIAN_POINT('',(-0.111645484234362,-0.0363304552138752,0.0145977412617292));
#14744=CARTESIAN_POINT('',(-0.111645484234362,-0.0363304552138752,0.0158477412617292));
#14745=CARTESIAN_POINT('',(-0.116645484234362,-0.0363304552138752,0.0158477412617292));
#14746=CARTESIAN_POINT('',(-0.116645484234362,-0.0363304552138752,0.0158477412617292));
#14747=CARTESIAN_POINT('',(-0.121645484234362,-0.0363304552138752,0.0158477412617292));
#14748=CARTESIAN_POINT('',(-0.111645484234362,-0.0363304552138752,0.0158477412617292));
#14749=CARTESIAN_POINT('',(-0.116645484234362,-0.0363304552138752,0.0133477412617292));
#14750=CARTESIAN_POINT('',(-0.121645484234362,-0.0363304552138752,0.0133477412617292));
#14751=CARTESIAN_POINT('',(-0.121645484234362,-0.0333304552138752,0.0133477412617292));
#14752=CARTESIAN_POINT('',(-0.116645484234362,-0.0333304552138752,0.0133477412617292));
#14753=CARTESIAN_POINT('',(-0.111645484234362,-0.0333304552138752,0.0133477412617292));
#14754=CARTESIAN_POINT('',(-0.111645484234362,-0.0363304552138752,0.0133477412617292));
#14755=CARTESIAN_POINT('',(-0.11678440851123,-0.0363304552138752,0.0027468977688512));
#14756=CARTESIAN_POINT('',(-0.116645484234362,-0.0363304552138752,-0.0127522587382708));
#14757=CARTESIAN_POINT('',(-0.121645484234362,-0.0363304552138752,-0.0127522587382708));
#14758=CARTESIAN_POINT('',(-0.111645484234362,-0.0363304552138752,-0.0127522587382708));
#14759=CARTESIAN_POINT('',(-0.121645484234362,-0.0363304552138752,-0.0140022587382708));
#14760=CARTESIAN_POINT('',(-0.121645484234362,-0.0363304552138752,-0.0152522587382708));
#14761=CARTESIAN_POINT('',(-0.116645484234362,-0.0363304552138752,-0.0152522587382708));
#14762=CARTESIAN_POINT('',(-0.111645484234362,-0.0363304552138752,-0.0152522587382708));
#14763=CARTESIAN_POINT('',(-0.111645484234362,-0.0363304552138752,-0.0140022587382708));
#14764=CARTESIAN_POINT('',(-0.111645484234362,-0.0333304552138752,0.0120977412617292));
#14765=CARTESIAN_POINT('',(-0.111645484234362,-0.0363304552138752,-0.0127522587382708));
#14766=CARTESIAN_POINT('',(-0.111645484234362,-0.0363304552138752,-0.0152522587382708));
#14767=CARTESIAN_POINT('',(-0.116645484234362,-0.0363304552138752,-0.0152522587382708));
#14768=CARTESIAN_POINT('',(-0.121645484234362,-0.0363304552138752,-0.0152522587382708));
#14769=CARTESIAN_POINT('',(-0.121645484234362,-0.0333304552138752,0.0120977412617292));
#14770=CARTESIAN_POINT('',(-0.121645484234362,-0.0363304552138752,-0.0127522587382708));
#14771=CARTESIAN_POINT('',(-0.116645484234362,-0.0363304552138752,-0.0127522587382708));
#14772=CARTESIAN_POINT('',(-0.11678440851123,-0.0333304552138752,0.0027468977688512));
#14773=CARTESIAN_POINT('',(-0.129695484234362,-0.0333304552138752,-0.0107522587382708));
#14774=CARTESIAN_POINT('',(-0.129695484234362,-0.0333304552138752,-0.0127522587382708));
#14775=CARTESIAN_POINT('',(-0.129695484234362,-0.0333304552138752,-0.0087522587382708));
#14776=CARTESIAN_POINT('',(-0.127695484234362,-0.0333304552138752,-0.0127522587382708));
#14777=CARTESIAN_POINT('',(-0.125695484234362,-0.0333304552138752,-0.0127522587382708));
#14778=CARTESIAN_POINT('',(-0.125695484234362,-0.0333304552138752,-0.0107522587382708));
#14779=CARTESIAN_POINT('',(-0.125695484234362,-0.0333304552138752,-0.00875225873827079));
#14780=CARTESIAN_POINT('',(-0.127695484234362,-0.0333304552138752,-0.0087522587382708));
#14781=CARTESIAN_POINT('',(-0.127695484234362,-0.0333304552138752,-0.0087522587382708));
#14782=CARTESIAN_POINT('',(-0.129695484234362,-0.0333304552138752,-0.0087522587382708));
#14783=CARTESIAN_POINT('',(-0.125695484234362,-0.0333304552138752,-0.00875225873827079));
#14784=CARTESIAN_POINT('',(-0.125695484234362,-0.0333304552138752,-0.0107522587382708));
#14785=CARTESIAN_POINT('',(-0.125695484234362,-0.0333304552138752,-0.0127522587382708));
#14786=CARTESIAN_POINT('',(-0.116645484234362,-0.0363304552138752,-0.0127522587382708));
#14787=CARTESIAN_POINT('',(-0.129695484234362,-0.0333304552138752,-0.0127522587382708));
#14788=CARTESIAN_POINT('',(-0.129695484234362,-0.0363304552138752,0.0108477412617292));
#14789=CARTESIAN_POINT('',(-0.11678440851123,-0.0333304552138752,0.0027468977688512));
#14790=CARTESIAN_POINT('',(-0.105595484234362,-0.0333304552138752,-0.0127522587382708));
#14791=CARTESIAN_POINT('',(-0.103595484234362,-0.0333304552138752,-0.0127522587382708));
#14792=CARTESIAN_POINT('',(-0.107595484234362,-0.0333304552138752,-0.0127522587382708));
#14793=CARTESIAN_POINT('',(-0.103595484234362,-0.0333304552138752,-0.0107522587382708));
#14794=CARTESIAN_POINT('',(-0.103595484234362,-0.0333304552138752,-0.00875225873827079));
#14795=CARTESIAN_POINT('',(-0.105595484234362,-0.0333304552138752,-0.00875225873827079));
#14796=CARTESIAN_POINT('',(-0.107595484234362,-0.0333304552138752,-0.00875225873827079));
#14797=CARTESIAN_POINT('',(-0.107595484234362,-0.0333304552138752,-0.0107522587382708));
#14798=CARTESIAN_POINT('',(-0.107595484234362,-0.0333304552138752,-0.0107522587382708));
#14799=CARTESIAN_POINT('',(-0.107595484234362,-0.0333304552138752,-0.0127522587382708));
#14800=CARTESIAN_POINT('',(-0.107595484234362,-0.0333304552138752,-0.00875225873827079));
#14801=CARTESIAN_POINT('',(-0.127695484234362,-0.0333304552138752,-0.0087522587382708));
#14802=CARTESIAN_POINT('',(-0.103595484234362,-0.0333304552138752,-0.00875225873827079));
#14803=CARTESIAN_POINT('',(-0.103595484234362,-0.0363304552138752,0.0108477412617292));
#14804=CARTESIAN_POINT('',(-0.103595484234362,-0.0333304552138752,-0.0127522587382708));
#14805=CARTESIAN_POINT('',(-0.116645484234362,-0.0363304552138752,-0.0127522587382708));
#14806=CARTESIAN_POINT('',(-0.11678440851123,-0.0333304552138752,0.0027468977688512));
#14807=CARTESIAN_POINT('',(-0.121645484234362,-0.0333304552138752,0.0120977412617292));
#14808=CARTESIAN_POINT('',(-0.121645484234362,-0.0333304552138752,0.0108477412617292));
#14809=CARTESIAN_POINT('',(-0.116645484234362,-0.0333304552138752,0.0108477412617292));
#14810=CARTESIAN_POINT('',(-0.111645484234362,-0.0333304552138752,0.0108477412617292));
#14811=CARTESIAN_POINT('',(-0.111645484234362,-0.0333304552138752,0.0120977412617292));
#14812=CARTESIAN_POINT('',(-0.111645484234362,-0.0333304552138752,0.0120977412617292));
#14813=CARTESIAN_POINT('',(-0.111645484234362,-0.0333304552138752,0.0108477412617292));
#14814=CARTESIAN_POINT('',(-0.116645484234362,-0.0333304552138752,0.0108477412617292));
#14815=CARTESIAN_POINT('',(-0.121645484234362,-0.0333304552138752,0.0108477412617292));
#14816=CARTESIAN_POINT('',(-0.121645484234362,-0.0333304552138752,0.0120977412617292));
#14817=CARTESIAN_POINT('',(-0.11678440851123,-0.0321304552138752,0.0027468977688512));
#14818=CARTESIAN_POINT('',(-0.120124575541286,-0.0321304552138752,-0.000202258738270788));
#14819=CARTESIAN_POINT('',(-0.120124575541286,-0.0321304552138752,-0.0031772587382708));
#14820=CARTESIAN_POINT('',(-0.120124575541286,-0.0321304552138752,0.0037727412617292));
#14821=CARTESIAN_POINT('',(-0.117160029887824,-0.0321304552138752,-0.0031772587382708));
#14822=CARTESIAN_POINT('',(-0.113195484234362,-0.0321304552138752,-0.0031772587382708));
#14823=CARTESIAN_POINT('',(-0.113195484234362,-0.0321304552138752,0.000297741261729212));
#14824=CARTESIAN_POINT('',(-0.113195484234362,-0.0321304552138752,0.0037727412617292));
#14825=CARTESIAN_POINT('',(-0.116660029887824,-0.0321304552138752,0.0037727412617292));
#14826=CARTESIAN_POINT('',(-0.115420484234362,-0.0321304552138752,-0.0021772587382708));
#14827=CARTESIAN_POINT('',(-0.119124575541286,-0.0321304552138752,-0.0021772587382708));
#14828=CARTESIAN_POINT('',(-0.114195484234362,-0.0321304552138752,-0.0021772587382708));
#14829=CARTESIAN_POINT('',(-0.119124575541286,-0.0321304552138752,0.000297741261729212));
#14830=CARTESIAN_POINT('',(-0.119124575541286,-0.0321304552138752,0.0027727412617292));
#14831=CARTESIAN_POINT('',(-0.117885029887824,-0.0321304552138752,0.0027727412617292));
#14832=CARTESIAN_POINT('',(-0.114195484234362,-0.0321304552138752,0.0027727412617292));
#14833=CARTESIAN_POINT('',(-0.114195484234362,-0.0321304552138752,0.00272538736940281));
#14834=CARTESIAN_POINT('',(-0.116660029887824,-0.0321304552138752,0.0037727412617292));
#14835=CARTESIAN_POINT('',(-0.120124575541286,-0.0321304552138752,0.0037727412617292));
#14836=CARTESIAN_POINT('',(-0.113195484234362,-0.0321304552138752,0.0037727412617292));
#14837=CARTESIAN_POINT('',(-0.114195484234362,-0.0321304552138752,0.00272538736940281));
#14838=CARTESIAN_POINT('',(-0.114195484234362,-0.0303304552138752,0.00272538736940281));
#14839=CARTESIAN_POINT('',(-0.114195484234362,-0.0303304552138752,-0.0021772587382708));
#14840=CARTESIAN_POINT('',(-0.114195484234362,-0.0303304552138752,0.0027727412617292));
#14841=CARTESIAN_POINT('',(-0.114195484234362,-0.0321304552138752,-0.0021772587382708));
#14842=CARTESIAN_POINT('',(-0.114195484234362,-0.0321304552138752,0.0027727412617292));
#14843=CARTESIAN_POINT('',(-0.117885029887824,-0.0321304552138752,0.0027727412617292));
#14844=CARTESIAN_POINT('',(-0.117885029887824,-0.0303304552138752,0.0027727412617292));
#14845=CARTESIAN_POINT('',(-0.119124575541286,-0.0303304552138752,0.0027727412617292));
#14846=CARTESIAN_POINT('',(-0.119124575541286,-0.0321304552138752,0.0027727412617292));
#14847=CARTESIAN_POINT('',(-0.119124575541286,-0.0321304552138752,0.000297741261729212));
#14848=CARTESIAN_POINT('',(-0.119124575541286,-0.0303304552138752,0.000297741261729212));
#14849=CARTESIAN_POINT('',(-0.119124575541286,-0.0303304552138752,-0.0021772587382708));
#14850=CARTESIAN_POINT('',(-0.119124575541286,-0.0321304552138752,-0.0021772587382708));
#14851=CARTESIAN_POINT('',(-0.115420484234362,-0.0321304552138752,-0.0021772587382708));
#14852=CARTESIAN_POINT('',(-0.115420484234362,-0.0303304552138752,-0.0021772587382708));
#14853=CARTESIAN_POINT('',(-0.113195484234362,-0.0321304552138752,0.000297741261729212));
#14854=CARTESIAN_POINT('',(-0.113195484234362,-0.0321304552138752,-0.0031772587382708));
#14855=CARTESIAN_POINT('',(-0.117160029887824,-0.0321304552138752,-0.0031772587382708));
#14856=CARTESIAN_POINT('',(-0.120124575541286,-0.0321304552138752,-0.0031772587382708));
#14857=CARTESIAN_POINT('',(-0.120124575541286,-0.0321304552138752,-0.000202258738270788));
#14858=CARTESIAN_POINT('',(-0.134903679660873,-0.0053304552138752,0.00274689776885119));
#14859=CARTESIAN_POINT('',(-0.134903679660873,-0.0261024655686698,-0.00114334949901911));
#14860=CARTESIAN_POINT('',(-0.134903679660873,-0.0261024655686698,-0.0168369156288666));
#14861=CARTESIAN_POINT('',(-0.134903679660873,-0.0261024655686698,0.0223307111665689));
#14862=CARTESIAN_POINT('',(-0.134903679660873,-0.0053304552138752,-0.0168369156288666));
#14863=CARTESIAN_POINT('',(-0.134903679660873,-0.0053304552138752,0.0223307111665689));
#14864=CARTESIAN_POINT('',(-0.11678440851123,-0.0053304552138752,-0.0168369156288666));
#14865=CARTESIAN_POINT('',(-0.100625407495739,-0.0053304552138752,-0.0168369156288666));
#14866=CARTESIAN_POINT('',(-0.100625407495739,-0.0261024655686698,-0.0168369156288666));
#14867=CARTESIAN_POINT('',(-0.154285484234362,-0.0261024655686698,-0.0168369156288666));
#14868=CARTESIAN_POINT('',(-0.126695484234362,-0.0103304552138752,0.0103477412617292));
#14869=CARTESIAN_POINT('',(-0.126695484234362,-0.0261024655686698,0.0103477412617292));
#14870=CARTESIAN_POINT('',(-0.125145484234362,-0.0261024655686698,0.0103477412617292));
#14871=CARTESIAN_POINT('',(-0.106595484234362,-0.0163304552138752,0.0103477412617292));
#14872=CARTESIAN_POINT('',(-0.106595484234362,-0.0261024655686698,0.0103477412617292));
#14873=CARTESIAN_POINT('',(-0.105045484234362,-0.0261024655686698,0.0103477412617292));
#14874=CARTESIAN_POINT('',(-0.116645484234362,-0.0329304552138752,0.000297741261729212));
#14875=CARTESIAN_POINT('',(-0.116645484234362,-0.0303304552138752,0.000297741261729212));
#14876=CARTESIAN_POINT('',(-0.115295484234362,-0.0303304552138752,0.000297741261729212));
#14877=CARTESIAN_POINT('',(-0.116645484234362,-0.0261024655686698,0.000297741261729212));
#14878=CARTESIAN_POINT('',(-0.115295484234362,-0.0261024655686698,0.000297741261729212));
#14879=CARTESIAN_POINT('',(-0.0803854842343616,-0.0261024655686698,-0.00114334949901909));
#14880=CARTESIAN_POINT('',(-0.0752854842343616,-0.0261024655686698,0.0223307111665689));
#14881=CARTESIAN_POINT('',(-0.100625407495739,-0.0261024655686698,0.0223307111665689));
#14882=CARTESIAN_POINT('',(-0.100625407495739,-0.0261024655686698,-0.00114334949901909));
#14883=CARTESIAN_POINT('',(-0.0752854842343616,-0.0143304552138752,0.0223307111665689));
#14884=CARTESIAN_POINT('',(-0.100625407495739,-0.0143304552138752,0.0223307111665689));
#14885=CARTESIAN_POINT('',(-0.158885484234362,-0.0303304552138752,-0.000412258738270804));
#14886=CARTESIAN_POINT('',(-0.100625407495739,0.0643819160433066,0.0042611611552148));
#14887=CARTESIAN_POINT('',(0.115632893007184,-0.13472224145911,-0.337187370260653));
#14888=CARTESIAN_POINT('',(-0.117322889730895,-0.0303304552138752,0.0422611611552148));
#14889=CARTESIAN_POINT('',(-0.128872889730895,-0.0303304552138752,-0.0016523375426621));
#14890=CARTESIAN_POINT('',(-0.128872889730895,-0.0303304552138752,7.26624573379E-5));
#14891=CARTESIAN_POINT('',(-0.128872889730895,-0.0303324552138752,-0.0016523375426621));
#14892=CARTESIAN_POINT('',(-0.128872889730895,0.00166954478612481,-0.0016523375426621));
#14893=CARTESIAN_POINT('',(-0.128872889730895,0.00166954478612481,7.26624573379E-5));
#14894=CARTESIAN_POINT('',(-0.119071173806822,0.00166954478612481,0.0042611611552148));
#14895=CARTESIAN_POINT('',(0.115632893007184,-0.13472224145911,-0.337187370260653));
#14896=CARTESIAN_POINT('',(-0.101323086057373,0.00651264771852908,0.0574294778502585));
#14897=CARTESIAN_POINT('',(-0.101323086057373,-0.00534985520501121,0.0488761865291132));
#14898=CARTESIAN_POINT('',(-0.101323086057373,-0.00534985520501121,0.0504255865291132));
#14899=CARTESIAN_POINT('',(-0.101323086057373,0.0177243476673872,0.048995580312919));
#14900=CARTESIAN_POINT('',(-0.101323086057373,0.0177243476673872,0.050544980312919));
#14901=CARTESIAN_POINT('',(-0.101323086057373,-0.0036348060445385,0.0574294778502585));
#14902=CARTESIAN_POINT('',(-0.101323086057373,-0.0036348060445385,0.0236603662274351));
#14903=CARTESIAN_POINT('',(-0.101323086057373,-0.0036348060445385,0.026514589473082));
#14904=CARTESIAN_POINT('',(-0.101323086057373,-0.0036348060445385,0.0236603662274351));
#14905=CARTESIAN_POINT('',(-0.101323086057373,-0.0078201198574502,0.0236603662274351));
#14906=CARTESIAN_POINT('',(-0.101323086057373,-0.0078201198574502,0.0574294778502585));
#14907=CARTESIAN_POINT('',(-0.101323086057373,-0.0078201198574502,-0.0185725221497415));
#14908=CARTESIAN_POINT('',(-0.101323086057373,0.00651264771852908,-0.0185725221497415));
#14909=CARTESIAN_POINT('',(-0.101323086057373,0.0208454152945083,-0.0185725221497415));
#14910=CARTESIAN_POINT('',(-0.101323086057373,0.0208454152945083,0.0574294778502585));
#14911=CARTESIAN_POINT('',(-0.101323086057373,0.0208454152945083,0.0574274778502585));
#14912=CARTESIAN_POINT('',(-0.101323086057373,0.00651264771852908,0.0574274778502585));
#14913=CARTESIAN_POINT('',(-0.101323086057373,-0.0078201198574502,0.0574274778502585));
#14914=CARTESIAN_POINT('',(-0.101323086057373,-0.0078201198574502,0.0574294778502585));
#14915=CARTESIAN_POINT('',(-0.101323086057373,-0.0078201198574502,0.026514589473082));
#14916=CARTESIAN_POINT('',(-0.101323086057373,-0.0036348060445385,0.026514589473082));
#14917=CARTESIAN_POINT('',(-0.101323086057373,-0.00534985520501121,-0.0100212308285962));
#14918=CARTESIAN_POINT('',(-0.101323086057373,-0.00534985520501121,-0.00847183082859618));
#14919=CARTESIAN_POINT('',(-0.101323086057373,0.0177243476673872,-0.010140624612402));
#14920=CARTESIAN_POINT('',(-0.101323086057373,0.0177243476673872,-0.00859122461240202));
#14921=CARTESIAN_POINT('',(-0.108912532145519,0.0885085900358731,0.0194274778502585));
#14922=CARTESIAN_POINT('',(-0.108912532145519,-0.00534985520501121,0.0488761865291132));
#14923=CARTESIAN_POINT('',(-0.108912532145519,-0.00534985520501121,0.0504255865291132));
#14924=CARTESIAN_POINT('',(-0.108912532145519,-0.00534985520501121,-0.0100212308285962));
#14925=CARTESIAN_POINT('',(-0.108912532145519,-0.00534985520501121,-0.00847183082859618));
#14926=CARTESIAN_POINT('',(-0.108912532145519,0.0177243476673872,0.048995580312919));
#14927=CARTESIAN_POINT('',(-0.108912532145519,0.0177243476673872,0.050544980312919));
#14928=CARTESIAN_POINT('',(-0.108912532145519,-0.0078201198574502,0.0574294778502585));
#14929=CARTESIAN_POINT('',(-0.108912532145519,-0.0078201198574502,-0.0185725221497415));
#14930=CARTESIAN_POINT('',(-0.108912532145519,-0.0078201198574502,0.0574274778502585));
#14931=CARTESIAN_POINT('',(-0.108912532145519,0.0885085900358731,0.0574274778502585));
#14932=CARTESIAN_POINT('',(-0.108912532145519,0.0208454152945083,0.0574274778502585));
#14933=CARTESIAN_POINT('',(-0.108912532145519,0.0208454152945083,0.0574294778502585));
#14934=CARTESIAN_POINT('',(-0.108912532145519,0.0208454152945083,-0.0185725221497415));
#14935=CARTESIAN_POINT('',(-0.108912532145519,0.0885085900358731,-0.0185725221497415));
#14936=CARTESIAN_POINT('',(-0.108912532145519,0.0177243476673872,-0.010140624612402));
#14937=CARTESIAN_POINT('',(-0.108912532145519,0.0177243476673872,-0.00859122461240202));
#14938=CARTESIAN_POINT('',(-0.0925879434091532,0.0060151939554615,0.0574274778502585));
#14939=CARTESIAN_POINT('',(-0.108810353313156,0.0208454152945083,0.0574274778502585));
#14940=CARTESIAN_POINT('',(-0.108810353313156,-0.0078201198574502,0.0574274778502585));
#14941=CARTESIAN_POINT('',(-0.108810353313156,-0.0078201198574502,0.0574294778502585));
#14942=CARTESIAN_POINT('',(-0.101927943409153,-0.0078201198574502,0.0250874778502585));
#14943=CARTESIAN_POINT('',(-0.108810353313156,-0.0078201198574502,-0.0185725221497415));
#14944=CARTESIAN_POINT('',(-0.108810353313156,0.0208454152945083,0.0574294778502585));
#14945=CARTESIAN_POINT('',(-0.108810353313156,0.0208454152945083,-0.0185725221497415));
#14946=CARTESIAN_POINT('',(-0.0943362274850798,0.0060151939554615,-0.0185725221497415));
#14947=CARTESIAN_POINT('',(-0.101927943409153,-0.0036348060445385,0.0250874778502585));
#14948=CARTESIAN_POINT('',(-0.101927943409153,-0.0036348060445385,0.0250874778502585));
#14949=CARTESIAN_POINT('',(-0.0893775153249161,-0.0036348060445385,0.0194274778502585));
#14950=CARTESIAN_POINT('',(-0.0987525321455188,0.0177243476673872,0.048995580312919));
#14951=CARTESIAN_POINT('',(-0.0987525321455188,-0.00534985520501121,-0.0100212308285962));
#14952=CARTESIAN_POINT('',(-0.0987525321455188,0.0177243476673872,-0.010140624612402));
#14953=CARTESIAN_POINT('',(-0.0987525321455188,-0.00534985520501121,0.0488761865291132));
#14954=CARTESIAN_POINT('',(-0.0163786602996011,-0.155067890887336,-0.352353687193934));
#14955=CARTESIAN_POINT('',(-0.0925879434091532,-0.0099848060445385,0.0574274778502585));
#14956=CARTESIAN_POINT('',(-0.0797879434091532,-0.0099848060445385,0.0135139791523816));
#14957=CARTESIAN_POINT('',(-0.0797879434091532,-0.0099848060445385,0.0152389791523816));
#14958=CARTESIAN_POINT('',(-0.0797879434091532,-0.0099868060445385,0.0135139791523816));
#14959=CARTESIAN_POINT('',(-0.0797879434091532,0.0220151939554615,0.0135139791523816));
#14960=CARTESIAN_POINT('',(-0.0797879434091532,0.0220151939554615,0.0152389791523816));
#14961=CARTESIAN_POINT('',(-0.0943362274850798,0.0220151939554615,0.0194274778502585));
#14962=CARTESIAN_POINT('',(0.0194288754536074,-0.155067890844929,-0.352353687091999));
#14963=CARTESIAN_POINT('',(-0.0163786602996011,-0.155067890887336,-0.352353687193934));
#14964=CARTESIAN_POINT('',(-0.117322889730895,-0.0303304552138752,0.0422611611552148));
#14965=CARTESIAN_POINT('',(-0.105772889730895,-0.0303304552138752,-0.0016523375426621));
#14966=CARTESIAN_POINT('',(-0.105772889730895,-0.0303304552138752,7.26624573379E-5));
#14967=CARTESIAN_POINT('',(-0.105772889730895,-0.0303324552138752,-0.0016523375426621));
#14968=CARTESIAN_POINT('',(-0.105772889730895,0.00166954478612481,-0.0016523375426621));
#14969=CARTESIAN_POINT('',(-0.105772889730895,0.00166954478612481,7.26624573379E-5));
#14970=CARTESIAN_POINT('',(-0.119071173806822,0.00166954478612481,0.0042611611552148));
#14971=CARTESIAN_POINT('',(0.115632893007184,-0.13472224145911,-0.337187370260653));
#14972=CARTESIAN_POINT('',(0.0817287845640276,-0.134664238493126,-0.337187370357561));
#14973=CARTESIAN_POINT('',(-0.0163786602996011,-0.155067890887336,-0.352353687193934));
#14974=CARTESIAN_POINT('',(-0.119071173806822,-0.0143304552138752,-0.0337388388447852));
#14975=CARTESIAN_POINT('',(-0.101157131740811,-0.00110789382151508,-0.0337388388447852));
#14976=CARTESIAN_POINT('',(-0.104399941462929,-0.00110789382151508,-0.0337388388447852));
#14977=CARTESIAN_POINT('',(-0.100625407495739,-0.00110789382151508,-0.0337388388447852));
#14978=CARTESIAN_POINT('',(-0.100625407495739,0.0643819160433066,-0.0337388388447852));
#14979=CARTESIAN_POINT('',(-0.100625407495739,-0.0276046348698459,-0.0337388388447852));
#14980=CARTESIAN_POINT('',(-0.101157131740811,-0.0276046348698459,-0.0337388388447852));
#14981=CARTESIAN_POINT('',(-0.104399941462929,-0.0276046348698459,-0.0337388388447852));
#14982=CARTESIAN_POINT('',(-0.104399941462929,-0.0143562643456805,-0.0337388388447852));
#14983=CARTESIAN_POINT('',(-0.101157131740811,-0.0276046348698459,0.0392611611552148));
#14984=CARTESIAN_POINT('',(-0.100625407495739,-0.0276046348698459,0.0392611611552148));
#14985=CARTESIAN_POINT('',(-0.100625407495739,-0.0276046348698459,0.0392611611552148));
#14986=CARTESIAN_POINT('',(-0.101157131740811,-0.0276046348698459,0.0392611611552148));
#14987=CARTESIAN_POINT('',(-0.104399941462929,-0.0276046348698459,0.0392611611552148));
#14988=CARTESIAN_POINT('',(-0.104399941462929,-0.0276046348698459,0.0392611611552148));
#14989=CARTESIAN_POINT('',(-0.104399941462929,-0.0143562643456805,0.0392611611552148));
#14990=CARTESIAN_POINT('',(-0.104399941462929,-0.0143562643456805,0.0392611611552148));
#14991=CARTESIAN_POINT('',(-0.104399941462929,-0.00110789382151508,0.0392611611552148));
#14992=CARTESIAN_POINT('',(-0.104399941462929,-0.00110789382151508,0.0392611611552148));
#14993=CARTESIAN_POINT('',(-0.101157131740811,-0.00110789382151508,0.0392611611552148));
#14994=CARTESIAN_POINT('',(-0.100625407495739,-0.00110789382151508,0.0392611611552148));
#14995=CARTESIAN_POINT('',(-0.100625407495739,-0.00110789382151508,0.0392611611552148));
#14996=CARTESIAN_POINT('',(-0.101157131740811,-0.00110789382151508,0.0392611611552148));
#14997=CARTESIAN_POINT('',(-0.119071173806822,-0.0143304552138752,0.0392611611552148));
#14998=CARTESIAN_POINT('',(-0.100625407495739,-0.0143304552138752,0.0392611611552148));
#14999=CARTESIAN_POINT('',(-0.100625407495739,0.0643819160433066,0.0042611611552148));
#15000=CARTESIAN_POINT('',(0.0817287845640276,-0.134664238493126,-0.337187370357561));
#15001=CARTESIAN_POINT('',(-0.0772212196481907,-0.0076775064315993,0.0574294778502585));
#15002=CARTESIAN_POINT('',(-0.0772212196481907,-0.0076775064315993,-0.0185725221497415));
#15003=CARTESIAN_POINT('',(-0.0723935155636038,-0.0076775064315993,-0.0185725221497415));
#15004=CARTESIAN_POINT('',(-0.0822127305311644,-0.0076775064315993,-0.0185725221497415));
#15005=CARTESIAN_POINT('',(-0.0723935155636038,-0.0076775064315993,0.0574294778502585));
#15006=CARTESIAN_POINT('',(-0.0723935155636038,-0.0076775064315993,0.0574274778502585));
#15007=CARTESIAN_POINT('',(-0.0772212196481907,-0.0076775064315993,0.0574274778502585));
#15008=CARTESIAN_POINT('',(-0.0822127305311644,-0.0076775064315993,0.0574274778502585));
#15009=CARTESIAN_POINT('',(-0.0822127305311644,-0.0076775064315993,0.0574294778502585));
#15010=CARTESIAN_POINT('',(-0.0822127305311644,-0.0076775064315993,0.0265838259592229));
#15011=CARTESIAN_POINT('',(-0.0818279434091532,-0.0076775064315993,0.0250874778502585));
#15012=CARTESIAN_POINT('',(-0.0822127305311662,-0.0076775064315993,0.0235911297412945));
#15013=CARTESIAN_POINT('',(-0.0822127305311644,-0.0076775064315993,0.0574294778502585));
#15014=CARTESIAN_POINT('',(-0.0772212196481907,0.0199897272888225,0.0574294778502585));
#15015=CARTESIAN_POINT('',(-0.0723935155636038,0.0199897272888225,0.0574294778502585));
#15016=CARTESIAN_POINT('',(-0.0723935155636038,0.0199897272888225,-0.0185725221497415));
#15017=CARTESIAN_POINT('',(-0.0723935155636038,0.0199897272888225,0.0574274778502585));
#15018=CARTESIAN_POINT('',(-0.0772212196481907,0.0199897272888225,-0.0185725221497415));
#15019=CARTESIAN_POINT('',(-0.0822127305311644,0.0199897272888225,-0.0185725221497415));
#15020=CARTESIAN_POINT('',(-0.0822127305311644,0.0199897272888225,0.0574294778502585));
#15021=CARTESIAN_POINT('',(-0.0822127305311644,0.0199897272888225,0.0574274778502585));
#15022=CARTESIAN_POINT('',(-0.0772212196481907,0.0199897272888225,0.0574274778502585));
#15023=CARTESIAN_POINT('',(-0.0943362274850798,0.0060151939554615,-0.0185725221497415));
#15024=CARTESIAN_POINT('',(-0.0723935155636038,0.0839702566409522,-0.0185725221497415));
#15025=CARTESIAN_POINT('',(-0.0822127305311644,0.00615611042861161,-0.0185725221497415));
#15026=CARTESIAN_POINT('',(-0.0822127305311644,0.00615611042861161,0.0574294778502585));
#15027=CARTESIAN_POINT('',(-0.0822127305311644,-0.0036348060445385,0.0235911297412941));
#15028=CARTESIAN_POINT('',(-0.0822127305311644,-0.0036348060445385,0.0235911297412941));
#15029=CARTESIAN_POINT('',(-0.0822127305311644,-0.0036348060445385,0.0574294778502585));
#15030=CARTESIAN_POINT('',(-0.0822127305311644,-0.0036348060445385,0.0265838259592229));
#15031=CARTESIAN_POINT('',(-0.0822127305311644,-0.0036348060445385,0.0265838259592229));
#15032=CARTESIAN_POINT('',(-0.0822127305311644,0.00615611042861161,0.0574274778502585));
#15033=CARTESIAN_POINT('',(-0.0925879434091532,0.0060151939554615,0.0574274778502585));
#15034=CARTESIAN_POINT('',(-0.0723935155636038,0.0839702566409522,0.0574274778502585));
#15035=CARTESIAN_POINT('',(-0.0818279434091532,-0.0036348060445385,0.0250874778502585));
#15036=CARTESIAN_POINT('',(-0.0818279434091532,-0.0036348060445385,0.0250874778502585));
#15037=CARTESIAN_POINT('',(-0.0893775153249161,-0.0036348060445385,0.0194274778502585));
#15038=CARTESIAN_POINT('',(-0.0723935155636038,0.0839702566409522,0.0194274778502585));
#15039=CARTESIAN_POINT('',(-0.0163786602996011,-0.155067890887336,-0.352353687193934));
#15040=CARTESIAN_POINT('',(0.0194288754536074,-0.155067890844929,-0.352353687091999));
#15041=CARTESIAN_POINT('',(0.0817287845640276,-0.134664238493126,-0.337187370357561));
#15042=CARTESIAN_POINT('',(0.0817287845640276,-0.134664238493126,-0.337187370357561));
#15043=CARTESIAN_POINT('',(0.115632893007184,-0.13472224145911,-0.337187370260653));
#15044=CARTESIAN_POINT('',(-0.134095307491696,-0.0099848060445385,0.0143486747374735));
#15045=CARTESIAN_POINT('',(-0.0818279434091532,-0.0099848060445385,0.0250874778502585));
#15046=CARTESIAN_POINT('',(-0.0830416846746282,-0.0099848060445385,0.026043485660347));
#15047=CARTESIAN_POINT('',(-0.0809536025739071,-0.0099848060445385,0.0238136462694409));
#15048=CARTESIAN_POINT('',(-0.0818053074916956,-0.0099848060445385,0.0251086747374735));
#15049=CARTESIAN_POINT('',(-0.0968553074916956,-0.0099848060445385,0.0268586747374735));
#15050=CARTESIAN_POINT('',(-0.0968553074916956,-0.0099848060445385,0.0306086747374735));
#15051=CARTESIAN_POINT('',(-0.0968553074916956,-0.0099848060445385,0.0256086747374735));
#15052=CARTESIAN_POINT('',(-0.0918553074916956,-0.0099848060445385,0.0306086747374735));
#15053=CARTESIAN_POINT('',(-0.0868553074916956,-0.0099848060445385,0.0306086747374735));
#15054=CARTESIAN_POINT('',(-0.0868553074916956,-0.0099848060445385,0.0268586747374735));
#15055=CARTESIAN_POINT('',(-0.0868553074916956,-0.0099848060445385,0.0256086747374735));
#15056=CARTESIAN_POINT('',(-0.0918553074916956,-0.0099848060445385,0.0256086747374735));
#15057=CARTESIAN_POINT('',(-0.092369853145158,-0.0099848060445385,0.0115836747374735));
#15058=CARTESIAN_POINT('',(-0.0884053074916956,-0.0099848060445385,0.0115836747374735));
#15059=CARTESIAN_POINT('',(-0.0953343987986204,-0.0099848060445385,0.0115836747374735));
#15060=CARTESIAN_POINT('',(-0.0953343987986204,-0.0099848060445385,0.0145586747374735));
#15061=CARTESIAN_POINT('',(-0.0953343987986204,-0.0099848060445385,0.0185336747374735));
#15062=CARTESIAN_POINT('',(-0.091869853145158,-0.0099848060445385,0.0185336747374735));
#15063=CARTESIAN_POINT('',(-0.0884053074916956,-0.0099848060445385,0.0185336747374735));
#15064=CARTESIAN_POINT('',(-0.0884053074916956,-0.0099848060445385,0.0150586747374735));
#15065=CARTESIAN_POINT('',(-0.0504953074916956,-0.0099848060445385,0.0370916446423132));
#15066=CARTESIAN_POINT('',(-0.0738749606189218,-0.0099848060445385,0.0370916446423132));
#15067=CARTESIAN_POINT('',(-0.108912532145519,-0.0099848060445385,0.0370916446423132));
#15068=CARTESIAN_POINT('',(-0.108912532145519,-0.0099848060445385,0.0194274778502585));
#15069=CARTESIAN_POINT('',(-0.108912532145519,-0.0099848060445385,-0.00207598215312229));
#15070=CARTESIAN_POINT('',(-0.0919942317685645,-0.0099848060445385,-0.00207598215312229));
#15071=CARTESIAN_POINT('',(-0.0738749606189218,-0.0099848060445385,-0.00207598215312229));
#15072=CARTESIAN_POINT('',(-0.0738749606189218,-0.0099848060445385,0.0175078312445955));
#15073=CARTESIAN_POINT('',(-0.0788053074916956,-0.0099848060445385,0.00400867473747351));
#15074=CARTESIAN_POINT('',(-0.0788053074916956,-0.0099848060445385,0.0020086747374735));
#15075=CARTESIAN_POINT('',(-0.0788053074916956,-0.0099848060445385,0.0060086747374735));
#15076=CARTESIAN_POINT('',(-0.0808053074916956,-0.0099848060445385,0.0020086747374735));
#15077=CARTESIAN_POINT('',(-0.0828053074916956,-0.0099848060445385,0.0020086747374735));
#15078=CARTESIAN_POINT('',(-0.0828053074916956,-0.0099848060445385,0.00400867473747351));
#15079=CARTESIAN_POINT('',(-0.0828053074916956,-0.0099848060445385,0.0060086747374735));
#15080=CARTESIAN_POINT('',(-0.0808053074916956,-0.0099848060445385,0.0060086747374735));
#15081=CARTESIAN_POINT('',(-0.102905307491696,-0.0099848060445385,0.0020086747374735));
#15082=CARTESIAN_POINT('',(-0.104905307491696,-0.0099848060445385,0.0020086747374735));
#15083=CARTESIAN_POINT('',(-0.100905307491696,-0.0099848060445385,0.0020086747374735));
#15084=CARTESIAN_POINT('',(-0.104905307491696,-0.0099848060445385,0.00400867473747351));
#15085=CARTESIAN_POINT('',(-0.104905307491696,-0.0099848060445385,0.0060086747374735));
#15086=CARTESIAN_POINT('',(-0.102905307491696,-0.0099848060445385,0.0060086747374735));
#15087=CARTESIAN_POINT('',(-0.100905307491696,-0.0099848060445385,0.0060086747374735));
#15088=CARTESIAN_POINT('',(-0.100905307491696,-0.0099848060445385,0.00400867473747351));
#15089=CARTESIAN_POINT('',(-0.0968553074916956,-0.0099848060445385,0.0007586747374735));
#15090=CARTESIAN_POINT('',(-0.0968553074916956,-0.0099848060445385,0.0020086747374735));
#15091=CARTESIAN_POINT('',(-0.0968553074916956,-0.0099848060445385,-0.000491325262526501));
#15092=CARTESIAN_POINT('',(-0.0918553074916956,-0.0099848060445385,0.0020086747374735));
#15093=CARTESIAN_POINT('',(-0.0868553074916956,-0.0099848060445385,0.0020086747374735));
#15094=CARTESIAN_POINT('',(-0.0868553074916956,-0.0099848060445385,0.0007586747374735));
#15095=CARTESIAN_POINT('',(-0.0868553074916956,-0.0099848060445385,-0.000491325262526501));
#15096=CARTESIAN_POINT('',(-0.0918553074916956,-0.0099848060445385,-0.000491325262526501));
#15097=CARTESIAN_POINT('',(-0.106155307491696,-0.0099848060445385,0.0281086747374735));
#15098=CARTESIAN_POINT('',(-0.104905307491696,-0.0099848060445385,0.0281086747374735));
#15099=CARTESIAN_POINT('',(-0.107405307491696,-0.0099848060445385,0.0281086747374735));
#15100=CARTESIAN_POINT('',(-0.104905307491696,-0.0099848060445385,0.0256086747374735));
#15101=CARTESIAN_POINT('',(-0.104905307491696,-0.0099848060445385,0.0231086747374735));
#15102=CARTESIAN_POINT('',(-0.106155307491696,-0.0099848060445385,0.0231086747374735));
#15103=CARTESIAN_POINT('',(-0.107405307491696,-0.0099848060445385,0.0231086747374735));
#15104=CARTESIAN_POINT('',(-0.107405307491696,-0.0099848060445385,0.0256086747374735));
#15105=CARTESIAN_POINT('',(-0.0788053074916956,-0.0099848060445385,0.0256086747374735));
#15106=CARTESIAN_POINT('',(-0.0788053074916956,-0.0099848060445385,0.0281086747374735));
#15107=CARTESIAN_POINT('',(-0.0788053074916956,-0.0099848060445385,0.0231086747374735));
#15108=CARTESIAN_POINT('',(-0.0775553074916956,-0.0099848060445385,0.0281086747374735));
#15109=CARTESIAN_POINT('',(-0.0763053074916956,-0.0099848060445385,0.0281086747374735));
#15110=CARTESIAN_POINT('',(-0.0763053074916956,-0.0099848060445385,0.0256086747374735));
#15111=CARTESIAN_POINT('',(-0.0763053074916956,-0.0099848060445385,0.0231086747374735));
#15112=CARTESIAN_POINT('',(-0.0775553074916956,-0.0099848060445385,0.0231086747374735));
#15113=CARTESIAN_POINT('',(-0.101927943409153,-0.0099848060445385,0.0250874778502585));
#15114=CARTESIAN_POINT('',(-0.102976034983038,-0.0099848060445385,0.0262294078186684));
#15115=CARTESIAN_POINT('',(-0.100857215917811,-0.0099848060445385,0.0239667447690636));
#15116=CARTESIAN_POINT('',(-0.101905307491696,-0.0099848060445385,0.0251086747374735));
#15117=CARTESIAN_POINT('',(-0.0919942317685645,0.0150151939554615,-0.00207598215312229));
#15118=CARTESIAN_POINT('',(-0.108912532145519,0.0150151939554615,-0.00207598215312229));
#15119=CARTESIAN_POINT('',(-0.108912532145519,-0.0057568163993331,-0.00207598215312228));
#15120=CARTESIAN_POINT('',(-0.129495307491696,-0.0057568163993331,-0.00207598215312228));
#15121=CARTESIAN_POINT('',(-0.0738749606189218,-0.0057568163993331,-0.00207598215312229));
#15122=CARTESIAN_POINT('',(-0.0738749606189218,0.0150151939554615,-0.00207598215312229));
#15123=CARTESIAN_POINT('',(-0.0555953074916956,-0.0057568163993331,0.0136175839767252));
#15124=CARTESIAN_POINT('',(-0.0918553074916956,-0.0057568163993331,0.0150586747374735));
#15125=CARTESIAN_POINT('',(-0.0905053074916956,-0.0057568163993331,0.0150586747374735));
#15126=CARTESIAN_POINT('',(-0.101905307491696,-0.0057568163993331,0.0251086747374735));
#15127=CARTESIAN_POINT('',(-0.100857215917811,-0.0057568163993331,0.0239667447690636));
#15128=CARTESIAN_POINT('',(-0.102976034983038,-0.0057568163993331,0.0262294078186684));
#15129=CARTESIAN_POINT('',(-0.101927943409153,-0.0057568163993331,0.0250874778502585));
#15130=CARTESIAN_POINT('',(-0.0818053074916956,-0.0057568163993331,0.0251086747374735));
#15131=CARTESIAN_POINT('',(-0.0809536025739071,-0.0057568163993331,0.0238136462694409));
#15132=CARTESIAN_POINT('',(-0.0830416846746282,-0.0057568163993331,0.026043485660347));
#15133=CARTESIAN_POINT('',(-0.0818279434091532,-0.0057568163993331,0.0250874778502585));
#15134=CARTESIAN_POINT('',(-0.108912532145519,-0.0057568163993331,0.0136175839767252));
#15135=CARTESIAN_POINT('',(-0.108912532145519,-0.0057568163993331,0.0370916446423132));
#15136=CARTESIAN_POINT('',(-0.0504953074916956,-0.0057568163993331,0.0370916446423132));
#15137=CARTESIAN_POINT('',(-0.0738749606189218,-0.0057568163993331,0.0370916446423132));
#15138=CARTESIAN_POINT('',(-0.0738749606189218,-0.0057568163993331,0.0136175839767252));
#15139=CARTESIAN_POINT('',(-0.0504953074916956,0.0060151939554615,0.0370916446423132));
#15140=CARTESIAN_POINT('',(-0.108912532145519,0.0060151939554615,0.0370916446423132));
#15141=CARTESIAN_POINT('',(-0.0738749606189218,0.0150151939554615,0.0370916446423132));
#15142=CARTESIAN_POINT('',(-0.0919942317685645,-0.0159848060445385,0.0175078312445955));
#15143=CARTESIAN_POINT('',(-0.0775553074916956,-0.0159848060445385,0.0281086747374735));
#15144=CARTESIAN_POINT('',(-0.0788053074916956,-0.0159848060445385,0.0281086747374735));
#15145=CARTESIAN_POINT('',(-0.0763053074916956,-0.0159848060445385,0.0281086747374735));
#15146=CARTESIAN_POINT('',(-0.0788053074916956,-0.0159848060445385,0.0256086747374735));
#15147=CARTESIAN_POINT('',(-0.0788053074916956,-0.0159848060445385,0.0231086747374735));
#15148=CARTESIAN_POINT('',(-0.0775553074916956,-0.0159848060445385,0.0231086747374735));
#15149=CARTESIAN_POINT('',(-0.0763053074916956,-0.0159848060445385,0.0231086747374735));
#15150=CARTESIAN_POINT('',(-0.0763053074916956,-0.0159848060445385,0.0256086747374735));
#15151=CARTESIAN_POINT('',(-0.0763053074916956,-0.0159848060445385,0.0256086747374735));
#15152=CARTESIAN_POINT('',(-0.0763053074916956,-0.0159848060445385,0.0281086747374735));
#15153=CARTESIAN_POINT('',(-0.0763053074916956,-0.0159848060445385,0.0231086747374735));
#15154=CARTESIAN_POINT('',(-0.106155307491696,-0.0159848060445385,0.0231086747374735));
#15155=CARTESIAN_POINT('',(-0.0788053074916956,-0.0159848060445385,0.0231086747374735));
#15156=CARTESIAN_POINT('',(-0.0788053074916956,-0.0159848060445385,0.0256086747374735));
#15157=CARTESIAN_POINT('',(-0.0788053074916956,-0.0159848060445385,0.0281086747374735));
#15158=CARTESIAN_POINT('',(-0.0918553074916956,-0.0159848060445385,0.0281086747374735));
#15159=CARTESIAN_POINT('',(-0.0919942317685645,-0.0159848060445385,0.0175078312445955));
#15160=CARTESIAN_POINT('',(-0.104905307491696,-0.0159848060445385,0.0256086747374735));
#15161=CARTESIAN_POINT('',(-0.104905307491696,-0.0159848060445385,0.0281086747374735));
#15162=CARTESIAN_POINT('',(-0.104905307491696,-0.0159848060445385,0.0231086747374735));
#15163=CARTESIAN_POINT('',(-0.106155307491696,-0.0159848060445385,0.0281086747374735));
#15164=CARTESIAN_POINT('',(-0.107405307491696,-0.0159848060445385,0.0281086747374735));
#15165=CARTESIAN_POINT('',(-0.107405307491696,-0.0159848060445385,0.0256086747374735));
#15166=CARTESIAN_POINT('',(-0.107405307491696,-0.0159848060445385,0.0231086747374735));
#15167=CARTESIAN_POINT('',(-0.106155307491696,-0.0159848060445385,0.0231086747374735));
#15168=CARTESIAN_POINT('',(-0.106155307491696,-0.0159848060445385,0.0231086747374735));
#15169=CARTESIAN_POINT('',(-0.104905307491696,-0.0159848060445385,0.0231086747374735));
#15170=CARTESIAN_POINT('',(-0.107405307491696,-0.0159848060445385,0.0231086747374735));
#15171=CARTESIAN_POINT('',(-0.107405307491696,-0.0159848060445385,0.0256086747374735));
#15172=CARTESIAN_POINT('',(-0.107405307491696,-0.0159848060445385,0.0281086747374735));
#15173=CARTESIAN_POINT('',(-0.0918553074916956,-0.0159848060445385,0.0281086747374735));
#15174=CARTESIAN_POINT('',(-0.104905307491696,-0.0159848060445385,0.0281086747374735));
#15175=CARTESIAN_POINT('',(-0.104905307491696,-0.0159848060445385,0.0256086747374735));
#15176=CARTESIAN_POINT('',(-0.0919942317685645,-0.0159848060445385,0.0175078312445955));
#15177=CARTESIAN_POINT('',(-0.0968553074916956,-0.0159848060445385,0.0293586747374735));
#15178=CARTESIAN_POINT('',(-0.0968553074916956,-0.0159848060445385,0.0281086747374735));
#15179=CARTESIAN_POINT('',(-0.0968553074916956,-0.0159848060445385,0.0306086747374735));
#15180=CARTESIAN_POINT('',(-0.0918553074916956,-0.0159848060445385,0.0281086747374735));
#15181=CARTESIAN_POINT('',(-0.0868553074916956,-0.0159848060445385,0.0281086747374735));
#15182=CARTESIAN_POINT('',(-0.0868553074916956,-0.0159848060445385,0.0293586747374735));
#15183=CARTESIAN_POINT('',(-0.0868553074916956,-0.0159848060445385,0.0306086747374735));
#15184=CARTESIAN_POINT('',(-0.0918553074916956,-0.0159848060445385,0.0306086747374735));
#15185=CARTESIAN_POINT('',(-0.0918553074916956,-0.0159848060445385,0.0306086747374735));
#15186=CARTESIAN_POINT('',(-0.0968553074916956,-0.0159848060445385,0.0306086747374735));
#15187=CARTESIAN_POINT('',(-0.0868553074916956,-0.0159848060445385,0.0306086747374735));
#15188=CARTESIAN_POINT('',(-0.0918553074916956,-0.0159848060445385,0.0281086747374735));
#15189=CARTESIAN_POINT('',(-0.0968553074916956,-0.0159848060445385,0.0281086747374735));
#15190=CARTESIAN_POINT('',(-0.0968553074916956,-0.0129848060445385,0.0281086747374735));
#15191=CARTESIAN_POINT('',(-0.0918553074916956,-0.0129848060445385,0.0281086747374735));
#15192=CARTESIAN_POINT('',(-0.0868553074916956,-0.0129848060445385,0.0281086747374735));
#15193=CARTESIAN_POINT('',(-0.0868553074916956,-0.0159848060445385,0.0281086747374735));
#15194=CARTESIAN_POINT('',(-0.0919942317685645,-0.0159848060445385,0.0175078312445955));
#15195=CARTESIAN_POINT('',(-0.0918553074916956,-0.0159848060445385,0.0020086747374735));
#15196=CARTESIAN_POINT('',(-0.0968553074916956,-0.0159848060445385,0.0020086747374735));
#15197=CARTESIAN_POINT('',(-0.0868553074916956,-0.0159848060445385,0.0020086747374735));
#15198=CARTESIAN_POINT('',(-0.0968553074916956,-0.0159848060445385,0.0007586747374735));
#15199=CARTESIAN_POINT('',(-0.0968553074916956,-0.0159848060445385,-0.000491325262526501));
#15200=CARTESIAN_POINT('',(-0.0918553074916956,-0.0159848060445385,-0.000491325262526501));
#15201=CARTESIAN_POINT('',(-0.0868553074916956,-0.0159848060445385,-0.000491325262526501));
#15202=CARTESIAN_POINT('',(-0.0868553074916956,-0.0159848060445385,0.0007586747374735));
#15203=CARTESIAN_POINT('',(-0.0868553074916956,-0.0129848060445385,0.0268586747374735));
#15204=CARTESIAN_POINT('',(-0.0868553074916956,-0.0159848060445385,0.0020086747374735));
#15205=CARTESIAN_POINT('',(-0.0868553074916956,-0.0159848060445385,-0.000491325262526501));
#15206=CARTESIAN_POINT('',(-0.0918553074916956,-0.0159848060445385,-0.000491325262526501));
#15207=CARTESIAN_POINT('',(-0.0968553074916956,-0.0159848060445385,-0.000491325262526501));
#15208=CARTESIAN_POINT('',(-0.0968553074916956,-0.0129848060445385,0.0268586747374735));
#15209=CARTESIAN_POINT('',(-0.0968553074916956,-0.0159848060445385,0.0020086747374735));
#15210=CARTESIAN_POINT('',(-0.0918553074916956,-0.0159848060445385,0.0020086747374735));
#15211=CARTESIAN_POINT('',(-0.0919942317685645,-0.0129848060445385,0.0175078312445955));
#15212=CARTESIAN_POINT('',(-0.104905307491696,-0.0129848060445385,0.00400867473747351));
#15213=CARTESIAN_POINT('',(-0.104905307491696,-0.0129848060445385,0.0020086747374735));
#15214=CARTESIAN_POINT('',(-0.104905307491696,-0.0129848060445385,0.0060086747374735));
#15215=CARTESIAN_POINT('',(-0.102905307491696,-0.0129848060445385,0.0020086747374735));
#15216=CARTESIAN_POINT('',(-0.100905307491696,-0.0129848060445385,0.0020086747374735));
#15217=CARTESIAN_POINT('',(-0.100905307491696,-0.0129848060445385,0.00400867473747351));
#15218=CARTESIAN_POINT('',(-0.100905307491696,-0.0129848060445385,0.0060086747374735));
#15219=CARTESIAN_POINT('',(-0.102905307491696,-0.0129848060445385,0.0060086747374735));
#15220=CARTESIAN_POINT('',(-0.102905307491696,-0.0129848060445385,0.0060086747374735));
#15221=CARTESIAN_POINT('',(-0.104905307491696,-0.0129848060445385,0.0060086747374735));
#15222=CARTESIAN_POINT('',(-0.100905307491696,-0.0129848060445385,0.0060086747374735));
#15223=CARTESIAN_POINT('',(-0.100905307491696,-0.0129848060445385,0.00400867473747351));
#15224=CARTESIAN_POINT('',(-0.100905307491696,-0.0129848060445385,0.0020086747374735));
#15225=CARTESIAN_POINT('',(-0.0918553074916956,-0.0159848060445385,0.0020086747374735));
#15226=CARTESIAN_POINT('',(-0.104905307491696,-0.0129848060445385,0.0020086747374735));
#15227=CARTESIAN_POINT('',(-0.104905307491696,-0.0159848060445385,0.0256086747374735));
#15228=CARTESIAN_POINT('',(-0.0919942317685645,-0.0129848060445385,0.0175078312445955));
#15229=CARTESIAN_POINT('',(-0.0808053074916956,-0.0129848060445385,0.0020086747374735));
#15230=CARTESIAN_POINT('',(-0.0788053074916956,-0.0129848060445385,0.0020086747374735));
#15231=CARTESIAN_POINT('',(-0.0828053074916956,-0.0129848060445385,0.0020086747374735));
#15232=CARTESIAN_POINT('',(-0.0788053074916956,-0.0129848060445385,0.00400867473747351));
#15233=CARTESIAN_POINT('',(-0.0788053074916956,-0.0129848060445385,0.0060086747374735));
#15234=CARTESIAN_POINT('',(-0.0808053074916956,-0.0129848060445385,0.0060086747374735));
#15235=CARTESIAN_POINT('',(-0.0828053074916956,-0.0129848060445385,0.0060086747374735));
#15236=CARTESIAN_POINT('',(-0.0828053074916956,-0.0129848060445385,0.00400867473747351));
#15237=CARTESIAN_POINT('',(-0.0828053074916956,-0.0129848060445385,0.00400867473747351));
#15238=CARTESIAN_POINT('',(-0.0828053074916956,-0.0129848060445385,0.0020086747374735));
#15239=CARTESIAN_POINT('',(-0.0828053074916956,-0.0129848060445385,0.0060086747374735));
#15240=CARTESIAN_POINT('',(-0.102905307491696,-0.0129848060445385,0.0060086747374735));
#15241=CARTESIAN_POINT('',(-0.0788053074916956,-0.0129848060445385,0.0060086747374735));
#15242=CARTESIAN_POINT('',(-0.0788053074916956,-0.0159848060445385,0.0256086747374735));
#15243=CARTESIAN_POINT('',(-0.0788053074916956,-0.0129848060445385,0.0020086747374735));
#15244=CARTESIAN_POINT('',(-0.0918553074916956,-0.0159848060445385,0.0020086747374735));
#15245=CARTESIAN_POINT('',(-0.0919942317685645,-0.0129848060445385,0.0175078312445955));
#15246=CARTESIAN_POINT('',(-0.0968553074916956,-0.0129848060445385,0.0268586747374735));
#15247=CARTESIAN_POINT('',(-0.0968553074916956,-0.0129848060445385,0.0256086747374735));
#15248=CARTESIAN_POINT('',(-0.0918553074916956,-0.0129848060445385,0.0256086747374735));
#15249=CARTESIAN_POINT('',(-0.0868553074916956,-0.0129848060445385,0.0256086747374735));
#15250=CARTESIAN_POINT('',(-0.0868553074916956,-0.0129848060445385,0.0268586747374735));
#15251=CARTESIAN_POINT('',(-0.0868553074916956,-0.0129848060445385,0.0268586747374735));
#15252=CARTESIAN_POINT('',(-0.0868553074916956,-0.0129848060445385,0.0256086747374735));
#15253=CARTESIAN_POINT('',(-0.0918553074916956,-0.0129848060445385,0.0256086747374735));
#15254=CARTESIAN_POINT('',(-0.0968553074916956,-0.0129848060445385,0.0256086747374735));
#15255=CARTESIAN_POINT('',(-0.0968553074916956,-0.0129848060445385,0.0268586747374735));
#15256=CARTESIAN_POINT('',(-0.0919942317685645,-0.0117848060445385,0.0175078312445955));
#15257=CARTESIAN_POINT('',(-0.0953343987986204,-0.0117848060445385,0.0145586747374735));
#15258=CARTESIAN_POINT('',(-0.0953343987986204,-0.0117848060445385,0.0115836747374735));
#15259=CARTESIAN_POINT('',(-0.0953343987986204,-0.0117848060445385,0.0185336747374735));
#15260=CARTESIAN_POINT('',(-0.092369853145158,-0.0117848060445385,0.0115836747374735));
#15261=CARTESIAN_POINT('',(-0.0884053074916956,-0.0117848060445385,0.0115836747374735));
#15262=CARTESIAN_POINT('',(-0.0884053074916956,-0.0117848060445385,0.0150586747374735));
#15263=CARTESIAN_POINT('',(-0.0884053074916956,-0.0117848060445385,0.0185336747374735));
#15264=CARTESIAN_POINT('',(-0.091869853145158,-0.0117848060445385,0.0185336747374735));
#15265=CARTESIAN_POINT('',(-0.0906303074916956,-0.0117848060445385,0.0125836747374735));
#15266=CARTESIAN_POINT('',(-0.0943343987986204,-0.0117848060445385,0.0125836747374735));
#15267=CARTESIAN_POINT('',(-0.0894053074916956,-0.0117848060445385,0.0125836747374735));
#15268=CARTESIAN_POINT('',(-0.0943343987986204,-0.0117848060445385,0.0150586747374735));
#15269=CARTESIAN_POINT('',(-0.0943343987986204,-0.0117848060445385,0.0175336747374735));
#15270=CARTESIAN_POINT('',(-0.093094853145158,-0.0117848060445385,0.0175336747374735));
#15271=CARTESIAN_POINT('',(-0.0894053074916956,-0.0117848060445385,0.0175336747374735));
#15272=CARTESIAN_POINT('',(-0.0894053074916956,-0.0117848060445385,0.0174863208451471));
#15273=CARTESIAN_POINT('',(-0.091869853145158,-0.0117848060445385,0.0185336747374735));
#15274=CARTESIAN_POINT('',(-0.0953343987986204,-0.0117848060445385,0.0185336747374735));
#15275=CARTESIAN_POINT('',(-0.0884053074916956,-0.0117848060445385,0.0185336747374735));
#15276=CARTESIAN_POINT('',(-0.0894053074916956,-0.0117848060445385,0.0174863208451471));
#15277=CARTESIAN_POINT('',(-0.0894053074916956,-0.0099848060445385,0.0174863208451471));
#15278=CARTESIAN_POINT('',(-0.0894053074916956,-0.0099848060445385,0.0125836747374735));
#15279=CARTESIAN_POINT('',(-0.0894053074916956,-0.0099848060445385,0.0175336747374735));
#15280=CARTESIAN_POINT('',(-0.0894053074916956,-0.0117848060445385,0.0125836747374735));
#15281=CARTESIAN_POINT('',(-0.0894053074916956,-0.0117848060445385,0.0175336747374735));
#15282=CARTESIAN_POINT('',(-0.093094853145158,-0.0117848060445385,0.0175336747374735));
#15283=CARTESIAN_POINT('',(-0.093094853145158,-0.0099848060445385,0.0175336747374735));
#15284=CARTESIAN_POINT('',(-0.0943343987986204,-0.0099848060445385,0.0175336747374735));
#15285=CARTESIAN_POINT('',(-0.0943343987986204,-0.0117848060445385,0.0175336747374735));
#15286=CARTESIAN_POINT('',(-0.0943343987986204,-0.0117848060445385,0.0150586747374735));
#15287=CARTESIAN_POINT('',(-0.0943343987986204,-0.0099848060445385,0.0150586747374735));
#15288=CARTESIAN_POINT('',(-0.0943343987986204,-0.0099848060445385,0.0125836747374735));
#15289=CARTESIAN_POINT('',(-0.0943343987986204,-0.0117848060445385,0.0125836747374735));
#15290=CARTESIAN_POINT('',(-0.0906303074916956,-0.0117848060445385,0.0125836747374735));
#15291=CARTESIAN_POINT('',(-0.0906303074916956,-0.0099848060445385,0.0125836747374735));
#15292=CARTESIAN_POINT('',(-0.0884053074916956,-0.0117848060445385,0.0150586747374735));
#15293=CARTESIAN_POINT('',(-0.0884053074916956,-0.0117848060445385,0.0115836747374735));
#15294=CARTESIAN_POINT('',(-0.092369853145158,-0.0117848060445385,0.0115836747374735));
#15295=CARTESIAN_POINT('',(-0.0953343987986204,-0.0117848060445385,0.0115836747374735));
#15296=CARTESIAN_POINT('',(-0.0953343987986204,-0.0117848060445385,0.0145586747374735));
#15297=CARTESIAN_POINT('',(-0.0738749606189218,0.0150151939554615,0.0175078312445955));
#15298=CARTESIAN_POINT('',(-0.101905307491696,0.0100151939554615,0.0251086747374735));
#15299=CARTESIAN_POINT('',(-0.100857215917811,-0.0068098060445385,0.0239667447690636));
#15300=CARTESIAN_POINT('',(-0.102976034983038,-0.0068098060445385,0.0262294078186684));
#15301=CARTESIAN_POINT('',(-0.0818053074916956,0.00401519395546149,0.0251086747374735));
#15302=CARTESIAN_POINT('',(-0.0809536025739071,-0.0068098060445385,0.0238136462694409));
#15303=CARTESIAN_POINT('',(-0.0830416846746282,-0.0068098060445385,0.026043485660347));
#15304=CARTESIAN_POINT('',(-0.0918553074916956,-0.0125848060445385,0.0150586747374735));
#15305=CARTESIAN_POINT('',(-0.0918553074916956,-0.0099848060445385,0.0150586747374735));
#15306=CARTESIAN_POINT('',(-0.0905053074916956,-0.0099848060445385,0.0150586747374735));
#15307=CARTESIAN_POINT('',(-0.134095307491696,-0.0099848060445385,0.0143486747374735));
#15308=CARTESIAN_POINT('',(-0.108912532145519,0.0885085900358731,0.0194274778502585));
#15309=CARTESIAN_POINT('',(-0.0818279434091532,-0.0036348060445385,0.0250874778502585));
#15310=CARTESIAN_POINT('',(-0.101927943409153,-0.0036348060445385,0.0250874778502585));
#15311=CARTESIAN_POINT('',(0.0194288754536074,-0.155067890844929,-0.352353687091999));
#15312=CARTESIAN_POINT('',(0.0194288754536074,-0.155067890844929,-0.352353687091999));
#15313=CARTESIAN_POINT('',(0.0817287845640276,-0.134664238493126,-0.337187370357561));
#15314=CARTESIAN_POINT('',(-0.135434900311377,-0.0277660513145481,0.0392611611552148));
#15315=CARTESIAN_POINT('',(-0.135434900311377,-0.0277660513145481,-0.057308982292873));
#15316=CARTESIAN_POINT('',(-0.135434900311377,-0.0277660513145481,-0.0337388388447852));
#15317=CARTESIAN_POINT('',(-0.135434900311377,-0.0277660513145481,0.0392611611552148));
#15318=CARTESIAN_POINT('',(-0.135434900311377,-0.0277660513145481,-0.0337388388447852));
#15319=CARTESIAN_POINT('',(-0.13129673167427,-0.0277660513145481,-0.0337388388447852));
#15320=CARTESIAN_POINT('',(-0.13129673167427,-0.0277660513145481,0.0392611611552148));
#15321=CARTESIAN_POINT('',(-0.13129673167427,-0.0277660513145481,0.0392611611552148));
#15322=CARTESIAN_POINT('',(-0.135434900311377,-0.0277660513145481,0.0392611611552148));
#15323=CARTESIAN_POINT('',(-0.135434900311377,-0.00110789382151508,0.0392611611552148));
#15324=CARTESIAN_POINT('',(-0.135434900311377,-0.00110789382151508,-0.0337388388447852));
#15325=CARTESIAN_POINT('',(-0.135434900311377,-0.00110789382151508,-0.0337388388447852));
#15326=CARTESIAN_POINT('',(-0.13129673167427,-0.00110789382151508,-0.0337388388447852));
#15327=CARTESIAN_POINT('',(-0.135434900311377,-0.00110789382151508,-0.057308982292873));
#15328=CARTESIAN_POINT('',(-0.135434900311377,-0.00110789382151508,0.0392611611552148));
#15329=CARTESIAN_POINT('',(-0.135434900311377,-0.00110789382151508,0.0392611611552148));
#15330=CARTESIAN_POINT('',(-0.13129673167427,-0.00110789382151508,0.0392611611552148));
#15331=CARTESIAN_POINT('',(-0.13129673167427,-0.00110789382151508,0.0392611611552148));
#15332=CARTESIAN_POINT('',(-0.119071173806822,-0.0143304552138752,0.0392611611552148));
#15333=CARTESIAN_POINT('',(-0.135434900311377,-0.0144369725680316,0.0392611611552148));
#15334=CARTESIAN_POINT('',(-0.13129673167427,-0.0144369725680315,0.0392611611552148));
#15335=CARTESIAN_POINT('',(-0.13129673167427,-0.0144369725680315,0.0392611611552148));
#15336=CARTESIAN_POINT('',(-0.13129673167427,-0.0144369725680315,-0.0337388388447852));
#15337=CARTESIAN_POINT('',(-0.119071173806822,-0.0143304552138752,-0.0337388388447852));
#15338=CARTESIAN_POINT('',(-0.135434900311377,-0.0143304552138752,-0.0337388388447852));
#15339=CARTESIAN_POINT('',(-0.135434900311377,-0.0144369725680316,-0.057308982292873));
#15340=CARTESIAN_POINT('',(0.115632893007184,-0.13472224145911,-0.337187370260653));
#15341=CARTESIAN_POINT('',(0.0817287845640276,-0.134664238493126,-0.337187370357561));
#15342=CARTESIAN_POINT('',(-0.0163786602996011,-0.155067890887336,-0.352353687193934));
#15343=CARTESIAN_POINT('',(-0.0163786602996011,-0.155067890887336,-0.352353687193934));
#15344=MECHANICAL_DESIGN_GEOMETRIC_PRESENTATION_REPRESENTATION('',(#8908,
#8909,#8910,#8911,#8912,#8913,#8914,#8915,#8916,#8917,#8918,#8919),#15345);
#15345=(
GEOMETRIC_REPRESENTATION_CONTEXT(3)
GLOBAL_UNCERTAINTY_ASSIGNED_CONTEXT((#15358))
GLOBAL_UNIT_ASSIGNED_CONTEXT((#15373,#15372,#15371))
REPRESENTATION_CONTEXT('IODR AS7262 block v3','TOP_LEVEL_ASSEMBLY_PART')
);
#15346=(
GEOMETRIC_REPRESENTATION_CONTEXT(3)
GLOBAL_UNCERTAINTY_ASSIGNED_CONTEXT((#15359))
GLOBAL_UNIT_ASSIGNED_CONTEXT((#15373,#15372,#15371))
REPRESENTATION_CONTEXT('Part 4','COMPONENT_PART')
);
#15347=(
GEOMETRIC_REPRESENTATION_CONTEXT(3)
GLOBAL_UNCERTAINTY_ASSIGNED_CONTEXT((#15360))
GLOBAL_UNIT_ASSIGNED_CONTEXT((#15373,#15372,#15371))
REPRESENTATION_CONTEXT('Part 1','COMPONENT_PART')
);
#15348=(
GEOMETRIC_REPRESENTATION_CONTEXT(3)
GLOBAL_UNCERTAINTY_ASSIGNED_CONTEXT((#15361))
GLOBAL_UNIT_ASSIGNED_CONTEXT((#15373,#15372,#15371))
REPRESENTATION_CONTEXT('Part 1','COMPONENT_PART')
);
#15349=(
GEOMETRIC_REPRESENTATION_CONTEXT(3)
GLOBAL_UNCERTAINTY_ASSIGNED_CONTEXT((#15362))
GLOBAL_UNIT_ASSIGNED_CONTEXT((#15373,#15372,#15371))
REPRESENTATION_CONTEXT('Part 1','COMPONENT_PART')
);
#15350=(
GEOMETRIC_REPRESENTATION_CONTEXT(3)
GLOBAL_UNCERTAINTY_ASSIGNED_CONTEXT((#15363))
GLOBAL_UNIT_ASSIGNED_CONTEXT((#15373,#15372,#15371))
REPRESENTATION_CONTEXT('Part 6','COMPONENT_PART')
);
#15351=(
GEOMETRIC_REPRESENTATION_CONTEXT(3)
GLOBAL_UNCERTAINTY_ASSIGNED_CONTEXT((#15364))
GLOBAL_UNIT_ASSIGNED_CONTEXT((#15373,#15372,#15371))
REPRESENTATION_CONTEXT('Part 6','COMPONENT_PART')
);
#15352=(
GEOMETRIC_REPRESENTATION_CONTEXT(3)
GLOBAL_UNCERTAINTY_ASSIGNED_CONTEXT((#15365))
GLOBAL_UNIT_ASSIGNED_CONTEXT((#15373,#15372,#15371))
REPRESENTATION_CONTEXT('Part 3','COMPONENT_PART')
);
#15353=(
GEOMETRIC_REPRESENTATION_CONTEXT(3)
GLOBAL_UNCERTAINTY_ASSIGNED_CONTEXT((#15366))
GLOBAL_UNIT_ASSIGNED_CONTEXT((#15373,#15372,#15371))
REPRESENTATION_CONTEXT('Part 5','COMPONENT_PART')
);
#15354=(
GEOMETRIC_REPRESENTATION_CONTEXT(3)
GLOBAL_UNCERTAINTY_ASSIGNED_CONTEXT((#15367))
GLOBAL_UNIT_ASSIGNED_CONTEXT((#15373,#15372,#15371))
REPRESENTATION_CONTEXT('Part 3','COMPONENT_PART')
);
#15355=(
GEOMETRIC_REPRESENTATION_CONTEXT(3)
GLOBAL_UNCERTAINTY_ASSIGNED_CONTEXT((#15368))
GLOBAL_UNIT_ASSIGNED_CONTEXT((#15373,#15372,#15371))
REPRESENTATION_CONTEXT('Part 5','COMPONENT_PART')
);
#15356=(
GEOMETRIC_REPRESENTATION_CONTEXT(3)
GLOBAL_UNCERTAINTY_ASSIGNED_CONTEXT((#15369))
GLOBAL_UNIT_ASSIGNED_CONTEXT((#15373,#15372,#15371))
REPRESENTATION_CONTEXT('Part 1','COMPONENT_PART')
);
#15357=(
GEOMETRIC_REPRESENTATION_CONTEXT(3)
GLOBAL_UNCERTAINTY_ASSIGNED_CONTEXT((#15370))
GLOBAL_UNIT_ASSIGNED_CONTEXT((#15373,#15372,#15371))
REPRESENTATION_CONTEXT('Part 4','COMPONENT_PART')
);
#15358=UNCERTAINTY_MEASURE_WITH_UNIT(LENGTH_MEASURE(1.E-8),#15373,
'DISTANCE_ACCURACY_VALUE','Maximum Tolerance applied to model');
#15359=UNCERTAINTY_MEASURE_WITH_UNIT(LENGTH_MEASURE(1.E-8),#15373,
'DISTANCE_ACCURACY_VALUE','Maximum Tolerance applied to model');
#15360=UNCERTAINTY_MEASURE_WITH_UNIT(LENGTH_MEASURE(2.E-5),#15373,
'DISTANCE_ACCURACY_VALUE','Maximum Tolerance applied to model');
#15361=UNCERTAINTY_MEASURE_WITH_UNIT(LENGTH_MEASURE(2.E-5),#15373,
'DISTANCE_ACCURACY_VALUE','Maximum Tolerance applied to model');
#15362=UNCERTAINTY_MEASURE_WITH_UNIT(LENGTH_MEASURE(1.E-6),#15373,
'DISTANCE_ACCURACY_VALUE','Maximum Tolerance applied to model');
#15363=UNCERTAINTY_MEASURE_WITH_UNIT(LENGTH_MEASURE(1.E-8),#15373,
'DISTANCE_ACCURACY_VALUE','Maximum Tolerance applied to model');
#15364=UNCERTAINTY_MEASURE_WITH_UNIT(LENGTH_MEASURE(2.2E-7),#15373,
'DISTANCE_ACCURACY_VALUE','Maximum Tolerance applied to model');
#15365=UNCERTAINTY_MEASURE_WITH_UNIT(LENGTH_MEASURE(1.E-8),#15373,
'DISTANCE_ACCURACY_VALUE','Maximum Tolerance applied to model');
#15366=UNCERTAINTY_MEASURE_WITH_UNIT(LENGTH_MEASURE(1.E-8),#15373,
'DISTANCE_ACCURACY_VALUE','Maximum Tolerance applied to model');
#15367=UNCERTAINTY_MEASURE_WITH_UNIT(LENGTH_MEASURE(2.2E-7),#15373,
'DISTANCE_ACCURACY_VALUE','Maximum Tolerance applied to model');
#15368=UNCERTAINTY_MEASURE_WITH_UNIT(LENGTH_MEASURE(2.20000000006939E-7),
#15373,'DISTANCE_ACCURACY_VALUE','Maximum Tolerance applied to model');
#15369=UNCERTAINTY_MEASURE_WITH_UNIT(LENGTH_MEASURE(1.E-6),#15373,
'DISTANCE_ACCURACY_VALUE','Maximum Tolerance applied to model');
#15370=UNCERTAINTY_MEASURE_WITH_UNIT(LENGTH_MEASURE(2.2E-7),#15373,
'DISTANCE_ACCURACY_VALUE','Maximum Tolerance applied to model');
#15371=(
NAMED_UNIT(*)
SI_UNIT($,.STERADIAN.)
SOLID_ANGLE_UNIT()
);
#15372=(
NAMED_UNIT(*)
PLANE_ANGLE_UNIT()
SI_UNIT($,.RADIAN.)
);
#15373=(
LENGTH_UNIT()
NAMED_UNIT(*)
SI_UNIT($,.METRE.)
);
#15374=PRODUCT_DEFINITION_SHAPE('','',#15411);
#15375=PRODUCT_DEFINITION_SHAPE('','',#15412);
#15376=PRODUCT_DEFINITION_SHAPE(' ','NAUO PRDDFN',#2056);
#15377=PRODUCT_DEFINITION_SHAPE('','',#15413);
#15378=PRODUCT_DEFINITION_SHAPE(' ','NAUO PRDDFN',#2057);
#15379=PRODUCT_DEFINITION_SHAPE('','',#15414);
#15380=PRODUCT_DEFINITION_SHAPE(' ','NAUO PRDDFN',#2058);
#15381=PRODUCT_DEFINITION_SHAPE('','',#15415);
#15382=PRODUCT_DEFINITION_SHAPE(' ','NAUO PRDDFN',#2059);
#15383=PRODUCT_DEFINITION_SHAPE('','',#15416);
#15384=PRODUCT_DEFINITION_SHAPE(' ','NAUO PRDDFN',#2060);
#15385=PRODUCT_DEFINITION_SHAPE('','',#15417);
#15386=PRODUCT_DEFINITION_SHAPE(' ','NAUO PRDDFN',#2061);
#15387=PRODUCT_DEFINITION_SHAPE('','',#15418);
#15388=PRODUCT_DEFINITION_SHAPE(' ','NAUO PRDDFN',#2062);
#15389=PRODUCT_DEFINITION_SHAPE(' ','NAUO PRDDFN',#2063);
#15390=PRODUCT_DEFINITION_SHAPE('','',#15419);
#15391=PRODUCT_DEFINITION_SHAPE(' ','NAUO PRDDFN',#2064);
#15392=PRODUCT_DEFINITION_SHAPE(' ','NAUO PRDDFN',#2065);
#15393=PRODUCT_DEFINITION_SHAPE(' ','NAUO PRDDFN',#2066);
#15394=PRODUCT_DEFINITION_SHAPE('','',#15420);
#15395=PRODUCT_DEFINITION_SHAPE(' ','NAUO PRDDFN',#2067);
#15396=PRODUCT_DEFINITION_SHAPE('','',#15421);
#15397=PRODUCT_DEFINITION_SHAPE(' ','NAUO PRDDFN',#2068);
#15398=PRODUCT_DEFINITION_SHAPE(' ','NAUO PRDDFN',#2069);
#15399=PRODUCT_DEFINITION_SHAPE(' ','NAUO PRDDFN',#2070);
#15400=PRODUCT_DEFINITION_SHAPE(' ','NAUO PRDDFN',#2071);
#15401=PRODUCT_DEFINITION_SHAPE(' ','NAUO PRDDFN',#2072);
#15402=PRODUCT_DEFINITION_SHAPE('','',#15422);
#15403=PRODUCT_DEFINITION_SHAPE(' ','NAUO PRDDFN',#2073);
#15404=PRODUCT_DEFINITION_SHAPE(' ','NAUO PRDDFN',#2074);
#15405=PRODUCT_DEFINITION_SHAPE(' ','NAUO PRDDFN',#2075);
#15406=PRODUCT_DEFINITION_SHAPE('','',#15423);
#15407=PRODUCT_DEFINITION_SHAPE(' ','NAUO PRDDFN',#2076);
#15408=PRODUCT_DEFINITION_SHAPE(' ','NAUO PRDDFN',#2077);
#15409=PRODUCT_DEFINITION_SHAPE(' ','NAUO PRDDFN',#2078);
#15410=PRODUCT_DEFINITION_SHAPE(' ','NAUO PRDDFN',#2079);
#15411=PRODUCT_DEFINITION('','',#15437,#15424);
#15412=PRODUCT_DEFINITION('','',#15438,#15425);
#15413=PRODUCT_DEFINITION('','',#15439,#15426);
#15414=PRODUCT_DEFINITION('','',#15440,#15427);
#15415=PRODUCT_DEFINITION('','',#15441,#15428);
#15416=PRODUCT_DEFINITION('','',#15442,#15429);
#15417=PRODUCT_DEFINITION('','',#15443,#15430);
#15418=PRODUCT_DEFINITION('','',#15444,#15431);
#15419=PRODUCT_DEFINITION('','',#15445,#15432);
#15420=PRODUCT_DEFINITION('','',#15446,#15433);
#15421=PRODUCT_DEFINITION('','',#15447,#15434);
#15422=PRODUCT_DEFINITION('','',#15448,#15435);
#15423=PRODUCT_DEFINITION('','',#15449,#15436);
#15424=PRODUCT_DEFINITION_CONTEXT('',#15503,'design');
#15425=PRODUCT_DEFINITION_CONTEXT('',#15503,'design');
#15426=PRODUCT_DEFINITION_CONTEXT('',#15503,'design');
#15427=PRODUCT_DEFINITION_CONTEXT('',#15503,'design');
#15428=PRODUCT_DEFINITION_CONTEXT('',#15503,'design');
#15429=PRODUCT_DEFINITION_CONTEXT('',#15503,'design');
#15430=PRODUCT_DEFINITION_CONTEXT('',#15503,'design');
#15431=PRODUCT_DEFINITION_CONTEXT('',#15503,'design');
#15432=PRODUCT_DEFINITION_CONTEXT('',#15503,'design');
#15433=PRODUCT_DEFINITION_CONTEXT('',#15503,'design');
#15434=PRODUCT_DEFINITION_CONTEXT('',#15503,'design');
#15435=PRODUCT_DEFINITION_CONTEXT('',#15503,'design');
#15436=PRODUCT_DEFINITION_CONTEXT('',#15503,'design');
#15437=PRODUCT_DEFINITION_FORMATION_WITH_SPECIFIED_SOURCE('','',#15463,
 .NOT_KNOWN.);
#15438=PRODUCT_DEFINITION_FORMATION_WITH_SPECIFIED_SOURCE('','',#15464,
 .NOT_KNOWN.);
#15439=PRODUCT_DEFINITION_FORMATION_WITH_SPECIFIED_SOURCE('','',#15465,
 .NOT_KNOWN.);
#15440=PRODUCT_DEFINITION_FORMATION_WITH_SPECIFIED_SOURCE('','',#15466,
 .NOT_KNOWN.);
#15441=PRODUCT_DEFINITION_FORMATION_WITH_SPECIFIED_SOURCE('','',#15467,
 .NOT_KNOWN.);
#15442=PRODUCT_DEFINITION_FORMATION_WITH_SPECIFIED_SOURCE('','',#15468,
 .NOT_KNOWN.);
#15443=PRODUCT_DEFINITION_FORMATION_WITH_SPECIFIED_SOURCE('','',#15469,
 .NOT_KNOWN.);
#15444=PRODUCT_DEFINITION_FORMATION_WITH_SPECIFIED_SOURCE('','',#15470,
 .NOT_KNOWN.);
#15445=PRODUCT_DEFINITION_FORMATION_WITH_SPECIFIED_SOURCE('','',#15471,
 .NOT_KNOWN.);
#15446=PRODUCT_DEFINITION_FORMATION_WITH_SPECIFIED_SOURCE('','',#15472,
 .NOT_KNOWN.);
#15447=PRODUCT_DEFINITION_FORMATION_WITH_SPECIFIED_SOURCE('','',#15473,
 .NOT_KNOWN.);
#15448=PRODUCT_DEFINITION_FORMATION_WITH_SPECIFIED_SOURCE('','',#15474,
 .NOT_KNOWN.);
#15449=PRODUCT_DEFINITION_FORMATION_WITH_SPECIFIED_SOURCE('','',#15475,
 .NOT_KNOWN.);
#15450=PRODUCT_RELATED_PRODUCT_CATEGORY('','',(#15463));
#15451=PRODUCT_RELATED_PRODUCT_CATEGORY('','',(#15464));
#15452=PRODUCT_RELATED_PRODUCT_CATEGORY('','',(#15465));
#15453=PRODUCT_RELATED_PRODUCT_CATEGORY('','',(#15466));
#15454=PRODUCT_RELATED_PRODUCT_CATEGORY('','',(#15467));
#15455=PRODUCT_RELATED_PRODUCT_CATEGORY('','',(#15468));
#15456=PRODUCT_RELATED_PRODUCT_CATEGORY('','',(#15469));
#15457=PRODUCT_RELATED_PRODUCT_CATEGORY('','',(#15470));
#15458=PRODUCT_RELATED_PRODUCT_CATEGORY('','',(#15471));
#15459=PRODUCT_RELATED_PRODUCT_CATEGORY('','',(#15472));
#15460=PRODUCT_RELATED_PRODUCT_CATEGORY('','',(#15473));
#15461=PRODUCT_RELATED_PRODUCT_CATEGORY('','',(#15474));
#15462=PRODUCT_RELATED_PRODUCT_CATEGORY('','',(#15475));
#15463=PRODUCT('IODR AS7262 block v3','IODR AS7262 block v3',
'IODR AS7262 block v3',(#15489));
#15464=PRODUCT('Part 4','Part 4','Part 4',(#15490));
#15465=PRODUCT('Part 1','Part 1','Part 1',(#15491));
#15466=PRODUCT('Part 1','Part 1','Part 1',(#15492));
#15467=PRODUCT('Part 1','Part 1','Part 1',(#15493));
#15468=PRODUCT('Part 6','Part 6','Part 6',(#15494));
#15469=PRODUCT('Part 6','Part 6','Part 6',(#15495));
#15470=PRODUCT('Part 3','Part 3','Part 3',(#15496));
#15471=PRODUCT('Part 5','Part 5','Part 5',(#15497));
#15472=PRODUCT('Part 3','Part 3','Part 3',(#15498));
#15473=PRODUCT('Part 5','Part 5','Part 5',(#15499));
#15474=PRODUCT('Part 1','Part 1','Part 1',(#15500));
#15475=PRODUCT('Part 4','Part 4','Part 4',(#15501));
#15476=PRODUCT_CATEGORY('','');
#15477=PRODUCT_CATEGORY('','');
#15478=PRODUCT_CATEGORY('','');
#15479=PRODUCT_CATEGORY('','');
#15480=PRODUCT_CATEGORY('','');
#15481=PRODUCT_CATEGORY('','');
#15482=PRODUCT_CATEGORY('','');
#15483=PRODUCT_CATEGORY('','');
#15484=PRODUCT_CATEGORY('','');
#15485=PRODUCT_CATEGORY('','');
#15486=PRODUCT_CATEGORY('','');
#15487=PRODUCT_CATEGORY('','');
#15488=PRODUCT_CATEGORY('','');
#15489=PRODUCT_CONTEXT('',#15503,'mechanical');
#15490=PRODUCT_CONTEXT('',#15503,'mechanical');
#15491=PRODUCT_CONTEXT('',#15503,'mechanical');
#15492=PRODUCT_CONTEXT('',#15503,'mechanical');
#15493=PRODUCT_CONTEXT('',#15503,'mechanical');
#15494=PRODUCT_CONTEXT('',#15503,'mechanical');
#15495=PRODUCT_CONTEXT('',#15503,'mechanical');
#15496=PRODUCT_CONTEXT('',#15503,'mechanical');
#15497=PRODUCT_CONTEXT('',#15503,'mechanical');
#15498=PRODUCT_CONTEXT('',#15503,'mechanical');
#15499=PRODUCT_CONTEXT('',#15503,'mechanical');
#15500=PRODUCT_CONTEXT('',#15503,'mechanical');
#15501=PRODUCT_CONTEXT('',#15503,'mechanical');
#15502=APPLICATION_PROTOCOL_DEFINITION('international standard',
'ap242_managed_model_based_3d_engineering',2020,#15503);
#15503=APPLICATION_CONTEXT('managed model based 3d engineering');
ENDSEC;
END-ISO-10303-21;
