ISO-10303-21;
HEADER;
/* Generated by software containing ST-Developer
 * from STEP Tools, Inc. (www.steptools.com) 
 */
/* OPTION: using custom renumber hook */

FILE_DESCRIPTION(
/* description */ ('STEP AP242 Edition 2',
'CAx-IF Rec.Pracs.---Representation and Presentation of Product Manufa
cturing Information (PMI)---4.0---2014-10-13',
'CAx-IF Rec.Pracs.---3D Tessellated Geometry---0.4---2014-09-14','2;1',
'CAx-IF Rec.Pracs.---User Defined Attributes---1.5---2016-08-15'),
/* implementation_level */ '2;1');

FILE_NAME(
/* name */ '6a87220b32d0af4d5e4df4d5',
/* time_stamp */ '2026-08-20T15:49:32Z',
/* author */ (''),
/* organization */ (''),
/* preprocessor_version */ 'ST-DEVELOPER v20',
/* originating_system */ 'ONSHAPE BY PTC INC, 1.219',
/* authorisation */ '  ');

FILE_SCHEMA (('AP242_MANAGED_MODEL_BASED_3D_ENGINEERING_MIM_LF { 1 0 10303 442 3 1 4 }'));
ENDSEC;

DATA;
#10=B_SPLINE_CURVE_WITH_KNOTS('',2,(#12221,#12222,#12223),.UNSPECIFIED.,
 .F.,.F.,(3,3),(0.,1.),.PIECEWISE_BEZIER_KNOTS.);
#11=B_SPLINE_CURVE_WITH_KNOTS('',2,(#12228,#12229,#12230),.UNSPECIFIED.,
 .F.,.F.,(3,3),(0.,1.),.PIECEWISE_BEZIER_KNOTS.);
#12=B_SPLINE_CURVE_WITH_KNOTS('',2,(#12241,#12242,#12243),.UNSPECIFIED.,
 .F.,.F.,(3,3),(0.,1.),.PIECEWISE_BEZIER_KNOTS.);
#13=B_SPLINE_CURVE_WITH_KNOTS('',2,(#12247,#12248,#12249),.UNSPECIFIED.,
 .F.,.F.,(3,3),(0.,1.),.PIECEWISE_BEZIER_KNOTS.);
#14=B_SPLINE_CURVE_WITH_KNOTS('',2,(#12258,#12259,#12260),.UNSPECIFIED.,
 .F.,.F.,(3,3),(0.,1.),.PIECEWISE_BEZIER_KNOTS.);
#15=B_SPLINE_CURVE_WITH_KNOTS('',2,(#12264,#12265,#12266),.UNSPECIFIED.,
 .F.,.F.,(3,3),(0.,1.),.PIECEWISE_BEZIER_KNOTS.);
#16=B_SPLINE_CURVE_WITH_KNOTS('',2,(#12293,#12294,#12295),.UNSPECIFIED.,
 .F.,.F.,(3,3),(0.,1.),.PIECEWISE_BEZIER_KNOTS.);
#17=B_SPLINE_CURVE_WITH_KNOTS('',2,(#12299,#12300,#12301),.UNSPECIFIED.,
 .F.,.F.,(3,3),(0.,1.),.PIECEWISE_BEZIER_KNOTS.);
#18=B_SPLINE_CURVE_WITH_KNOTS('',2,(#12316,#12317,#12318),.UNSPECIFIED.,
 .F.,.F.,(3,3),(0.,1.),.PIECEWISE_BEZIER_KNOTS.);
#19=B_SPLINE_CURVE_WITH_KNOTS('',2,(#12322,#12323,#12324),.UNSPECIFIED.,
 .F.,.F.,(3,3),(0.,1.),.PIECEWISE_BEZIER_KNOTS.);
#20=B_SPLINE_CURVE_WITH_KNOTS('',2,(#12333,#12334,#12335),.UNSPECIFIED.,
 .F.,.F.,(3,3),(0.,1.),.PIECEWISE_BEZIER_KNOTS.);
#21=B_SPLINE_CURVE_WITH_KNOTS('',2,(#12339,#12340,#12341),.UNSPECIFIED.,
 .F.,.F.,(3,3),(0.,1.),.PIECEWISE_BEZIER_KNOTS.);
#22=B_SPLINE_CURVE_WITH_KNOTS('',2,(#12350,#12351,#12352),.UNSPECIFIED.,
 .F.,.F.,(3,3),(0.,1.),.PIECEWISE_BEZIER_KNOTS.);
#23=B_SPLINE_CURVE_WITH_KNOTS('',2,(#12356,#12357,#12358),.UNSPECIFIED.,
 .F.,.F.,(3,3),(0.,1.),.PIECEWISE_BEZIER_KNOTS.);
#24=B_SPLINE_CURVE_WITH_KNOTS('',2,(#12367,#12368,#12369),.UNSPECIFIED.,
 .F.,.F.,(3,3),(0.,1.),.PIECEWISE_BEZIER_KNOTS.);
#25=B_SPLINE_CURVE_WITH_KNOTS('',2,(#12373,#12374,#12375),.UNSPECIFIED.,
 .F.,.F.,(3,3),(0.,1.),.PIECEWISE_BEZIER_KNOTS.);
#26=B_SPLINE_CURVE_WITH_KNOTS('',2,(#12402,#12403,#12404),.UNSPECIFIED.,
 .F.,.F.,(3,3),(0.,1.),.PIECEWISE_BEZIER_KNOTS.);
#27=B_SPLINE_CURVE_WITH_KNOTS('',2,(#12408,#12409,#12410),.UNSPECIFIED.,
 .F.,.F.,(3,3),(0.,1.),.PIECEWISE_BEZIER_KNOTS.);
#28=B_SPLINE_CURVE_WITH_KNOTS('',2,(#12419,#12420,#12421),.UNSPECIFIED.,
 .F.,.F.,(3,3),(0.,1.),.PIECEWISE_BEZIER_KNOTS.);
#29=B_SPLINE_CURVE_WITH_KNOTS('',2,(#12425,#12426,#12427),.UNSPECIFIED.,
 .F.,.F.,(3,3),(0.,1.),.PIECEWISE_BEZIER_KNOTS.);
#30=B_SPLINE_CURVE_WITH_KNOTS('',2,(#12466,#12467,#12468),.UNSPECIFIED.,
 .F.,.F.,(3,3),(0.,1.),.PIECEWISE_BEZIER_KNOTS.);
#31=B_SPLINE_CURVE_WITH_KNOTS('',2,(#12472,#12473,#12474),.UNSPECIFIED.,
 .F.,.F.,(3,3),(0.,1.),.PIECEWISE_BEZIER_KNOTS.);
#32=B_SPLINE_CURVE_WITH_KNOTS('',2,(#12483,#12484,#12485),.UNSPECIFIED.,
 .F.,.F.,(3,3),(0.,1.),.PIECEWISE_BEZIER_KNOTS.);
#33=B_SPLINE_CURVE_WITH_KNOTS('',2,(#12489,#12490,#12491),.UNSPECIFIED.,
 .F.,.F.,(3,3),(0.,1.),.PIECEWISE_BEZIER_KNOTS.);
#34=B_SPLINE_CURVE_WITH_KNOTS('',2,(#12500,#12501,#12502),.UNSPECIFIED.,
 .F.,.F.,(3,3),(0.,1.),.PIECEWISE_BEZIER_KNOTS.);
#35=B_SPLINE_CURVE_WITH_KNOTS('',2,(#12506,#12507,#12508),.UNSPECIFIED.,
 .F.,.F.,(3,3),(0.,1.),.PIECEWISE_BEZIER_KNOTS.);
#36=B_SPLINE_CURVE_WITH_KNOTS('',2,(#12517,#12518,#12519),.UNSPECIFIED.,
 .F.,.F.,(3,3),(0.,1.),.PIECEWISE_BEZIER_KNOTS.);
#37=B_SPLINE_CURVE_WITH_KNOTS('',2,(#12523,#12524,#12525),.UNSPECIFIED.,
 .F.,.F.,(3,3),(0.,1.),.PIECEWISE_BEZIER_KNOTS.);
#38=B_SPLINE_CURVE_WITH_KNOTS('',2,(#12540,#12541,#12542),.UNSPECIFIED.,
 .F.,.F.,(3,3),(0.,1.),.PIECEWISE_BEZIER_KNOTS.);
#39=B_SPLINE_CURVE_WITH_KNOTS('',2,(#12543,#12544,#12545),.UNSPECIFIED.,
 .F.,.F.,(3,3),(0.,1.),.PIECEWISE_BEZIER_KNOTS.);
#40=B_SPLINE_CURVE_WITH_KNOTS('',2,(#12557,#12558,#12559),.UNSPECIFIED.,
 .F.,.F.,(3,3),(0.,1.),.PIECEWISE_BEZIER_KNOTS.);
#41=B_SPLINE_CURVE_WITH_KNOTS('',2,(#12564,#12565,#12566),.UNSPECIFIED.,
 .F.,.F.,(3,3),(0.,1.),.PIECEWISE_BEZIER_KNOTS.);
#42=B_SPLINE_CURVE_WITH_KNOTS('',2,(#12577,#12578,#12579),.UNSPECIFIED.,
 .F.,.F.,(3,3),(0.,1.),.PIECEWISE_BEZIER_KNOTS.);
#43=B_SPLINE_CURVE_WITH_KNOTS('',2,(#12583,#12584,#12585),.UNSPECIFIED.,
 .F.,.F.,(3,3),(0.,1.),.PIECEWISE_BEZIER_KNOTS.);
#44=B_SPLINE_CURVE_WITH_KNOTS('',2,(#12594,#12595,#12596),.UNSPECIFIED.,
 .F.,.F.,(3,3),(0.,1.),.PIECEWISE_BEZIER_KNOTS.);
#45=B_SPLINE_CURVE_WITH_KNOTS('',2,(#12600,#12601,#12602),.UNSPECIFIED.,
 .F.,.F.,(3,3),(0.,1.),.PIECEWISE_BEZIER_KNOTS.);
#46=B_SPLINE_CURVE_WITH_KNOTS('',2,(#12611,#12612,#12613),.UNSPECIFIED.,
 .F.,.F.,(3,3),(0.,1.),.PIECEWISE_BEZIER_KNOTS.);
#47=B_SPLINE_CURVE_WITH_KNOTS('',2,(#12617,#12618,#12619),.UNSPECIFIED.,
 .F.,.F.,(3,3),(0.,1.),.PIECEWISE_BEZIER_KNOTS.);
#48=B_SPLINE_CURVE_WITH_KNOTS('',2,(#12628,#12629,#12630),.UNSPECIFIED.,
 .F.,.F.,(3,3),(0.,1.),.PIECEWISE_BEZIER_KNOTS.);
#49=B_SPLINE_CURVE_WITH_KNOTS('',2,(#12634,#12635,#12636),.UNSPECIFIED.,
 .F.,.F.,(3,3),(0.,1.),.PIECEWISE_BEZIER_KNOTS.);
#50=B_SPLINE_CURVE_WITH_KNOTS('',2,(#12645,#12646,#12647),.UNSPECIFIED.,
 .F.,.F.,(3,3),(0.,1.),.PIECEWISE_BEZIER_KNOTS.);
#51=B_SPLINE_CURVE_WITH_KNOTS('',2,(#12651,#12652,#12653),.UNSPECIFIED.,
 .F.,.F.,(3,3),(0.,1.),.PIECEWISE_BEZIER_KNOTS.);
#52=B_SPLINE_CURVE_WITH_KNOTS('',2,(#12662,#12663,#12664),.UNSPECIFIED.,
 .F.,.F.,(3,3),(0.,1.),.PIECEWISE_BEZIER_KNOTS.);
#53=B_SPLINE_CURVE_WITH_KNOTS('',2,(#12668,#12669,#12670),.UNSPECIFIED.,
 .F.,.F.,(3,3),(0.,1.),.PIECEWISE_BEZIER_KNOTS.);
#54=B_SPLINE_CURVE_WITH_KNOTS('',2,(#12679,#12680,#12681),.UNSPECIFIED.,
 .F.,.F.,(3,3),(0.,1.),.PIECEWISE_BEZIER_KNOTS.);
#55=B_SPLINE_CURVE_WITH_KNOTS('',2,(#12686,#12687,#12688),.UNSPECIFIED.,
 .F.,.F.,(3,3),(0.,1.),.PIECEWISE_BEZIER_KNOTS.);
#56=B_SPLINE_CURVE_WITH_KNOTS('',2,(#12699,#12700,#12701),.UNSPECIFIED.,
 .F.,.F.,(3,3),(0.,1.),.PIECEWISE_BEZIER_KNOTS.);
#57=B_SPLINE_CURVE_WITH_KNOTS('',2,(#12705,#12706,#12707),.UNSPECIFIED.,
 .F.,.F.,(3,3),(0.,1.),.PIECEWISE_BEZIER_KNOTS.);
#58=B_SPLINE_CURVE_WITH_KNOTS('',2,(#12716,#12717,#12718),.UNSPECIFIED.,
 .F.,.F.,(3,3),(0.,1.),.PIECEWISE_BEZIER_KNOTS.);
#59=B_SPLINE_CURVE_WITH_KNOTS('',2,(#12722,#12723,#12724),.UNSPECIFIED.,
 .F.,.F.,(3,3),(0.,1.),.PIECEWISE_BEZIER_KNOTS.);
#60=B_SPLINE_CURVE_WITH_KNOTS('',2,(#12733,#12734,#12735),.UNSPECIFIED.,
 .F.,.F.,(3,3),(0.,1.),.PIECEWISE_BEZIER_KNOTS.);
#61=B_SPLINE_CURVE_WITH_KNOTS('',2,(#12739,#12740,#12741),.UNSPECIFIED.,
 .F.,.F.,(3,3),(0.,1.),.PIECEWISE_BEZIER_KNOTS.);
#62=B_SPLINE_CURVE_WITH_KNOTS('',2,(#12750,#12751,#12752),.UNSPECIFIED.,
 .F.,.F.,(3,3),(0.,1.),.PIECEWISE_BEZIER_KNOTS.);
#63=B_SPLINE_CURVE_WITH_KNOTS('',2,(#12756,#12757,#12758),.UNSPECIFIED.,
 .F.,.F.,(3,3),(0.,1.),.PIECEWISE_BEZIER_KNOTS.);
#64=B_SPLINE_CURVE_WITH_KNOTS('',2,(#12767,#12768,#12769),.UNSPECIFIED.,
 .F.,.F.,(3,3),(0.,1.),.PIECEWISE_BEZIER_KNOTS.);
#65=B_SPLINE_CURVE_WITH_KNOTS('',2,(#12773,#12774,#12775),.UNSPECIFIED.,
 .F.,.F.,(3,3),(0.,1.),.PIECEWISE_BEZIER_KNOTS.);
#66=B_SPLINE_CURVE_WITH_KNOTS('',2,(#12784,#12785,#12786),.UNSPECIFIED.,
 .F.,.F.,(3,3),(0.,1.),.PIECEWISE_BEZIER_KNOTS.);
#67=B_SPLINE_CURVE_WITH_KNOTS('',2,(#12790,#12791,#12792),.UNSPECIFIED.,
 .F.,.F.,(3,3),(0.,1.),.PIECEWISE_BEZIER_KNOTS.);
#68=B_SPLINE_CURVE_WITH_KNOTS('',2,(#12801,#12802,#12803),.UNSPECIFIED.,
 .F.,.F.,(3,3),(0.,1.),.PIECEWISE_BEZIER_KNOTS.);
#69=B_SPLINE_CURVE_WITH_KNOTS('',2,(#12804,#12805,#12806),.UNSPECIFIED.,
 .F.,.F.,(3,3),(0.,1.),.PIECEWISE_BEZIER_KNOTS.);
#70=B_SPLINE_CURVE_WITH_KNOTS('',2,(#12815,#12816,#12817),.UNSPECIFIED.,
 .F.,.F.,(3,3),(0.,1.),.PIECEWISE_BEZIER_KNOTS.);
#71=B_SPLINE_CURVE_WITH_KNOTS('',2,(#12818,#12819,#12820),.UNSPECIFIED.,
 .F.,.F.,(3,3),(0.,1.),.PIECEWISE_BEZIER_KNOTS.);
#72=B_SPLINE_CURVE_WITH_KNOTS('',2,(#12908,#12909,#12910),.UNSPECIFIED.,
 .F.,.F.,(3,3),(0.,1.),.PIECEWISE_BEZIER_KNOTS.);
#73=B_SPLINE_CURVE_WITH_KNOTS('',2,(#12915,#12916,#12917),.UNSPECIFIED.,
 .F.,.F.,(3,3),(0.,1.),.PIECEWISE_BEZIER_KNOTS.);
#74=B_SPLINE_CURVE_WITH_KNOTS('',2,(#12964,#12965,#12966),.UNSPECIFIED.,
 .F.,.F.,(3,3),(0.,1.),.PIECEWISE_BEZIER_KNOTS.);
#75=B_SPLINE_CURVE_WITH_KNOTS('',2,(#12970,#12971,#12972),.UNSPECIFIED.,
 .F.,.F.,(3,3),(0.,1.),.PIECEWISE_BEZIER_KNOTS.);
#76=B_SPLINE_CURVE_WITH_KNOTS('',2,(#12981,#12982,#12983),.UNSPECIFIED.,
 .F.,.F.,(3,3),(0.,1.),.PIECEWISE_BEZIER_KNOTS.);
#77=B_SPLINE_CURVE_WITH_KNOTS('',2,(#12987,#12988,#12989),.UNSPECIFIED.,
 .F.,.F.,(3,3),(0.,1.),.PIECEWISE_BEZIER_KNOTS.);
#78=B_SPLINE_CURVE_WITH_KNOTS('',2,(#12998,#12999,#13000),.UNSPECIFIED.,
 .F.,.F.,(3,3),(0.,1.),.PIECEWISE_BEZIER_KNOTS.);
#79=B_SPLINE_CURVE_WITH_KNOTS('',2,(#13005,#13006,#13007),.UNSPECIFIED.,
 .F.,.F.,(3,3),(0.,1.),.PIECEWISE_BEZIER_KNOTS.);
#80=B_SPLINE_CURVE_WITH_KNOTS('',2,(#13018,#13019,#13020),.UNSPECIFIED.,
 .F.,.F.,(3,3),(0.,1.),.PIECEWISE_BEZIER_KNOTS.);
#81=B_SPLINE_CURVE_WITH_KNOTS('',2,(#13024,#13025,#13026),.UNSPECIFIED.,
 .F.,.F.,(3,3),(0.,1.),.PIECEWISE_BEZIER_KNOTS.);
#82=B_SPLINE_CURVE_WITH_KNOTS('',2,(#13035,#13036,#13037),.UNSPECIFIED.,
 .F.,.F.,(3,3),(0.,1.),.PIECEWISE_BEZIER_KNOTS.);
#83=B_SPLINE_CURVE_WITH_KNOTS('',2,(#13041,#13042,#13043),.UNSPECIFIED.,
 .F.,.F.,(3,3),(0.,1.),.PIECEWISE_BEZIER_KNOTS.);
#84=B_SPLINE_CURVE_WITH_KNOTS('',2,(#13052,#13053,#13054),.UNSPECIFIED.,
 .F.,.F.,(3,3),(0.,1.),.PIECEWISE_BEZIER_KNOTS.);
#85=B_SPLINE_CURVE_WITH_KNOTS('',2,(#13058,#13059,#13060),.UNSPECIFIED.,
 .F.,.F.,(3,3),(0.,1.),.PIECEWISE_BEZIER_KNOTS.);
#86=B_SPLINE_CURVE_WITH_KNOTS('',2,(#13069,#13070,#13071),.UNSPECIFIED.,
 .F.,.F.,(3,3),(0.,1.),.PIECEWISE_BEZIER_KNOTS.);
#87=B_SPLINE_CURVE_WITH_KNOTS('',2,(#13075,#13076,#13077),.UNSPECIFIED.,
 .F.,.F.,(3,3),(0.,1.),.PIECEWISE_BEZIER_KNOTS.);
#88=B_SPLINE_CURVE_WITH_KNOTS('',2,(#13086,#13087,#13088),.UNSPECIFIED.,
 .F.,.F.,(3,3),(0.,1.),.PIECEWISE_BEZIER_KNOTS.);
#89=B_SPLINE_CURVE_WITH_KNOTS('',2,(#13092,#13093,#13094),.UNSPECIFIED.,
 .F.,.F.,(3,3),(0.,1.),.PIECEWISE_BEZIER_KNOTS.);
#90=B_SPLINE_CURVE_WITH_KNOTS('',2,(#13103,#13104,#13105),.UNSPECIFIED.,
 .F.,.F.,(3,3),(0.,1.),.PIECEWISE_BEZIER_KNOTS.);
#91=B_SPLINE_CURVE_WITH_KNOTS('',2,(#13109,#13110,#13111),.UNSPECIFIED.,
 .F.,.F.,(3,3),(0.,1.),.PIECEWISE_BEZIER_KNOTS.);
#92=B_SPLINE_CURVE_WITH_KNOTS('',2,(#13120,#13121,#13122),.UNSPECIFIED.,
 .F.,.F.,(3,3),(0.,1.),.PIECEWISE_BEZIER_KNOTS.);
#93=B_SPLINE_CURVE_WITH_KNOTS('',2,(#13126,#13127,#13128),.UNSPECIFIED.,
 .F.,.F.,(3,3),(0.,1.),.PIECEWISE_BEZIER_KNOTS.);
#94=B_SPLINE_CURVE_WITH_KNOTS('',2,(#13143,#13144,#13145),.UNSPECIFIED.,
 .F.,.F.,(3,3),(0.,1.),.PIECEWISE_BEZIER_KNOTS.);
#95=B_SPLINE_CURVE_WITH_KNOTS('',2,(#13149,#13150,#13151),.UNSPECIFIED.,
 .F.,.F.,(3,3),(0.,1.),.PIECEWISE_BEZIER_KNOTS.);
#96=B_SPLINE_CURVE_WITH_KNOTS('',2,(#13160,#13161,#13162),.UNSPECIFIED.,
 .F.,.F.,(3,3),(0.,1.),.PIECEWISE_BEZIER_KNOTS.);
#97=B_SPLINE_CURVE_WITH_KNOTS('',2,(#13166,#13167,#13168),.UNSPECIFIED.,
 .F.,.F.,(3,3),(0.,1.),.PIECEWISE_BEZIER_KNOTS.);
#98=B_SPLINE_CURVE_WITH_KNOTS('',2,(#13189,#13190,#13191),.UNSPECIFIED.,
 .F.,.F.,(3,3),(0.,1.),.PIECEWISE_BEZIER_KNOTS.);
#99=B_SPLINE_CURVE_WITH_KNOTS('',2,(#13195,#13196,#13197),.UNSPECIFIED.,
 .F.,.F.,(3,3),(0.,1.),.PIECEWISE_BEZIER_KNOTS.);
#100=B_SPLINE_CURVE_WITH_KNOTS('',2,(#13206,#13207,#13208),
 .UNSPECIFIED.,.F.,.F.,(3,3),(0.,1.),.PIECEWISE_BEZIER_KNOTS.);
#101=B_SPLINE_CURVE_WITH_KNOTS('',2,(#13209,#13210,#13211),
 .UNSPECIFIED.,.F.,.F.,(3,3),(0.,1.),.PIECEWISE_BEZIER_KNOTS.);
#102=B_SPLINE_CURVE_WITH_KNOTS('',2,(#13220,#13221,#13222),
 .UNSPECIFIED.,.F.,.F.,(3,3),(0.,1.),.PIECEWISE_BEZIER_KNOTS.);
#103=B_SPLINE_CURVE_WITH_KNOTS('',2,(#13223,#13224,#13225),
 .UNSPECIFIED.,.F.,.F.,(3,3),(0.,1.),.PIECEWISE_BEZIER_KNOTS.);
#104=B_SPLINE_CURVE_WITH_KNOTS('',2,(#13493,#13494,#13495),
 .UNSPECIFIED.,.F.,.F.,(3,3),(0.,1.),.PIECEWISE_BEZIER_KNOTS.);
#105=B_SPLINE_CURVE_WITH_KNOTS('',2,(#13500,#13501,#13502),
 .UNSPECIFIED.,.F.,.F.,(3,3),(0.,1.),.PIECEWISE_BEZIER_KNOTS.);
#106=B_SPLINE_CURVE_WITH_KNOTS('',2,(#13513,#13514,#13515),
 .UNSPECIFIED.,.F.,.F.,(3,3),(0.,1.),.PIECEWISE_BEZIER_KNOTS.);
#107=B_SPLINE_CURVE_WITH_KNOTS('',2,(#13519,#13520,#13521),
 .UNSPECIFIED.,.F.,.F.,(3,3),(0.,1.),.PIECEWISE_BEZIER_KNOTS.);
#108=B_SPLINE_CURVE_WITH_KNOTS('',2,(#13530,#13531,#13532),
 .UNSPECIFIED.,.F.,.F.,(3,3),(0.,1.),.PIECEWISE_BEZIER_KNOTS.);
#109=B_SPLINE_CURVE_WITH_KNOTS('',2,(#13536,#13537,#13538),
 .UNSPECIFIED.,.F.,.F.,(3,3),(0.,1.),.PIECEWISE_BEZIER_KNOTS.);
#110=B_SPLINE_CURVE_WITH_KNOTS('',2,(#13547,#13548,#13549),
 .UNSPECIFIED.,.F.,.F.,(3,3),(0.,1.),.PIECEWISE_BEZIER_KNOTS.);
#111=B_SPLINE_CURVE_WITH_KNOTS('',2,(#13553,#13554,#13555),
 .UNSPECIFIED.,.F.,.F.,(3,3),(0.,1.),.PIECEWISE_BEZIER_KNOTS.);
#112=B_SPLINE_CURVE_WITH_KNOTS('',2,(#13564,#13565,#13566),
 .UNSPECIFIED.,.F.,.F.,(3,3),(0.,1.),.PIECEWISE_BEZIER_KNOTS.);
#113=B_SPLINE_CURVE_WITH_KNOTS('',2,(#13570,#13571,#13572),
 .UNSPECIFIED.,.F.,.F.,(3,3),(0.,1.),.PIECEWISE_BEZIER_KNOTS.);
#114=B_SPLINE_CURVE_WITH_KNOTS('',2,(#13581,#13582,#13583),
 .UNSPECIFIED.,.F.,.F.,(3,3),(0.,1.),.PIECEWISE_BEZIER_KNOTS.);
#115=B_SPLINE_CURVE_WITH_KNOTS('',2,(#13587,#13588,#13589),
 .UNSPECIFIED.,.F.,.F.,(3,3),(0.,1.),.PIECEWISE_BEZIER_KNOTS.);
#116=B_SPLINE_CURVE_WITH_KNOTS('',2,(#13598,#13599,#13600),
 .UNSPECIFIED.,.F.,.F.,(3,3),(0.,1.),.PIECEWISE_BEZIER_KNOTS.);
#117=B_SPLINE_CURVE_WITH_KNOTS('',2,(#13604,#13605,#13606),
 .UNSPECIFIED.,.F.,.F.,(3,3),(0.,1.),.PIECEWISE_BEZIER_KNOTS.);
#118=B_SPLINE_CURVE_WITH_KNOTS('',2,(#13615,#13616,#13617),
 .UNSPECIFIED.,.F.,.F.,(3,3),(0.,1.),.PIECEWISE_BEZIER_KNOTS.);
#119=B_SPLINE_CURVE_WITH_KNOTS('',2,(#13622,#13623,#13624),
 .UNSPECIFIED.,.F.,.F.,(3,3),(0.,1.),.PIECEWISE_BEZIER_KNOTS.);
#120=B_SPLINE_CURVE_WITH_KNOTS('',2,(#13635,#13636,#13637),
 .UNSPECIFIED.,.F.,.F.,(3,3),(0.,1.),.PIECEWISE_BEZIER_KNOTS.);
#121=B_SPLINE_CURVE_WITH_KNOTS('',2,(#13641,#13642,#13643),
 .UNSPECIFIED.,.F.,.F.,(3,3),(0.,1.),.PIECEWISE_BEZIER_KNOTS.);
#122=B_SPLINE_CURVE_WITH_KNOTS('',2,(#13652,#13653,#13654),
 .UNSPECIFIED.,.F.,.F.,(3,3),(0.,1.),.PIECEWISE_BEZIER_KNOTS.);
#123=B_SPLINE_CURVE_WITH_KNOTS('',2,(#13658,#13659,#13660),
 .UNSPECIFIED.,.F.,.F.,(3,3),(0.,1.),.PIECEWISE_BEZIER_KNOTS.);
#124=B_SPLINE_CURVE_WITH_KNOTS('',2,(#13669,#13670,#13671),
 .UNSPECIFIED.,.F.,.F.,(3,3),(0.,1.),.PIECEWISE_BEZIER_KNOTS.);
#125=B_SPLINE_CURVE_WITH_KNOTS('',2,(#13675,#13676,#13677),
 .UNSPECIFIED.,.F.,.F.,(3,3),(0.,1.),.PIECEWISE_BEZIER_KNOTS.);
#126=B_SPLINE_CURVE_WITH_KNOTS('',2,(#13686,#13687,#13688),
 .UNSPECIFIED.,.F.,.F.,(3,3),(0.,1.),.PIECEWISE_BEZIER_KNOTS.);
#127=B_SPLINE_CURVE_WITH_KNOTS('',2,(#13692,#13693,#13694),
 .UNSPECIFIED.,.F.,.F.,(3,3),(0.,1.),.PIECEWISE_BEZIER_KNOTS.);
#128=B_SPLINE_CURVE_WITH_KNOTS('',2,(#13703,#13704,#13705),
 .UNSPECIFIED.,.F.,.F.,(3,3),(0.,1.),.PIECEWISE_BEZIER_KNOTS.);
#129=B_SPLINE_CURVE_WITH_KNOTS('',2,(#13709,#13710,#13711),
 .UNSPECIFIED.,.F.,.F.,(3,3),(0.,1.),.PIECEWISE_BEZIER_KNOTS.);
#130=B_SPLINE_CURVE_WITH_KNOTS('',2,(#13720,#13721,#13722),
 .UNSPECIFIED.,.F.,.F.,(3,3),(0.,1.),.PIECEWISE_BEZIER_KNOTS.);
#131=B_SPLINE_CURVE_WITH_KNOTS('',2,(#13726,#13727,#13728),
 .UNSPECIFIED.,.F.,.F.,(3,3),(0.,1.),.PIECEWISE_BEZIER_KNOTS.);
#132=B_SPLINE_CURVE_WITH_KNOTS('',2,(#13737,#13738,#13739),
 .UNSPECIFIED.,.F.,.F.,(3,3),(0.,1.),.PIECEWISE_BEZIER_KNOTS.);
#133=B_SPLINE_CURVE_WITH_KNOTS('',2,(#13740,#13741,#13742),
 .UNSPECIFIED.,.F.,.F.,(3,3),(0.,1.),.PIECEWISE_BEZIER_KNOTS.);
#134=B_SPLINE_CURVE_WITH_KNOTS('',2,(#13751,#13752,#13753),
 .UNSPECIFIED.,.F.,.F.,(3,3),(0.,1.),.PIECEWISE_BEZIER_KNOTS.);
#135=B_SPLINE_CURVE_WITH_KNOTS('',2,(#13754,#13755,#13756),
 .UNSPECIFIED.,.F.,.F.,(3,3),(0.,1.),.PIECEWISE_BEZIER_KNOTS.);
#136=B_SPLINE_CURVE_WITH_KNOTS('',2,(#14335,#14336,#14337),
 .UNSPECIFIED.,.F.,.F.,(3,3),(0.,1.),.PIECEWISE_BEZIER_KNOTS.);
#137=B_SPLINE_CURVE_WITH_KNOTS('',2,(#14340,#14341,#14342),
 .UNSPECIFIED.,.F.,.F.,(3,3),(0.,1.),.PIECEWISE_BEZIER_KNOTS.);
#138=B_SPLINE_CURVE_WITH_KNOTS('',2,(#14344,#14345,#14346),
 .UNSPECIFIED.,.F.,.F.,(3,3),(0.,1.),.PIECEWISE_BEZIER_KNOTS.);
#139=B_SPLINE_CURVE_WITH_KNOTS('',2,(#14348,#14349,#14350),
 .UNSPECIFIED.,.F.,.F.,(3,3),(0.,1.),.PIECEWISE_BEZIER_KNOTS.);
#140=B_SPLINE_CURVE_WITH_KNOTS('',2,(#14352,#14353,#14354),
 .UNSPECIFIED.,.F.,.F.,(3,3),(0.,1.),.PIECEWISE_BEZIER_KNOTS.);
#141=B_SPLINE_CURVE_WITH_KNOTS('',2,(#14356,#14357,#14358),
 .UNSPECIFIED.,.F.,.F.,(3,3),(0.,1.),.PIECEWISE_BEZIER_KNOTS.);
#142=B_SPLINE_CURVE_WITH_KNOTS('',2,(#14360,#14361,#14362),
 .UNSPECIFIED.,.F.,.F.,(3,3),(0.,1.),.PIECEWISE_BEZIER_KNOTS.);
#143=B_SPLINE_CURVE_WITH_KNOTS('',2,(#14364,#14365,#14366),
 .UNSPECIFIED.,.F.,.F.,(3,3),(0.,1.),.PIECEWISE_BEZIER_KNOTS.);
#144=B_SPLINE_CURVE_WITH_KNOTS('',2,(#14403,#14404,#14405),
 .UNSPECIFIED.,.F.,.F.,(3,3),(0.,1.),.PIECEWISE_BEZIER_KNOTS.);
#145=B_SPLINE_CURVE_WITH_KNOTS('',2,(#14408,#14409,#14410),
 .UNSPECIFIED.,.F.,.F.,(3,3),(0.,1.),.PIECEWISE_BEZIER_KNOTS.);
#146=B_SPLINE_CURVE_WITH_KNOTS('',2,(#14412,#14413,#14414),
 .UNSPECIFIED.,.F.,.F.,(3,3),(0.,1.),.PIECEWISE_BEZIER_KNOTS.);
#147=B_SPLINE_CURVE_WITH_KNOTS('',2,(#14418,#14419,#14420),
 .UNSPECIFIED.,.F.,.F.,(3,3),(0.,1.),.PIECEWISE_BEZIER_KNOTS.);
#148=B_SPLINE_CURVE_WITH_KNOTS('',2,(#14422,#14423,#14424),
 .UNSPECIFIED.,.F.,.F.,(3,3),(0.,1.),.PIECEWISE_BEZIER_KNOTS.);
#149=B_SPLINE_CURVE_WITH_KNOTS('',2,(#14426,#14427,#14428),
 .UNSPECIFIED.,.F.,.F.,(3,3),(0.,1.),.PIECEWISE_BEZIER_KNOTS.);
#150=B_SPLINE_CURVE_WITH_KNOTS('',2,(#14430,#14431,#14432),
 .UNSPECIFIED.,.F.,.F.,(3,3),(0.,1.),.PIECEWISE_BEZIER_KNOTS.);
#151=B_SPLINE_CURVE_WITH_KNOTS('',2,(#14444,#14445,#14446),
 .UNSPECIFIED.,.F.,.F.,(3,3),(0.,1.),.PIECEWISE_BEZIER_KNOTS.);
#152=B_SPLINE_CURVE_WITH_KNOTS('',2,(#14448,#14449,#14450),
 .UNSPECIFIED.,.F.,.F.,(3,3),(0.,1.),.PIECEWISE_BEZIER_KNOTS.);
#153=B_SPLINE_CURVE_WITH_KNOTS('',2,(#14458,#14459,#14460),
 .UNSPECIFIED.,.F.,.F.,(3,3),(0.,1.),.PIECEWISE_BEZIER_KNOTS.);
#154=B_SPLINE_CURVE_WITH_KNOTS('',2,(#14462,#14463,#14464),
 .UNSPECIFIED.,.F.,.F.,(3,3),(0.,1.),.PIECEWISE_BEZIER_KNOTS.);
#155=B_SPLINE_CURVE_WITH_KNOTS('',2,(#14466,#14467,#14468),
 .UNSPECIFIED.,.F.,.F.,(3,3),(0.,1.),.PIECEWISE_BEZIER_KNOTS.);
#156=B_SPLINE_CURVE_WITH_KNOTS('',2,(#14470,#14471,#14472),
 .UNSPECIFIED.,.F.,.F.,(3,3),(0.,1.),.PIECEWISE_BEZIER_KNOTS.);
#157=B_SPLINE_CURVE_WITH_KNOTS('',2,(#14476,#14477,#14478),
 .UNSPECIFIED.,.F.,.F.,(3,3),(0.,1.),.PIECEWISE_BEZIER_KNOTS.);
#158=B_SPLINE_CURVE_WITH_KNOTS('',2,(#14486,#14487,#14488),
 .UNSPECIFIED.,.F.,.F.,(3,3),(0.,1.),.PIECEWISE_BEZIER_KNOTS.);
#159=B_SPLINE_CURVE_WITH_KNOTS('',2,(#14499,#14500,#14501),
 .UNSPECIFIED.,.F.,.F.,(3,3),(0.,1.),.PIECEWISE_BEZIER_KNOTS.);
#160=B_SPLINE_CURVE_WITH_KNOTS('',2,(#14504,#14505,#14506),
 .UNSPECIFIED.,.F.,.F.,(3,3),(0.,1.),.PIECEWISE_BEZIER_KNOTS.);
#161=B_SPLINE_CURVE_WITH_KNOTS('',2,(#14508,#14509,#14510),
 .UNSPECIFIED.,.F.,.F.,(3,3),(0.,1.),.PIECEWISE_BEZIER_KNOTS.);
#162=B_SPLINE_CURVE_WITH_KNOTS('',2,(#14512,#14513,#14514),
 .UNSPECIFIED.,.F.,.F.,(3,3),(0.,1.),.PIECEWISE_BEZIER_KNOTS.);
#163=B_SPLINE_CURVE_WITH_KNOTS('',2,(#14516,#14517,#14518),
 .UNSPECIFIED.,.F.,.F.,(3,3),(0.,1.),.PIECEWISE_BEZIER_KNOTS.);
#164=B_SPLINE_CURVE_WITH_KNOTS('',2,(#14520,#14521,#14522),
 .UNSPECIFIED.,.F.,.F.,(3,3),(0.,1.),.PIECEWISE_BEZIER_KNOTS.);
#165=B_SPLINE_CURVE_WITH_KNOTS('',2,(#14524,#14525,#14526),
 .UNSPECIFIED.,.F.,.F.,(3,3),(0.,1.),.PIECEWISE_BEZIER_KNOTS.);
#166=B_SPLINE_CURVE_WITH_KNOTS('',2,(#14528,#14529,#14530),
 .UNSPECIFIED.,.F.,.F.,(3,3),(0.,1.),.PIECEWISE_BEZIER_KNOTS.);
#167=B_SPLINE_CURVE_WITH_KNOTS('',2,(#14531,#14532,#14533),
 .UNSPECIFIED.,.F.,.F.,(3,3),(0.,1.),.PIECEWISE_BEZIER_KNOTS.);
#168=B_SPLINE_CURVE_WITH_KNOTS('',2,(#14536,#14537,#14538),
 .UNSPECIFIED.,.F.,.F.,(3,3),(0.,1.),.PIECEWISE_BEZIER_KNOTS.);
#169=B_SPLINE_CURVE_WITH_KNOTS('',2,(#14540,#14541,#14542),
 .UNSPECIFIED.,.F.,.F.,(3,3),(0.,1.),.PIECEWISE_BEZIER_KNOTS.);
#170=B_SPLINE_CURVE_WITH_KNOTS('',2,(#14544,#14545,#14546),
 .UNSPECIFIED.,.F.,.F.,(3,3),(0.,1.),.PIECEWISE_BEZIER_KNOTS.);
#171=B_SPLINE_CURVE_WITH_KNOTS('',2,(#14552,#14553,#14554),
 .UNSPECIFIED.,.F.,.F.,(3,3),(0.,1.),.PIECEWISE_BEZIER_KNOTS.);
#172=B_SPLINE_CURVE_WITH_KNOTS('',2,(#14556,#14557,#14558),
 .UNSPECIFIED.,.F.,.F.,(3,3),(0.,1.),.PIECEWISE_BEZIER_KNOTS.);
#173=B_SPLINE_CURVE_WITH_KNOTS('',2,(#14562,#14563,#14564),
 .UNSPECIFIED.,.F.,.F.,(3,3),(0.,1.),.PIECEWISE_BEZIER_KNOTS.);
#174=B_SPLINE_CURVE_WITH_KNOTS('',2,(#14566,#14567,#14568),
 .UNSPECIFIED.,.F.,.F.,(3,3),(0.,1.),.PIECEWISE_BEZIER_KNOTS.);
#175=B_SPLINE_CURVE_WITH_KNOTS('',2,(#14570,#14571,#14572),
 .UNSPECIFIED.,.F.,.F.,(3,3),(0.,1.),.PIECEWISE_BEZIER_KNOTS.);
#176=B_SPLINE_CURVE_WITH_KNOTS('',2,(#14574,#14575,#14576),
 .UNSPECIFIED.,.F.,.F.,(3,3),(0.,1.),.PIECEWISE_BEZIER_KNOTS.);
#177=B_SPLINE_CURVE_WITH_KNOTS('',2,(#14578,#14579,#14580),
 .UNSPECIFIED.,.F.,.F.,(3,3),(0.,1.),.PIECEWISE_BEZIER_KNOTS.);
#178=B_SPLINE_CURVE_WITH_KNOTS('',2,(#14582,#14583,#14584),
 .UNSPECIFIED.,.F.,.F.,(3,3),(0.,1.),.PIECEWISE_BEZIER_KNOTS.);
#179=B_SPLINE_CURVE_WITH_KNOTS('',3,(#14643,#14644,#14645,#14646,#14647,
#14648,#14649,#14650,#14651,#14652,#14653),.UNSPECIFIED.,.T.,.F.,(1,1,1,
1,1,1,1,1,1,1,1,1,1,1,1),(-0.00591401093082103,-0.00394267395388069,-0.00197133697694034,
0.,0.00197133697694034,0.00394267395388069,0.00591401093082103,0.00788534790776137,
0.00985668488470171,0.0118280218616421,0.0137993588385824,0.0157706958155227,
0.0177420327924631,0.0197133697694034,0.0216847067463438),.UNSPECIFIED.);
#180=B_SPLINE_CURVE_WITH_KNOTS('',3,(#14704,#14705,#14706,#14707,#14708,
#14709,#14710,#14711,#14712,#14713,#14714),.UNSPECIFIED.,.T.,.F.,(1,1,1,
1,1,1,1,1,1,1,1,1,1,1,1),(-0.00334210735374485,-0.00222807156916323,-0.00111403578458162,
0.,0.00111403578458162,0.00222807156916323,0.00334210735374485,0.00445614313832647,
0.00557017892290808,0.0066842147074897,0.00779825049207132,0.00891228627665293,
0.0100263220612345,0.0111403578458162,0.0122543936303978),.UNSPECIFIED.);
#181=B_SPLINE_CURVE_WITH_KNOTS('',2,(#14806,#14807,#14808),
 .UNSPECIFIED.,.F.,.F.,(3,3),(0.,1.),.PIECEWISE_BEZIER_KNOTS.);
#182=B_SPLINE_CURVE_WITH_KNOTS('',2,(#14821,#14822,#14823),
 .UNSPECIFIED.,.F.,.F.,(3,3),(0.,1.),.PIECEWISE_BEZIER_KNOTS.);
#183=B_SPLINE_CURVE_WITH_KNOTS('',2,(#14834,#14835,#14836),
 .UNSPECIFIED.,.F.,.F.,(3,3),(0.,1.),.PIECEWISE_BEZIER_KNOTS.);
#184=B_SPLINE_CURVE_WITH_KNOTS('',2,(#14859,#14860,#14861),
 .UNSPECIFIED.,.F.,.F.,(3,3),(0.,1.),.PIECEWISE_BEZIER_KNOTS.);
#185=B_SPLINE_CURVE_WITH_KNOTS('',2,(#14876,#14877,#14878),
 .UNSPECIFIED.,.F.,.F.,(3,3),(0.,1.),.PIECEWISE_BEZIER_KNOTS.);
#186=B_SPLINE_CURVE_WITH_KNOTS('',2,(#14889,#14890,#14891),
 .UNSPECIFIED.,.F.,.F.,(3,3),(0.,1.),.PIECEWISE_BEZIER_KNOTS.);
#187=B_SPLINE_CURVE_WITH_KNOTS('',2,(#14902,#14903,#14904),
 .UNSPECIFIED.,.F.,.F.,(3,3),(0.,1.),.PIECEWISE_BEZIER_KNOTS.);
#188=B_SPLINE_CURVE_WITH_KNOTS('',2,(#14915,#14916,#14917),
 .UNSPECIFIED.,.F.,.F.,(3,3),(0.,1.),.PIECEWISE_BEZIER_KNOTS.);
#189=B_SPLINE_CURVE_WITH_KNOTS('',2,(#14940,#14941,#14942),
 .UNSPECIFIED.,.F.,.F.,(3,3),(0.,1.),.PIECEWISE_BEZIER_KNOTS.);
#190=B_SPLINE_CURVE_WITH_KNOTS('',2,(#14953,#14954,#14955),
 .UNSPECIFIED.,.F.,.F.,(3,3),(0.,1.),.PIECEWISE_BEZIER_KNOTS.);
#191=B_SPLINE_CURVE_WITH_KNOTS('',2,(#14986,#14987,#14988),
 .UNSPECIFIED.,.F.,.F.,(3,3),(0.,1.),.PIECEWISE_BEZIER_KNOTS.);
#192=B_SPLINE_CURVE_WITH_KNOTS('',2,(#14999,#15000,#15001),
 .UNSPECIFIED.,.F.,.F.,(3,3),(0.,1.),.PIECEWISE_BEZIER_KNOTS.);
#193=B_SPLINE_CURVE_WITH_KNOTS('',2,(#15012,#15013,#15014),
 .UNSPECIFIED.,.F.,.F.,(3,3),(0.,1.),.PIECEWISE_BEZIER_KNOTS.);
#194=B_SPLINE_CURVE_WITH_KNOTS('',2,(#15025,#15026,#15027),
 .UNSPECIFIED.,.F.,.F.,(3,3),(0.,1.),.PIECEWISE_BEZIER_KNOTS.);
#195=B_SPLINE_CURVE_WITH_KNOTS('',2,(#15040,#15041,#15042),
 .UNSPECIFIED.,.F.,.F.,(3,3),(0.,1.),.PIECEWISE_BEZIER_KNOTS.);
#196=B_SPLINE_CURVE_WITH_KNOTS('',2,(#15125,#15126,#15127),
 .UNSPECIFIED.,.F.,.F.,(3,3),(0.,1.),.PIECEWISE_BEZIER_KNOTS.);
#197=B_SPLINE_CURVE_WITH_KNOTS('',2,(#15132,#15133,#15134),
 .UNSPECIFIED.,.F.,.F.,(3,3),(0.,1.),.PIECEWISE_BEZIER_KNOTS.);
#198=B_SPLINE_CURVE_WITH_KNOTS('',2,(#15145,#15146,#15147),
 .UNSPECIFIED.,.F.,.F.,(3,3),(0.,1.),.PIECEWISE_BEZIER_KNOTS.);
#199=B_SPLINE_CURVE_WITH_KNOTS('',2,(#15151,#15152,#15153),
 .UNSPECIFIED.,.F.,.F.,(3,3),(0.,1.),.PIECEWISE_BEZIER_KNOTS.);
#200=B_SPLINE_CURVE_WITH_KNOTS('',2,(#15162,#15163,#15164),
 .UNSPECIFIED.,.F.,.F.,(3,3),(0.,1.),.PIECEWISE_BEZIER_KNOTS.);
#201=B_SPLINE_CURVE_WITH_KNOTS('',2,(#15168,#15169,#15170),
 .UNSPECIFIED.,.F.,.F.,(3,3),(0.,1.),.PIECEWISE_BEZIER_KNOTS.);
#202=B_SPLINE_CURVE_WITH_KNOTS('',2,(#15179,#15180,#15181),
 .UNSPECIFIED.,.F.,.F.,(3,3),(0.,1.),.PIECEWISE_BEZIER_KNOTS.);
#203=B_SPLINE_CURVE_WITH_KNOTS('',2,(#15185,#15186,#15187),
 .UNSPECIFIED.,.F.,.F.,(3,3),(0.,1.),.PIECEWISE_BEZIER_KNOTS.);
#204=B_SPLINE_CURVE_WITH_KNOTS('',2,(#15196,#15197,#15198),
 .UNSPECIFIED.,.F.,.F.,(3,3),(0.,1.),.PIECEWISE_BEZIER_KNOTS.);
#205=B_SPLINE_CURVE_WITH_KNOTS('',2,(#15202,#15203,#15204),
 .UNSPECIFIED.,.F.,.F.,(3,3),(0.,1.),.PIECEWISE_BEZIER_KNOTS.);
#206=B_SPLINE_CURVE_WITH_KNOTS('',2,(#15213,#15214,#15215),
 .UNSPECIFIED.,.F.,.F.,(3,3),(0.,1.),.PIECEWISE_BEZIER_KNOTS.);
#207=B_SPLINE_CURVE_WITH_KNOTS('',2,(#15219,#15220,#15221),
 .UNSPECIFIED.,.F.,.F.,(3,3),(0.,1.),.PIECEWISE_BEZIER_KNOTS.);
#208=B_SPLINE_CURVE_WITH_KNOTS('',2,(#15230,#15231,#15232),
 .UNSPECIFIED.,.F.,.F.,(3,3),(0.,1.),.PIECEWISE_BEZIER_KNOTS.);
#209=B_SPLINE_CURVE_WITH_KNOTS('',2,(#15236,#15237,#15238),
 .UNSPECIFIED.,.F.,.F.,(3,3),(0.,1.),.PIECEWISE_BEZIER_KNOTS.);
#210=B_SPLINE_CURVE_WITH_KNOTS('',2,(#15249,#15250,#15251),
 .UNSPECIFIED.,.F.,.F.,(3,3),(0.,1.),.PIECEWISE_BEZIER_KNOTS.);
#211=B_SPLINE_CURVE_WITH_KNOTS('',2,(#15264,#15265,#15266),
 .UNSPECIFIED.,.F.,.F.,(3,3),(0.,1.),.PIECEWISE_BEZIER_KNOTS.);
#212=B_SPLINE_CURVE_WITH_KNOTS('',2,(#15277,#15278,#15279),
 .UNSPECIFIED.,.F.,.F.,(3,3),(0.,1.),.PIECEWISE_BEZIER_KNOTS.);
#213=B_SPLINE_CURVE_WITH_KNOTS('',2,(#15290,#15291,#15292),
 .UNSPECIFIED.,.F.,.F.,(3,3),(0.,1.),.PIECEWISE_BEZIER_KNOTS.);
#214=B_SPLINE_CURVE_WITH_KNOTS('',2,(#15303,#15304,#15305),
 .UNSPECIFIED.,.F.,.F.,(3,3),(0.,1.),.PIECEWISE_BEZIER_KNOTS.);
#215=B_SPLINE_CURVE_WITH_KNOTS('',2,(#15316,#15317,#15318),
 .UNSPECIFIED.,.F.,.F.,(3,3),(0.,1.),.PIECEWISE_BEZIER_KNOTS.);
#216=B_SPLINE_CURVE_WITH_KNOTS('',2,(#15329,#15330,#15331),
 .UNSPECIFIED.,.F.,.F.,(3,3),(0.,1.),.PIECEWISE_BEZIER_KNOTS.);
#217=B_SPLINE_CURVE_WITH_KNOTS('',2,(#15340,#15341,#15342),
 .UNSPECIFIED.,.F.,.F.,(3,3),(0.,1.),.PIECEWISE_BEZIER_KNOTS.);
#218=B_SPLINE_CURVE_WITH_KNOTS('',2,(#15351,#15352,#15353),
 .UNSPECIFIED.,.F.,.F.,(3,3),(0.,1.),.PIECEWISE_BEZIER_KNOTS.);
#219=B_SPLINE_CURVE_WITH_KNOTS('',2,(#15354,#15355,#15356),
 .UNSPECIFIED.,.F.,.F.,(3,3),(0.,1.),.PIECEWISE_BEZIER_KNOTS.);
#220=B_SPLINE_CURVE_WITH_KNOTS('',2,(#15366,#15367,#15368),
 .UNSPECIFIED.,.F.,.F.,(3,3),(0.,1.),.PIECEWISE_BEZIER_KNOTS.);
#221=B_SPLINE_CURVE_WITH_KNOTS('',2,(#15373,#15374,#15375),
 .UNSPECIFIED.,.F.,.F.,(3,3),(0.,1.),.PIECEWISE_BEZIER_KNOTS.);
#222=B_SPLINE_CURVE_WITH_KNOTS('',2,(#15386,#15387,#15388),
 .UNSPECIFIED.,.F.,.F.,(3,3),(0.,1.),.PIECEWISE_BEZIER_KNOTS.);
#223=B_SPLINE_CURVE_WITH_KNOTS('',2,(#15392,#15393,#15394),
 .UNSPECIFIED.,.F.,.F.,(3,3),(0.,1.),.PIECEWISE_BEZIER_KNOTS.);
#224=B_SPLINE_CURVE_WITH_KNOTS('',2,(#15403,#15404,#15405),
 .UNSPECIFIED.,.F.,.F.,(3,3),(0.,1.),.PIECEWISE_BEZIER_KNOTS.);
#225=B_SPLINE_CURVE_WITH_KNOTS('',2,(#15409,#15410,#15411),
 .UNSPECIFIED.,.F.,.F.,(3,3),(0.,1.),.PIECEWISE_BEZIER_KNOTS.);
#226=B_SPLINE_CURVE_WITH_KNOTS('',2,(#15420,#15421,#15422),
 .UNSPECIFIED.,.F.,.F.,(3,3),(0.,1.),.PIECEWISE_BEZIER_KNOTS.);
#227=B_SPLINE_CURVE_WITH_KNOTS('',2,(#15426,#15427,#15428),
 .UNSPECIFIED.,.F.,.F.,(3,3),(0.,1.),.PIECEWISE_BEZIER_KNOTS.);
#228=B_SPLINE_CURVE_WITH_KNOTS('',2,(#15437,#15438,#15439),
 .UNSPECIFIED.,.F.,.F.,(3,3),(0.,1.),.PIECEWISE_BEZIER_KNOTS.);
#229=B_SPLINE_CURVE_WITH_KNOTS('',2,(#15443,#15444,#15445),
 .UNSPECIFIED.,.F.,.F.,(3,3),(0.,1.),.PIECEWISE_BEZIER_KNOTS.);
#230=B_SPLINE_CURVE_WITH_KNOTS('',2,(#15454,#15455,#15456),
 .UNSPECIFIED.,.F.,.F.,(3,3),(0.,1.),.PIECEWISE_BEZIER_KNOTS.);
#231=B_SPLINE_CURVE_WITH_KNOTS('',2,(#15460,#15461,#15462),
 .UNSPECIFIED.,.F.,.F.,(3,3),(0.,1.),.PIECEWISE_BEZIER_KNOTS.);
#232=B_SPLINE_CURVE_WITH_KNOTS('',2,(#15471,#15472,#15473),
 .UNSPECIFIED.,.F.,.F.,(3,3),(0.,1.),.PIECEWISE_BEZIER_KNOTS.);
#233=B_SPLINE_CURVE_WITH_KNOTS('',2,(#15477,#15478,#15479),
 .UNSPECIFIED.,.F.,.F.,(3,3),(0.,1.),.PIECEWISE_BEZIER_KNOTS.);
#234=B_SPLINE_CURVE_WITH_KNOTS('',2,(#15490,#15491,#15492),
 .UNSPECIFIED.,.F.,.F.,(3,3),(0.,1.),.PIECEWISE_BEZIER_KNOTS.);
#235=B_SPLINE_CURVE_WITH_KNOTS('',2,(#15505,#15506,#15507),
 .UNSPECIFIED.,.F.,.F.,(3,3),(0.,1.),.PIECEWISE_BEZIER_KNOTS.);
#236=B_SPLINE_CURVE_WITH_KNOTS('',2,(#15518,#15519,#15520),
 .UNSPECIFIED.,.F.,.F.,(3,3),(0.,1.),.PIECEWISE_BEZIER_KNOTS.);
#237=B_SPLINE_CURVE_WITH_KNOTS('',2,(#15531,#15532,#15533),
 .UNSPECIFIED.,.F.,.F.,(3,3),(0.,1.),.PIECEWISE_BEZIER_KNOTS.);
#238=B_SPLINE_CURVE_WITH_KNOTS('',2,(#15544,#15545,#15546),
 .UNSPECIFIED.,.F.,.F.,(3,3),(0.,1.),.PIECEWISE_BEZIER_KNOTS.);
#239=B_SPLINE_CURVE_WITH_KNOTS('',2,(#15557,#15558,#15559),
 .UNSPECIFIED.,.F.,.F.,(3,3),(0.,1.),.PIECEWISE_BEZIER_KNOTS.);
#240=B_SPLINE_CURVE_WITH_KNOTS('',2,(#15570,#15571,#15572),
 .UNSPECIFIED.,.F.,.F.,(3,3),(0.,1.),.PIECEWISE_BEZIER_KNOTS.);
#241=B_SPLINE_CURVE_WITH_KNOTS('',2,(#15581,#15582,#15583),
 .UNSPECIFIED.,.F.,.F.,(3,3),(0.,1.),.PIECEWISE_BEZIER_KNOTS.);
#242=B_SPLINE_CURVE_WITH_KNOTS('',2,(#15592,#15593,#15594),
 .UNSPECIFIED.,.F.,.F.,(3,3),(0.,1.),.PIECEWISE_BEZIER_KNOTS.);
#243=B_SPLINE_CURVE_WITH_KNOTS('',2,(#15595,#15596,#15597),
 .UNSPECIFIED.,.F.,.F.,(3,3),(0.,1.),.PIECEWISE_BEZIER_KNOTS.);
#244=B_SPLINE_CURVE_WITH_KNOTS('',2,(#15607,#15608,#15609),
 .UNSPECIFIED.,.F.,.F.,(3,3),(0.,1.),.PIECEWISE_BEZIER_KNOTS.);
#245=B_SPLINE_CURVE_WITH_KNOTS('',2,(#15614,#15615,#15616),
 .UNSPECIFIED.,.F.,.F.,(3,3),(0.,1.),.PIECEWISE_BEZIER_KNOTS.);
#246=B_SPLINE_CURVE_WITH_KNOTS('',2,(#15663,#15664,#15665),
 .UNSPECIFIED.,.F.,.F.,(3,3),(0.,1.),.PIECEWISE_BEZIER_KNOTS.);
#247=B_SPLINE_CURVE_WITH_KNOTS('',2,(#15669,#15670,#15671),
 .UNSPECIFIED.,.F.,.F.,(3,3),(0.,1.),.PIECEWISE_BEZIER_KNOTS.);
#248=B_SPLINE_CURVE_WITH_KNOTS('',2,(#15680,#15681,#15682),
 .UNSPECIFIED.,.F.,.F.,(3,3),(0.,1.),.PIECEWISE_BEZIER_KNOTS.);
#249=B_SPLINE_CURVE_WITH_KNOTS('',2,(#15686,#15687,#15688),
 .UNSPECIFIED.,.F.,.F.,(3,3),(0.,1.),.PIECEWISE_BEZIER_KNOTS.);
#250=B_SPLINE_CURVE_WITH_KNOTS('',2,(#15699,#15700,#15701),
 .UNSPECIFIED.,.F.,.F.,(3,3),(0.,1.),.PIECEWISE_BEZIER_KNOTS.);
#251=B_SPLINE_CURVE_WITH_KNOTS('',2,(#15714,#15715,#15716),
 .UNSPECIFIED.,.F.,.F.,(3,3),(0.,1.),.PIECEWISE_BEZIER_KNOTS.);
#252=B_SPLINE_CURVE_WITH_KNOTS('',2,(#15727,#15728,#15729),
 .UNSPECIFIED.,.F.,.F.,(3,3),(0.,1.),.PIECEWISE_BEZIER_KNOTS.);
#253=B_SPLINE_CURVE_WITH_KNOTS('',2,(#15740,#15741,#15742),
 .UNSPECIFIED.,.F.,.F.,(3,3),(0.,1.),.PIECEWISE_BEZIER_KNOTS.);
#254=B_SPLINE_CURVE_WITH_KNOTS('',2,(#15753,#15754,#15755),
 .UNSPECIFIED.,.F.,.F.,(3,3),(0.,1.),.PIECEWISE_BEZIER_KNOTS.);
#255=B_SPLINE_CURVE_WITH_KNOTS('',2,(#15766,#15767,#15768),
 .UNSPECIFIED.,.F.,.F.,(3,3),(0.,1.),.PIECEWISE_BEZIER_KNOTS.);
#256=B_SPLINE_CURVE_WITH_KNOTS('',2,(#15779,#15780,#15781),
 .UNSPECIFIED.,.F.,.F.,(3,3),(0.,1.),.PIECEWISE_BEZIER_KNOTS.);
#257=B_SPLINE_CURVE_WITH_KNOTS('',2,(#15792,#15793,#15794),
 .UNSPECIFIED.,.F.,.F.,(3,3),(0.,1.),.PIECEWISE_BEZIER_KNOTS.);
#258=B_SPLINE_CURVE_WITH_KNOTS('',2,(#15809,#15810,#15811),
 .UNSPECIFIED.,.F.,.F.,(3,3),(0.,1.),.PIECEWISE_BEZIER_KNOTS.);
#259=B_SPLINE_CURVE_WITH_KNOTS('',2,(#15822,#15823,#15824),
 .UNSPECIFIED.,.F.,.F.,(3,3),(0.,1.),.PIECEWISE_BEZIER_KNOTS.);
#260=B_SPLINE_CURVE_WITH_KNOTS('',2,(#15843,#15844,#15845),
 .UNSPECIFIED.,.F.,.F.,(3,3),(0.,1.),.PIECEWISE_BEZIER_KNOTS.);
#261=B_SPLINE_CURVE_WITH_KNOTS('',2,(#15854,#15855,#15856),
 .UNSPECIFIED.,.F.,.F.,(3,3),(0.,1.),.PIECEWISE_BEZIER_KNOTS.);
#262=B_SPLINE_CURVE_WITH_KNOTS('',2,(#15865,#15866,#15867),
 .UNSPECIFIED.,.F.,.F.,(3,3),(0.,1.),.PIECEWISE_BEZIER_KNOTS.);
#263=B_SPLINE_CURVE_WITH_KNOTS('',2,(#15868,#15869,#15870),
 .UNSPECIFIED.,.F.,.F.,(3,3),(0.,1.),.PIECEWISE_BEZIER_KNOTS.);
#264=B_SPLINE_SURFACE_WITH_KNOTS('',3,1,((#12213,#12214),(#12215,#12216),
(#12217,#12218),(#12219,#12220)),.SURF_OF_LINEAR_EXTRUSION.,.F.,.F.,.F.,
(4,4),(2,2),(0.,1.),(0.,1.),.PIECEWISE_BEZIER_KNOTS.);
#265=B_SPLINE_SURFACE_WITH_KNOTS('',3,1,((#12233,#12234),(#12235,#12236),
(#12237,#12238),(#12239,#12240)),.SURF_OF_LINEAR_EXTRUSION.,.F.,.F.,.F.,
(4,4),(2,2),(0.,1.),(0.,1.),.PIECEWISE_BEZIER_KNOTS.);
#266=B_SPLINE_SURFACE_WITH_KNOTS('',3,1,((#12250,#12251),(#12252,#12253),
(#12254,#12255),(#12256,#12257)),.SURF_OF_LINEAR_EXTRUSION.,.F.,.F.,.F.,
(4,4),(2,2),(0.,1.),(0.,1.),.PIECEWISE_BEZIER_KNOTS.);
#267=B_SPLINE_SURFACE_WITH_KNOTS('',3,1,((#12285,#12286),(#12287,#12288),
(#12289,#12290),(#12291,#12292)),.SURF_OF_LINEAR_EXTRUSION.,.F.,.F.,.F.,
(4,4),(2,2),(0.,1.),(0.,1.),.PIECEWISE_BEZIER_KNOTS.);
#268=B_SPLINE_SURFACE_WITH_KNOTS('',3,1,((#12308,#12309),(#12310,#12311),
(#12312,#12313),(#12314,#12315)),.SURF_OF_LINEAR_EXTRUSION.,.F.,.F.,.F.,
(4,4),(2,2),(0.,1.),(0.,1.),.PIECEWISE_BEZIER_KNOTS.);
#269=B_SPLINE_SURFACE_WITH_KNOTS('',3,1,((#12325,#12326),(#12327,#12328),
(#12329,#12330),(#12331,#12332)),.SURF_OF_LINEAR_EXTRUSION.,.F.,.F.,.F.,
(4,4),(2,2),(0.,1.),(0.,1.),.PIECEWISE_BEZIER_KNOTS.);
#270=B_SPLINE_SURFACE_WITH_KNOTS('',3,1,((#12342,#12343),(#12344,#12345),
(#12346,#12347),(#12348,#12349)),.SURF_OF_LINEAR_EXTRUSION.,.F.,.F.,.F.,
(4,4),(2,2),(0.,1.),(0.,1.),.PIECEWISE_BEZIER_KNOTS.);
#271=B_SPLINE_SURFACE_WITH_KNOTS('',3,1,((#12359,#12360),(#12361,#12362),
(#12363,#12364),(#12365,#12366)),.SURF_OF_LINEAR_EXTRUSION.,.F.,.F.,.F.,
(4,4),(2,2),(0.,1.),(0.,1.),.PIECEWISE_BEZIER_KNOTS.);
#272=B_SPLINE_SURFACE_WITH_KNOTS('',3,1,((#12394,#12395),(#12396,#12397),
(#12398,#12399),(#12400,#12401)),.SURF_OF_LINEAR_EXTRUSION.,.F.,.F.,.F.,
(4,4),(2,2),(0.,1.),(0.,1.),.PIECEWISE_BEZIER_KNOTS.);
#273=B_SPLINE_SURFACE_WITH_KNOTS('',3,1,((#12411,#12412),(#12413,#12414),
(#12415,#12416),(#12417,#12418)),.SURF_OF_LINEAR_EXTRUSION.,.F.,.F.,.F.,
(4,4),(2,2),(0.,1.),(0.,1.),.PIECEWISE_BEZIER_KNOTS.);
#274=B_SPLINE_SURFACE_WITH_KNOTS('',3,1,((#12458,#12459),(#12460,#12461),
(#12462,#12463),(#12464,#12465)),.SURF_OF_LINEAR_EXTRUSION.,.F.,.F.,.F.,
(4,4),(2,2),(0.,1.),(0.,1.),.PIECEWISE_BEZIER_KNOTS.);
#275=B_SPLINE_SURFACE_WITH_KNOTS('',3,1,((#12475,#12476),(#12477,#12478),
(#12479,#12480),(#12481,#12482)),.SURF_OF_LINEAR_EXTRUSION.,.F.,.F.,.F.,
(4,4),(2,2),(0.,1.),(0.,1.),.PIECEWISE_BEZIER_KNOTS.);
#276=B_SPLINE_SURFACE_WITH_KNOTS('',3,1,((#12492,#12493),(#12494,#12495),
(#12496,#12497),(#12498,#12499)),.SURF_OF_LINEAR_EXTRUSION.,.F.,.F.,.F.,
(4,4),(2,2),(0.,1.),(0.,1.),.PIECEWISE_BEZIER_KNOTS.);
#277=B_SPLINE_SURFACE_WITH_KNOTS('',3,1,((#12509,#12510),(#12511,#12512),
(#12513,#12514),(#12515,#12516)),.SURF_OF_LINEAR_EXTRUSION.,.F.,.F.,.F.,
(4,4),(2,2),(0.,1.),(0.,1.),.PIECEWISE_BEZIER_KNOTS.);
#278=B_SPLINE_SURFACE_WITH_KNOTS('',3,1,((#12532,#12533),(#12534,#12535),
(#12536,#12537),(#12538,#12539)),.SURF_OF_LINEAR_EXTRUSION.,.F.,.F.,.F.,
(4,4),(2,2),(0.,1.),(0.,1.),.PIECEWISE_BEZIER_KNOTS.);
#279=B_SPLINE_SURFACE_WITH_KNOTS('',3,1,((#12549,#12550),(#12551,#12552),
(#12553,#12554),(#12555,#12556)),.SURF_OF_LINEAR_EXTRUSION.,.F.,.F.,.F.,
(4,4),(2,2),(0.,1.),(0.,1.),.PIECEWISE_BEZIER_KNOTS.);
#280=B_SPLINE_SURFACE_WITH_KNOTS('',3,1,((#12569,#12570),(#12571,#12572),
(#12573,#12574),(#12575,#12576)),.SURF_OF_LINEAR_EXTRUSION.,.F.,.F.,.F.,
(4,4),(2,2),(0.,1.),(0.,1.),.PIECEWISE_BEZIER_KNOTS.);
#281=B_SPLINE_SURFACE_WITH_KNOTS('',3,1,((#12586,#12587),(#12588,#12589),
(#12590,#12591),(#12592,#12593)),.SURF_OF_LINEAR_EXTRUSION.,.F.,.F.,.F.,
(4,4),(2,2),(0.,1.),(0.,1.),.PIECEWISE_BEZIER_KNOTS.);
#282=B_SPLINE_SURFACE_WITH_KNOTS('',3,1,((#12603,#12604),(#12605,#12606),
(#12607,#12608),(#12609,#12610)),.SURF_OF_LINEAR_EXTRUSION.,.F.,.F.,.F.,
(4,4),(2,2),(0.,1.),(0.,1.),.PIECEWISE_BEZIER_KNOTS.);
#283=B_SPLINE_SURFACE_WITH_KNOTS('',3,1,((#12620,#12621),(#12622,#12623),
(#12624,#12625),(#12626,#12627)),.SURF_OF_LINEAR_EXTRUSION.,.F.,.F.,.F.,
(4,4),(2,2),(0.,1.),(0.,1.),.PIECEWISE_BEZIER_KNOTS.);
#284=B_SPLINE_SURFACE_WITH_KNOTS('',3,1,((#12637,#12638),(#12639,#12640),
(#12641,#12642),(#12643,#12644)),.SURF_OF_LINEAR_EXTRUSION.,.F.,.F.,.F.,
(4,4),(2,2),(0.,1.),(0.,1.),.PIECEWISE_BEZIER_KNOTS.);
#285=B_SPLINE_SURFACE_WITH_KNOTS('',3,1,((#12654,#12655),(#12656,#12657),
(#12658,#12659),(#12660,#12661)),.SURF_OF_LINEAR_EXTRUSION.,.F.,.F.,.F.,
(4,4),(2,2),(0.,1.),(0.,1.),.PIECEWISE_BEZIER_KNOTS.);
#286=B_SPLINE_SURFACE_WITH_KNOTS('',3,1,((#12671,#12672),(#12673,#12674),
(#12675,#12676),(#12677,#12678)),.SURF_OF_LINEAR_EXTRUSION.,.F.,.F.,.F.,
(4,4),(2,2),(0.,1.),(0.,1.),.PIECEWISE_BEZIER_KNOTS.);
#287=B_SPLINE_SURFACE_WITH_KNOTS('',3,1,((#12691,#12692),(#12693,#12694),
(#12695,#12696),(#12697,#12698)),.SURF_OF_LINEAR_EXTRUSION.,.F.,.F.,.F.,
(4,4),(2,2),(0.,1.),(0.,1.),.PIECEWISE_BEZIER_KNOTS.);
#288=B_SPLINE_SURFACE_WITH_KNOTS('',3,1,((#12708,#12709),(#12710,#12711),
(#12712,#12713),(#12714,#12715)),.SURF_OF_LINEAR_EXTRUSION.,.F.,.F.,.F.,
(4,4),(2,2),(0.,1.),(0.,1.),.PIECEWISE_BEZIER_KNOTS.);
#289=B_SPLINE_SURFACE_WITH_KNOTS('',3,1,((#12725,#12726),(#12727,#12728),
(#12729,#12730),(#12731,#12732)),.SURF_OF_LINEAR_EXTRUSION.,.F.,.F.,.F.,
(4,4),(2,2),(0.,1.),(0.,1.),.PIECEWISE_BEZIER_KNOTS.);
#290=B_SPLINE_SURFACE_WITH_KNOTS('',3,1,((#12742,#12743),(#12744,#12745),
(#12746,#12747),(#12748,#12749)),.SURF_OF_LINEAR_EXTRUSION.,.F.,.F.,.F.,
(4,4),(2,2),(0.,1.),(0.,1.),.PIECEWISE_BEZIER_KNOTS.);
#291=B_SPLINE_SURFACE_WITH_KNOTS('',3,1,((#12759,#12760),(#12761,#12762),
(#12763,#12764),(#12765,#12766)),.SURF_OF_LINEAR_EXTRUSION.,.F.,.F.,.F.,
(4,4),(2,2),(0.,1.),(0.,1.),.PIECEWISE_BEZIER_KNOTS.);
#292=B_SPLINE_SURFACE_WITH_KNOTS('',3,1,((#12776,#12777),(#12778,#12779),
(#12780,#12781),(#12782,#12783)),.SURF_OF_LINEAR_EXTRUSION.,.F.,.F.,.F.,
(4,4),(2,2),(0.,1.),(0.,1.),.PIECEWISE_BEZIER_KNOTS.);
#293=B_SPLINE_SURFACE_WITH_KNOTS('',3,1,((#12793,#12794),(#12795,#12796),
(#12797,#12798),(#12799,#12800)),.SURF_OF_LINEAR_EXTRUSION.,.F.,.F.,.F.,
(4,4),(2,2),(0.,1.),(0.,1.),.PIECEWISE_BEZIER_KNOTS.);
#294=B_SPLINE_SURFACE_WITH_KNOTS('',3,1,((#12807,#12808),(#12809,#12810),
(#12811,#12812),(#12813,#12814)),.SURF_OF_LINEAR_EXTRUSION.,.F.,.F.,.F.,
(4,4),(2,2),(0.,1.),(0.,1.),.PIECEWISE_BEZIER_KNOTS.);
#295=B_SPLINE_SURFACE_WITH_KNOTS('',3,1,((#12900,#12901),(#12902,#12903),
(#12904,#12905),(#12906,#12907)),.SURF_OF_LINEAR_EXTRUSION.,.F.,.F.,.F.,
(4,4),(2,2),(0.,1.),(0.,1.),.PIECEWISE_BEZIER_KNOTS.);
#296=B_SPLINE_SURFACE_WITH_KNOTS('',3,1,((#12956,#12957),(#12958,#12959),
(#12960,#12961),(#12962,#12963)),.SURF_OF_LINEAR_EXTRUSION.,.F.,.F.,.F.,
(4,4),(2,2),(0.,1.),(0.,1.),.PIECEWISE_BEZIER_KNOTS.);
#297=B_SPLINE_SURFACE_WITH_KNOTS('',3,1,((#12973,#12974),(#12975,#12976),
(#12977,#12978),(#12979,#12980)),.SURF_OF_LINEAR_EXTRUSION.,.F.,.F.,.F.,
(4,4),(2,2),(0.,1.),(0.,1.),.PIECEWISE_BEZIER_KNOTS.);
#298=B_SPLINE_SURFACE_WITH_KNOTS('',3,1,((#12990,#12991),(#12992,#12993),
(#12994,#12995),(#12996,#12997)),.SURF_OF_LINEAR_EXTRUSION.,.F.,.F.,.F.,
(4,4),(2,2),(0.,1.),(0.,1.),.PIECEWISE_BEZIER_KNOTS.);
#299=B_SPLINE_SURFACE_WITH_KNOTS('',3,1,((#13010,#13011),(#13012,#13013),
(#13014,#13015),(#13016,#13017)),.SURF_OF_LINEAR_EXTRUSION.,.F.,.F.,.F.,
(4,4),(2,2),(0.,1.),(0.,1.),.PIECEWISE_BEZIER_KNOTS.);
#300=B_SPLINE_SURFACE_WITH_KNOTS('',3,1,((#13027,#13028),(#13029,#13030),
(#13031,#13032),(#13033,#13034)),.SURF_OF_LINEAR_EXTRUSION.,.F.,.F.,.F.,
(4,4),(2,2),(0.,1.),(0.,1.),.PIECEWISE_BEZIER_KNOTS.);
#301=B_SPLINE_SURFACE_WITH_KNOTS('',3,1,((#13044,#13045),(#13046,#13047),
(#13048,#13049),(#13050,#13051)),.SURF_OF_LINEAR_EXTRUSION.,.F.,.F.,.F.,
(4,4),(2,2),(0.,1.),(0.,1.),.PIECEWISE_BEZIER_KNOTS.);
#302=B_SPLINE_SURFACE_WITH_KNOTS('',3,1,((#13061,#13062),(#13063,#13064),
(#13065,#13066),(#13067,#13068)),.SURF_OF_LINEAR_EXTRUSION.,.F.,.F.,.F.,
(4,4),(2,2),(0.,1.),(0.,1.),.PIECEWISE_BEZIER_KNOTS.);
#303=B_SPLINE_SURFACE_WITH_KNOTS('',3,1,((#13078,#13079),(#13080,#13081),
(#13082,#13083),(#13084,#13085)),.SURF_OF_LINEAR_EXTRUSION.,.F.,.F.,.F.,
(4,4),(2,2),(0.,1.),(0.,1.),.PIECEWISE_BEZIER_KNOTS.);
#304=B_SPLINE_SURFACE_WITH_KNOTS('',3,1,((#13095,#13096),(#13097,#13098),
(#13099,#13100),(#13101,#13102)),.SURF_OF_LINEAR_EXTRUSION.,.F.,.F.,.F.,
(4,4),(2,2),(0.,1.),(0.,1.),.PIECEWISE_BEZIER_KNOTS.);
#305=B_SPLINE_SURFACE_WITH_KNOTS('',3,1,((#13112,#13113),(#13114,#13115),
(#13116,#13117),(#13118,#13119)),.SURF_OF_LINEAR_EXTRUSION.,.F.,.F.,.F.,
(4,4),(2,2),(0.,1.),(0.,1.),.PIECEWISE_BEZIER_KNOTS.);
#306=B_SPLINE_SURFACE_WITH_KNOTS('',3,1,((#13135,#13136),(#13137,#13138),
(#13139,#13140),(#13141,#13142)),.SURF_OF_LINEAR_EXTRUSION.,.F.,.F.,.F.,
(4,4),(2,2),(0.,1.),(0.,1.),.PIECEWISE_BEZIER_KNOTS.);
#307=B_SPLINE_SURFACE_WITH_KNOTS('',3,1,((#13152,#13153),(#13154,#13155),
(#13156,#13157),(#13158,#13159)),.SURF_OF_LINEAR_EXTRUSION.,.F.,.F.,.F.,
(4,4),(2,2),(0.,1.),(0.,1.),.PIECEWISE_BEZIER_KNOTS.);
#308=B_SPLINE_SURFACE_WITH_KNOTS('',3,1,((#13181,#13182),(#13183,#13184),
(#13185,#13186),(#13187,#13188)),.SURF_OF_LINEAR_EXTRUSION.,.F.,.F.,.F.,
(4,4),(2,2),(0.,1.),(0.,1.),.PIECEWISE_BEZIER_KNOTS.);
#309=B_SPLINE_SURFACE_WITH_KNOTS('',3,1,((#13198,#13199),(#13200,#13201),
(#13202,#13203),(#13204,#13205)),.SURF_OF_LINEAR_EXTRUSION.,.F.,.F.,.F.,
(4,4),(2,2),(0.,1.),(0.,1.),.PIECEWISE_BEZIER_KNOTS.);
#310=B_SPLINE_SURFACE_WITH_KNOTS('',3,1,((#13212,#13213),(#13214,#13215),
(#13216,#13217),(#13218,#13219)),.SURF_OF_LINEAR_EXTRUSION.,.F.,.F.,.F.,
(4,4),(2,2),(0.,1.),(0.,1.),.PIECEWISE_BEZIER_KNOTS.);
#311=B_SPLINE_SURFACE_WITH_KNOTS('',3,1,((#13485,#13486),(#13487,#13488),
(#13489,#13490),(#13491,#13492)),.SURF_OF_LINEAR_EXTRUSION.,.F.,.F.,.F.,
(4,4),(2,2),(0.,1.),(0.,1.),.PIECEWISE_BEZIER_KNOTS.);
#312=B_SPLINE_SURFACE_WITH_KNOTS('',3,1,((#13505,#13506),(#13507,#13508),
(#13509,#13510),(#13511,#13512)),.SURF_OF_LINEAR_EXTRUSION.,.F.,.F.,.F.,
(4,4),(2,2),(0.,1.),(0.,1.),.PIECEWISE_BEZIER_KNOTS.);
#313=B_SPLINE_SURFACE_WITH_KNOTS('',3,1,((#13522,#13523),(#13524,#13525),
(#13526,#13527),(#13528,#13529)),.SURF_OF_LINEAR_EXTRUSION.,.F.,.F.,.F.,
(4,4),(2,2),(0.,1.),(0.,1.),.PIECEWISE_BEZIER_KNOTS.);
#314=B_SPLINE_SURFACE_WITH_KNOTS('',3,1,((#13539,#13540),(#13541,#13542),
(#13543,#13544),(#13545,#13546)),.SURF_OF_LINEAR_EXTRUSION.,.F.,.F.,.F.,
(4,4),(2,2),(0.,1.),(0.,1.),.PIECEWISE_BEZIER_KNOTS.);
#315=B_SPLINE_SURFACE_WITH_KNOTS('',3,1,((#13556,#13557),(#13558,#13559),
(#13560,#13561),(#13562,#13563)),.SURF_OF_LINEAR_EXTRUSION.,.F.,.F.,.F.,
(4,4),(2,2),(0.,1.),(0.,1.),.PIECEWISE_BEZIER_KNOTS.);
#316=B_SPLINE_SURFACE_WITH_KNOTS('',3,1,((#13573,#13574),(#13575,#13576),
(#13577,#13578),(#13579,#13580)),.SURF_OF_LINEAR_EXTRUSION.,.F.,.F.,.F.,
(4,4),(2,2),(0.,1.),(0.,1.),.PIECEWISE_BEZIER_KNOTS.);
#317=B_SPLINE_SURFACE_WITH_KNOTS('',3,1,((#13590,#13591),(#13592,#13593),
(#13594,#13595),(#13596,#13597)),.SURF_OF_LINEAR_EXTRUSION.,.F.,.F.,.F.,
(4,4),(2,2),(0.,1.),(0.,1.),.PIECEWISE_BEZIER_KNOTS.);
#318=B_SPLINE_SURFACE_WITH_KNOTS('',3,1,((#13607,#13608),(#13609,#13610),
(#13611,#13612),(#13613,#13614)),.SURF_OF_LINEAR_EXTRUSION.,.F.,.F.,.F.,
(4,4),(2,2),(0.,1.),(0.,1.),.PIECEWISE_BEZIER_KNOTS.);
#319=B_SPLINE_SURFACE_WITH_KNOTS('',3,1,((#13627,#13628),(#13629,#13630),
(#13631,#13632),(#13633,#13634)),.SURF_OF_LINEAR_EXTRUSION.,.F.,.F.,.F.,
(4,4),(2,2),(0.,1.),(0.,1.),.PIECEWISE_BEZIER_KNOTS.);
#320=B_SPLINE_SURFACE_WITH_KNOTS('',3,1,((#13644,#13645),(#13646,#13647),
(#13648,#13649),(#13650,#13651)),.SURF_OF_LINEAR_EXTRUSION.,.F.,.F.,.F.,
(4,4),(2,2),(0.,1.),(0.,1.),.PIECEWISE_BEZIER_KNOTS.);
#321=B_SPLINE_SURFACE_WITH_KNOTS('',3,1,((#13661,#13662),(#13663,#13664),
(#13665,#13666),(#13667,#13668)),.SURF_OF_LINEAR_EXTRUSION.,.F.,.F.,.F.,
(4,4),(2,2),(0.,1.),(0.,1.),.PIECEWISE_BEZIER_KNOTS.);
#322=B_SPLINE_SURFACE_WITH_KNOTS('',3,1,((#13678,#13679),(#13680,#13681),
(#13682,#13683),(#13684,#13685)),.SURF_OF_LINEAR_EXTRUSION.,.F.,.F.,.F.,
(4,4),(2,2),(0.,1.),(0.,1.),.PIECEWISE_BEZIER_KNOTS.);
#323=B_SPLINE_SURFACE_WITH_KNOTS('',3,1,((#13695,#13696),(#13697,#13698),
(#13699,#13700),(#13701,#13702)),.SURF_OF_LINEAR_EXTRUSION.,.F.,.F.,.F.,
(4,4),(2,2),(0.,1.),(0.,1.),.PIECEWISE_BEZIER_KNOTS.);
#324=B_SPLINE_SURFACE_WITH_KNOTS('',3,1,((#13712,#13713),(#13714,#13715),
(#13716,#13717),(#13718,#13719)),.SURF_OF_LINEAR_EXTRUSION.,.F.,.F.,.F.,
(4,4),(2,2),(0.,1.),(0.,1.),.PIECEWISE_BEZIER_KNOTS.);
#325=B_SPLINE_SURFACE_WITH_KNOTS('',3,1,((#13729,#13730),(#13731,#13732),
(#13733,#13734),(#13735,#13736)),.SURF_OF_LINEAR_EXTRUSION.,.F.,.F.,.F.,
(4,4),(2,2),(0.,1.),(0.,1.),.PIECEWISE_BEZIER_KNOTS.);
#326=B_SPLINE_SURFACE_WITH_KNOTS('',3,1,((#13743,#13744),(#13745,#13746),
(#13747,#13748),(#13749,#13750)),.SURF_OF_LINEAR_EXTRUSION.,.F.,.F.,.F.,
(4,4),(2,2),(0.,1.),(0.,1.),.PIECEWISE_BEZIER_KNOTS.);
#327=B_SPLINE_SURFACE_WITH_KNOTS('',3,1,((#14796,#14797),(#14798,#14799),
(#14800,#14801),(#14802,#14803)),.SURF_OF_LINEAR_EXTRUSION.,.F.,.F.,.F.,
(4,4),(2,2),(0.,1.),(0.,1.),.PIECEWISE_BEZIER_KNOTS.);
#328=B_SPLINE_SURFACE_WITH_KNOTS('',3,1,((#14811,#14812),(#14813,#14814),
(#14815,#14816),(#14817,#14818)),.SURF_OF_LINEAR_EXTRUSION.,.F.,.F.,.F.,
(4,4),(2,2),(0.,1.),(0.,1.),.PIECEWISE_BEZIER_KNOTS.);
#329=B_SPLINE_SURFACE_WITH_KNOTS('',3,1,((#14824,#14825),(#14826,#14827),
(#14828,#14829),(#14830,#14831)),.SURF_OF_LINEAR_EXTRUSION.,.F.,.F.,.F.,
(4,4),(2,2),(0.,1.),(0.,1.),.PIECEWISE_BEZIER_KNOTS.);
#330=B_SPLINE_SURFACE_WITH_KNOTS('',3,1,((#14849,#14850),(#14851,#14852),
(#14853,#14854),(#14855,#14856)),.SURF_OF_LINEAR_EXTRUSION.,.F.,.F.,.F.,
(4,4),(2,2),(0.,1.),(0.,1.),.PIECEWISE_BEZIER_KNOTS.);
#331=B_SPLINE_SURFACE_WITH_KNOTS('',3,1,((#14866,#14867),(#14868,#14869),
(#14870,#14871),(#14872,#14873)),.SURF_OF_LINEAR_EXTRUSION.,.F.,.F.,.F.,
(4,4),(2,2),(0.,1.),(0.,1.),.PIECEWISE_BEZIER_KNOTS.);
#332=B_SPLINE_SURFACE_WITH_KNOTS('',3,1,((#14879,#14880),(#14881,#14882),
(#14883,#14884),(#14885,#14886)),.SURF_OF_LINEAR_EXTRUSION.,.F.,.F.,.F.,
(4,4),(2,2),(0.,1.),(0.,1.),.PIECEWISE_BEZIER_KNOTS.);
#333=B_SPLINE_SURFACE_WITH_KNOTS('',3,1,((#14892,#14893),(#14894,#14895),
(#14896,#14897),(#14898,#14899)),.SURF_OF_LINEAR_EXTRUSION.,.F.,.F.,.F.,
(4,4),(2,2),(0.,1.),(0.,1.),.PIECEWISE_BEZIER_KNOTS.);
#334=B_SPLINE_SURFACE_WITH_KNOTS('',3,1,((#14905,#14906),(#14907,#14908),
(#14909,#14910),(#14911,#14912)),.SURF_OF_LINEAR_EXTRUSION.,.F.,.F.,.F.,
(4,4),(2,2),(0.,1.),(0.,1.),.PIECEWISE_BEZIER_KNOTS.);
#335=B_SPLINE_SURFACE_WITH_KNOTS('',3,1,((#14930,#14931),(#14932,#14933),
(#14934,#14935),(#14936,#14937)),.SURF_OF_LINEAR_EXTRUSION.,.F.,.F.,.F.,
(4,4),(2,2),(0.,1.),(0.,1.),.PIECEWISE_BEZIER_KNOTS.);
#336=B_SPLINE_SURFACE_WITH_KNOTS('',3,1,((#14943,#14944),(#14945,#14946),
(#14947,#14948),(#14949,#14950)),.SURF_OF_LINEAR_EXTRUSION.,.F.,.F.,.F.,
(4,4),(2,2),(0.,1.),(0.,1.),.PIECEWISE_BEZIER_KNOTS.);
#337=B_SPLINE_SURFACE_WITH_KNOTS('',3,1,((#14976,#14977),(#14978,#14979),
(#14980,#14981),(#14982,#14983)),.SURF_OF_LINEAR_EXTRUSION.,.F.,.F.,.F.,
(4,4),(2,2),(0.,1.),(0.,1.),.PIECEWISE_BEZIER_KNOTS.);
#338=B_SPLINE_SURFACE_WITH_KNOTS('',3,1,((#14989,#14990),(#14991,#14992),
(#14993,#14994),(#14995,#14996)),.SURF_OF_LINEAR_EXTRUSION.,.F.,.F.,.F.,
(4,4),(2,2),(0.,1.),(0.,1.),.PIECEWISE_BEZIER_KNOTS.);
#339=B_SPLINE_SURFACE_WITH_KNOTS('',3,1,((#15002,#15003),(#15004,#15005),
(#15006,#15007),(#15008,#15009)),.SURF_OF_LINEAR_EXTRUSION.,.F.,.F.,.F.,
(4,4),(2,2),(0.,1.),(0.,1.),.PIECEWISE_BEZIER_KNOTS.);
#340=B_SPLINE_SURFACE_WITH_KNOTS('',3,1,((#15015,#15016),(#15017,#15018),
(#15019,#15020),(#15021,#15022)),.SURF_OF_LINEAR_EXTRUSION.,.F.,.F.,.F.,
(4,4),(2,2),(0.,1.),(0.,1.),.PIECEWISE_BEZIER_KNOTS.);
#341=B_SPLINE_SURFACE_WITH_KNOTS('',3,1,((#15032,#15033),(#15034,#15035),
(#15036,#15037),(#15038,#15039)),.SURF_OF_LINEAR_EXTRUSION.,.F.,.F.,.F.,
(4,4),(2,2),(0.,1.),(0.,1.),.PIECEWISE_BEZIER_KNOTS.);
#342=B_SPLINE_SURFACE_WITH_KNOTS('',3,1,((#15117,#15118),(#15119,#15120),
(#15121,#15122),(#15123,#15124)),.SURF_OF_LINEAR_EXTRUSION.,.F.,.F.,.F.,
(4,4),(2,2),(0.,1.),(0.,1.),.PIECEWISE_BEZIER_KNOTS.);
#343=B_SPLINE_SURFACE_WITH_KNOTS('',3,1,((#15137,#15138),(#15139,#15140),
(#15141,#15142),(#15143,#15144)),.SURF_OF_LINEAR_EXTRUSION.,.F.,.F.,.F.,
(4,4),(2,2),(0.,1.),(0.,1.),.PIECEWISE_BEZIER_KNOTS.);
#344=B_SPLINE_SURFACE_WITH_KNOTS('',3,1,((#15154,#15155),(#15156,#15157),
(#15158,#15159),(#15160,#15161)),.SURF_OF_LINEAR_EXTRUSION.,.F.,.F.,.F.,
(4,4),(2,2),(0.,1.),(0.,1.),.PIECEWISE_BEZIER_KNOTS.);
#345=B_SPLINE_SURFACE_WITH_KNOTS('',3,1,((#15171,#15172),(#15173,#15174),
(#15175,#15176),(#15177,#15178)),.SURF_OF_LINEAR_EXTRUSION.,.F.,.F.,.F.,
(4,4),(2,2),(0.,1.),(0.,1.),.PIECEWISE_BEZIER_KNOTS.);
#346=B_SPLINE_SURFACE_WITH_KNOTS('',3,1,((#15188,#15189),(#15190,#15191),
(#15192,#15193),(#15194,#15195)),.SURF_OF_LINEAR_EXTRUSION.,.F.,.F.,.F.,
(4,4),(2,2),(0.,1.),(0.,1.),.PIECEWISE_BEZIER_KNOTS.);
#347=B_SPLINE_SURFACE_WITH_KNOTS('',3,1,((#15205,#15206),(#15207,#15208),
(#15209,#15210),(#15211,#15212)),.SURF_OF_LINEAR_EXTRUSION.,.F.,.F.,.F.,
(4,4),(2,2),(0.,1.),(0.,1.),.PIECEWISE_BEZIER_KNOTS.);
#348=B_SPLINE_SURFACE_WITH_KNOTS('',3,1,((#15222,#15223),(#15224,#15225),
(#15226,#15227),(#15228,#15229)),.SURF_OF_LINEAR_EXTRUSION.,.F.,.F.,.F.,
(4,4),(2,2),(0.,1.),(0.,1.),.PIECEWISE_BEZIER_KNOTS.);
#349=B_SPLINE_SURFACE_WITH_KNOTS('',3,1,((#15239,#15240),(#15241,#15242),
(#15243,#15244),(#15245,#15246)),.SURF_OF_LINEAR_EXTRUSION.,.F.,.F.,.F.,
(4,4),(2,2),(0.,1.),(0.,1.),.PIECEWISE_BEZIER_KNOTS.);
#350=B_SPLINE_SURFACE_WITH_KNOTS('',3,1,((#15254,#15255),(#15256,#15257),
(#15258,#15259),(#15260,#15261)),.SURF_OF_LINEAR_EXTRUSION.,.F.,.F.,.F.,
(4,4),(2,2),(0.,1.),(0.,1.),.PIECEWISE_BEZIER_KNOTS.);
#351=B_SPLINE_SURFACE_WITH_KNOTS('',3,1,((#15267,#15268),(#15269,#15270),
(#15271,#15272),(#15273,#15274)),.SURF_OF_LINEAR_EXTRUSION.,.F.,.F.,.F.,
(4,4),(2,2),(0.,1.),(0.,1.),.PIECEWISE_BEZIER_KNOTS.);
#352=B_SPLINE_SURFACE_WITH_KNOTS('',3,1,((#15280,#15281),(#15282,#15283),
(#15284,#15285),(#15286,#15287)),.SURF_OF_LINEAR_EXTRUSION.,.F.,.F.,.F.,
(4,4),(2,2),(0.,1.),(0.,1.),.PIECEWISE_BEZIER_KNOTS.);
#353=B_SPLINE_SURFACE_WITH_KNOTS('',3,1,((#15293,#15294),(#15295,#15296),
(#15297,#15298),(#15299,#15300)),.SURF_OF_LINEAR_EXTRUSION.,.F.,.F.,.F.,
(4,4),(2,2),(0.,1.),(0.,1.),.PIECEWISE_BEZIER_KNOTS.);
#354=B_SPLINE_SURFACE_WITH_KNOTS('',3,1,((#15306,#15307),(#15308,#15309),
(#15310,#15311),(#15312,#15313)),.SURF_OF_LINEAR_EXTRUSION.,.F.,.F.,.F.,
(4,4),(2,2),(0.,1.),(0.,1.),.PIECEWISE_BEZIER_KNOTS.);
#355=B_SPLINE_SURFACE_WITH_KNOTS('',3,1,((#15319,#15320),(#15321,#15322),
(#15323,#15324),(#15325,#15326)),.SURF_OF_LINEAR_EXTRUSION.,.F.,.F.,.F.,
(4,4),(2,2),(0.,1.),(0.,1.),.PIECEWISE_BEZIER_KNOTS.);
#356=B_SPLINE_SURFACE_WITH_KNOTS('',3,1,((#15332,#15333),(#15334,#15335),
(#15336,#15337),(#15338,#15339)),.SURF_OF_LINEAR_EXTRUSION.,.F.,.F.,.F.,
(4,4),(2,2),(0.,1.),(0.,1.),.PIECEWISE_BEZIER_KNOTS.);
#357=B_SPLINE_SURFACE_WITH_KNOTS('',3,1,((#15343,#15344),(#15345,#15346),
(#15347,#15348),(#15349,#15350)),.SURF_OF_LINEAR_EXTRUSION.,.F.,.F.,.F.,
(4,4),(2,2),(0.,1.),(0.,1.),.PIECEWISE_BEZIER_KNOTS.);
#358=B_SPLINE_SURFACE_WITH_KNOTS('',3,1,((#15358,#15359),(#15360,#15361),
(#15362,#15363),(#15364,#15365)),.SURF_OF_LINEAR_EXTRUSION.,.F.,.F.,.F.,
(4,4),(2,2),(0.,1.),(0.,1.),.PIECEWISE_BEZIER_KNOTS.);
#359=B_SPLINE_SURFACE_WITH_KNOTS('',3,1,((#15378,#15379),(#15380,#15381),
(#15382,#15383),(#15384,#15385)),.SURF_OF_LINEAR_EXTRUSION.,.F.,.F.,.F.,
(4,4),(2,2),(0.,1.),(0.,1.),.PIECEWISE_BEZIER_KNOTS.);
#360=B_SPLINE_SURFACE_WITH_KNOTS('',3,1,((#15395,#15396),(#15397,#15398),
(#15399,#15400),(#15401,#15402)),.SURF_OF_LINEAR_EXTRUSION.,.F.,.F.,.F.,
(4,4),(2,2),(0.,1.),(0.,1.),.PIECEWISE_BEZIER_KNOTS.);
#361=B_SPLINE_SURFACE_WITH_KNOTS('',3,1,((#15412,#15413),(#15414,#15415),
(#15416,#15417),(#15418,#15419)),.SURF_OF_LINEAR_EXTRUSION.,.F.,.F.,.F.,
(4,4),(2,2),(0.,1.),(0.,1.),.PIECEWISE_BEZIER_KNOTS.);
#362=B_SPLINE_SURFACE_WITH_KNOTS('',3,1,((#15429,#15430),(#15431,#15432),
(#15433,#15434),(#15435,#15436)),.SURF_OF_LINEAR_EXTRUSION.,.F.,.F.,.F.,
(4,4),(2,2),(0.,1.),(0.,1.),.PIECEWISE_BEZIER_KNOTS.);
#363=B_SPLINE_SURFACE_WITH_KNOTS('',3,1,((#15446,#15447),(#15448,#15449),
(#15450,#15451),(#15452,#15453)),.SURF_OF_LINEAR_EXTRUSION.,.F.,.F.,.F.,
(4,4),(2,2),(0.,1.),(0.,1.),.PIECEWISE_BEZIER_KNOTS.);
#364=B_SPLINE_SURFACE_WITH_KNOTS('',3,1,((#15463,#15464),(#15465,#15466),
(#15467,#15468),(#15469,#15470)),.SURF_OF_LINEAR_EXTRUSION.,.F.,.F.,.F.,
(4,4),(2,2),(0.,1.),(0.,1.),.PIECEWISE_BEZIER_KNOTS.);
#365=B_SPLINE_SURFACE_WITH_KNOTS('',3,1,((#15480,#15481),(#15482,#15483),
(#15484,#15485),(#15486,#15487)),.SURF_OF_LINEAR_EXTRUSION.,.F.,.F.,.F.,
(4,4),(2,2),(0.,1.),(0.,1.),.PIECEWISE_BEZIER_KNOTS.);
#366=B_SPLINE_SURFACE_WITH_KNOTS('',3,1,((#15495,#15496),(#15497,#15498),
(#15499,#15500),(#15501,#15502)),.SURF_OF_LINEAR_EXTRUSION.,.F.,.F.,.F.,
(4,4),(2,2),(0.,1.),(0.,1.),.PIECEWISE_BEZIER_KNOTS.);
#367=B_SPLINE_SURFACE_WITH_KNOTS('',3,1,((#15508,#15509),(#15510,#15511),
(#15512,#15513),(#15514,#15515)),.SURF_OF_LINEAR_EXTRUSION.,.F.,.F.,.F.,
(4,4),(2,2),(0.,1.),(0.,1.),.PIECEWISE_BEZIER_KNOTS.);
#368=B_SPLINE_SURFACE_WITH_KNOTS('',3,1,((#15521,#15522),(#15523,#15524),
(#15525,#15526),(#15527,#15528)),.SURF_OF_LINEAR_EXTRUSION.,.F.,.F.,.F.,
(4,4),(2,2),(0.,1.),(0.,1.),.PIECEWISE_BEZIER_KNOTS.);
#369=B_SPLINE_SURFACE_WITH_KNOTS('',3,1,((#15534,#15535),(#15536,#15537),
(#15538,#15539),(#15540,#15541)),.SURF_OF_LINEAR_EXTRUSION.,.F.,.F.,.F.,
(4,4),(2,2),(0.,1.),(0.,1.),.PIECEWISE_BEZIER_KNOTS.);
#370=B_SPLINE_SURFACE_WITH_KNOTS('',3,1,((#15547,#15548),(#15549,#15550),
(#15551,#15552),(#15553,#15554)),.SURF_OF_LINEAR_EXTRUSION.,.F.,.F.,.F.,
(4,4),(2,2),(0.,1.),(0.,1.),.PIECEWISE_BEZIER_KNOTS.);
#371=B_SPLINE_SURFACE_WITH_KNOTS('',3,1,((#15560,#15561),(#15562,#15563),
(#15564,#15565),(#15566,#15567)),.SURF_OF_LINEAR_EXTRUSION.,.F.,.F.,.F.,
(4,4),(2,2),(0.,1.),(0.,1.),.PIECEWISE_BEZIER_KNOTS.);
#372=B_SPLINE_SURFACE_WITH_KNOTS('',3,1,((#15573,#15574),(#15575,#15576),
(#15577,#15578),(#15579,#15580)),.SURF_OF_LINEAR_EXTRUSION.,.F.,.F.,.F.,
(4,4),(2,2),(0.,1.),(0.,1.),.PIECEWISE_BEZIER_KNOTS.);
#373=B_SPLINE_SURFACE_WITH_KNOTS('',3,1,((#15584,#15585),(#15586,#15587),
(#15588,#15589),(#15590,#15591)),.SURF_OF_LINEAR_EXTRUSION.,.F.,.F.,.F.,
(4,4),(2,2),(0.,1.),(0.,1.),.PIECEWISE_BEZIER_KNOTS.);
#374=B_SPLINE_SURFACE_WITH_KNOTS('',3,1,((#15599,#15600),(#15601,#15602),
(#15603,#15604),(#15605,#15606)),.SURF_OF_LINEAR_EXTRUSION.,.F.,.F.,.F.,
(4,4),(2,2),(0.,1.),(0.,1.),.PIECEWISE_BEZIER_KNOTS.);
#375=B_SPLINE_SURFACE_WITH_KNOTS('',3,1,((#15655,#15656),(#15657,#15658),
(#15659,#15660),(#15661,#15662)),.SURF_OF_LINEAR_EXTRUSION.,.F.,.F.,.F.,
(4,4),(2,2),(0.,1.),(0.,1.),.PIECEWISE_BEZIER_KNOTS.);
#376=B_SPLINE_SURFACE_WITH_KNOTS('',3,1,((#15672,#15673),(#15674,#15675),
(#15676,#15677),(#15678,#15679)),.SURF_OF_LINEAR_EXTRUSION.,.F.,.F.,.F.,
(4,4),(2,2),(0.,1.),(0.,1.),.PIECEWISE_BEZIER_KNOTS.);
#377=B_SPLINE_SURFACE_WITH_KNOTS('',3,1,((#15689,#15690),(#15691,#15692),
(#15693,#15694),(#15695,#15696)),.SURF_OF_LINEAR_EXTRUSION.,.F.,.F.,.F.,
(4,4),(2,2),(0.,1.),(0.,1.),.PIECEWISE_BEZIER_KNOTS.);
#378=B_SPLINE_SURFACE_WITH_KNOTS('',3,1,((#15704,#15705),(#15706,#15707),
(#15708,#15709),(#15710,#15711)),.SURF_OF_LINEAR_EXTRUSION.,.F.,.F.,.F.,
(4,4),(2,2),(0.,1.),(0.,1.),.PIECEWISE_BEZIER_KNOTS.);
#379=B_SPLINE_SURFACE_WITH_KNOTS('',3,1,((#15717,#15718),(#15719,#15720),
(#15721,#15722),(#15723,#15724)),.SURF_OF_LINEAR_EXTRUSION.,.F.,.F.,.F.,
(4,4),(2,2),(0.,1.),(0.,1.),.PIECEWISE_BEZIER_KNOTS.);
#380=B_SPLINE_SURFACE_WITH_KNOTS('',3,1,((#15730,#15731),(#15732,#15733),
(#15734,#15735),(#15736,#15737)),.SURF_OF_LINEAR_EXTRUSION.,.F.,.F.,.F.,
(4,4),(2,2),(0.,1.),(0.,1.),.PIECEWISE_BEZIER_KNOTS.);
#381=B_SPLINE_SURFACE_WITH_KNOTS('',3,1,((#15743,#15744),(#15745,#15746),
(#15747,#15748),(#15749,#15750)),.SURF_OF_LINEAR_EXTRUSION.,.F.,.F.,.F.,
(4,4),(2,2),(0.,1.),(0.,1.),.PIECEWISE_BEZIER_KNOTS.);
#382=B_SPLINE_SURFACE_WITH_KNOTS('',3,1,((#15756,#15757),(#15758,#15759),
(#15760,#15761),(#15762,#15763)),.SURF_OF_LINEAR_EXTRUSION.,.F.,.F.,.F.,
(4,4),(2,2),(0.,1.),(0.,1.),.PIECEWISE_BEZIER_KNOTS.);
#383=B_SPLINE_SURFACE_WITH_KNOTS('',3,1,((#15769,#15770),(#15771,#15772),
(#15773,#15774),(#15775,#15776)),.SURF_OF_LINEAR_EXTRUSION.,.F.,.F.,.F.,
(4,4),(2,2),(0.,1.),(0.,1.),.PIECEWISE_BEZIER_KNOTS.);
#384=B_SPLINE_SURFACE_WITH_KNOTS('',3,1,((#15782,#15783),(#15784,#15785),
(#15786,#15787),(#15788,#15789)),.SURF_OF_LINEAR_EXTRUSION.,.F.,.F.,.F.,
(4,4),(2,2),(0.,1.),(0.,1.),.PIECEWISE_BEZIER_KNOTS.);
#385=B_SPLINE_SURFACE_WITH_KNOTS('',3,1,((#15799,#15800),(#15801,#15802),
(#15803,#15804),(#15805,#15806)),.SURF_OF_LINEAR_EXTRUSION.,.F.,.F.,.F.,
(4,4),(2,2),(0.,1.),(0.,1.),.PIECEWISE_BEZIER_KNOTS.);
#386=B_SPLINE_SURFACE_WITH_KNOTS('',3,1,((#15812,#15813),(#15814,#15815),
(#15816,#15817),(#15818,#15819)),.SURF_OF_LINEAR_EXTRUSION.,.F.,.F.,.F.,
(4,4),(2,2),(0.,1.),(0.,1.),.PIECEWISE_BEZIER_KNOTS.);
#387=B_SPLINE_SURFACE_WITH_KNOTS('',3,1,((#15833,#15834),(#15835,#15836),
(#15837,#15838),(#15839,#15840)),.SURF_OF_LINEAR_EXTRUSION.,.F.,.F.,.F.,
(4,4),(2,2),(0.,1.),(0.,1.),.PIECEWISE_BEZIER_KNOTS.);
#388=B_SPLINE_SURFACE_WITH_KNOTS('',3,1,((#15846,#15847),(#15848,#15849),
(#15850,#15851),(#15852,#15853)),.SURF_OF_LINEAR_EXTRUSION.,.F.,.F.,.F.,
(4,4),(2,2),(0.,1.),(0.,1.),.PIECEWISE_BEZIER_KNOTS.);
#389=B_SPLINE_SURFACE_WITH_KNOTS('',3,1,((#15857,#15858),(#15859,#15860),
(#15861,#15862),(#15863,#15864)),.SURF_OF_LINEAR_EXTRUSION.,.F.,.F.,.F.,
(4,4),(2,2),(0.,1.),(0.,1.),.PIECEWISE_BEZIER_KNOTS.);
#390=CONTEXT_DEPENDENT_SHAPE_REPRESENTATION(#470,#16188);
#391=CONTEXT_DEPENDENT_SHAPE_REPRESENTATION(#471,#16190);
#392=CONTEXT_DEPENDENT_SHAPE_REPRESENTATION(#472,#16192);
#393=CONTEXT_DEPENDENT_SHAPE_REPRESENTATION(#473,#16194);
#394=CONTEXT_DEPENDENT_SHAPE_REPRESENTATION(#474,#16196);
#395=CONTEXT_DEPENDENT_SHAPE_REPRESENTATION(#475,#16197);
#396=CONTEXT_DEPENDENT_SHAPE_REPRESENTATION(#476,#16198);
#397=CONTEXT_DEPENDENT_SHAPE_REPRESENTATION(#477,#16200);
#398=CONTEXT_DEPENDENT_SHAPE_REPRESENTATION(#478,#16202);
#399=CONTEXT_DEPENDENT_SHAPE_REPRESENTATION(#479,#16204);
#400=CONTEXT_DEPENDENT_SHAPE_REPRESENTATION(#480,#16206);
#401=CONTEXT_DEPENDENT_SHAPE_REPRESENTATION(#481,#16208);
#402=CONTEXT_DEPENDENT_SHAPE_REPRESENTATION(#482,#16210);
#403=CONTEXT_DEPENDENT_SHAPE_REPRESENTATION(#483,#16212);
#404=CONTEXT_DEPENDENT_SHAPE_REPRESENTATION(#484,#16213);
#405=CONTEXT_DEPENDENT_SHAPE_REPRESENTATION(#485,#16214);
#406=CONTEXT_DEPENDENT_SHAPE_REPRESENTATION(#486,#16215);
#407=CONTEXT_DEPENDENT_SHAPE_REPRESENTATION(#487,#16216);
#408=CONTEXT_DEPENDENT_SHAPE_REPRESENTATION(#488,#16218);
#409=CONTEXT_DEPENDENT_SHAPE_REPRESENTATION(#489,#16219);
#410=CONTEXT_DEPENDENT_SHAPE_REPRESENTATION(#490,#16220);
#411=CONTEXT_DEPENDENT_SHAPE_REPRESENTATION(#491,#16222);
#412=CONTEXT_DEPENDENT_SHAPE_REPRESENTATION(#492,#16223);
#413=CONTEXT_DEPENDENT_SHAPE_REPRESENTATION(#493,#16224);
#414=CONTEXT_DEPENDENT_SHAPE_REPRESENTATION(#494,#16226);
#415=CONTEXT_DEPENDENT_SHAPE_REPRESENTATION(#495,#16228);
#416=CONTEXT_DEPENDENT_SHAPE_REPRESENTATION(#496,#16230);
#417=CONTEXT_DEPENDENT_SHAPE_REPRESENTATION(#497,#16231);
#418=CONTEXT_DEPENDENT_SHAPE_REPRESENTATION(#498,#16233);
#419=CONTEXT_DEPENDENT_SHAPE_REPRESENTATION(#499,#16234);
#420=CONTEXT_DEPENDENT_SHAPE_REPRESENTATION(#500,#16235);
#421=CONTEXT_DEPENDENT_SHAPE_REPRESENTATION(#501,#16236);
#422=CONTEXT_DEPENDENT_SHAPE_REPRESENTATION(#502,#16237);
#423=CONTEXT_DEPENDENT_SHAPE_REPRESENTATION(#503,#16239);
#424=CONTEXT_DEPENDENT_SHAPE_REPRESENTATION(#504,#16240);
#425=CONTEXT_DEPENDENT_SHAPE_REPRESENTATION(#505,#16241);
#426=CONTEXT_DEPENDENT_SHAPE_REPRESENTATION(#506,#16242);
#427=CONTEXT_DEPENDENT_SHAPE_REPRESENTATION(#507,#16244);
#428=CONTEXT_DEPENDENT_SHAPE_REPRESENTATION(#508,#16245);
#429=CONTEXT_DEPENDENT_SHAPE_REPRESENTATION(#509,#16246);
#430=NEXT_ASSEMBLY_USAGE_OCCURRENCE('NAUO1','Part 5','Part 5',#16247,#16248,
'');
#431=NEXT_ASSEMBLY_USAGE_OCCURRENCE('NAUO2','Part 9','Part 9',#16247,#16249,
'');
#432=NEXT_ASSEMBLY_USAGE_OCCURRENCE('NAUO3','Part 6','Part 6',#16247,#16250,
'');
#433=NEXT_ASSEMBLY_USAGE_OCCURRENCE('NAUO4','Part 13','Part 13',#16247,
#16251,'');
#434=NEXT_ASSEMBLY_USAGE_OCCURRENCE('NAUO5','Part 12','Part 12',#16247,
#16252,'');
#435=NEXT_ASSEMBLY_USAGE_OCCURRENCE('NAUO6','Part 13','Part 13',#16247,
#16251,'');
#436=NEXT_ASSEMBLY_USAGE_OCCURRENCE('NAUO7','Part 9','Part 9',#16247,#16249,
'');
#437=NEXT_ASSEMBLY_USAGE_OCCURRENCE('NAUO8','Part 4','Part 4',#16247,#16253,
'');
#438=NEXT_ASSEMBLY_USAGE_OCCURRENCE('NAUO9','Part 6','Part 6',#16247,#16254,
'');
#439=NEXT_ASSEMBLY_USAGE_OCCURRENCE('NAUO10','Part 4','Part 4',#16247,#16255,
'');
#440=NEXT_ASSEMBLY_USAGE_OCCURRENCE('NAUO11','Part 11','Part 11',#16247,
#16256,'');
#441=NEXT_ASSEMBLY_USAGE_OCCURRENCE('NAUO12','Part 7','Part 7',#16247,#16257,
'');
#442=NEXT_ASSEMBLY_USAGE_OCCURRENCE('NAUO13','Part 1','Part 1',#16247,#16258,
'');
#443=NEXT_ASSEMBLY_USAGE_OCCURRENCE('NAUO14','Part 14','Part 14',#16247,
#16259,'');
#444=NEXT_ASSEMBLY_USAGE_OCCURRENCE('NAUO15','Part 6','Part 6',#16247,#16254,
'');
#445=NEXT_ASSEMBLY_USAGE_OCCURRENCE('NAUO16','Part 7','Part 7',#16247,#16257,
'');
#446=NEXT_ASSEMBLY_USAGE_OCCURRENCE('NAUO17','Part 5','Part 5',#16247,#16248,
'');
#447=NEXT_ASSEMBLY_USAGE_OCCURRENCE('NAUO18','Part 12','Part 12',#16247,
#16252,'');
#448=NEXT_ASSEMBLY_USAGE_OCCURRENCE('NAUO19','Part 5','Part 5',#16247,#16260,
'');
#449=NEXT_ASSEMBLY_USAGE_OCCURRENCE('NAUO20','Part 11','Part 11',#16247,
#16256,'');
#450=NEXT_ASSEMBLY_USAGE_OCCURRENCE('NAUO21','Part 4','Part 4',#16247,#16255,
'');
#451=NEXT_ASSEMBLY_USAGE_OCCURRENCE('NAUO22','Part 1','Part 1',#16247,#16261,
'');
#452=NEXT_ASSEMBLY_USAGE_OCCURRENCE('NAUO23','Part 1','Part 1',#16247,#16258,
'');
#453=NEXT_ASSEMBLY_USAGE_OCCURRENCE('NAUO24','Part 14','Part 14',#16247,
#16259,'');
#454=NEXT_ASSEMBLY_USAGE_OCCURRENCE('NAUO25','Part 1','Part 1',#16247,#16262,
'');
#455=NEXT_ASSEMBLY_USAGE_OCCURRENCE('NAUO26','Part 3','Part 3',#16247,#16263,
'');
#456=NEXT_ASSEMBLY_USAGE_OCCURRENCE('NAUO27','Part 1','Part 1',#16247,#16264,
'');
#457=NEXT_ASSEMBLY_USAGE_OCCURRENCE('NAUO28','Part 1','Part 1',#16247,#16264,
'');
#458=NEXT_ASSEMBLY_USAGE_OCCURRENCE('NAUO29','Part 10','Part 10',#16247,
#16265,'');
#459=NEXT_ASSEMBLY_USAGE_OCCURRENCE('NAUO30','Part 10','Part 10',#16247,
#16265,'');
#460=NEXT_ASSEMBLY_USAGE_OCCURRENCE('NAUO31','Part 4','Part 4',#16247,#16253,
'');
#461=NEXT_ASSEMBLY_USAGE_OCCURRENCE('NAUO32','Part 6','Part 6',#16247,#16250,
'');
#462=NEXT_ASSEMBLY_USAGE_OCCURRENCE('NAUO33','Part 1','Part 1',#16247,#16262,
'');
#463=NEXT_ASSEMBLY_USAGE_OCCURRENCE('NAUO34','Part 3','Part 3',#16247,#16266,
'');
#464=NEXT_ASSEMBLY_USAGE_OCCURRENCE('NAUO35','Part 5','Part 5',#16247,#16260,
'');
#465=NEXT_ASSEMBLY_USAGE_OCCURRENCE('NAUO36','Part 3','Part 3',#16247,#16263,
'');
#466=NEXT_ASSEMBLY_USAGE_OCCURRENCE('NAUO37','Part 1','Part 1',#16247,#16261,
'');
#467=NEXT_ASSEMBLY_USAGE_OCCURRENCE('NAUO38','Part 8','Part 8',#16247,#16267,
'');
#468=NEXT_ASSEMBLY_USAGE_OCCURRENCE('NAUO39','Part 8','Part 8',#16247,#16267,
'');
#469=NEXT_ASSEMBLY_USAGE_OCCURRENCE('NAUO40','Part 3','Part 3',#16247,#16266,
'');
#470=(
REPRESENTATION_RELATIONSHIP(' ',' ',#9472,#9471)
REPRESENTATION_RELATIONSHIP_WITH_TRANSFORMATION(#510)
SHAPE_REPRESENTATION_RELATIONSHIP()
);
#471=(
REPRESENTATION_RELATIONSHIP(' ',' ',#9473,#9471)
REPRESENTATION_RELATIONSHIP_WITH_TRANSFORMATION(#511)
SHAPE_REPRESENTATION_RELATIONSHIP()
);
#472=(
REPRESENTATION_RELATIONSHIP(' ',' ',#9474,#9471)
REPRESENTATION_RELATIONSHIP_WITH_TRANSFORMATION(#512)
SHAPE_REPRESENTATION_RELATIONSHIP()
);
#473=(
REPRESENTATION_RELATIONSHIP(' ',' ',#9475,#9471)
REPRESENTATION_RELATIONSHIP_WITH_TRANSFORMATION(#513)
SHAPE_REPRESENTATION_RELATIONSHIP()
);
#474=(
REPRESENTATION_RELATIONSHIP(' ',' ',#9476,#9471)
REPRESENTATION_RELATIONSHIP_WITH_TRANSFORMATION(#514)
SHAPE_REPRESENTATION_RELATIONSHIP()
);
#475=(
REPRESENTATION_RELATIONSHIP(' ',' ',#9475,#9471)
REPRESENTATION_RELATIONSHIP_WITH_TRANSFORMATION(#515)
SHAPE_REPRESENTATION_RELATIONSHIP()
);
#476=(
REPRESENTATION_RELATIONSHIP(' ',' ',#9473,#9471)
REPRESENTATION_RELATIONSHIP_WITH_TRANSFORMATION(#516)
SHAPE_REPRESENTATION_RELATIONSHIP()
);
#477=(
REPRESENTATION_RELATIONSHIP(' ',' ',#9477,#9471)
REPRESENTATION_RELATIONSHIP_WITH_TRANSFORMATION(#517)
SHAPE_REPRESENTATION_RELATIONSHIP()
);
#478=(
REPRESENTATION_RELATIONSHIP(' ',' ',#9478,#9471)
REPRESENTATION_RELATIONSHIP_WITH_TRANSFORMATION(#518)
SHAPE_REPRESENTATION_RELATIONSHIP()
);
#479=(
REPRESENTATION_RELATIONSHIP(' ',' ',#9479,#9471)
REPRESENTATION_RELATIONSHIP_WITH_TRANSFORMATION(#519)
SHAPE_REPRESENTATION_RELATIONSHIP()
);
#480=(
REPRESENTATION_RELATIONSHIP(' ',' ',#9480,#9471)
REPRESENTATION_RELATIONSHIP_WITH_TRANSFORMATION(#520)
SHAPE_REPRESENTATION_RELATIONSHIP()
);
#481=(
REPRESENTATION_RELATIONSHIP(' ',' ',#9481,#9471)
REPRESENTATION_RELATIONSHIP_WITH_TRANSFORMATION(#521)
SHAPE_REPRESENTATION_RELATIONSHIP()
);
#482=(
REPRESENTATION_RELATIONSHIP(' ',' ',#9482,#9471)
REPRESENTATION_RELATIONSHIP_WITH_TRANSFORMATION(#522)
SHAPE_REPRESENTATION_RELATIONSHIP()
);
#483=(
REPRESENTATION_RELATIONSHIP(' ',' ',#9483,#9471)
REPRESENTATION_RELATIONSHIP_WITH_TRANSFORMATION(#523)
SHAPE_REPRESENTATION_RELATIONSHIP()
);
#484=(
REPRESENTATION_RELATIONSHIP(' ',' ',#9478,#9471)
REPRESENTATION_RELATIONSHIP_WITH_TRANSFORMATION(#524)
SHAPE_REPRESENTATION_RELATIONSHIP()
);
#485=(
REPRESENTATION_RELATIONSHIP(' ',' ',#9481,#9471)
REPRESENTATION_RELATIONSHIP_WITH_TRANSFORMATION(#525)
SHAPE_REPRESENTATION_RELATIONSHIP()
);
#486=(
REPRESENTATION_RELATIONSHIP(' ',' ',#9472,#9471)
REPRESENTATION_RELATIONSHIP_WITH_TRANSFORMATION(#526)
SHAPE_REPRESENTATION_RELATIONSHIP()
);
#487=(
REPRESENTATION_RELATIONSHIP(' ',' ',#9476,#9471)
REPRESENTATION_RELATIONSHIP_WITH_TRANSFORMATION(#527)
SHAPE_REPRESENTATION_RELATIONSHIP()
);
#488=(
REPRESENTATION_RELATIONSHIP(' ',' ',#9484,#9471)
REPRESENTATION_RELATIONSHIP_WITH_TRANSFORMATION(#528)
SHAPE_REPRESENTATION_RELATIONSHIP()
);
#489=(
REPRESENTATION_RELATIONSHIP(' ',' ',#9480,#9471)
REPRESENTATION_RELATIONSHIP_WITH_TRANSFORMATION(#529)
SHAPE_REPRESENTATION_RELATIONSHIP()
);
#490=(
REPRESENTATION_RELATIONSHIP(' ',' ',#9479,#9471)
REPRESENTATION_RELATIONSHIP_WITH_TRANSFORMATION(#530)
SHAPE_REPRESENTATION_RELATIONSHIP()
);
#491=(
REPRESENTATION_RELATIONSHIP(' ',' ',#9485,#9471)
REPRESENTATION_RELATIONSHIP_WITH_TRANSFORMATION(#531)
SHAPE_REPRESENTATION_RELATIONSHIP()
);
#492=(
REPRESENTATION_RELATIONSHIP(' ',' ',#9482,#9471)
REPRESENTATION_RELATIONSHIP_WITH_TRANSFORMATION(#532)
SHAPE_REPRESENTATION_RELATIONSHIP()
);
#493=(
REPRESENTATION_RELATIONSHIP(' ',' ',#9483,#9471)
REPRESENTATION_RELATIONSHIP_WITH_TRANSFORMATION(#533)
SHAPE_REPRESENTATION_RELATIONSHIP()
);
#494=(
REPRESENTATION_RELATIONSHIP(' ',' ',#9486,#9471)
REPRESENTATION_RELATIONSHIP_WITH_TRANSFORMATION(#534)
SHAPE_REPRESENTATION_RELATIONSHIP()
);
#495=(
REPRESENTATION_RELATIONSHIP(' ',' ',#9487,#9471)
REPRESENTATION_RELATIONSHIP_WITH_TRANSFORMATION(#535)
SHAPE_REPRESENTATION_RELATIONSHIP()
);
#496=(
REPRESENTATION_RELATIONSHIP(' ',' ',#9488,#9471)
REPRESENTATION_RELATIONSHIP_WITH_TRANSFORMATION(#536)
SHAPE_REPRESENTATION_RELATIONSHIP()
);
#497=(
REPRESENTATION_RELATIONSHIP(' ',' ',#9488,#9471)
REPRESENTATION_RELATIONSHIP_WITH_TRANSFORMATION(#537)
SHAPE_REPRESENTATION_RELATIONSHIP()
);
#498=(
REPRESENTATION_RELATIONSHIP(' ',' ',#9489,#9471)
REPRESENTATION_RELATIONSHIP_WITH_TRANSFORMATION(#538)
SHAPE_REPRESENTATION_RELATIONSHIP()
);
#499=(
REPRESENTATION_RELATIONSHIP(' ',' ',#9489,#9471)
REPRESENTATION_RELATIONSHIP_WITH_TRANSFORMATION(#539)
SHAPE_REPRESENTATION_RELATIONSHIP()
);
#500=(
REPRESENTATION_RELATIONSHIP(' ',' ',#9477,#9471)
REPRESENTATION_RELATIONSHIP_WITH_TRANSFORMATION(#540)
SHAPE_REPRESENTATION_RELATIONSHIP()
);
#501=(
REPRESENTATION_RELATIONSHIP(' ',' ',#9474,#9471)
REPRESENTATION_RELATIONSHIP_WITH_TRANSFORMATION(#541)
SHAPE_REPRESENTATION_RELATIONSHIP()
);
#502=(
REPRESENTATION_RELATIONSHIP(' ',' ',#9486,#9471)
REPRESENTATION_RELATIONSHIP_WITH_TRANSFORMATION(#542)
SHAPE_REPRESENTATION_RELATIONSHIP()
);
#503=(
REPRESENTATION_RELATIONSHIP(' ',' ',#9490,#9471)
REPRESENTATION_RELATIONSHIP_WITH_TRANSFORMATION(#543)
SHAPE_REPRESENTATION_RELATIONSHIP()
);
#504=(
REPRESENTATION_RELATIONSHIP(' ',' ',#9484,#9471)
REPRESENTATION_RELATIONSHIP_WITH_TRANSFORMATION(#544)
SHAPE_REPRESENTATION_RELATIONSHIP()
);
#505=(
REPRESENTATION_RELATIONSHIP(' ',' ',#9487,#9471)
REPRESENTATION_RELATIONSHIP_WITH_TRANSFORMATION(#545)
SHAPE_REPRESENTATION_RELATIONSHIP()
);
#506=(
REPRESENTATION_RELATIONSHIP(' ',' ',#9485,#9471)
REPRESENTATION_RELATIONSHIP_WITH_TRANSFORMATION(#546)
SHAPE_REPRESENTATION_RELATIONSHIP()
);
#507=(
REPRESENTATION_RELATIONSHIP(' ',' ',#9491,#9471)
REPRESENTATION_RELATIONSHIP_WITH_TRANSFORMATION(#547)
SHAPE_REPRESENTATION_RELATIONSHIP()
);
#508=(
REPRESENTATION_RELATIONSHIP(' ',' ',#9491,#9471)
REPRESENTATION_RELATIONSHIP_WITH_TRANSFORMATION(#548)
SHAPE_REPRESENTATION_RELATIONSHIP()
);
#509=(
REPRESENTATION_RELATIONSHIP(' ',' ',#9490,#9471)
REPRESENTATION_RELATIONSHIP_WITH_TRANSFORMATION(#549)
SHAPE_REPRESENTATION_RELATIONSHIP()
);
#510=ITEM_DEFINED_TRANSFORMATION(' ',' ',#9492,#9503);
#511=ITEM_DEFINED_TRANSFORMATION(' ',' ',#9492,#9528);
#512=ITEM_DEFINED_TRANSFORMATION(' ',' ',#9492,#9534);
#513=ITEM_DEFINED_TRANSFORMATION(' ',' ',#9492,#9564);
#514=ITEM_DEFINED_TRANSFORMATION(' ',' ',#9492,#9567);
#515=ITEM_DEFINED_TRANSFORMATION(' ',' ',#9492,#9568);
#516=ITEM_DEFINED_TRANSFORMATION(' ',' ',#9492,#9569);
#517=ITEM_DEFINED_TRANSFORMATION(' ',' ',#9492,#9575);
#518=ITEM_DEFINED_TRANSFORMATION(' ',' ',#9492,#9586);
#519=ITEM_DEFINED_TRANSFORMATION(' ',' ',#9492,#9593);
#520=ITEM_DEFINED_TRANSFORMATION(' ',' ',#9492,#9619);
#521=ITEM_DEFINED_TRANSFORMATION(' ',' ',#9492,#9635);
#522=ITEM_DEFINED_TRANSFORMATION(' ',' ',#9492,#9679);
#523=ITEM_DEFINED_TRANSFORMATION(' ',' ',#9492,#9682);
#524=ITEM_DEFINED_TRANSFORMATION(' ',' ',#9492,#9683);
#525=ITEM_DEFINED_TRANSFORMATION(' ',' ',#9492,#9684);
#526=ITEM_DEFINED_TRANSFORMATION(' ',' ',#9492,#9685);
#527=ITEM_DEFINED_TRANSFORMATION(' ',' ',#9492,#9686);
#528=ITEM_DEFINED_TRANSFORMATION(' ',' ',#9492,#9692);
#529=ITEM_DEFINED_TRANSFORMATION(' ',' ',#9492,#9693);
#530=ITEM_DEFINED_TRANSFORMATION(' ',' ',#9492,#9694);
#531=ITEM_DEFINED_TRANSFORMATION(' ',' ',#9492,#9772);
#532=ITEM_DEFINED_TRANSFORMATION(' ',' ',#9492,#9773);
#533=ITEM_DEFINED_TRANSFORMATION(' ',' ',#9492,#9774);
#534=ITEM_DEFINED_TRANSFORMATION(' ',' ',#9492,#9819);
#535=ITEM_DEFINED_TRANSFORMATION(' ',' ',#9492,#9825);
#536=ITEM_DEFINED_TRANSFORMATION(' ',' ',#9492,#10012);
#537=ITEM_DEFINED_TRANSFORMATION(' ',' ',#9492,#10013);
#538=ITEM_DEFINED_TRANSFORMATION(' ',' ',#9492,#10022);
#539=ITEM_DEFINED_TRANSFORMATION(' ',' ',#9492,#10023);
#540=ITEM_DEFINED_TRANSFORMATION(' ',' ',#9492,#10024);
#541=ITEM_DEFINED_TRANSFORMATION(' ',' ',#9492,#10025);
#542=ITEM_DEFINED_TRANSFORMATION(' ',' ',#9492,#10026);
#543=ITEM_DEFINED_TRANSFORMATION(' ',' ',#9492,#10033);
#544=ITEM_DEFINED_TRANSFORMATION(' ',' ',#9492,#10034);
#545=ITEM_DEFINED_TRANSFORMATION(' ',' ',#9492,#10035);
#546=ITEM_DEFINED_TRANSFORMATION(' ',' ',#9492,#10036);
#547=ITEM_DEFINED_TRANSFORMATION(' ',' ',#9492,#10051);
#548=ITEM_DEFINED_TRANSFORMATION(' ',' ',#9492,#10052);
#549=ITEM_DEFINED_TRANSFORMATION(' ',' ',#9492,#10053);
#550=SHAPE_REPRESENTATION_RELATIONSHIP('','',#9472,#570);
#551=SHAPE_REPRESENTATION_RELATIONSHIP('','',#9473,#571);
#552=SHAPE_REPRESENTATION_RELATIONSHIP('','',#9474,#572);
#553=SHAPE_REPRESENTATION_RELATIONSHIP('','',#9475,#573);
#554=SHAPE_REPRESENTATION_RELATIONSHIP('','',#9476,#574);
#555=SHAPE_REPRESENTATION_RELATIONSHIP('','',#9477,#575);
#556=SHAPE_REPRESENTATION_RELATIONSHIP('','',#9478,#576);
#557=SHAPE_REPRESENTATION_RELATIONSHIP('','',#9479,#577);
#558=SHAPE_REPRESENTATION_RELATIONSHIP('','',#9480,#578);
#559=SHAPE_REPRESENTATION_RELATIONSHIP('','',#9481,#579);
#560=SHAPE_REPRESENTATION_RELATIONSHIP('','',#9482,#580);
#561=SHAPE_REPRESENTATION_RELATIONSHIP('','',#9483,#581);
#562=SHAPE_REPRESENTATION_RELATIONSHIP('','',#9484,#582);
#563=SHAPE_REPRESENTATION_RELATIONSHIP('','',#9485,#583);
#564=SHAPE_REPRESENTATION_RELATIONSHIP('','',#9486,#584);
#565=SHAPE_REPRESENTATION_RELATIONSHIP('','',#9487,#585);
#566=SHAPE_REPRESENTATION_RELATIONSHIP('','',#9488,#586);
#567=SHAPE_REPRESENTATION_RELATIONSHIP('','',#9489,#587);
#568=SHAPE_REPRESENTATION_RELATIONSHIP('','',#9490,#588);
#569=SHAPE_REPRESENTATION_RELATIONSHIP('','',#9491,#589);
#570=ADVANCED_BREP_SHAPE_REPRESENTATION('',(#9430),#16142);
#571=ADVANCED_BREP_SHAPE_REPRESENTATION('',(#9431),#16143);
#572=ADVANCED_BREP_SHAPE_REPRESENTATION('',(#9432),#16144);
#573=ADVANCED_BREP_SHAPE_REPRESENTATION('',(#9433),#16145);
#574=ADVANCED_BREP_SHAPE_REPRESENTATION('',(#9434),#16146);
#575=ADVANCED_BREP_SHAPE_REPRESENTATION('',(#9435),#16147);
#576=ADVANCED_BREP_SHAPE_REPRESENTATION('',(#9436),#16148);
#577=ADVANCED_BREP_SHAPE_REPRESENTATION('',(#9437),#16149);
#578=ADVANCED_BREP_SHAPE_REPRESENTATION('',(#9438),#16150);
#579=ADVANCED_BREP_SHAPE_REPRESENTATION('',(#9439),#16151);
#580=ADVANCED_BREP_SHAPE_REPRESENTATION('',(#9440),#16152);
#581=ADVANCED_BREP_SHAPE_REPRESENTATION('',(#9441),#16153);
#582=ADVANCED_BREP_SHAPE_REPRESENTATION('',(#9442),#16154);
#583=ADVANCED_BREP_SHAPE_REPRESENTATION('',(#9443),#16155);
#584=ADVANCED_BREP_SHAPE_REPRESENTATION('',(#9444),#16156);
#585=ADVANCED_BREP_SHAPE_REPRESENTATION('',(#9445),#16157);
#586=ADVANCED_BREP_SHAPE_REPRESENTATION('',(#9446),#16158);
#587=ADVANCED_BREP_SHAPE_REPRESENTATION('',(#9447),#16159);
#588=ADVANCED_BREP_SHAPE_REPRESENTATION('',(#9448),#16160);
#589=ADVANCED_BREP_SHAPE_REPRESENTATION('',(#9449),#16161);
#590=CYLINDRICAL_SURFACE('',#9500,0.00155);
#591=CYLINDRICAL_SURFACE('',#9508,0.0108827782864777);
#592=CYLINDRICAL_SURFACE('',#9522,0.00937363565068939);
#593=CYLINDRICAL_SURFACE('',#9531,0.001725);
#594=CYLINDRICAL_SURFACE('',#9535,0.00171025723839471);
#595=CYLINDRICAL_SURFACE('',#9538,0.00158367767256726);
#596=CYLINDRICAL_SURFACE('',#9542,0.00139082194569505);
#597=CYLINDRICAL_SURFACE('',#9548,0.00208479636351572);
#598=CYLINDRICAL_SURFACE('',#9551,0.00206354771435789);
#599=CYLINDRICAL_SURFACE('',#9555,0.00165869215144134);
#600=CYLINDRICAL_SURFACE('',#9558,0.00270094038350114);
#601=CYLINDRICAL_SURFACE('',#9572,0.001725);
#602=CYLINDRICAL_SURFACE('',#9583,0.00152473392440151);
#603=CYLINDRICAL_SURFACE('',#9594,0.000639936772699234);
#604=CYLINDRICAL_SURFACE('',#9597,0.000767047420180309);
#605=CYLINDRICAL_SURFACE('',#9600,0.00104842888866286);
#606=CYLINDRICAL_SURFACE('',#9603,0.000534431614953657);
#607=CYLINDRICAL_SURFACE('',#9606,0.000693620610265725);
#608=CYLINDRICAL_SURFACE('',#9609,0.000831343581325545);
#609=CYLINDRICAL_SURFACE('',#9613,0.00129940320403569);
#610=CYLINDRICAL_SURFACE('',#9622,0.00606348274659773);
#611=CYLINDRICAL_SURFACE('',#9625,0.00604209911849407);
#612=CYLINDRICAL_SURFACE('',#9654,0.00155);
#613=CYLINDRICAL_SURFACE('',#9656,0.00155);
#614=CYLINDRICAL_SURFACE('',#9689,0.001725);
#615=CYLINDRICAL_SURFACE('',#9714,0.001725);
#616=CYLINDRICAL_SURFACE('',#9715,0.0025);
#617=CYLINDRICAL_SURFACE('',#9718,0.001725);
#618=CYLINDRICAL_SURFACE('',#9722,0.00155);
#619=CYLINDRICAL_SURFACE('',#9726,0.00155);
#620=CYLINDRICAL_SURFACE('',#9735,0.001725);
#621=CYLINDRICAL_SURFACE('',#9736,0.0013);
#622=CYLINDRICAL_SURFACE('',#9742,0.001725);
#623=CYLINDRICAL_SURFACE('',#9761,0.0020574);
#624=CYLINDRICAL_SURFACE('',#9764,0.000889);
#625=CYLINDRICAL_SURFACE('',#9767,0.000889);
#626=CYLINDRICAL_SURFACE('',#9792,0.00155);
#627=CYLINDRICAL_SURFACE('',#9794,0.00155);
#628=CYLINDRICAL_SURFACE('',#9818,0.00155);
#629=CYLINDRICAL_SURFACE('',#9822,0.001725);
#630=CYLINDRICAL_SURFACE('',#9855,0.001725);
#631=CYLINDRICAL_SURFACE('',#9856,0.0025);
#632=CYLINDRICAL_SURFACE('',#9858,0.001725);
#633=CYLINDRICAL_SURFACE('',#9866,0.007555);
#634=CYLINDRICAL_SURFACE('',#9869,0.00155);
#635=CYLINDRICAL_SURFACE('',#9872,0.00155);
#636=CYLINDRICAL_SURFACE('',#9879,0.0014195);
#637=CYLINDRICAL_SURFACE('',#9880,0.007675);
#638=CYLINDRICAL_SURFACE('',#9899,0.0020574);
#639=CYLINDRICAL_SURFACE('',#9902,0.000889);
#640=CYLINDRICAL_SURFACE('',#9905,0.000889);
#641=CYLINDRICAL_SURFACE('',#9908,0.00162380209106428);
#642=CYLINDRICAL_SURFACE('',#9910,0.00150362124396347);
#643=CYLINDRICAL_SURFACE('',#9913,0.00132051455945781);
#644=CYLINDRICAL_SURFACE('',#9918,0.00197940790339616);
#645=CYLINDRICAL_SURFACE('',#9920,0.00195923339387889);
#646=CYLINDRICAL_SURFACE('',#9923,0.00157484366882186);
#647=CYLINDRICAL_SURFACE('',#9925,0.00256440525092568);
#648=CYLINDRICAL_SURFACE('',#9933,0.0103326433833697);
#649=CYLINDRICAL_SURFACE('',#9946,0.00889978935847579);
#650=CYLINDRICAL_SURFACE('',#9952,0.000607587353726467);
#651=CYLINDRICAL_SURFACE('',#9955,0.000728272435790832);
#652=CYLINDRICAL_SURFACE('',#9958,0.00099542980057383);
#653=CYLINDRICAL_SURFACE('',#9961,0.000507415583139864);
#654=CYLINDRICAL_SURFACE('',#9964,0.000658557421693441);
#655=CYLINDRICAL_SURFACE('',#9967,0.000789318364187897);
#656=CYLINDRICAL_SURFACE('',#9971,0.00123371712306378);
#657=CYLINDRICAL_SURFACE('',#9997,0.00575696786540657);
#658=CYLINDRICAL_SURFACE('',#9999,0.00573666518014727);
#659=CIRCLE('',#9495,0.00155);
#660=CIRCLE('',#9501,0.00155);
#661=CIRCLE('',#9509,0.0108827782864777);
#662=CIRCLE('',#9510,0.0108827782864777);
#663=CIRCLE('',#9523,0.00937363565068939);
#664=CIRCLE('',#9524,0.00937363565068939);
#665=CIRCLE('',#9530,0.001725);
#666=CIRCLE('',#9532,0.001725);
#667=CIRCLE('',#9536,0.00171025723839471);
#668=CIRCLE('',#9537,0.00171025723839471);
#669=CIRCLE('',#9539,0.00158367767256726);
#670=CIRCLE('',#9540,0.00158367767256726);
#671=CIRCLE('',#9543,0.00139082194569505);
#672=CIRCLE('',#9544,0.00139082194569505);
#673=CIRCLE('',#9549,0.00208479636351572);
#674=CIRCLE('',#9550,0.00208479636351572);
#675=CIRCLE('',#9552,0.00206354771435789);
#676=CIRCLE('',#9553,0.00206354771435789);
#677=CIRCLE('',#9556,0.00165869215144134);
#678=CIRCLE('',#9557,0.00165869215144134);
#679=CIRCLE('',#9559,0.00270094038350114);
#680=CIRCLE('',#9560,0.00270094038350114);
#681=CIRCLE('',#9571,0.001725);
#682=CIRCLE('',#9573,0.001725);
#683=CIRCLE('',#9578,0.00152473392440151);
#684=CIRCLE('',#9584,0.00152473392440151);
#685=CIRCLE('',#9595,0.000639936772699234);
#686=CIRCLE('',#9596,0.000639936772699234);
#687=CIRCLE('',#9598,0.000767047420180309);
#688=CIRCLE('',#9599,0.000767047420180309);
#689=CIRCLE('',#9601,0.00104842888866286);
#690=CIRCLE('',#9602,0.00104842888866286);
#691=CIRCLE('',#9604,0.000534431614953657);
#692=CIRCLE('',#9605,0.000534431614953657);
#693=CIRCLE('',#9607,0.000693620610265725);
#694=CIRCLE('',#9608,0.000693620610265725);
#695=CIRCLE('',#9610,0.000831343581325545);
#696=CIRCLE('',#9611,0.000831343581325545);
#697=CIRCLE('',#9614,0.00129940320403569);
#698=CIRCLE('',#9615,0.00129940320403569);
#699=CIRCLE('',#9623,0.00606348274659773);
#700=CIRCLE('',#9624,0.00606348274659773);
#701=CIRCLE('',#9626,0.00604209911849407);
#702=CIRCLE('',#9627,0.00604209911849407);
#703=CIRCLE('',#9641,0.00155);
#704=CIRCLE('',#9642,0.00155);
#705=CIRCLE('',#9655,0.00155);
#706=CIRCLE('',#9657,0.00155);
#707=CIRCLE('',#9688,0.001725);
#708=CIRCLE('',#9690,0.001725);
#709=CIRCLE('',#9696,0.00155);
#710=CIRCLE('',#9697,0.00155);
#711=CIRCLE('',#9698,0.0013);
#712=CIRCLE('',#9699,0.001725);
#713=CIRCLE('',#9700,0.001725);
#714=CIRCLE('',#9702,0.000889);
#715=CIRCLE('',#9703,0.000889);
#716=CIRCLE('',#9704,0.001725);
#717=CIRCLE('',#9705,0.001725);
#718=CIRCLE('',#9708,0.001725);
#719=CIRCLE('',#9710,0.001725);
#720=CIRCLE('',#9711,0.00155);
#721=CIRCLE('',#9716,0.0025);
#722=CIRCLE('',#9717,0.0025);
#723=CIRCLE('',#9719,0.001725);
#724=CIRCLE('',#9721,0.00155);
#725=CIRCLE('',#9723,0.00155);
#726=CIRCLE('',#9725,0.00155);
#727=CIRCLE('',#9733,0.001725);
#728=CIRCLE('',#9737,0.0013);
#729=CIRCLE('',#9756,0.0020574);
#730=CIRCLE('',#9762,0.0020574);
#731=CIRCLE('',#9765,0.000889);
#732=CIRCLE('',#9768,0.000889);
#733=CIRCLE('',#9776,0.00155);
#734=CIRCLE('',#9777,0.00155);
#735=CIRCLE('',#9778,0.00155);
#736=CIRCLE('',#9793,0.00155);
#737=CIRCLE('',#9795,0.00155);
#738=CIRCLE('',#9815,0.00155);
#739=CIRCLE('',#9821,0.001725);
#740=CIRCLE('',#9823,0.001725);
#741=CIRCLE('',#9827,0.000889);
#742=CIRCLE('',#9828,0.000889);
#743=CIRCLE('',#9829,0.001725);
#744=CIRCLE('',#9830,0.001725);
#745=CIRCLE('',#9836,0.007675);
#746=CIRCLE('',#9838,0.00889978935847579);
#747=CIRCLE('',#9839,0.0103326433833697);
#748=CIRCLE('',#9840,0.00256440525092568);
#749=CIRCLE('',#9841,0.00157484366882186);
#750=CIRCLE('',#9842,0.00195923339387889);
#751=CIRCLE('',#9843,0.00197940790339616);
#752=CIRCLE('',#9844,0.00132051455945781);
#753=CIRCLE('',#9845,0.00150362124396347);
#754=CIRCLE('',#9846,0.00162380209106428);
#755=CIRCLE('',#9847,0.001725);
#756=CIRCLE('',#9848,0.001725);
#757=CIRCLE('',#9849,0.0014195);
#758=CIRCLE('',#9850,0.00155);
#759=CIRCLE('',#9851,0.00155);
#760=CIRCLE('',#9852,0.00123371712306378);
#761=CIRCLE('',#9853,0.00573666518014727);
#762=CIRCLE('',#9854,0.00575696786540657);
#763=CIRCLE('',#9857,0.0025);
#764=CIRCLE('',#9859,0.001725);
#765=CIRCLE('',#9860,0.001725);
#766=CIRCLE('',#9862,0.007555);
#767=CIRCLE('',#9864,0.007675);
#768=CIRCLE('',#9865,0.007555);
#769=CIRCLE('',#9868,0.00155);
#770=CIRCLE('',#9871,0.00155);
#771=CIRCLE('',#9894,0.0020574);
#772=CIRCLE('',#9900,0.0020574);
#773=CIRCLE('',#9903,0.000889);
#774=CIRCLE('',#9906,0.000889);
#775=CIRCLE('',#9909,0.00162380209106428);
#776=CIRCLE('',#9911,0.00150362124396347);
#777=CIRCLE('',#9914,0.00132051455945781);
#778=CIRCLE('',#9919,0.00197940790339616);
#779=CIRCLE('',#9921,0.00195923339387889);
#780=CIRCLE('',#9924,0.00157484366882186);
#781=CIRCLE('',#9926,0.00256440525092568);
#782=CIRCLE('',#9934,0.0103326433833697);
#783=CIRCLE('',#9947,0.00889978935847579);
#784=CIRCLE('',#9953,0.000607587353726467);
#785=CIRCLE('',#9954,0.000607587353726467);
#786=CIRCLE('',#9956,0.000728272435790832);
#787=CIRCLE('',#9957,0.000728272435790832);
#788=CIRCLE('',#9959,0.00099542980057383);
#789=CIRCLE('',#9960,0.00099542980057383);
#790=CIRCLE('',#9962,0.000507415583139864);
#791=CIRCLE('',#9963,0.000507415583139864);
#792=CIRCLE('',#9965,0.000658557421693441);
#793=CIRCLE('',#9966,0.000658557421693441);
#794=CIRCLE('',#9968,0.000789318364187897);
#795=CIRCLE('',#9969,0.000789318364187897);
#796=CIRCLE('',#9972,0.00123371712306378);
#797=CIRCLE('',#9998,0.00575696786540657);
#798=CIRCLE('',#10000,0.00573666518014727);
#799=ORIENTED_EDGE('',*,*,#3339,.F.);
#800=ORIENTED_EDGE('',*,*,#3340,.T.);
#801=ORIENTED_EDGE('',*,*,#3341,.T.);
#802=ORIENTED_EDGE('',*,*,#3342,.F.);
#803=ORIENTED_EDGE('',*,*,#3343,.F.);
#804=ORIENTED_EDGE('',*,*,#3344,.T.);
#805=ORIENTED_EDGE('',*,*,#3345,.F.);
#806=ORIENTED_EDGE('',*,*,#3340,.F.);
#807=ORIENTED_EDGE('',*,*,#3346,.T.);
#808=ORIENTED_EDGE('',*,*,#3347,.T.);
#809=ORIENTED_EDGE('',*,*,#3348,.F.);
#810=ORIENTED_EDGE('',*,*,#3349,.T.);
#811=ORIENTED_EDGE('',*,*,#3350,.F.);
#812=ORIENTED_EDGE('',*,*,#3347,.F.);
#813=ORIENTED_EDGE('',*,*,#3351,.T.);
#814=ORIENTED_EDGE('',*,*,#3352,.T.);
#815=ORIENTED_EDGE('',*,*,#3353,.F.);
#816=ORIENTED_EDGE('',*,*,#3344,.F.);
#817=ORIENTED_EDGE('',*,*,#3354,.F.);
#818=ORIENTED_EDGE('',*,*,#3342,.T.);
#819=ORIENTED_EDGE('',*,*,#3355,.T.);
#820=ORIENTED_EDGE('',*,*,#3352,.F.);
#821=ORIENTED_EDGE('',*,*,#3341,.F.);
#822=ORIENTED_EDGE('',*,*,#3345,.T.);
#823=ORIENTED_EDGE('',*,*,#3353,.T.);
#824=ORIENTED_EDGE('',*,*,#3355,.F.);
#825=ORIENTED_EDGE('',*,*,#3346,.F.);
#826=ORIENTED_EDGE('',*,*,#3339,.T.);
#827=ORIENTED_EDGE('',*,*,#3354,.T.);
#828=ORIENTED_EDGE('',*,*,#3351,.F.);
#829=ORIENTED_EDGE('',*,*,#3348,.T.);
#830=ORIENTED_EDGE('',*,*,#3343,.T.);
#831=ORIENTED_EDGE('',*,*,#3350,.T.);
#832=ORIENTED_EDGE('',*,*,#3356,.F.);
#833=ORIENTED_EDGE('',*,*,#3356,.T.);
#834=ORIENTED_EDGE('',*,*,#3349,.F.);
#835=ORIENTED_EDGE('',*,*,#3357,.F.);
#836=ORIENTED_EDGE('',*,*,#3358,.F.);
#837=ORIENTED_EDGE('',*,*,#3359,.T.);
#838=ORIENTED_EDGE('',*,*,#3360,.T.);
#839=ORIENTED_EDGE('',*,*,#3361,.F.);
#840=ORIENTED_EDGE('',*,*,#3362,.F.);
#841=ORIENTED_EDGE('',*,*,#3363,.T.);
#842=ORIENTED_EDGE('',*,*,#3358,.T.);
#843=ORIENTED_EDGE('',*,*,#3364,.F.);
#844=ORIENTED_EDGE('',*,*,#3365,.F.);
#845=ORIENTED_EDGE('',*,*,#3366,.T.);
#846=ORIENTED_EDGE('',*,*,#3362,.T.);
#847=ORIENTED_EDGE('',*,*,#3367,.F.);
#848=ORIENTED_EDGE('',*,*,#3368,.F.);
#849=ORIENTED_EDGE('',*,*,#3369,.T.);
#850=ORIENTED_EDGE('',*,*,#3365,.T.);
#851=ORIENTED_EDGE('',*,*,#3370,.F.);
#852=ORIENTED_EDGE('',*,*,#3371,.F.);
#853=ORIENTED_EDGE('',*,*,#3372,.T.);
#854=ORIENTED_EDGE('',*,*,#3368,.T.);
#855=ORIENTED_EDGE('',*,*,#3373,.F.);
#856=ORIENTED_EDGE('',*,*,#3374,.F.);
#857=ORIENTED_EDGE('',*,*,#3375,.T.);
#858=ORIENTED_EDGE('',*,*,#3371,.T.);
#859=ORIENTED_EDGE('',*,*,#3376,.F.);
#860=ORIENTED_EDGE('',*,*,#3377,.F.);
#861=ORIENTED_EDGE('',*,*,#3378,.T.);
#862=ORIENTED_EDGE('',*,*,#3374,.T.);
#863=ORIENTED_EDGE('',*,*,#3379,.F.);
#864=ORIENTED_EDGE('',*,*,#3380,.F.);
#865=ORIENTED_EDGE('',*,*,#3381,.T.);
#866=ORIENTED_EDGE('',*,*,#3377,.T.);
#867=ORIENTED_EDGE('',*,*,#3382,.F.);
#868=ORIENTED_EDGE('',*,*,#3383,.F.);
#869=ORIENTED_EDGE('',*,*,#3384,.T.);
#870=ORIENTED_EDGE('',*,*,#3380,.T.);
#871=ORIENTED_EDGE('',*,*,#3385,.F.);
#872=ORIENTED_EDGE('',*,*,#3386,.F.);
#873=ORIENTED_EDGE('',*,*,#3387,.T.);
#874=ORIENTED_EDGE('',*,*,#3383,.T.);
#875=ORIENTED_EDGE('',*,*,#3388,.F.);
#876=ORIENTED_EDGE('',*,*,#3389,.F.);
#877=ORIENTED_EDGE('',*,*,#3390,.T.);
#878=ORIENTED_EDGE('',*,*,#3386,.T.);
#879=ORIENTED_EDGE('',*,*,#3391,.F.);
#880=ORIENTED_EDGE('',*,*,#3392,.F.);
#881=ORIENTED_EDGE('',*,*,#3393,.T.);
#882=ORIENTED_EDGE('',*,*,#3389,.T.);
#883=ORIENTED_EDGE('',*,*,#3394,.F.);
#884=ORIENTED_EDGE('',*,*,#3395,.F.);
#885=ORIENTED_EDGE('',*,*,#3396,.T.);
#886=ORIENTED_EDGE('',*,*,#3392,.T.);
#887=ORIENTED_EDGE('',*,*,#3397,.F.);
#888=ORIENTED_EDGE('',*,*,#3398,.F.);
#889=ORIENTED_EDGE('',*,*,#3399,.T.);
#890=ORIENTED_EDGE('',*,*,#3395,.T.);
#891=ORIENTED_EDGE('',*,*,#3400,.F.);
#892=ORIENTED_EDGE('',*,*,#3401,.F.);
#893=ORIENTED_EDGE('',*,*,#3402,.T.);
#894=ORIENTED_EDGE('',*,*,#3398,.T.);
#895=ORIENTED_EDGE('',*,*,#3403,.F.);
#896=ORIENTED_EDGE('',*,*,#3404,.F.);
#897=ORIENTED_EDGE('',*,*,#3405,.T.);
#898=ORIENTED_EDGE('',*,*,#3401,.T.);
#899=ORIENTED_EDGE('',*,*,#3406,.F.);
#900=ORIENTED_EDGE('',*,*,#3407,.F.);
#901=ORIENTED_EDGE('',*,*,#3408,.T.);
#902=ORIENTED_EDGE('',*,*,#3404,.T.);
#903=ORIENTED_EDGE('',*,*,#3409,.F.);
#904=ORIENTED_EDGE('',*,*,#3360,.F.);
#905=ORIENTED_EDGE('',*,*,#3410,.T.);
#906=ORIENTED_EDGE('',*,*,#3407,.T.);
#907=ORIENTED_EDGE('',*,*,#3359,.F.);
#908=ORIENTED_EDGE('',*,*,#3363,.F.);
#909=ORIENTED_EDGE('',*,*,#3366,.F.);
#910=ORIENTED_EDGE('',*,*,#3369,.F.);
#911=ORIENTED_EDGE('',*,*,#3372,.F.);
#912=ORIENTED_EDGE('',*,*,#3375,.F.);
#913=ORIENTED_EDGE('',*,*,#3378,.F.);
#914=ORIENTED_EDGE('',*,*,#3381,.F.);
#915=ORIENTED_EDGE('',*,*,#3384,.F.);
#916=ORIENTED_EDGE('',*,*,#3387,.F.);
#917=ORIENTED_EDGE('',*,*,#3390,.F.);
#918=ORIENTED_EDGE('',*,*,#3393,.F.);
#919=ORIENTED_EDGE('',*,*,#3396,.F.);
#920=ORIENTED_EDGE('',*,*,#3399,.F.);
#921=ORIENTED_EDGE('',*,*,#3402,.F.);
#922=ORIENTED_EDGE('',*,*,#3405,.F.);
#923=ORIENTED_EDGE('',*,*,#3408,.F.);
#924=ORIENTED_EDGE('',*,*,#3410,.F.);
#925=ORIENTED_EDGE('',*,*,#3357,.T.);
#926=ORIENTED_EDGE('',*,*,#3409,.T.);
#927=ORIENTED_EDGE('',*,*,#3406,.T.);
#928=ORIENTED_EDGE('',*,*,#3403,.T.);
#929=ORIENTED_EDGE('',*,*,#3400,.T.);
#930=ORIENTED_EDGE('',*,*,#3397,.T.);
#931=ORIENTED_EDGE('',*,*,#3394,.T.);
#932=ORIENTED_EDGE('',*,*,#3391,.T.);
#933=ORIENTED_EDGE('',*,*,#3388,.T.);
#934=ORIENTED_EDGE('',*,*,#3385,.T.);
#935=ORIENTED_EDGE('',*,*,#3382,.T.);
#936=ORIENTED_EDGE('',*,*,#3379,.T.);
#937=ORIENTED_EDGE('',*,*,#3376,.T.);
#938=ORIENTED_EDGE('',*,*,#3373,.T.);
#939=ORIENTED_EDGE('',*,*,#3370,.T.);
#940=ORIENTED_EDGE('',*,*,#3367,.T.);
#941=ORIENTED_EDGE('',*,*,#3364,.T.);
#942=ORIENTED_EDGE('',*,*,#3361,.T.);
#943=ORIENTED_EDGE('',*,*,#3411,.F.);
#944=ORIENTED_EDGE('',*,*,#3411,.T.);
#945=ORIENTED_EDGE('',*,*,#3412,.T.);
#946=ORIENTED_EDGE('',*,*,#3412,.F.);
#947=ORIENTED_EDGE('',*,*,#3413,.F.);
#948=ORIENTED_EDGE('',*,*,#3414,.F.);
#949=ORIENTED_EDGE('',*,*,#3415,.T.);
#950=ORIENTED_EDGE('',*,*,#3416,.T.);
#951=ORIENTED_EDGE('',*,*,#3417,.F.);
#952=ORIENTED_EDGE('',*,*,#3418,.F.);
#953=ORIENTED_EDGE('',*,*,#3419,.T.);
#954=ORIENTED_EDGE('',*,*,#3414,.T.);
#955=ORIENTED_EDGE('',*,*,#3420,.F.);
#956=ORIENTED_EDGE('',*,*,#3421,.F.);
#957=ORIENTED_EDGE('',*,*,#3422,.T.);
#958=ORIENTED_EDGE('',*,*,#3418,.T.);
#959=ORIENTED_EDGE('',*,*,#3423,.F.);
#960=ORIENTED_EDGE('',*,*,#3424,.F.);
#961=ORIENTED_EDGE('',*,*,#3425,.T.);
#962=ORIENTED_EDGE('',*,*,#3421,.T.);
#963=ORIENTED_EDGE('',*,*,#3426,.F.);
#964=ORIENTED_EDGE('',*,*,#3427,.F.);
#965=ORIENTED_EDGE('',*,*,#3428,.T.);
#966=ORIENTED_EDGE('',*,*,#3424,.T.);
#967=ORIENTED_EDGE('',*,*,#3429,.F.);
#968=ORIENTED_EDGE('',*,*,#3430,.F.);
#969=ORIENTED_EDGE('',*,*,#3431,.T.);
#970=ORIENTED_EDGE('',*,*,#3427,.T.);
#971=ORIENTED_EDGE('',*,*,#3432,.F.);
#972=ORIENTED_EDGE('',*,*,#3433,.F.);
#973=ORIENTED_EDGE('',*,*,#3434,.T.);
#974=ORIENTED_EDGE('',*,*,#3430,.T.);
#975=ORIENTED_EDGE('',*,*,#3435,.F.);
#976=ORIENTED_EDGE('',*,*,#3436,.F.);
#977=ORIENTED_EDGE('',*,*,#3437,.T.);
#978=ORIENTED_EDGE('',*,*,#3433,.T.);
#979=ORIENTED_EDGE('',*,*,#3438,.F.);
#980=ORIENTED_EDGE('',*,*,#3439,.F.);
#981=ORIENTED_EDGE('',*,*,#3440,.T.);
#982=ORIENTED_EDGE('',*,*,#3436,.T.);
#983=ORIENTED_EDGE('',*,*,#3441,.F.);
#984=ORIENTED_EDGE('',*,*,#3442,.F.);
#985=ORIENTED_EDGE('',*,*,#3443,.T.);
#986=ORIENTED_EDGE('',*,*,#3439,.T.);
#987=ORIENTED_EDGE('',*,*,#3444,.F.);
#988=ORIENTED_EDGE('',*,*,#3445,.F.);
#989=ORIENTED_EDGE('',*,*,#3446,.T.);
#990=ORIENTED_EDGE('',*,*,#3442,.T.);
#991=ORIENTED_EDGE('',*,*,#3447,.F.);
#992=ORIENTED_EDGE('',*,*,#3448,.F.);
#993=ORIENTED_EDGE('',*,*,#3449,.T.);
#994=ORIENTED_EDGE('',*,*,#3445,.T.);
#995=ORIENTED_EDGE('',*,*,#3450,.F.);
#996=ORIENTED_EDGE('',*,*,#3451,.F.);
#997=ORIENTED_EDGE('',*,*,#3452,.T.);
#998=ORIENTED_EDGE('',*,*,#3448,.T.);
#999=ORIENTED_EDGE('',*,*,#3453,.F.);
#1000=ORIENTED_EDGE('',*,*,#3454,.F.);
#1001=ORIENTED_EDGE('',*,*,#3455,.T.);
#1002=ORIENTED_EDGE('',*,*,#3451,.T.);
#1003=ORIENTED_EDGE('',*,*,#3456,.F.);
#1004=ORIENTED_EDGE('',*,*,#3457,.F.);
#1005=ORIENTED_EDGE('',*,*,#3458,.T.);
#1006=ORIENTED_EDGE('',*,*,#3454,.T.);
#1007=ORIENTED_EDGE('',*,*,#3459,.F.);
#1008=ORIENTED_EDGE('',*,*,#3460,.F.);
#1009=ORIENTED_EDGE('',*,*,#3461,.T.);
#1010=ORIENTED_EDGE('',*,*,#3457,.T.);
#1011=ORIENTED_EDGE('',*,*,#3462,.F.);
#1012=ORIENTED_EDGE('',*,*,#3463,.F.);
#1013=ORIENTED_EDGE('',*,*,#3464,.T.);
#1014=ORIENTED_EDGE('',*,*,#3460,.T.);
#1015=ORIENTED_EDGE('',*,*,#3465,.F.);
#1016=ORIENTED_EDGE('',*,*,#3466,.F.);
#1017=ORIENTED_EDGE('',*,*,#3467,.T.);
#1018=ORIENTED_EDGE('',*,*,#3463,.T.);
#1019=ORIENTED_EDGE('',*,*,#3468,.F.);
#1020=ORIENTED_EDGE('',*,*,#3469,.F.);
#1021=ORIENTED_EDGE('',*,*,#3470,.T.);
#1022=ORIENTED_EDGE('',*,*,#3466,.T.);
#1023=ORIENTED_EDGE('',*,*,#3471,.F.);
#1024=ORIENTED_EDGE('',*,*,#3472,.F.);
#1025=ORIENTED_EDGE('',*,*,#3473,.T.);
#1026=ORIENTED_EDGE('',*,*,#3469,.T.);
#1027=ORIENTED_EDGE('',*,*,#3474,.F.);
#1028=ORIENTED_EDGE('',*,*,#3475,.F.);
#1029=ORIENTED_EDGE('',*,*,#3476,.T.);
#1030=ORIENTED_EDGE('',*,*,#3472,.T.);
#1031=ORIENTED_EDGE('',*,*,#3477,.F.);
#1032=ORIENTED_EDGE('',*,*,#3478,.F.);
#1033=ORIENTED_EDGE('',*,*,#3479,.T.);
#1034=ORIENTED_EDGE('',*,*,#3475,.T.);
#1035=ORIENTED_EDGE('',*,*,#3480,.F.);
#1036=ORIENTED_EDGE('',*,*,#3481,.F.);
#1037=ORIENTED_EDGE('',*,*,#3482,.T.);
#1038=ORIENTED_EDGE('',*,*,#3478,.T.);
#1039=ORIENTED_EDGE('',*,*,#3483,.F.);
#1040=ORIENTED_EDGE('',*,*,#3484,.F.);
#1041=ORIENTED_EDGE('',*,*,#3485,.T.);
#1042=ORIENTED_EDGE('',*,*,#3481,.T.);
#1043=ORIENTED_EDGE('',*,*,#3486,.F.);
#1044=ORIENTED_EDGE('',*,*,#3487,.F.);
#1045=ORIENTED_EDGE('',*,*,#3488,.T.);
#1046=ORIENTED_EDGE('',*,*,#3484,.T.);
#1047=ORIENTED_EDGE('',*,*,#3489,.F.);
#1048=ORIENTED_EDGE('',*,*,#3490,.F.);
#1049=ORIENTED_EDGE('',*,*,#3491,.T.);
#1050=ORIENTED_EDGE('',*,*,#3487,.T.);
#1051=ORIENTED_EDGE('',*,*,#3492,.F.);
#1052=ORIENTED_EDGE('',*,*,#3493,.F.);
#1053=ORIENTED_EDGE('',*,*,#3494,.T.);
#1054=ORIENTED_EDGE('',*,*,#3490,.T.);
#1055=ORIENTED_EDGE('',*,*,#3495,.F.);
#1056=ORIENTED_EDGE('',*,*,#3416,.F.);
#1057=ORIENTED_EDGE('',*,*,#3496,.T.);
#1058=ORIENTED_EDGE('',*,*,#3493,.T.);
#1059=ORIENTED_EDGE('',*,*,#3415,.F.);
#1060=ORIENTED_EDGE('',*,*,#3419,.F.);
#1061=ORIENTED_EDGE('',*,*,#3422,.F.);
#1062=ORIENTED_EDGE('',*,*,#3425,.F.);
#1063=ORIENTED_EDGE('',*,*,#3428,.F.);
#1064=ORIENTED_EDGE('',*,*,#3431,.F.);
#1065=ORIENTED_EDGE('',*,*,#3434,.F.);
#1066=ORIENTED_EDGE('',*,*,#3437,.F.);
#1067=ORIENTED_EDGE('',*,*,#3440,.F.);
#1068=ORIENTED_EDGE('',*,*,#3443,.F.);
#1069=ORIENTED_EDGE('',*,*,#3446,.F.);
#1070=ORIENTED_EDGE('',*,*,#3449,.F.);
#1071=ORIENTED_EDGE('',*,*,#3452,.F.);
#1072=ORIENTED_EDGE('',*,*,#3455,.F.);
#1073=ORIENTED_EDGE('',*,*,#3458,.F.);
#1074=ORIENTED_EDGE('',*,*,#3461,.F.);
#1075=ORIENTED_EDGE('',*,*,#3464,.F.);
#1076=ORIENTED_EDGE('',*,*,#3467,.F.);
#1077=ORIENTED_EDGE('',*,*,#3470,.F.);
#1078=ORIENTED_EDGE('',*,*,#3473,.F.);
#1079=ORIENTED_EDGE('',*,*,#3476,.F.);
#1080=ORIENTED_EDGE('',*,*,#3479,.F.);
#1081=ORIENTED_EDGE('',*,*,#3482,.F.);
#1082=ORIENTED_EDGE('',*,*,#3485,.F.);
#1083=ORIENTED_EDGE('',*,*,#3488,.F.);
#1084=ORIENTED_EDGE('',*,*,#3491,.F.);
#1085=ORIENTED_EDGE('',*,*,#3494,.F.);
#1086=ORIENTED_EDGE('',*,*,#3496,.F.);
#1087=ORIENTED_EDGE('',*,*,#3413,.T.);
#1088=ORIENTED_EDGE('',*,*,#3495,.T.);
#1089=ORIENTED_EDGE('',*,*,#3492,.T.);
#1090=ORIENTED_EDGE('',*,*,#3489,.T.);
#1091=ORIENTED_EDGE('',*,*,#3486,.T.);
#1092=ORIENTED_EDGE('',*,*,#3483,.T.);
#1093=ORIENTED_EDGE('',*,*,#3480,.T.);
#1094=ORIENTED_EDGE('',*,*,#3477,.T.);
#1095=ORIENTED_EDGE('',*,*,#3474,.T.);
#1096=ORIENTED_EDGE('',*,*,#3471,.T.);
#1097=ORIENTED_EDGE('',*,*,#3468,.T.);
#1098=ORIENTED_EDGE('',*,*,#3465,.T.);
#1099=ORIENTED_EDGE('',*,*,#3462,.T.);
#1100=ORIENTED_EDGE('',*,*,#3459,.T.);
#1101=ORIENTED_EDGE('',*,*,#3456,.T.);
#1102=ORIENTED_EDGE('',*,*,#3453,.T.);
#1103=ORIENTED_EDGE('',*,*,#3450,.T.);
#1104=ORIENTED_EDGE('',*,*,#3447,.T.);
#1105=ORIENTED_EDGE('',*,*,#3444,.T.);
#1106=ORIENTED_EDGE('',*,*,#3441,.T.);
#1107=ORIENTED_EDGE('',*,*,#3438,.T.);
#1108=ORIENTED_EDGE('',*,*,#3435,.T.);
#1109=ORIENTED_EDGE('',*,*,#3432,.T.);
#1110=ORIENTED_EDGE('',*,*,#3429,.T.);
#1111=ORIENTED_EDGE('',*,*,#3426,.T.);
#1112=ORIENTED_EDGE('',*,*,#3423,.T.);
#1113=ORIENTED_EDGE('',*,*,#3420,.T.);
#1114=ORIENTED_EDGE('',*,*,#3417,.T.);
#1115=ORIENTED_EDGE('',*,*,#3497,.F.);
#1116=ORIENTED_EDGE('',*,*,#3498,.F.);
#1117=ORIENTED_EDGE('',*,*,#3499,.T.);
#1118=ORIENTED_EDGE('',*,*,#3500,.T.);
#1119=ORIENTED_EDGE('',*,*,#3501,.F.);
#1120=ORIENTED_EDGE('',*,*,#3502,.F.);
#1121=ORIENTED_EDGE('',*,*,#3503,.T.);
#1122=ORIENTED_EDGE('',*,*,#3498,.T.);
#1123=ORIENTED_EDGE('',*,*,#3504,.F.);
#1124=ORIENTED_EDGE('',*,*,#3505,.F.);
#1125=ORIENTED_EDGE('',*,*,#3506,.T.);
#1126=ORIENTED_EDGE('',*,*,#3502,.T.);
#1127=ORIENTED_EDGE('',*,*,#3507,.F.);
#1128=ORIENTED_EDGE('',*,*,#3508,.F.);
#1129=ORIENTED_EDGE('',*,*,#3509,.T.);
#1130=ORIENTED_EDGE('',*,*,#3505,.T.);
#1131=ORIENTED_EDGE('',*,*,#3510,.F.);
#1132=ORIENTED_EDGE('',*,*,#3511,.F.);
#1133=ORIENTED_EDGE('',*,*,#3512,.T.);
#1134=ORIENTED_EDGE('',*,*,#3508,.T.);
#1135=ORIENTED_EDGE('',*,*,#3513,.F.);
#1136=ORIENTED_EDGE('',*,*,#3514,.F.);
#1137=ORIENTED_EDGE('',*,*,#3515,.T.);
#1138=ORIENTED_EDGE('',*,*,#3511,.T.);
#1139=ORIENTED_EDGE('',*,*,#3516,.F.);
#1140=ORIENTED_EDGE('',*,*,#3517,.F.);
#1141=ORIENTED_EDGE('',*,*,#3518,.T.);
#1142=ORIENTED_EDGE('',*,*,#3514,.T.);
#1143=ORIENTED_EDGE('',*,*,#3519,.F.);
#1144=ORIENTED_EDGE('',*,*,#3520,.F.);
#1145=ORIENTED_EDGE('',*,*,#3521,.T.);
#1146=ORIENTED_EDGE('',*,*,#3522,.T.);
#1147=ORIENTED_EDGE('',*,*,#3523,.F.);
#1148=ORIENTED_EDGE('',*,*,#3524,.F.);
#1149=ORIENTED_EDGE('',*,*,#3525,.T.);
#1150=ORIENTED_EDGE('',*,*,#3520,.T.);
#1151=ORIENTED_EDGE('',*,*,#3526,.F.);
#1152=ORIENTED_EDGE('',*,*,#3527,.F.);
#1153=ORIENTED_EDGE('',*,*,#3528,.T.);
#1154=ORIENTED_EDGE('',*,*,#3524,.T.);
#1155=ORIENTED_EDGE('',*,*,#3529,.F.);
#1156=ORIENTED_EDGE('',*,*,#3530,.F.);
#1157=ORIENTED_EDGE('',*,*,#3531,.T.);
#1158=ORIENTED_EDGE('',*,*,#3527,.T.);
#1159=ORIENTED_EDGE('',*,*,#3532,.F.);
#1160=ORIENTED_EDGE('',*,*,#3533,.F.);
#1161=ORIENTED_EDGE('',*,*,#3534,.T.);
#1162=ORIENTED_EDGE('',*,*,#3530,.T.);
#1163=ORIENTED_EDGE('',*,*,#3535,.F.);
#1164=ORIENTED_EDGE('',*,*,#3536,.F.);
#1165=ORIENTED_EDGE('',*,*,#3537,.T.);
#1166=ORIENTED_EDGE('',*,*,#3533,.T.);
#1167=ORIENTED_EDGE('',*,*,#3538,.F.);
#1168=ORIENTED_EDGE('',*,*,#3539,.F.);
#1169=ORIENTED_EDGE('',*,*,#3540,.T.);
#1170=ORIENTED_EDGE('',*,*,#3536,.T.);
#1171=ORIENTED_EDGE('',*,*,#3541,.F.);
#1172=ORIENTED_EDGE('',*,*,#3522,.F.);
#1173=ORIENTED_EDGE('',*,*,#3542,.T.);
#1174=ORIENTED_EDGE('',*,*,#3539,.T.);
#1175=ORIENTED_EDGE('',*,*,#3543,.F.);
#1176=ORIENTED_EDGE('',*,*,#3500,.F.);
#1177=ORIENTED_EDGE('',*,*,#3544,.T.);
#1178=ORIENTED_EDGE('',*,*,#3517,.T.);
#1179=ORIENTED_EDGE('',*,*,#3521,.F.);
#1180=ORIENTED_EDGE('',*,*,#3525,.F.);
#1181=ORIENTED_EDGE('',*,*,#3528,.F.);
#1182=ORIENTED_EDGE('',*,*,#3531,.F.);
#1183=ORIENTED_EDGE('',*,*,#3534,.F.);
#1184=ORIENTED_EDGE('',*,*,#3537,.F.);
#1185=ORIENTED_EDGE('',*,*,#3540,.F.);
#1186=ORIENTED_EDGE('',*,*,#3542,.F.);
#1187=ORIENTED_EDGE('',*,*,#3499,.F.);
#1188=ORIENTED_EDGE('',*,*,#3503,.F.);
#1189=ORIENTED_EDGE('',*,*,#3506,.F.);
#1190=ORIENTED_EDGE('',*,*,#3509,.F.);
#1191=ORIENTED_EDGE('',*,*,#3512,.F.);
#1192=ORIENTED_EDGE('',*,*,#3515,.F.);
#1193=ORIENTED_EDGE('',*,*,#3518,.F.);
#1194=ORIENTED_EDGE('',*,*,#3544,.F.);
#1195=ORIENTED_EDGE('',*,*,#3519,.T.);
#1196=ORIENTED_EDGE('',*,*,#3541,.T.);
#1197=ORIENTED_EDGE('',*,*,#3538,.T.);
#1198=ORIENTED_EDGE('',*,*,#3535,.T.);
#1199=ORIENTED_EDGE('',*,*,#3532,.T.);
#1200=ORIENTED_EDGE('',*,*,#3529,.T.);
#1201=ORIENTED_EDGE('',*,*,#3526,.T.);
#1202=ORIENTED_EDGE('',*,*,#3523,.T.);
#1203=ORIENTED_EDGE('',*,*,#3497,.T.);
#1204=ORIENTED_EDGE('',*,*,#3543,.T.);
#1205=ORIENTED_EDGE('',*,*,#3516,.T.);
#1206=ORIENTED_EDGE('',*,*,#3513,.T.);
#1207=ORIENTED_EDGE('',*,*,#3510,.T.);
#1208=ORIENTED_EDGE('',*,*,#3507,.T.);
#1209=ORIENTED_EDGE('',*,*,#3504,.T.);
#1210=ORIENTED_EDGE('',*,*,#3501,.T.);
#1211=ORIENTED_EDGE('',*,*,#3545,.F.);
#1212=ORIENTED_EDGE('',*,*,#3545,.T.);
#1213=ORIENTED_EDGE('',*,*,#3546,.T.);
#1214=ORIENTED_EDGE('',*,*,#3546,.F.);
#1215=ORIENTED_EDGE('',*,*,#3547,.F.);
#1216=ORIENTED_EDGE('',*,*,#3548,.T.);
#1217=ORIENTED_EDGE('',*,*,#3549,.T.);
#1218=ORIENTED_EDGE('',*,*,#3550,.T.);
#1219=ORIENTED_EDGE('',*,*,#3551,.F.);
#1220=ORIENTED_EDGE('',*,*,#3552,.T.);
#1221=ORIENTED_EDGE('',*,*,#3553,.F.);
#1222=ORIENTED_EDGE('',*,*,#3549,.F.);
#1223=ORIENTED_EDGE('',*,*,#3554,.F.);
#1224=ORIENTED_EDGE('',*,*,#3555,.T.);
#1225=ORIENTED_EDGE('',*,*,#3556,.F.);
#1226=ORIENTED_EDGE('',*,*,#3557,.T.);
#1227=ORIENTED_EDGE('',*,*,#3547,.T.);
#1228=ORIENTED_EDGE('',*,*,#3558,.T.);
#1229=ORIENTED_EDGE('',*,*,#3559,.F.);
#1230=ORIENTED_EDGE('',*,*,#3560,.T.);
#1231=ORIENTED_EDGE('',*,*,#3551,.T.);
#1232=ORIENTED_EDGE('',*,*,#3561,.T.);
#1233=ORIENTED_EDGE('',*,*,#3558,.F.);
#1234=ORIENTED_EDGE('',*,*,#3550,.F.);
#1235=ORIENTED_EDGE('',*,*,#3553,.T.);
#1236=ORIENTED_EDGE('',*,*,#3562,.T.);
#1237=ORIENTED_EDGE('',*,*,#3563,.F.);
#1238=ORIENTED_EDGE('',*,*,#3556,.T.);
#1239=ORIENTED_EDGE('',*,*,#3561,.F.);
#1240=ORIENTED_EDGE('',*,*,#3555,.F.);
#1241=ORIENTED_EDGE('',*,*,#3554,.T.);
#1242=ORIENTED_EDGE('',*,*,#3548,.F.);
#1243=ORIENTED_EDGE('',*,*,#3557,.F.);
#1244=ORIENTED_EDGE('',*,*,#3563,.T.);
#1245=ORIENTED_EDGE('',*,*,#3564,.F.);
#1246=ORIENTED_EDGE('',*,*,#3562,.F.);
#1247=ORIENTED_EDGE('',*,*,#3552,.F.);
#1248=ORIENTED_EDGE('',*,*,#3560,.F.);
#1249=ORIENTED_EDGE('',*,*,#3559,.T.);
#1250=ORIENTED_EDGE('',*,*,#3564,.T.);
#1251=ORIENTED_EDGE('',*,*,#3565,.F.);
#1252=ORIENTED_EDGE('',*,*,#3566,.T.);
#1253=ORIENTED_EDGE('',*,*,#3567,.T.);
#1254=ORIENTED_EDGE('',*,*,#3568,.F.);
#1255=ORIENTED_EDGE('',*,*,#3566,.F.);
#1256=ORIENTED_EDGE('',*,*,#3569,.T.);
#1257=ORIENTED_EDGE('',*,*,#3570,.T.);
#1258=ORIENTED_EDGE('',*,*,#3571,.F.);
#1259=ORIENTED_EDGE('',*,*,#3570,.F.);
#1260=ORIENTED_EDGE('',*,*,#3572,.T.);
#1261=ORIENTED_EDGE('',*,*,#3573,.T.);
#1262=ORIENTED_EDGE('',*,*,#3574,.F.);
#1263=ORIENTED_EDGE('',*,*,#3575,.F.);
#1264=ORIENTED_EDGE('',*,*,#3568,.T.);
#1265=ORIENTED_EDGE('',*,*,#3576,.T.);
#1266=ORIENTED_EDGE('',*,*,#3573,.F.);
#1267=ORIENTED_EDGE('',*,*,#3567,.F.);
#1268=ORIENTED_EDGE('',*,*,#3571,.T.);
#1269=ORIENTED_EDGE('',*,*,#3574,.T.);
#1270=ORIENTED_EDGE('',*,*,#3576,.F.);
#1271=ORIENTED_EDGE('',*,*,#3569,.F.);
#1272=ORIENTED_EDGE('',*,*,#3565,.T.);
#1273=ORIENTED_EDGE('',*,*,#3575,.T.);
#1274=ORIENTED_EDGE('',*,*,#3572,.F.);
#1275=ORIENTED_EDGE('',*,*,#3577,.F.);
#1276=ORIENTED_EDGE('',*,*,#3578,.F.);
#1277=ORIENTED_EDGE('',*,*,#3579,.T.);
#1278=ORIENTED_EDGE('',*,*,#3580,.T.);
#1279=ORIENTED_EDGE('',*,*,#3581,.F.);
#1280=ORIENTED_EDGE('',*,*,#3582,.F.);
#1281=ORIENTED_EDGE('',*,*,#3583,.T.);
#1282=ORIENTED_EDGE('',*,*,#3578,.T.);
#1283=ORIENTED_EDGE('',*,*,#3584,.F.);
#1284=ORIENTED_EDGE('',*,*,#3585,.F.);
#1285=ORIENTED_EDGE('',*,*,#3586,.T.);
#1286=ORIENTED_EDGE('',*,*,#3582,.T.);
#1287=ORIENTED_EDGE('',*,*,#3587,.F.);
#1288=ORIENTED_EDGE('',*,*,#3588,.F.);
#1289=ORIENTED_EDGE('',*,*,#3589,.T.);
#1290=ORIENTED_EDGE('',*,*,#3585,.T.);
#1291=ORIENTED_EDGE('',*,*,#3590,.F.);
#1292=ORIENTED_EDGE('',*,*,#3591,.F.);
#1293=ORIENTED_EDGE('',*,*,#3592,.T.);
#1294=ORIENTED_EDGE('',*,*,#3588,.T.);
#1295=ORIENTED_EDGE('',*,*,#3593,.F.);
#1296=ORIENTED_EDGE('',*,*,#3594,.F.);
#1297=ORIENTED_EDGE('',*,*,#3595,.T.);
#1298=ORIENTED_EDGE('',*,*,#3591,.T.);
#1299=ORIENTED_EDGE('',*,*,#3596,.F.);
#1300=ORIENTED_EDGE('',*,*,#3597,.F.);
#1301=ORIENTED_EDGE('',*,*,#3598,.T.);
#1302=ORIENTED_EDGE('',*,*,#3594,.T.);
#1303=ORIENTED_EDGE('',*,*,#3599,.F.);
#1304=ORIENTED_EDGE('',*,*,#3600,.F.);
#1305=ORIENTED_EDGE('',*,*,#3601,.T.);
#1306=ORIENTED_EDGE('',*,*,#3597,.T.);
#1307=ORIENTED_EDGE('',*,*,#3602,.F.);
#1308=ORIENTED_EDGE('',*,*,#3603,.F.);
#1309=ORIENTED_EDGE('',*,*,#3604,.T.);
#1310=ORIENTED_EDGE('',*,*,#3600,.T.);
#1311=ORIENTED_EDGE('',*,*,#3605,.F.);
#1312=ORIENTED_EDGE('',*,*,#3606,.F.);
#1313=ORIENTED_EDGE('',*,*,#3607,.T.);
#1314=ORIENTED_EDGE('',*,*,#3608,.T.);
#1315=ORIENTED_EDGE('',*,*,#3609,.F.);
#1316=ORIENTED_EDGE('',*,*,#3610,.F.);
#1317=ORIENTED_EDGE('',*,*,#3611,.T.);
#1318=ORIENTED_EDGE('',*,*,#3606,.T.);
#1319=ORIENTED_EDGE('',*,*,#3612,.F.);
#1320=ORIENTED_EDGE('',*,*,#3613,.F.);
#1321=ORIENTED_EDGE('',*,*,#3614,.T.);
#1322=ORIENTED_EDGE('',*,*,#3610,.T.);
#1323=ORIENTED_EDGE('',*,*,#3615,.F.);
#1324=ORIENTED_EDGE('',*,*,#3616,.F.);
#1325=ORIENTED_EDGE('',*,*,#3617,.T.);
#1326=ORIENTED_EDGE('',*,*,#3613,.T.);
#1327=ORIENTED_EDGE('',*,*,#3618,.F.);
#1328=ORIENTED_EDGE('',*,*,#3619,.F.);
#1329=ORIENTED_EDGE('',*,*,#3620,.T.);
#1330=ORIENTED_EDGE('',*,*,#3616,.T.);
#1331=ORIENTED_EDGE('',*,*,#3621,.F.);
#1332=ORIENTED_EDGE('',*,*,#3622,.F.);
#1333=ORIENTED_EDGE('',*,*,#3623,.T.);
#1334=ORIENTED_EDGE('',*,*,#3619,.T.);
#1335=ORIENTED_EDGE('',*,*,#3624,.F.);
#1336=ORIENTED_EDGE('',*,*,#3625,.F.);
#1337=ORIENTED_EDGE('',*,*,#3626,.T.);
#1338=ORIENTED_EDGE('',*,*,#3622,.T.);
#1339=ORIENTED_EDGE('',*,*,#3627,.F.);
#1340=ORIENTED_EDGE('',*,*,#3628,.F.);
#1341=ORIENTED_EDGE('',*,*,#3629,.T.);
#1342=ORIENTED_EDGE('',*,*,#3625,.T.);
#1343=ORIENTED_EDGE('',*,*,#3630,.F.);
#1344=ORIENTED_EDGE('',*,*,#3631,.F.);
#1345=ORIENTED_EDGE('',*,*,#3632,.T.);
#1346=ORIENTED_EDGE('',*,*,#3628,.T.);
#1347=ORIENTED_EDGE('',*,*,#3633,.F.);
#1348=ORIENTED_EDGE('',*,*,#3634,.F.);
#1349=ORIENTED_EDGE('',*,*,#3635,.T.);
#1350=ORIENTED_EDGE('',*,*,#3631,.T.);
#1351=ORIENTED_EDGE('',*,*,#3636,.F.);
#1352=ORIENTED_EDGE('',*,*,#3637,.F.);
#1353=ORIENTED_EDGE('',*,*,#3638,.T.);
#1354=ORIENTED_EDGE('',*,*,#3634,.T.);
#1355=ORIENTED_EDGE('',*,*,#3639,.F.);
#1356=ORIENTED_EDGE('',*,*,#3640,.F.);
#1357=ORIENTED_EDGE('',*,*,#3641,.T.);
#1358=ORIENTED_EDGE('',*,*,#3637,.T.);
#1359=ORIENTED_EDGE('',*,*,#3642,.F.);
#1360=ORIENTED_EDGE('',*,*,#3643,.F.);
#1361=ORIENTED_EDGE('',*,*,#3644,.T.);
#1362=ORIENTED_EDGE('',*,*,#3640,.T.);
#1363=ORIENTED_EDGE('',*,*,#3645,.F.);
#1364=ORIENTED_EDGE('',*,*,#3646,.F.);
#1365=ORIENTED_EDGE('',*,*,#3647,.T.);
#1366=ORIENTED_EDGE('',*,*,#3643,.T.);
#1367=ORIENTED_EDGE('',*,*,#3648,.F.);
#1368=ORIENTED_EDGE('',*,*,#3608,.F.);
#1369=ORIENTED_EDGE('',*,*,#3649,.T.);
#1370=ORIENTED_EDGE('',*,*,#3646,.T.);
#1371=ORIENTED_EDGE('',*,*,#3650,.F.);
#1372=ORIENTED_EDGE('',*,*,#3580,.F.);
#1373=ORIENTED_EDGE('',*,*,#3651,.T.);
#1374=ORIENTED_EDGE('',*,*,#3603,.T.);
#1375=ORIENTED_EDGE('',*,*,#3607,.F.);
#1376=ORIENTED_EDGE('',*,*,#3611,.F.);
#1377=ORIENTED_EDGE('',*,*,#3614,.F.);
#1378=ORIENTED_EDGE('',*,*,#3617,.F.);
#1379=ORIENTED_EDGE('',*,*,#3620,.F.);
#1380=ORIENTED_EDGE('',*,*,#3623,.F.);
#1381=ORIENTED_EDGE('',*,*,#3626,.F.);
#1382=ORIENTED_EDGE('',*,*,#3629,.F.);
#1383=ORIENTED_EDGE('',*,*,#3632,.F.);
#1384=ORIENTED_EDGE('',*,*,#3635,.F.);
#1385=ORIENTED_EDGE('',*,*,#3638,.F.);
#1386=ORIENTED_EDGE('',*,*,#3641,.F.);
#1387=ORIENTED_EDGE('',*,*,#3644,.F.);
#1388=ORIENTED_EDGE('',*,*,#3647,.F.);
#1389=ORIENTED_EDGE('',*,*,#3649,.F.);
#1390=ORIENTED_EDGE('',*,*,#3579,.F.);
#1391=ORIENTED_EDGE('',*,*,#3583,.F.);
#1392=ORIENTED_EDGE('',*,*,#3586,.F.);
#1393=ORIENTED_EDGE('',*,*,#3589,.F.);
#1394=ORIENTED_EDGE('',*,*,#3592,.F.);
#1395=ORIENTED_EDGE('',*,*,#3595,.F.);
#1396=ORIENTED_EDGE('',*,*,#3598,.F.);
#1397=ORIENTED_EDGE('',*,*,#3601,.F.);
#1398=ORIENTED_EDGE('',*,*,#3604,.F.);
#1399=ORIENTED_EDGE('',*,*,#3651,.F.);
#1400=ORIENTED_EDGE('',*,*,#3605,.T.);
#1401=ORIENTED_EDGE('',*,*,#3648,.T.);
#1402=ORIENTED_EDGE('',*,*,#3645,.T.);
#1403=ORIENTED_EDGE('',*,*,#3642,.T.);
#1404=ORIENTED_EDGE('',*,*,#3639,.T.);
#1405=ORIENTED_EDGE('',*,*,#3636,.T.);
#1406=ORIENTED_EDGE('',*,*,#3633,.T.);
#1407=ORIENTED_EDGE('',*,*,#3630,.T.);
#1408=ORIENTED_EDGE('',*,*,#3627,.T.);
#1409=ORIENTED_EDGE('',*,*,#3624,.T.);
#1410=ORIENTED_EDGE('',*,*,#3621,.T.);
#1411=ORIENTED_EDGE('',*,*,#3618,.T.);
#1412=ORIENTED_EDGE('',*,*,#3615,.T.);
#1413=ORIENTED_EDGE('',*,*,#3612,.T.);
#1414=ORIENTED_EDGE('',*,*,#3609,.T.);
#1415=ORIENTED_EDGE('',*,*,#3577,.T.);
#1416=ORIENTED_EDGE('',*,*,#3650,.T.);
#1417=ORIENTED_EDGE('',*,*,#3602,.T.);
#1418=ORIENTED_EDGE('',*,*,#3599,.T.);
#1419=ORIENTED_EDGE('',*,*,#3596,.T.);
#1420=ORIENTED_EDGE('',*,*,#3593,.T.);
#1421=ORIENTED_EDGE('',*,*,#3590,.T.);
#1422=ORIENTED_EDGE('',*,*,#3587,.T.);
#1423=ORIENTED_EDGE('',*,*,#3584,.T.);
#1424=ORIENTED_EDGE('',*,*,#3581,.T.);
#1425=ORIENTED_EDGE('',*,*,#3652,.F.);
#1426=ORIENTED_EDGE('',*,*,#3653,.F.);
#1427=ORIENTED_EDGE('',*,*,#3654,.T.);
#1428=ORIENTED_EDGE('',*,*,#3655,.T.);
#1429=ORIENTED_EDGE('',*,*,#3656,.F.);
#1430=ORIENTED_EDGE('',*,*,#3657,.F.);
#1431=ORIENTED_EDGE('',*,*,#3658,.T.);
#1432=ORIENTED_EDGE('',*,*,#3653,.T.);
#1433=ORIENTED_EDGE('',*,*,#3659,.F.);
#1434=ORIENTED_EDGE('',*,*,#3660,.F.);
#1435=ORIENTED_EDGE('',*,*,#3661,.T.);
#1436=ORIENTED_EDGE('',*,*,#3657,.T.);
#1437=ORIENTED_EDGE('',*,*,#3662,.F.);
#1438=ORIENTED_EDGE('',*,*,#3663,.F.);
#1439=ORIENTED_EDGE('',*,*,#3664,.T.);
#1440=ORIENTED_EDGE('',*,*,#3660,.T.);
#1441=ORIENTED_EDGE('',*,*,#3665,.F.);
#1442=ORIENTED_EDGE('',*,*,#3666,.F.);
#1443=ORIENTED_EDGE('',*,*,#3667,.T.);
#1444=ORIENTED_EDGE('',*,*,#3663,.T.);
#1445=ORIENTED_EDGE('',*,*,#3668,.F.);
#1446=ORIENTED_EDGE('',*,*,#3669,.F.);
#1447=ORIENTED_EDGE('',*,*,#3670,.T.);
#1448=ORIENTED_EDGE('',*,*,#3666,.T.);
#1449=ORIENTED_EDGE('',*,*,#3671,.F.);
#1450=ORIENTED_EDGE('',*,*,#3672,.F.);
#1451=ORIENTED_EDGE('',*,*,#3673,.T.);
#1452=ORIENTED_EDGE('',*,*,#3669,.T.);
#1453=ORIENTED_EDGE('',*,*,#3674,.F.);
#1454=ORIENTED_EDGE('',*,*,#3675,.F.);
#1455=ORIENTED_EDGE('',*,*,#3676,.T.);
#1456=ORIENTED_EDGE('',*,*,#3672,.T.);
#1457=ORIENTED_EDGE('',*,*,#3677,.F.);
#1458=ORIENTED_EDGE('',*,*,#3655,.F.);
#1459=ORIENTED_EDGE('',*,*,#3678,.T.);
#1460=ORIENTED_EDGE('',*,*,#3675,.T.);
#1461=ORIENTED_EDGE('',*,*,#3654,.F.);
#1462=ORIENTED_EDGE('',*,*,#3658,.F.);
#1463=ORIENTED_EDGE('',*,*,#3661,.F.);
#1464=ORIENTED_EDGE('',*,*,#3664,.F.);
#1465=ORIENTED_EDGE('',*,*,#3667,.F.);
#1466=ORIENTED_EDGE('',*,*,#3670,.F.);
#1467=ORIENTED_EDGE('',*,*,#3673,.F.);
#1468=ORIENTED_EDGE('',*,*,#3676,.F.);
#1469=ORIENTED_EDGE('',*,*,#3678,.F.);
#1470=ORIENTED_EDGE('',*,*,#3652,.T.);
#1471=ORIENTED_EDGE('',*,*,#3677,.T.);
#1472=ORIENTED_EDGE('',*,*,#3674,.T.);
#1473=ORIENTED_EDGE('',*,*,#3671,.T.);
#1474=ORIENTED_EDGE('',*,*,#3668,.T.);
#1475=ORIENTED_EDGE('',*,*,#3665,.T.);
#1476=ORIENTED_EDGE('',*,*,#3662,.T.);
#1477=ORIENTED_EDGE('',*,*,#3659,.T.);
#1478=ORIENTED_EDGE('',*,*,#3656,.T.);
#1479=ORIENTED_EDGE('',*,*,#3679,.F.);
#1480=ORIENTED_EDGE('',*,*,#3680,.T.);
#1481=ORIENTED_EDGE('',*,*,#3681,.F.);
#1482=ORIENTED_EDGE('',*,*,#3682,.T.);
#1483=ORIENTED_EDGE('',*,*,#3681,.T.);
#1484=ORIENTED_EDGE('',*,*,#3683,.T.);
#1485=ORIENTED_EDGE('',*,*,#3684,.F.);
#1486=ORIENTED_EDGE('',*,*,#3685,.F.);
#1487=ORIENTED_EDGE('',*,*,#3686,.F.);
#1488=ORIENTED_EDGE('',*,*,#3687,.F.);
#1489=ORIENTED_EDGE('',*,*,#3688,.T.);
#1490=ORIENTED_EDGE('',*,*,#3689,.T.);
#1491=ORIENTED_EDGE('',*,*,#3690,.T.);
#1492=ORIENTED_EDGE('',*,*,#3691,.F.);
#1493=ORIENTED_EDGE('',*,*,#3692,.T.);
#1494=ORIENTED_EDGE('',*,*,#3693,.F.);
#1495=ORIENTED_EDGE('',*,*,#3694,.F.);
#1496=ORIENTED_EDGE('',*,*,#3695,.T.);
#1497=ORIENTED_EDGE('',*,*,#3696,.T.);
#1498=ORIENTED_EDGE('',*,*,#3697,.T.);
#1499=ORIENTED_EDGE('',*,*,#3698,.F.);
#1500=ORIENTED_EDGE('',*,*,#3699,.T.);
#1501=ORIENTED_EDGE('',*,*,#3700,.T.);
#1502=ORIENTED_EDGE('',*,*,#3701,.T.);
#1503=ORIENTED_EDGE('',*,*,#3702,.F.);
#1504=ORIENTED_EDGE('',*,*,#3694,.T.);
#1505=ORIENTED_EDGE('',*,*,#3703,.T.);
#1506=ORIENTED_EDGE('',*,*,#3689,.F.);
#1507=ORIENTED_EDGE('',*,*,#3704,.F.);
#1508=ORIENTED_EDGE('',*,*,#3705,.T.);
#1509=ORIENTED_EDGE('',*,*,#3706,.T.);
#1510=ORIENTED_EDGE('',*,*,#3707,.F.);
#1511=ORIENTED_EDGE('',*,*,#3708,.F.);
#1512=ORIENTED_EDGE('',*,*,#3709,.F.);
#1513=ORIENTED_EDGE('',*,*,#3707,.T.);
#1514=ORIENTED_EDGE('',*,*,#3710,.T.);
#1515=ORIENTED_EDGE('',*,*,#3711,.T.);
#1516=ORIENTED_EDGE('',*,*,#3710,.F.);
#1517=ORIENTED_EDGE('',*,*,#3706,.F.);
#1518=ORIENTED_EDGE('',*,*,#3712,.T.);
#1519=ORIENTED_EDGE('',*,*,#3713,.T.);
#1520=ORIENTED_EDGE('',*,*,#3712,.F.);
#1521=ORIENTED_EDGE('',*,*,#3705,.F.);
#1522=ORIENTED_EDGE('',*,*,#3714,.T.);
#1523=ORIENTED_EDGE('',*,*,#3715,.F.);
#1524=ORIENTED_EDGE('',*,*,#3714,.F.);
#1525=ORIENTED_EDGE('',*,*,#3704,.T.);
#1526=ORIENTED_EDGE('',*,*,#3709,.T.);
#1527=ORIENTED_EDGE('',*,*,#3716,.F.);
#1528=ORIENTED_EDGE('',*,*,#3717,.T.);
#1529=ORIENTED_EDGE('',*,*,#3718,.T.);
#1530=ORIENTED_EDGE('',*,*,#3719,.F.);
#1531=ORIENTED_EDGE('',*,*,#3720,.F.);
#1532=ORIENTED_EDGE('',*,*,#3721,.F.);
#1533=ORIENTED_EDGE('',*,*,#3719,.T.);
#1534=ORIENTED_EDGE('',*,*,#3722,.T.);
#1535=ORIENTED_EDGE('',*,*,#3723,.T.);
#1536=ORIENTED_EDGE('',*,*,#3722,.F.);
#1537=ORIENTED_EDGE('',*,*,#3718,.F.);
#1538=ORIENTED_EDGE('',*,*,#3724,.T.);
#1539=ORIENTED_EDGE('',*,*,#3725,.T.);
#1540=ORIENTED_EDGE('',*,*,#3724,.F.);
#1541=ORIENTED_EDGE('',*,*,#3717,.F.);
#1542=ORIENTED_EDGE('',*,*,#3726,.T.);
#1543=ORIENTED_EDGE('',*,*,#3727,.F.);
#1544=ORIENTED_EDGE('',*,*,#3726,.F.);
#1545=ORIENTED_EDGE('',*,*,#3716,.T.);
#1546=ORIENTED_EDGE('',*,*,#3721,.T.);
#1547=ORIENTED_EDGE('',*,*,#3728,.F.);
#1548=ORIENTED_EDGE('',*,*,#3679,.T.);
#1549=ORIENTED_EDGE('',*,*,#3729,.T.);
#1550=ORIENTED_EDGE('',*,*,#3730,.F.);
#1551=ORIENTED_EDGE('',*,*,#3731,.F.);
#1552=ORIENTED_EDGE('',*,*,#3695,.F.);
#1553=ORIENTED_EDGE('',*,*,#3732,.T.);
#1554=ORIENTED_EDGE('',*,*,#3696,.F.);
#1555=ORIENTED_EDGE('',*,*,#3733,.T.);
#1556=ORIENTED_EDGE('',*,*,#3734,.F.);
#1557=ORIENTED_EDGE('',*,*,#3735,.T.);
#1558=ORIENTED_EDGE('',*,*,#3736,.T.);
#1559=ORIENTED_EDGE('',*,*,#3737,.F.);
#1560=ORIENTED_EDGE('',*,*,#3738,.F.);
#1561=ORIENTED_EDGE('',*,*,#3739,.T.);
#1562=ORIENTED_EDGE('',*,*,#3740,.T.);
#1563=ORIENTED_EDGE('',*,*,#3741,.F.);
#1564=ORIENTED_EDGE('',*,*,#3742,.F.);
#1565=ORIENTED_EDGE('',*,*,#3743,.F.);
#1566=ORIENTED_EDGE('',*,*,#3737,.T.);
#1567=ORIENTED_EDGE('',*,*,#3744,.T.);
#1568=ORIENTED_EDGE('',*,*,#3745,.F.);
#1569=ORIENTED_EDGE('',*,*,#3746,.F.);
#1570=ORIENTED_EDGE('',*,*,#3741,.T.);
#1571=ORIENTED_EDGE('',*,*,#3747,.T.);
#1572=ORIENTED_EDGE('',*,*,#3748,.T.);
#1573=ORIENTED_EDGE('',*,*,#3747,.F.);
#1574=ORIENTED_EDGE('',*,*,#3740,.F.);
#1575=ORIENTED_EDGE('',*,*,#3749,.T.);
#1576=ORIENTED_EDGE('',*,*,#3750,.T.);
#1577=ORIENTED_EDGE('',*,*,#3749,.F.);
#1578=ORIENTED_EDGE('',*,*,#3739,.F.);
#1579=ORIENTED_EDGE('',*,*,#3751,.T.);
#1580=ORIENTED_EDGE('',*,*,#3752,.F.);
#1581=ORIENTED_EDGE('',*,*,#3751,.F.);
#1582=ORIENTED_EDGE('',*,*,#3738,.T.);
#1583=ORIENTED_EDGE('',*,*,#3746,.T.);
#1584=ORIENTED_EDGE('',*,*,#3753,.T.);
#1585=ORIENTED_EDGE('',*,*,#3744,.F.);
#1586=ORIENTED_EDGE('',*,*,#3736,.F.);
#1587=ORIENTED_EDGE('',*,*,#3754,.T.);
#1588=ORIENTED_EDGE('',*,*,#3755,.T.);
#1589=ORIENTED_EDGE('',*,*,#3754,.F.);
#1590=ORIENTED_EDGE('',*,*,#3735,.F.);
#1591=ORIENTED_EDGE('',*,*,#3756,.T.);
#1592=ORIENTED_EDGE('',*,*,#3757,.F.);
#1593=ORIENTED_EDGE('',*,*,#3756,.F.);
#1594=ORIENTED_EDGE('',*,*,#3734,.T.);
#1595=ORIENTED_EDGE('',*,*,#3743,.T.);
#1596=ORIENTED_EDGE('',*,*,#3758,.T.);
#1597=ORIENTED_EDGE('',*,*,#3690,.F.);
#1598=ORIENTED_EDGE('',*,*,#3703,.F.);
#1599=ORIENTED_EDGE('',*,*,#3693,.T.);
#1600=ORIENTED_EDGE('',*,*,#3759,.F.);
#1601=ORIENTED_EDGE('',*,*,#3729,.F.);
#1602=ORIENTED_EDGE('',*,*,#3682,.F.);
#1603=ORIENTED_EDGE('',*,*,#3686,.T.);
#1604=ORIENTED_EDGE('',*,*,#3760,.F.);
#1605=ORIENTED_EDGE('',*,*,#3761,.F.);
#1606=ORIENTED_EDGE('',*,*,#3762,.T.);
#1607=ORIENTED_EDGE('',*,*,#3698,.T.);
#1608=ORIENTED_EDGE('',*,*,#3763,.T.);
#1609=ORIENTED_EDGE('',*,*,#3764,.T.);
#1610=ORIENTED_EDGE('',*,*,#3699,.F.);
#1611=ORIENTED_EDGE('',*,*,#3762,.F.);
#1612=ORIENTED_EDGE('',*,*,#3765,.T.);
#1613=ORIENTED_EDGE('',*,*,#3766,.T.);
#1614=ORIENTED_EDGE('',*,*,#3700,.F.);
#1615=ORIENTED_EDGE('',*,*,#3764,.F.);
#1616=ORIENTED_EDGE('',*,*,#3767,.T.);
#1617=ORIENTED_EDGE('',*,*,#3768,.T.);
#1618=ORIENTED_EDGE('',*,*,#3701,.F.);
#1619=ORIENTED_EDGE('',*,*,#3766,.F.);
#1620=ORIENTED_EDGE('',*,*,#3769,.T.);
#1621=ORIENTED_EDGE('',*,*,#3760,.T.);
#1622=ORIENTED_EDGE('',*,*,#3697,.F.);
#1623=ORIENTED_EDGE('',*,*,#3768,.F.);
#1624=ORIENTED_EDGE('',*,*,#3767,.F.);
#1625=ORIENTED_EDGE('',*,*,#3765,.F.);
#1626=ORIENTED_EDGE('',*,*,#3763,.F.);
#1627=ORIENTED_EDGE('',*,*,#3761,.T.);
#1628=ORIENTED_EDGE('',*,*,#3769,.F.);
#1629=ORIENTED_EDGE('',*,*,#3750,.F.);
#1630=ORIENTED_EDGE('',*,*,#3752,.T.);
#1631=ORIENTED_EDGE('',*,*,#3745,.T.);
#1632=ORIENTED_EDGE('',*,*,#3748,.F.);
#1633=ORIENTED_EDGE('',*,*,#3692,.F.);
#1634=ORIENTED_EDGE('',*,*,#3770,.T.);
#1635=ORIENTED_EDGE('',*,*,#3684,.T.);
#1636=ORIENTED_EDGE('',*,*,#3771,.T.);
#1637=ORIENTED_EDGE('',*,*,#3731,.T.);
#1638=ORIENTED_EDGE('',*,*,#3772,.T.);
#1639=ORIENTED_EDGE('',*,*,#3687,.T.);
#1640=ORIENTED_EDGE('',*,*,#3758,.F.);
#1641=ORIENTED_EDGE('',*,*,#3732,.F.);
#1642=ORIENTED_EDGE('',*,*,#3733,.F.);
#1643=ORIENTED_EDGE('',*,*,#3755,.F.);
#1644=ORIENTED_EDGE('',*,*,#3757,.T.);
#1645=ORIENTED_EDGE('',*,*,#3742,.T.);
#1646=ORIENTED_EDGE('',*,*,#3753,.F.);
#1647=ORIENTED_EDGE('',*,*,#3725,.F.);
#1648=ORIENTED_EDGE('',*,*,#3727,.T.);
#1649=ORIENTED_EDGE('',*,*,#3720,.T.);
#1650=ORIENTED_EDGE('',*,*,#3723,.F.);
#1651=ORIENTED_EDGE('',*,*,#3713,.F.);
#1652=ORIENTED_EDGE('',*,*,#3715,.T.);
#1653=ORIENTED_EDGE('',*,*,#3708,.T.);
#1654=ORIENTED_EDGE('',*,*,#3711,.F.);
#1655=ORIENTED_EDGE('',*,*,#3730,.T.);
#1656=ORIENTED_EDGE('',*,*,#3759,.T.);
#1657=ORIENTED_EDGE('',*,*,#3685,.T.);
#1658=ORIENTED_EDGE('',*,*,#3773,.T.);
#1659=ORIENTED_EDGE('',*,*,#3772,.F.);
#1660=ORIENTED_EDGE('',*,*,#3773,.F.);
#1661=ORIENTED_EDGE('',*,*,#3770,.F.);
#1662=ORIENTED_EDGE('',*,*,#3691,.T.);
#1663=ORIENTED_EDGE('',*,*,#3702,.T.);
#1664=ORIENTED_EDGE('',*,*,#3688,.F.);
#1665=ORIENTED_EDGE('',*,*,#3728,.T.);
#1666=ORIENTED_EDGE('',*,*,#3771,.F.);
#1667=ORIENTED_EDGE('',*,*,#3683,.F.);
#1668=ORIENTED_EDGE('',*,*,#3680,.F.);
#1669=ORIENTED_EDGE('',*,*,#3774,.F.);
#1670=ORIENTED_EDGE('',*,*,#3775,.F.);
#1671=ORIENTED_EDGE('',*,*,#3776,.T.);
#1672=ORIENTED_EDGE('',*,*,#3777,.T.);
#1673=ORIENTED_EDGE('',*,*,#3778,.F.);
#1674=ORIENTED_EDGE('',*,*,#3779,.F.);
#1675=ORIENTED_EDGE('',*,*,#3780,.T.);
#1676=ORIENTED_EDGE('',*,*,#3775,.T.);
#1677=ORIENTED_EDGE('',*,*,#3781,.F.);
#1678=ORIENTED_EDGE('',*,*,#3782,.F.);
#1679=ORIENTED_EDGE('',*,*,#3783,.T.);
#1680=ORIENTED_EDGE('',*,*,#3779,.T.);
#1681=ORIENTED_EDGE('',*,*,#3784,.F.);
#1682=ORIENTED_EDGE('',*,*,#3785,.F.);
#1683=ORIENTED_EDGE('',*,*,#3786,.T.);
#1684=ORIENTED_EDGE('',*,*,#3782,.T.);
#1685=ORIENTED_EDGE('',*,*,#3787,.F.);
#1686=ORIENTED_EDGE('',*,*,#3788,.F.);
#1687=ORIENTED_EDGE('',*,*,#3789,.T.);
#1688=ORIENTED_EDGE('',*,*,#3785,.T.);
#1689=ORIENTED_EDGE('',*,*,#3790,.F.);
#1690=ORIENTED_EDGE('',*,*,#3791,.F.);
#1691=ORIENTED_EDGE('',*,*,#3792,.T.);
#1692=ORIENTED_EDGE('',*,*,#3788,.T.);
#1693=ORIENTED_EDGE('',*,*,#3793,.F.);
#1694=ORIENTED_EDGE('',*,*,#3794,.F.);
#1695=ORIENTED_EDGE('',*,*,#3795,.T.);
#1696=ORIENTED_EDGE('',*,*,#3791,.T.);
#1697=ORIENTED_EDGE('',*,*,#3796,.F.);
#1698=ORIENTED_EDGE('',*,*,#3797,.F.);
#1699=ORIENTED_EDGE('',*,*,#3798,.T.);
#1700=ORIENTED_EDGE('',*,*,#3799,.T.);
#1701=ORIENTED_EDGE('',*,*,#3800,.F.);
#1702=ORIENTED_EDGE('',*,*,#3801,.F.);
#1703=ORIENTED_EDGE('',*,*,#3802,.T.);
#1704=ORIENTED_EDGE('',*,*,#3797,.T.);
#1705=ORIENTED_EDGE('',*,*,#3803,.F.);
#1706=ORIENTED_EDGE('',*,*,#3804,.F.);
#1707=ORIENTED_EDGE('',*,*,#3805,.T.);
#1708=ORIENTED_EDGE('',*,*,#3801,.T.);
#1709=ORIENTED_EDGE('',*,*,#3806,.F.);
#1710=ORIENTED_EDGE('',*,*,#3807,.F.);
#1711=ORIENTED_EDGE('',*,*,#3808,.T.);
#1712=ORIENTED_EDGE('',*,*,#3804,.T.);
#1713=ORIENTED_EDGE('',*,*,#3809,.F.);
#1714=ORIENTED_EDGE('',*,*,#3810,.F.);
#1715=ORIENTED_EDGE('',*,*,#3811,.T.);
#1716=ORIENTED_EDGE('',*,*,#3807,.T.);
#1717=ORIENTED_EDGE('',*,*,#3812,.F.);
#1718=ORIENTED_EDGE('',*,*,#3813,.F.);
#1719=ORIENTED_EDGE('',*,*,#3814,.T.);
#1720=ORIENTED_EDGE('',*,*,#3810,.T.);
#1721=ORIENTED_EDGE('',*,*,#3815,.F.);
#1722=ORIENTED_EDGE('',*,*,#3816,.F.);
#1723=ORIENTED_EDGE('',*,*,#3817,.T.);
#1724=ORIENTED_EDGE('',*,*,#3813,.T.);
#1725=ORIENTED_EDGE('',*,*,#3818,.F.);
#1726=ORIENTED_EDGE('',*,*,#3799,.F.);
#1727=ORIENTED_EDGE('',*,*,#3819,.T.);
#1728=ORIENTED_EDGE('',*,*,#3816,.T.);
#1729=ORIENTED_EDGE('',*,*,#3820,.F.);
#1730=ORIENTED_EDGE('',*,*,#3777,.F.);
#1731=ORIENTED_EDGE('',*,*,#3821,.T.);
#1732=ORIENTED_EDGE('',*,*,#3794,.T.);
#1733=ORIENTED_EDGE('',*,*,#3798,.F.);
#1734=ORIENTED_EDGE('',*,*,#3802,.F.);
#1735=ORIENTED_EDGE('',*,*,#3805,.F.);
#1736=ORIENTED_EDGE('',*,*,#3808,.F.);
#1737=ORIENTED_EDGE('',*,*,#3811,.F.);
#1738=ORIENTED_EDGE('',*,*,#3814,.F.);
#1739=ORIENTED_EDGE('',*,*,#3817,.F.);
#1740=ORIENTED_EDGE('',*,*,#3819,.F.);
#1741=ORIENTED_EDGE('',*,*,#3776,.F.);
#1742=ORIENTED_EDGE('',*,*,#3780,.F.);
#1743=ORIENTED_EDGE('',*,*,#3783,.F.);
#1744=ORIENTED_EDGE('',*,*,#3786,.F.);
#1745=ORIENTED_EDGE('',*,*,#3789,.F.);
#1746=ORIENTED_EDGE('',*,*,#3792,.F.);
#1747=ORIENTED_EDGE('',*,*,#3795,.F.);
#1748=ORIENTED_EDGE('',*,*,#3821,.F.);
#1749=ORIENTED_EDGE('',*,*,#3796,.T.);
#1750=ORIENTED_EDGE('',*,*,#3818,.T.);
#1751=ORIENTED_EDGE('',*,*,#3815,.T.);
#1752=ORIENTED_EDGE('',*,*,#3812,.T.);
#1753=ORIENTED_EDGE('',*,*,#3809,.T.);
#1754=ORIENTED_EDGE('',*,*,#3806,.T.);
#1755=ORIENTED_EDGE('',*,*,#3803,.T.);
#1756=ORIENTED_EDGE('',*,*,#3800,.T.);
#1757=ORIENTED_EDGE('',*,*,#3774,.T.);
#1758=ORIENTED_EDGE('',*,*,#3820,.T.);
#1759=ORIENTED_EDGE('',*,*,#3793,.T.);
#1760=ORIENTED_EDGE('',*,*,#3790,.T.);
#1761=ORIENTED_EDGE('',*,*,#3787,.T.);
#1762=ORIENTED_EDGE('',*,*,#3784,.T.);
#1763=ORIENTED_EDGE('',*,*,#3781,.T.);
#1764=ORIENTED_EDGE('',*,*,#3778,.T.);
#1765=ORIENTED_EDGE('',*,*,#3822,.F.);
#1766=ORIENTED_EDGE('',*,*,#3822,.T.);
#1767=ORIENTED_EDGE('',*,*,#3823,.T.);
#1768=ORIENTED_EDGE('',*,*,#3823,.F.);
#1769=ORIENTED_EDGE('',*,*,#3824,.F.);
#1770=ORIENTED_EDGE('',*,*,#3825,.F.);
#1771=ORIENTED_EDGE('',*,*,#3826,.T.);
#1772=ORIENTED_EDGE('',*,*,#3827,.T.);
#1773=ORIENTED_EDGE('',*,*,#3828,.T.);
#1774=ORIENTED_EDGE('',*,*,#3829,.F.);
#1775=ORIENTED_EDGE('',*,*,#3830,.F.);
#1776=ORIENTED_EDGE('',*,*,#3831,.T.);
#1777=ORIENTED_EDGE('',*,*,#3832,.T.);
#1778=ORIENTED_EDGE('',*,*,#3833,.F.);
#1779=ORIENTED_EDGE('',*,*,#3834,.F.);
#1780=ORIENTED_EDGE('',*,*,#3835,.T.);
#1781=ORIENTED_EDGE('',*,*,#3836,.T.);
#1782=ORIENTED_EDGE('',*,*,#3837,.F.);
#1783=ORIENTED_EDGE('',*,*,#3838,.F.);
#1784=ORIENTED_EDGE('',*,*,#3839,.T.);
#1785=ORIENTED_EDGE('',*,*,#3840,.T.);
#1786=ORIENTED_EDGE('',*,*,#3841,.F.);
#1787=ORIENTED_EDGE('',*,*,#3842,.T.);
#1788=ORIENTED_EDGE('',*,*,#3843,.F.);
#1789=ORIENTED_EDGE('',*,*,#3844,.F.);
#1790=ORIENTED_EDGE('',*,*,#3845,.T.);
#1791=ORIENTED_EDGE('',*,*,#3846,.F.);
#1792=ORIENTED_EDGE('',*,*,#3847,.F.);
#1793=ORIENTED_EDGE('',*,*,#3848,.F.);
#1794=ORIENTED_EDGE('',*,*,#3849,.T.);
#1795=ORIENTED_EDGE('',*,*,#3850,.T.);
#1796=ORIENTED_EDGE('',*,*,#3851,.T.);
#1797=ORIENTED_EDGE('',*,*,#3852,.T.);
#1798=ORIENTED_EDGE('',*,*,#3853,.F.);
#1799=ORIENTED_EDGE('',*,*,#3854,.T.);
#1800=ORIENTED_EDGE('',*,*,#3855,.T.);
#1801=ORIENTED_EDGE('',*,*,#3856,.F.);
#1802=ORIENTED_EDGE('',*,*,#3857,.T.);
#1803=ORIENTED_EDGE('',*,*,#3858,.F.);
#1804=ORIENTED_EDGE('',*,*,#3859,.T.);
#1805=ORIENTED_EDGE('',*,*,#3860,.F.);
#1806=ORIENTED_EDGE('',*,*,#3855,.F.);
#1807=ORIENTED_EDGE('',*,*,#3861,.F.);
#1808=ORIENTED_EDGE('',*,*,#3862,.F.);
#1809=ORIENTED_EDGE('',*,*,#3863,.T.);
#1810=ORIENTED_EDGE('',*,*,#3853,.T.);
#1811=ORIENTED_EDGE('',*,*,#3864,.T.);
#1812=ORIENTED_EDGE('',*,*,#3865,.F.);
#1813=ORIENTED_EDGE('',*,*,#3866,.T.);
#1814=ORIENTED_EDGE('',*,*,#3867,.F.);
#1815=ORIENTED_EDGE('',*,*,#3836,.F.);
#1816=ORIENTED_EDGE('',*,*,#3868,.T.);
#1817=ORIENTED_EDGE('',*,*,#3830,.T.);
#1818=ORIENTED_EDGE('',*,*,#3869,.F.);
#1819=ORIENTED_EDGE('',*,*,#3870,.T.);
#1820=ORIENTED_EDGE('',*,*,#3871,.T.);
#1821=ORIENTED_EDGE('',*,*,#3872,.F.);
#1822=ORIENTED_EDGE('',*,*,#3873,.T.);
#1823=ORIENTED_EDGE('',*,*,#3874,.T.);
#1824=ORIENTED_EDGE('',*,*,#3875,.F.);
#1825=ORIENTED_EDGE('',*,*,#3876,.F.);
#1826=ORIENTED_EDGE('',*,*,#3834,.T.);
#1827=ORIENTED_EDGE('',*,*,#3877,.T.);
#1828=ORIENTED_EDGE('',*,*,#3832,.F.);
#1829=ORIENTED_EDGE('',*,*,#3878,.F.);
#1830=ORIENTED_EDGE('',*,*,#3862,.T.);
#1831=ORIENTED_EDGE('',*,*,#3879,.T.);
#1832=ORIENTED_EDGE('',*,*,#3859,.F.);
#1833=ORIENTED_EDGE('',*,*,#3880,.F.);
#1834=ORIENTED_EDGE('',*,*,#3857,.F.);
#1835=ORIENTED_EDGE('',*,*,#3839,.F.);
#1836=ORIENTED_EDGE('',*,*,#3881,.F.);
#1837=ORIENTED_EDGE('',*,*,#3882,.F.);
#1838=ORIENTED_EDGE('',*,*,#3883,.T.);
#1839=ORIENTED_EDGE('',*,*,#3840,.F.);
#1840=ORIENTED_EDGE('',*,*,#3884,.T.);
#1841=ORIENTED_EDGE('',*,*,#3885,.T.);
#1842=ORIENTED_EDGE('',*,*,#3886,.T.);
#1843=ORIENTED_EDGE('',*,*,#3887,.F.);
#1844=ORIENTED_EDGE('',*,*,#3888,.F.);
#1845=ORIENTED_EDGE('',*,*,#3885,.F.);
#1846=ORIENTED_EDGE('',*,*,#3825,.T.);
#1847=ORIENTED_EDGE('',*,*,#3889,.T.);
#1848=ORIENTED_EDGE('',*,*,#3890,.F.);
#1849=ORIENTED_EDGE('',*,*,#3824,.T.);
#1850=ORIENTED_EDGE('',*,*,#3891,.T.);
#1851=ORIENTED_EDGE('',*,*,#3865,.T.);
#1852=ORIENTED_EDGE('',*,*,#3892,.F.);
#1853=ORIENTED_EDGE('',*,*,#3889,.F.);
#1854=ORIENTED_EDGE('',*,*,#3891,.F.);
#1855=ORIENTED_EDGE('',*,*,#3890,.T.);
#1856=ORIENTED_EDGE('',*,*,#3892,.T.);
#1857=ORIENTED_EDGE('',*,*,#3864,.F.);
#1858=ORIENTED_EDGE('',*,*,#3856,.T.);
#1859=ORIENTED_EDGE('',*,*,#3860,.T.);
#1860=ORIENTED_EDGE('',*,*,#3879,.F.);
#1861=ORIENTED_EDGE('',*,*,#3866,.F.);
#1862=ORIENTED_EDGE('',*,*,#3893,.F.);
#1863=ORIENTED_EDGE('',*,*,#3894,.T.);
#1864=ORIENTED_EDGE('',*,*,#3895,.T.);
#1865=ORIENTED_EDGE('',*,*,#3896,.F.);
#1866=ORIENTED_EDGE('',*,*,#3884,.F.);
#1867=ORIENTED_EDGE('',*,*,#3888,.T.);
#1868=ORIENTED_EDGE('',*,*,#3897,.T.);
#1869=ORIENTED_EDGE('',*,*,#3875,.T.);
#1870=ORIENTED_EDGE('',*,*,#3898,.F.);
#1871=ORIENTED_EDGE('',*,*,#3895,.F.);
#1872=ORIENTED_EDGE('',*,*,#3899,.T.);
#1873=ORIENTED_EDGE('',*,*,#3886,.F.);
#1874=ORIENTED_EDGE('',*,*,#3873,.F.);
#1875=ORIENTED_EDGE('',*,*,#3900,.F.);
#1876=ORIENTED_EDGE('',*,*,#3893,.T.);
#1877=ORIENTED_EDGE('',*,*,#3901,.T.);
#1878=ORIENTED_EDGE('',*,*,#3883,.F.);
#1879=ORIENTED_EDGE('',*,*,#3874,.F.);
#1880=ORIENTED_EDGE('',*,*,#3901,.F.);
#1881=ORIENTED_EDGE('',*,*,#3896,.T.);
#1882=ORIENTED_EDGE('',*,*,#3898,.T.);
#1883=ORIENTED_EDGE('',*,*,#3902,.T.);
#1884=ORIENTED_EDGE('',*,*,#3897,.F.);
#1885=ORIENTED_EDGE('',*,*,#3887,.T.);
#1886=ORIENTED_EDGE('',*,*,#3899,.F.);
#1887=ORIENTED_EDGE('',*,*,#3894,.F.);
#1888=ORIENTED_EDGE('',*,*,#3900,.T.);
#1889=ORIENTED_EDGE('',*,*,#3876,.T.);
#1890=ORIENTED_EDGE('',*,*,#3903,.T.);
#1891=ORIENTED_EDGE('',*,*,#3904,.T.);
#1892=ORIENTED_EDGE('',*,*,#3905,.F.);
#1893=ORIENTED_EDGE('',*,*,#3906,.F.);
#1894=ORIENTED_EDGE('',*,*,#3902,.F.);
#1895=ORIENTED_EDGE('',*,*,#3827,.F.);
#1896=ORIENTED_EDGE('',*,*,#3907,.T.);
#1897=ORIENTED_EDGE('',*,*,#3826,.F.);
#1898=ORIENTED_EDGE('',*,*,#3908,.F.);
#1899=ORIENTED_EDGE('',*,*,#3905,.T.);
#1900=ORIENTED_EDGE('',*,*,#3909,.T.);
#1901=ORIENTED_EDGE('',*,*,#3871,.F.);
#1902=ORIENTED_EDGE('',*,*,#3904,.F.);
#1903=ORIENTED_EDGE('',*,*,#3910,.T.);
#1904=ORIENTED_EDGE('',*,*,#3872,.T.);
#1905=ORIENTED_EDGE('',*,*,#3909,.F.);
#1906=ORIENTED_EDGE('',*,*,#3881,.T.);
#1907=ORIENTED_EDGE('',*,*,#3903,.F.);
#1908=ORIENTED_EDGE('',*,*,#3911,.T.);
#1909=ORIENTED_EDGE('',*,*,#3869,.T.);
#1910=ORIENTED_EDGE('',*,*,#3910,.F.);
#1911=ORIENTED_EDGE('',*,*,#3911,.F.);
#1912=ORIENTED_EDGE('',*,*,#3906,.T.);
#1913=ORIENTED_EDGE('',*,*,#3908,.T.);
#1914=ORIENTED_EDGE('',*,*,#3870,.F.);
#1915=ORIENTED_EDGE('',*,*,#3907,.F.);
#1916=ORIENTED_EDGE('',*,*,#3861,.T.);
#1917=ORIENTED_EDGE('',*,*,#3828,.F.);
#1918=ORIENTED_EDGE('',*,*,#3851,.F.);
#1919=ORIENTED_EDGE('',*,*,#3912,.F.);
#1920=ORIENTED_EDGE('',*,*,#3913,.F.);
#1921=ORIENTED_EDGE('',*,*,#3914,.T.);
#1922=ORIENTED_EDGE('',*,*,#3915,.T.);
#1923=ORIENTED_EDGE('',*,*,#3913,.T.);
#1924=ORIENTED_EDGE('',*,*,#3916,.T.);
#1925=ORIENTED_EDGE('',*,*,#3917,.F.);
#1926=ORIENTED_EDGE('',*,*,#3918,.F.);
#1927=ORIENTED_EDGE('',*,*,#3841,.T.);
#1928=ORIENTED_EDGE('',*,*,#3919,.F.);
#1929=ORIENTED_EDGE('',*,*,#3920,.F.);
#1930=ORIENTED_EDGE('',*,*,#3917,.T.);
#1931=ORIENTED_EDGE('',*,*,#3921,.T.);
#1932=ORIENTED_EDGE('',*,*,#3852,.F.);
#1933=ORIENTED_EDGE('',*,*,#3915,.F.);
#1934=ORIENTED_EDGE('',*,*,#3922,.T.);
#1935=ORIENTED_EDGE('',*,*,#3919,.T.);
#1936=ORIENTED_EDGE('',*,*,#3914,.F.);
#1937=ORIENTED_EDGE('',*,*,#3918,.T.);
#1938=ORIENTED_EDGE('',*,*,#3920,.T.);
#1939=ORIENTED_EDGE('',*,*,#3922,.F.);
#1940=ORIENTED_EDGE('',*,*,#3923,.F.);
#1941=ORIENTED_EDGE('',*,*,#3924,.F.);
#1942=ORIENTED_EDGE('',*,*,#3925,.T.);
#1943=ORIENTED_EDGE('',*,*,#3926,.T.);
#1944=ORIENTED_EDGE('',*,*,#3847,.T.);
#1945=ORIENTED_EDGE('',*,*,#3927,.F.);
#1946=ORIENTED_EDGE('',*,*,#3928,.F.);
#1947=ORIENTED_EDGE('',*,*,#3924,.T.);
#1948=ORIENTED_EDGE('',*,*,#3929,.T.);
#1949=ORIENTED_EDGE('',*,*,#3846,.T.);
#1950=ORIENTED_EDGE('',*,*,#3930,.F.);
#1951=ORIENTED_EDGE('',*,*,#3931,.F.);
#1952=ORIENTED_EDGE('',*,*,#3927,.T.);
#1953=ORIENTED_EDGE('',*,*,#3845,.F.);
#1954=ORIENTED_EDGE('',*,*,#3932,.F.);
#1955=ORIENTED_EDGE('',*,*,#3926,.F.);
#1956=ORIENTED_EDGE('',*,*,#3933,.T.);
#1957=ORIENTED_EDGE('',*,*,#3930,.T.);
#1958=ORIENTED_EDGE('',*,*,#3925,.F.);
#1959=ORIENTED_EDGE('',*,*,#3928,.T.);
#1960=ORIENTED_EDGE('',*,*,#3931,.T.);
#1961=ORIENTED_EDGE('',*,*,#3933,.F.);
#1962=ORIENTED_EDGE('',*,*,#3921,.F.);
#1963=ORIENTED_EDGE('',*,*,#3934,.T.);
#1964=ORIENTED_EDGE('',*,*,#3935,.T.);
#1965=ORIENTED_EDGE('',*,*,#3842,.F.);
#1966=ORIENTED_EDGE('',*,*,#3936,.F.);
#1967=ORIENTED_EDGE('',*,*,#3932,.T.);
#1968=ORIENTED_EDGE('',*,*,#3844,.T.);
#1969=ORIENTED_EDGE('',*,*,#3937,.F.);
#1970=ORIENTED_EDGE('',*,*,#3938,.T.);
#1971=ORIENTED_EDGE('',*,*,#3882,.T.);
#1972=ORIENTED_EDGE('',*,*,#3939,.T.);
#1973=ORIENTED_EDGE('',*,*,#3912,.T.);
#1974=ORIENTED_EDGE('',*,*,#3850,.F.);
#1975=ORIENTED_EDGE('',*,*,#3940,.F.);
#1976=ORIENTED_EDGE('',*,*,#3849,.F.);
#1977=ORIENTED_EDGE('',*,*,#3941,.F.);
#1978=ORIENTED_EDGE('',*,*,#3942,.T.);
#1979=ORIENTED_EDGE('',*,*,#3940,.T.);
#1980=ORIENTED_EDGE('',*,*,#3929,.F.);
#1981=ORIENTED_EDGE('',*,*,#3943,.F.);
#1982=ORIENTED_EDGE('',*,*,#3941,.T.);
#1983=ORIENTED_EDGE('',*,*,#3848,.T.);
#1984=ORIENTED_EDGE('',*,*,#3843,.T.);
#1985=ORIENTED_EDGE('',*,*,#3935,.F.);
#1986=ORIENTED_EDGE('',*,*,#3944,.F.);
#1987=ORIENTED_EDGE('',*,*,#3937,.T.);
#1988=ORIENTED_EDGE('',*,*,#3945,.T.);
#1989=ORIENTED_EDGE('',*,*,#3938,.F.);
#1990=ORIENTED_EDGE('',*,*,#3939,.F.);
#1991=ORIENTED_EDGE('',*,*,#3942,.F.);
#1992=ORIENTED_EDGE('',*,*,#3943,.T.);
#1993=ORIENTED_EDGE('',*,*,#3923,.T.);
#1994=ORIENTED_EDGE('',*,*,#3936,.T.);
#1995=ORIENTED_EDGE('',*,*,#3944,.T.);
#1996=ORIENTED_EDGE('',*,*,#3934,.F.);
#1997=ORIENTED_EDGE('',*,*,#3916,.F.);
#1998=ORIENTED_EDGE('',*,*,#3945,.F.);
#1999=ORIENTED_EDGE('',*,*,#3946,.F.);
#2000=ORIENTED_EDGE('',*,*,#3838,.T.);
#2001=ORIENTED_EDGE('',*,*,#3946,.T.);
#2002=ORIENTED_EDGE('',*,*,#3947,.F.);
#2003=ORIENTED_EDGE('',*,*,#3837,.T.);
#2004=ORIENTED_EDGE('',*,*,#3947,.T.);
#2005=ORIENTED_EDGE('',*,*,#3880,.T.);
#2006=ORIENTED_EDGE('',*,*,#3858,.T.);
#2007=ORIENTED_EDGE('',*,*,#3854,.F.);
#2008=ORIENTED_EDGE('',*,*,#3863,.F.);
#2009=ORIENTED_EDGE('',*,*,#3878,.T.);
#2010=ORIENTED_EDGE('',*,*,#3831,.F.);
#2011=ORIENTED_EDGE('',*,*,#3868,.F.);
#2012=ORIENTED_EDGE('',*,*,#3835,.F.);
#2013=ORIENTED_EDGE('',*,*,#3833,.T.);
#2014=ORIENTED_EDGE('',*,*,#3867,.T.);
#2015=ORIENTED_EDGE('',*,*,#3829,.T.);
#2016=ORIENTED_EDGE('',*,*,#3877,.F.);
#2017=ORIENTED_EDGE('',*,*,#3948,.F.);
#2018=ORIENTED_EDGE('',*,*,#3949,.T.);
#2019=ORIENTED_EDGE('',*,*,#3950,.T.);
#2020=ORIENTED_EDGE('',*,*,#3951,.F.);
#2021=ORIENTED_EDGE('',*,*,#3952,.F.);
#2022=ORIENTED_EDGE('',*,*,#3953,.T.);
#2023=ORIENTED_EDGE('',*,*,#3954,.T.);
#2024=ORIENTED_EDGE('',*,*,#3955,.F.);
#2025=ORIENTED_EDGE('',*,*,#3956,.F.);
#2026=ORIENTED_EDGE('',*,*,#3957,.T.);
#2027=ORIENTED_EDGE('',*,*,#3958,.T.);
#2028=ORIENTED_EDGE('',*,*,#3959,.F.);
#2029=ORIENTED_EDGE('',*,*,#3960,.F.);
#2030=ORIENTED_EDGE('',*,*,#3961,.T.);
#2031=ORIENTED_EDGE('',*,*,#3962,.T.);
#2032=ORIENTED_EDGE('',*,*,#3963,.F.);
#2033=ORIENTED_EDGE('',*,*,#3964,.F.);
#2034=ORIENTED_EDGE('',*,*,#3965,.F.);
#2035=ORIENTED_EDGE('',*,*,#3966,.F.);
#2036=ORIENTED_EDGE('',*,*,#3967,.F.);
#2037=ORIENTED_EDGE('',*,*,#3968,.T.);
#2038=ORIENTED_EDGE('',*,*,#3969,.T.);
#2039=ORIENTED_EDGE('',*,*,#3970,.F.);
#2040=ORIENTED_EDGE('',*,*,#3950,.F.);
#2041=ORIENTED_EDGE('',*,*,#3971,.F.);
#2042=ORIENTED_EDGE('',*,*,#3970,.T.);
#2043=ORIENTED_EDGE('',*,*,#3972,.T.);
#2044=ORIENTED_EDGE('',*,*,#3951,.T.);
#2045=ORIENTED_EDGE('',*,*,#3972,.F.);
#2046=ORIENTED_EDGE('',*,*,#3969,.F.);
#2047=ORIENTED_EDGE('',*,*,#3973,.T.);
#2048=ORIENTED_EDGE('',*,*,#3948,.T.);
#2049=ORIENTED_EDGE('',*,*,#3973,.F.);
#2050=ORIENTED_EDGE('',*,*,#3968,.F.);
#2051=ORIENTED_EDGE('',*,*,#3974,.T.);
#2052=ORIENTED_EDGE('',*,*,#3949,.F.);
#2053=ORIENTED_EDGE('',*,*,#3974,.F.);
#2054=ORIENTED_EDGE('',*,*,#3967,.T.);
#2055=ORIENTED_EDGE('',*,*,#3971,.T.);
#2056=ORIENTED_EDGE('',*,*,#3975,.F.);
#2057=ORIENTED_EDGE('',*,*,#3976,.T.);
#2058=ORIENTED_EDGE('',*,*,#3977,.T.);
#2059=ORIENTED_EDGE('',*,*,#3978,.F.);
#2060=ORIENTED_EDGE('',*,*,#3954,.F.);
#2061=ORIENTED_EDGE('',*,*,#3979,.F.);
#2062=ORIENTED_EDGE('',*,*,#3978,.T.);
#2063=ORIENTED_EDGE('',*,*,#3980,.T.);
#2064=ORIENTED_EDGE('',*,*,#3955,.T.);
#2065=ORIENTED_EDGE('',*,*,#3980,.F.);
#2066=ORIENTED_EDGE('',*,*,#3977,.F.);
#2067=ORIENTED_EDGE('',*,*,#3981,.T.);
#2068=ORIENTED_EDGE('',*,*,#3952,.T.);
#2069=ORIENTED_EDGE('',*,*,#3981,.F.);
#2070=ORIENTED_EDGE('',*,*,#3976,.F.);
#2071=ORIENTED_EDGE('',*,*,#3982,.T.);
#2072=ORIENTED_EDGE('',*,*,#3953,.F.);
#2073=ORIENTED_EDGE('',*,*,#3982,.F.);
#2074=ORIENTED_EDGE('',*,*,#3975,.T.);
#2075=ORIENTED_EDGE('',*,*,#3979,.T.);
#2076=ORIENTED_EDGE('',*,*,#3983,.F.);
#2077=ORIENTED_EDGE('',*,*,#3984,.T.);
#2078=ORIENTED_EDGE('',*,*,#3985,.F.);
#2079=ORIENTED_EDGE('',*,*,#3986,.F.);
#2080=ORIENTED_EDGE('',*,*,#3987,.F.);
#2081=ORIENTED_EDGE('',*,*,#3988,.F.);
#2082=ORIENTED_EDGE('',*,*,#3985,.T.);
#2083=ORIENTED_EDGE('',*,*,#3989,.T.);
#2084=ORIENTED_EDGE('',*,*,#3962,.F.);
#2085=ORIENTED_EDGE('',*,*,#3990,.F.);
#2086=ORIENTED_EDGE('',*,*,#3983,.T.);
#2087=ORIENTED_EDGE('',*,*,#3991,.T.);
#2088=ORIENTED_EDGE('',*,*,#3992,.F.);
#2089=ORIENTED_EDGE('',*,*,#3993,.T.);
#2090=ORIENTED_EDGE('',*,*,#3966,.T.);
#2091=ORIENTED_EDGE('',*,*,#3994,.T.);
#2092=ORIENTED_EDGE('',*,*,#3995,.F.);
#2093=ORIENTED_EDGE('',*,*,#3960,.T.);
#2094=ORIENTED_EDGE('',*,*,#3996,.F.);
#2095=ORIENTED_EDGE('',*,*,#3997,.T.);
#2096=ORIENTED_EDGE('',*,*,#3998,.T.);
#2097=ORIENTED_EDGE('',*,*,#3999,.F.);
#2098=ORIENTED_EDGE('',*,*,#4000,.F.);
#2099=ORIENTED_EDGE('',*,*,#4001,.T.);
#2100=ORIENTED_EDGE('',*,*,#4002,.T.);
#2101=ORIENTED_EDGE('',*,*,#4003,.F.);
#2102=ORIENTED_EDGE('',*,*,#3958,.F.);
#2103=ORIENTED_EDGE('',*,*,#4004,.F.);
#2104=ORIENTED_EDGE('',*,*,#3999,.T.);
#2105=ORIENTED_EDGE('',*,*,#4005,.T.);
#2106=ORIENTED_EDGE('',*,*,#4006,.F.);
#2107=ORIENTED_EDGE('',*,*,#4007,.F.);
#2108=ORIENTED_EDGE('',*,*,#4003,.T.);
#2109=ORIENTED_EDGE('',*,*,#4008,.T.);
#2110=ORIENTED_EDGE('',*,*,#4009,.T.);
#2111=ORIENTED_EDGE('',*,*,#4008,.F.);
#2112=ORIENTED_EDGE('',*,*,#4002,.F.);
#2113=ORIENTED_EDGE('',*,*,#4010,.T.);
#2114=ORIENTED_EDGE('',*,*,#4011,.T.);
#2115=ORIENTED_EDGE('',*,*,#4010,.F.);
#2116=ORIENTED_EDGE('',*,*,#4001,.F.);
#2117=ORIENTED_EDGE('',*,*,#4012,.T.);
#2118=ORIENTED_EDGE('',*,*,#4013,.F.);
#2119=ORIENTED_EDGE('',*,*,#4012,.F.);
#2120=ORIENTED_EDGE('',*,*,#4000,.T.);
#2121=ORIENTED_EDGE('',*,*,#4007,.T.);
#2122=ORIENTED_EDGE('',*,*,#3959,.T.);
#2123=ORIENTED_EDGE('',*,*,#4005,.F.);
#2124=ORIENTED_EDGE('',*,*,#3998,.F.);
#2125=ORIENTED_EDGE('',*,*,#4014,.T.);
#2126=ORIENTED_EDGE('',*,*,#3956,.T.);
#2127=ORIENTED_EDGE('',*,*,#4014,.F.);
#2128=ORIENTED_EDGE('',*,*,#3997,.F.);
#2129=ORIENTED_EDGE('',*,*,#4015,.T.);
#2130=ORIENTED_EDGE('',*,*,#3957,.F.);
#2131=ORIENTED_EDGE('',*,*,#4015,.F.);
#2132=ORIENTED_EDGE('',*,*,#3996,.T.);
#2133=ORIENTED_EDGE('',*,*,#4004,.T.);
#2134=ORIENTED_EDGE('',*,*,#4016,.T.);
#2135=ORIENTED_EDGE('',*,*,#4017,.F.);
#2136=ORIENTED_EDGE('',*,*,#4018,.F.);
#2137=ORIENTED_EDGE('',*,*,#4019,.T.);
#2138=ORIENTED_EDGE('',*,*,#4016,.F.);
#2139=ORIENTED_EDGE('',*,*,#4020,.F.);
#2140=ORIENTED_EDGE('',*,*,#4021,.T.);
#2141=ORIENTED_EDGE('',*,*,#3963,.T.);
#2142=ORIENTED_EDGE('',*,*,#3991,.F.);
#2143=ORIENTED_EDGE('',*,*,#3986,.T.);
#2144=ORIENTED_EDGE('',*,*,#3988,.T.);
#2145=ORIENTED_EDGE('',*,*,#4022,.T.);
#2146=ORIENTED_EDGE('',*,*,#4021,.F.);
#2147=ORIENTED_EDGE('',*,*,#4023,.F.);
#2148=ORIENTED_EDGE('',*,*,#4024,.T.);
#2149=ORIENTED_EDGE('',*,*,#3964,.T.);
#2150=ORIENTED_EDGE('',*,*,#4018,.T.);
#2151=ORIENTED_EDGE('',*,*,#4025,.F.);
#2152=ORIENTED_EDGE('',*,*,#3989,.F.);
#2153=ORIENTED_EDGE('',*,*,#3984,.F.);
#2154=ORIENTED_EDGE('',*,*,#3990,.T.);
#2155=ORIENTED_EDGE('',*,*,#3961,.F.);
#2156=ORIENTED_EDGE('',*,*,#4024,.F.);
#2157=ORIENTED_EDGE('',*,*,#4026,.T.);
#2158=ORIENTED_EDGE('',*,*,#4027,.F.);
#2159=ORIENTED_EDGE('',*,*,#4028,.F.);
#2160=ORIENTED_EDGE('',*,*,#4029,.T.);
#2161=ORIENTED_EDGE('',*,*,#4030,.T.);
#2162=ORIENTED_EDGE('',*,*,#4031,.T.);
#2163=ORIENTED_EDGE('',*,*,#4032,.T.);
#2164=ORIENTED_EDGE('',*,*,#4033,.F.);
#2165=ORIENTED_EDGE('',*,*,#4029,.F.);
#2166=ORIENTED_EDGE('',*,*,#4034,.T.);
#2167=ORIENTED_EDGE('',*,*,#4035,.T.);
#2168=ORIENTED_EDGE('',*,*,#4036,.F.);
#2169=ORIENTED_EDGE('',*,*,#4032,.F.);
#2170=ORIENTED_EDGE('',*,*,#4037,.T.);
#2171=ORIENTED_EDGE('',*,*,#4038,.T.);
#2172=ORIENTED_EDGE('',*,*,#4039,.F.);
#2173=ORIENTED_EDGE('',*,*,#4035,.F.);
#2174=ORIENTED_EDGE('',*,*,#4040,.T.);
#2175=ORIENTED_EDGE('',*,*,#4027,.T.);
#2176=ORIENTED_EDGE('',*,*,#4041,.F.);
#2177=ORIENTED_EDGE('',*,*,#4038,.F.);
#2178=ORIENTED_EDGE('',*,*,#4019,.F.);
#2179=ORIENTED_EDGE('',*,*,#4026,.F.);
#2180=ORIENTED_EDGE('',*,*,#4023,.T.);
#2181=ORIENTED_EDGE('',*,*,#4020,.T.);
#2182=ORIENTED_EDGE('',*,*,#4041,.T.);
#2183=ORIENTED_EDGE('',*,*,#4030,.F.);
#2184=ORIENTED_EDGE('',*,*,#4033,.T.);
#2185=ORIENTED_EDGE('',*,*,#4036,.T.);
#2186=ORIENTED_EDGE('',*,*,#4039,.T.);
#2187=ORIENTED_EDGE('',*,*,#3995,.T.);
#2188=ORIENTED_EDGE('',*,*,#3992,.T.);
#2189=ORIENTED_EDGE('',*,*,#4042,.T.);
#2190=ORIENTED_EDGE('',*,*,#4022,.F.);
#2191=ORIENTED_EDGE('',*,*,#3987,.T.);
#2192=ORIENTED_EDGE('',*,*,#4025,.T.);
#2193=ORIENTED_EDGE('',*,*,#4017,.T.);
#2194=ORIENTED_EDGE('',*,*,#4037,.F.);
#2195=ORIENTED_EDGE('',*,*,#4034,.F.);
#2196=ORIENTED_EDGE('',*,*,#4031,.F.);
#2197=ORIENTED_EDGE('',*,*,#4028,.T.);
#2198=ORIENTED_EDGE('',*,*,#4040,.F.);
#2199=ORIENTED_EDGE('',*,*,#4011,.F.);
#2200=ORIENTED_EDGE('',*,*,#4013,.T.);
#2201=ORIENTED_EDGE('',*,*,#4006,.T.);
#2202=ORIENTED_EDGE('',*,*,#4009,.F.);
#2203=ORIENTED_EDGE('',*,*,#4042,.F.);
#2204=ORIENTED_EDGE('',*,*,#3994,.F.);
#2205=ORIENTED_EDGE('',*,*,#3965,.T.);
#2206=ORIENTED_EDGE('',*,*,#3993,.F.);
#2207=ORIENTED_EDGE('',*,*,#4043,.F.);
#2208=ORIENTED_EDGE('',*,*,#4043,.T.);
#2209=ORIENTED_EDGE('',*,*,#4044,.T.);
#2210=ORIENTED_EDGE('',*,*,#4044,.F.);
#2211=ORIENTED_EDGE('',*,*,#4045,.F.);
#2212=ORIENTED_EDGE('',*,*,#4046,.F.);
#2213=ORIENTED_EDGE('',*,*,#4047,.T.);
#2214=ORIENTED_EDGE('',*,*,#4048,.T.);
#2215=ORIENTED_EDGE('',*,*,#4049,.F.);
#2216=ORIENTED_EDGE('',*,*,#4050,.T.);
#2217=ORIENTED_EDGE('',*,*,#4051,.F.);
#2218=ORIENTED_EDGE('',*,*,#4052,.F.);
#2219=ORIENTED_EDGE('',*,*,#4053,.T.);
#2220=ORIENTED_EDGE('',*,*,#4054,.F.);
#2221=ORIENTED_EDGE('',*,*,#4055,.F.);
#2222=ORIENTED_EDGE('',*,*,#4056,.F.);
#2223=ORIENTED_EDGE('',*,*,#4057,.T.);
#2224=ORIENTED_EDGE('',*,*,#4058,.T.);
#2225=ORIENTED_EDGE('',*,*,#4059,.T.);
#2226=ORIENTED_EDGE('',*,*,#4060,.T.);
#2227=ORIENTED_EDGE('',*,*,#4061,.F.);
#2228=ORIENTED_EDGE('',*,*,#4062,.T.);
#2229=ORIENTED_EDGE('',*,*,#4063,.T.);
#2230=ORIENTED_EDGE('',*,*,#4064,.T.);
#2231=ORIENTED_EDGE('',*,*,#4065,.F.);
#2232=ORIENTED_EDGE('',*,*,#4061,.T.);
#2233=ORIENTED_EDGE('',*,*,#4066,.F.);
#2234=ORIENTED_EDGE('',*,*,#4067,.F.);
#2235=ORIENTED_EDGE('',*,*,#4068,.F.);
#2236=ORIENTED_EDGE('',*,*,#4069,.T.);
#2237=ORIENTED_EDGE('',*,*,#4070,.F.);
#2238=ORIENTED_EDGE('',*,*,#4071,.F.);
#2239=ORIENTED_EDGE('',*,*,#4072,.F.);
#2240=ORIENTED_EDGE('',*,*,#4073,.T.);
#2241=ORIENTED_EDGE('',*,*,#4074,.T.);
#2242=ORIENTED_EDGE('',*,*,#4075,.F.);
#2243=ORIENTED_EDGE('',*,*,#4076,.F.);
#2244=ORIENTED_EDGE('',*,*,#4077,.T.);
#2245=ORIENTED_EDGE('',*,*,#4078,.T.);
#2246=ORIENTED_EDGE('',*,*,#4079,.F.);
#2247=ORIENTED_EDGE('',*,*,#4080,.F.);
#2248=ORIENTED_EDGE('',*,*,#4075,.T.);
#2249=ORIENTED_EDGE('',*,*,#4081,.F.);
#2250=ORIENTED_EDGE('',*,*,#4078,.F.);
#2251=ORIENTED_EDGE('',*,*,#4073,.F.);
#2252=ORIENTED_EDGE('',*,*,#4082,.T.);
#2253=ORIENTED_EDGE('',*,*,#4076,.T.);
#2254=ORIENTED_EDGE('',*,*,#4083,.T.);
#2255=ORIENTED_EDGE('',*,*,#4084,.F.);
#2256=ORIENTED_EDGE('',*,*,#4063,.F.);
#2257=ORIENTED_EDGE('',*,*,#4085,.T.);
#2258=ORIENTED_EDGE('',*,*,#4086,.T.);
#2259=ORIENTED_EDGE('',*,*,#4087,.F.);
#2260=ORIENTED_EDGE('',*,*,#4088,.T.);
#2261=ORIENTED_EDGE('',*,*,#4089,.T.);
#2262=ORIENTED_EDGE('',*,*,#4090,.T.);
#2263=ORIENTED_EDGE('',*,*,#4091,.T.);
#2264=ORIENTED_EDGE('',*,*,#4092,.T.);
#2265=ORIENTED_EDGE('',*,*,#4093,.T.);
#2266=ORIENTED_EDGE('',*,*,#4094,.T.);
#2267=ORIENTED_EDGE('',*,*,#4095,.T.);
#2268=ORIENTED_EDGE('',*,*,#4096,.T.);
#2269=ORIENTED_EDGE('',*,*,#4097,.T.);
#2270=ORIENTED_EDGE('',*,*,#4098,.T.);
#2271=ORIENTED_EDGE('',*,*,#4099,.T.);
#2272=ORIENTED_EDGE('',*,*,#4100,.T.);
#2273=ORIENTED_EDGE('',*,*,#4101,.T.);
#2274=ORIENTED_EDGE('',*,*,#4102,.T.);
#2275=ORIENTED_EDGE('',*,*,#4103,.T.);
#2276=ORIENTED_EDGE('',*,*,#4104,.T.);
#2277=ORIENTED_EDGE('',*,*,#4105,.T.);
#2278=ORIENTED_EDGE('',*,*,#4106,.T.);
#2279=ORIENTED_EDGE('',*,*,#4107,.T.);
#2280=ORIENTED_EDGE('',*,*,#4108,.T.);
#2281=ORIENTED_EDGE('',*,*,#4109,.T.);
#2282=ORIENTED_EDGE('',*,*,#4110,.T.);
#2283=ORIENTED_EDGE('',*,*,#4111,.T.);
#2284=ORIENTED_EDGE('',*,*,#4112,.T.);
#2285=ORIENTED_EDGE('',*,*,#4113,.T.);
#2286=ORIENTED_EDGE('',*,*,#4114,.T.);
#2287=ORIENTED_EDGE('',*,*,#4115,.T.);
#2288=ORIENTED_EDGE('',*,*,#4116,.T.);
#2289=ORIENTED_EDGE('',*,*,#4117,.T.);
#2290=ORIENTED_EDGE('',*,*,#4118,.T.);
#2291=ORIENTED_EDGE('',*,*,#4119,.T.);
#2292=ORIENTED_EDGE('',*,*,#4120,.T.);
#2293=ORIENTED_EDGE('',*,*,#4121,.T.);
#2294=ORIENTED_EDGE('',*,*,#4122,.T.);
#2295=ORIENTED_EDGE('',*,*,#4123,.T.);
#2296=ORIENTED_EDGE('',*,*,#4124,.T.);
#2297=ORIENTED_EDGE('',*,*,#4125,.T.);
#2298=ORIENTED_EDGE('',*,*,#4126,.T.);
#2299=ORIENTED_EDGE('',*,*,#4127,.T.);
#2300=ORIENTED_EDGE('',*,*,#4128,.T.);
#2301=ORIENTED_EDGE('',*,*,#4129,.T.);
#2302=ORIENTED_EDGE('',*,*,#4130,.T.);
#2303=ORIENTED_EDGE('',*,*,#4131,.T.);
#2304=ORIENTED_EDGE('',*,*,#4132,.T.);
#2305=ORIENTED_EDGE('',*,*,#4133,.T.);
#2306=ORIENTED_EDGE('',*,*,#4134,.T.);
#2307=ORIENTED_EDGE('',*,*,#4135,.T.);
#2308=ORIENTED_EDGE('',*,*,#4136,.T.);
#2309=ORIENTED_EDGE('',*,*,#4137,.T.);
#2310=ORIENTED_EDGE('',*,*,#4138,.T.);
#2311=ORIENTED_EDGE('',*,*,#4139,.T.);
#2312=ORIENTED_EDGE('',*,*,#4140,.T.);
#2313=ORIENTED_EDGE('',*,*,#4141,.T.);
#2314=ORIENTED_EDGE('',*,*,#4142,.T.);
#2315=ORIENTED_EDGE('',*,*,#4143,.T.);
#2316=ORIENTED_EDGE('',*,*,#4144,.T.);
#2317=ORIENTED_EDGE('',*,*,#4145,.F.);
#2318=ORIENTED_EDGE('',*,*,#4146,.F.);
#2319=ORIENTED_EDGE('',*,*,#4147,.T.);
#2320=ORIENTED_EDGE('',*,*,#4148,.T.);
#2321=ORIENTED_EDGE('',*,*,#4149,.T.);
#2322=ORIENTED_EDGE('',*,*,#4150,.T.);
#2323=ORIENTED_EDGE('',*,*,#4151,.T.);
#2324=ORIENTED_EDGE('',*,*,#4152,.T.);
#2325=ORIENTED_EDGE('',*,*,#4153,.T.);
#2326=ORIENTED_EDGE('',*,*,#4154,.T.);
#2327=ORIENTED_EDGE('',*,*,#4155,.T.);
#2328=ORIENTED_EDGE('',*,*,#4156,.T.);
#2329=ORIENTED_EDGE('',*,*,#4157,.T.);
#2330=ORIENTED_EDGE('',*,*,#4158,.T.);
#2331=ORIENTED_EDGE('',*,*,#4159,.T.);
#2332=ORIENTED_EDGE('',*,*,#4160,.T.);
#2333=ORIENTED_EDGE('',*,*,#4161,.T.);
#2334=ORIENTED_EDGE('',*,*,#4162,.T.);
#2335=ORIENTED_EDGE('',*,*,#4163,.T.);
#2336=ORIENTED_EDGE('',*,*,#4164,.T.);
#2337=ORIENTED_EDGE('',*,*,#4165,.T.);
#2338=ORIENTED_EDGE('',*,*,#4166,.T.);
#2339=ORIENTED_EDGE('',*,*,#4167,.T.);
#2340=ORIENTED_EDGE('',*,*,#4168,.T.);
#2341=ORIENTED_EDGE('',*,*,#4169,.T.);
#2342=ORIENTED_EDGE('',*,*,#4170,.T.);
#2343=ORIENTED_EDGE('',*,*,#4171,.T.);
#2344=ORIENTED_EDGE('',*,*,#4172,.T.);
#2345=ORIENTED_EDGE('',*,*,#4173,.T.);
#2346=ORIENTED_EDGE('',*,*,#4174,.T.);
#2347=ORIENTED_EDGE('',*,*,#4175,.T.);
#2348=ORIENTED_EDGE('',*,*,#4176,.T.);
#2349=ORIENTED_EDGE('',*,*,#4177,.T.);
#2350=ORIENTED_EDGE('',*,*,#4178,.T.);
#2351=ORIENTED_EDGE('',*,*,#4179,.T.);
#2352=ORIENTED_EDGE('',*,*,#4180,.T.);
#2353=ORIENTED_EDGE('',*,*,#4181,.T.);
#2354=ORIENTED_EDGE('',*,*,#4182,.T.);
#2355=ORIENTED_EDGE('',*,*,#4183,.T.);
#2356=ORIENTED_EDGE('',*,*,#4184,.T.);
#2357=ORIENTED_EDGE('',*,*,#4185,.T.);
#2358=ORIENTED_EDGE('',*,*,#4186,.T.);
#2359=ORIENTED_EDGE('',*,*,#4187,.T.);
#2360=ORIENTED_EDGE('',*,*,#4188,.T.);
#2361=ORIENTED_EDGE('',*,*,#4189,.T.);
#2362=ORIENTED_EDGE('',*,*,#4190,.T.);
#2363=ORIENTED_EDGE('',*,*,#4191,.T.);
#2364=ORIENTED_EDGE('',*,*,#4192,.T.);
#2365=ORIENTED_EDGE('',*,*,#4193,.T.);
#2366=ORIENTED_EDGE('',*,*,#4194,.T.);
#2367=ORIENTED_EDGE('',*,*,#4195,.T.);
#2368=ORIENTED_EDGE('',*,*,#4196,.T.);
#2369=ORIENTED_EDGE('',*,*,#4086,.F.);
#2370=ORIENTED_EDGE('',*,*,#4197,.T.);
#2371=ORIENTED_EDGE('',*,*,#4071,.T.);
#2372=ORIENTED_EDGE('',*,*,#4198,.F.);
#2373=ORIENTED_EDGE('',*,*,#4143,.F.);
#2374=ORIENTED_EDGE('',*,*,#4047,.F.);
#2375=ORIENTED_EDGE('',*,*,#4199,.F.);
#2376=ORIENTED_EDGE('',*,*,#4200,.F.);
#2377=ORIENTED_EDGE('',*,*,#4142,.F.);
#2378=ORIENTED_EDGE('',*,*,#4201,.T.);
#2379=ORIENTED_EDGE('',*,*,#4202,.F.);
#2380=ORIENTED_EDGE('',*,*,#4203,.F.);
#2381=ORIENTED_EDGE('',*,*,#4204,.T.);
#2382=ORIENTED_EDGE('',*,*,#4048,.F.);
#2383=ORIENTED_EDGE('',*,*,#4205,.T.);
#2384=ORIENTED_EDGE('',*,*,#4206,.T.);
#2385=ORIENTED_EDGE('',*,*,#4207,.F.);
#2386=ORIENTED_EDGE('',*,*,#4205,.F.);
#2387=ORIENTED_EDGE('',*,*,#4207,.T.);
#2388=ORIENTED_EDGE('',*,*,#4208,.T.);
#2389=ORIENTED_EDGE('',*,*,#4146,.T.);
#2390=ORIENTED_EDGE('',*,*,#4208,.F.);
#2391=ORIENTED_EDGE('',*,*,#4209,.T.);
#2392=ORIENTED_EDGE('',*,*,#4145,.T.);
#2393=ORIENTED_EDGE('',*,*,#4209,.F.);
#2394=ORIENTED_EDGE('',*,*,#4074,.F.);
#2395=ORIENTED_EDGE('',*,*,#4083,.F.);
#2396=ORIENTED_EDGE('',*,*,#4079,.T.);
#2397=ORIENTED_EDGE('',*,*,#4081,.T.);
#2398=ORIENTED_EDGE('',*,*,#4210,.F.);
#2399=ORIENTED_EDGE('',*,*,#4211,.T.);
#2400=ORIENTED_EDGE('',*,*,#4212,.T.);
#2401=ORIENTED_EDGE('',*,*,#4213,.F.);
#2402=ORIENTED_EDGE('',*,*,#4214,.T.);
#2403=ORIENTED_EDGE('',*,*,#4067,.T.);
#2404=ORIENTED_EDGE('',*,*,#4215,.F.);
#2405=ORIENTED_EDGE('',*,*,#4212,.F.);
#2406=ORIENTED_EDGE('',*,*,#4216,.T.);
#2407=ORIENTED_EDGE('',*,*,#4203,.T.);
#2408=ORIENTED_EDGE('',*,*,#4216,.F.);
#2409=ORIENTED_EDGE('',*,*,#4211,.F.);
#2410=ORIENTED_EDGE('',*,*,#4217,.T.);
#2411=ORIENTED_EDGE('',*,*,#4204,.F.);
#2412=ORIENTED_EDGE('',*,*,#4218,.T.);
#2413=ORIENTED_EDGE('',*,*,#4068,.T.);
#2414=ORIENTED_EDGE('',*,*,#4214,.F.);
#2415=ORIENTED_EDGE('',*,*,#4202,.T.);
#2416=ORIENTED_EDGE('',*,*,#4201,.F.);
#2417=ORIENTED_EDGE('',*,*,#4217,.F.);
#2418=ORIENTED_EDGE('',*,*,#4210,.T.);
#2419=ORIENTED_EDGE('',*,*,#4219,.T.);
#2420=ORIENTED_EDGE('',*,*,#4069,.F.);
#2421=ORIENTED_EDGE('',*,*,#4218,.F.);
#2422=ORIENTED_EDGE('',*,*,#4220,.F.);
#2423=ORIENTED_EDGE('',*,*,#4144,.F.);
#2424=ORIENTED_EDGE('',*,*,#4084,.T.);
#2425=ORIENTED_EDGE('',*,*,#4220,.T.);
#2426=ORIENTED_EDGE('',*,*,#4199,.T.);
#2427=ORIENTED_EDGE('',*,*,#4206,.F.);
#2428=ORIENTED_EDGE('',*,*,#4059,.F.);
#2429=ORIENTED_EDGE('',*,*,#4221,.F.);
#2430=ORIENTED_EDGE('',*,*,#4222,.F.);
#2431=ORIENTED_EDGE('',*,*,#4223,.T.);
#2432=ORIENTED_EDGE('',*,*,#4224,.T.);
#2433=ORIENTED_EDGE('',*,*,#4222,.T.);
#2434=ORIENTED_EDGE('',*,*,#4225,.T.);
#2435=ORIENTED_EDGE('',*,*,#4226,.F.);
#2436=ORIENTED_EDGE('',*,*,#4227,.F.);
#2437=ORIENTED_EDGE('',*,*,#4049,.T.);
#2438=ORIENTED_EDGE('',*,*,#4228,.F.);
#2439=ORIENTED_EDGE('',*,*,#4229,.F.);
#2440=ORIENTED_EDGE('',*,*,#4226,.T.);
#2441=ORIENTED_EDGE('',*,*,#4230,.T.);
#2442=ORIENTED_EDGE('',*,*,#4060,.F.);
#2443=ORIENTED_EDGE('',*,*,#4224,.F.);
#2444=ORIENTED_EDGE('',*,*,#4231,.T.);
#2445=ORIENTED_EDGE('',*,*,#4228,.T.);
#2446=ORIENTED_EDGE('',*,*,#4223,.F.);
#2447=ORIENTED_EDGE('',*,*,#4227,.T.);
#2448=ORIENTED_EDGE('',*,*,#4229,.T.);
#2449=ORIENTED_EDGE('',*,*,#4231,.F.);
#2450=ORIENTED_EDGE('',*,*,#4232,.F.);
#2451=ORIENTED_EDGE('',*,*,#4233,.F.);
#2452=ORIENTED_EDGE('',*,*,#4234,.T.);
#2453=ORIENTED_EDGE('',*,*,#4235,.T.);
#2454=ORIENTED_EDGE('',*,*,#4055,.T.);
#2455=ORIENTED_EDGE('',*,*,#4236,.F.);
#2456=ORIENTED_EDGE('',*,*,#4237,.F.);
#2457=ORIENTED_EDGE('',*,*,#4233,.T.);
#2458=ORIENTED_EDGE('',*,*,#4238,.T.);
#2459=ORIENTED_EDGE('',*,*,#4054,.T.);
#2460=ORIENTED_EDGE('',*,*,#4239,.F.);
#2461=ORIENTED_EDGE('',*,*,#4240,.F.);
#2462=ORIENTED_EDGE('',*,*,#4236,.T.);
#2463=ORIENTED_EDGE('',*,*,#4053,.F.);
#2464=ORIENTED_EDGE('',*,*,#4241,.F.);
#2465=ORIENTED_EDGE('',*,*,#4235,.F.);
#2466=ORIENTED_EDGE('',*,*,#4242,.T.);
#2467=ORIENTED_EDGE('',*,*,#4239,.T.);
#2468=ORIENTED_EDGE('',*,*,#4234,.F.);
#2469=ORIENTED_EDGE('',*,*,#4237,.T.);
#2470=ORIENTED_EDGE('',*,*,#4240,.T.);
#2471=ORIENTED_EDGE('',*,*,#4242,.F.);
#2472=ORIENTED_EDGE('',*,*,#4230,.F.);
#2473=ORIENTED_EDGE('',*,*,#4243,.T.);
#2474=ORIENTED_EDGE('',*,*,#4244,.T.);
#2475=ORIENTED_EDGE('',*,*,#4050,.F.);
#2476=ORIENTED_EDGE('',*,*,#4245,.F.);
#2477=ORIENTED_EDGE('',*,*,#4241,.T.);
#2478=ORIENTED_EDGE('',*,*,#4052,.T.);
#2479=ORIENTED_EDGE('',*,*,#4246,.F.);
#2480=ORIENTED_EDGE('',*,*,#4247,.T.);
#2481=ORIENTED_EDGE('',*,*,#4200,.T.);
#2482=ORIENTED_EDGE('',*,*,#4248,.T.);
#2483=ORIENTED_EDGE('',*,*,#4221,.T.);
#2484=ORIENTED_EDGE('',*,*,#4058,.F.);
#2485=ORIENTED_EDGE('',*,*,#4249,.F.);
#2486=ORIENTED_EDGE('',*,*,#4057,.F.);
#2487=ORIENTED_EDGE('',*,*,#4250,.F.);
#2488=ORIENTED_EDGE('',*,*,#4251,.T.);
#2489=ORIENTED_EDGE('',*,*,#4249,.T.);
#2490=ORIENTED_EDGE('',*,*,#4238,.F.);
#2491=ORIENTED_EDGE('',*,*,#4252,.F.);
#2492=ORIENTED_EDGE('',*,*,#4250,.T.);
#2493=ORIENTED_EDGE('',*,*,#4056,.T.);
#2494=ORIENTED_EDGE('',*,*,#4051,.T.);
#2495=ORIENTED_EDGE('',*,*,#4244,.F.);
#2496=ORIENTED_EDGE('',*,*,#4253,.F.);
#2497=ORIENTED_EDGE('',*,*,#4246,.T.);
#2498=ORIENTED_EDGE('',*,*,#4254,.T.);
#2499=ORIENTED_EDGE('',*,*,#4247,.F.);
#2500=ORIENTED_EDGE('',*,*,#4248,.F.);
#2501=ORIENTED_EDGE('',*,*,#4251,.F.);
#2502=ORIENTED_EDGE('',*,*,#4252,.T.);
#2503=ORIENTED_EDGE('',*,*,#4232,.T.);
#2504=ORIENTED_EDGE('',*,*,#4245,.T.);
#2505=ORIENTED_EDGE('',*,*,#4253,.T.);
#2506=ORIENTED_EDGE('',*,*,#4243,.F.);
#2507=ORIENTED_EDGE('',*,*,#4225,.F.);
#2508=ORIENTED_EDGE('',*,*,#4254,.F.);
#2509=ORIENTED_EDGE('',*,*,#4255,.F.);
#2510=ORIENTED_EDGE('',*,*,#4046,.T.);
#2511=ORIENTED_EDGE('',*,*,#4255,.T.);
#2512=ORIENTED_EDGE('',*,*,#4256,.F.);
#2513=ORIENTED_EDGE('',*,*,#4045,.T.);
#2514=ORIENTED_EDGE('',*,*,#4256,.T.);
#2515=ORIENTED_EDGE('',*,*,#4115,.F.);
#2516=ORIENTED_EDGE('',*,*,#4257,.F.);
#2517=ORIENTED_EDGE('',*,*,#4258,.T.);
#2518=ORIENTED_EDGE('',*,*,#4259,.T.);
#2519=ORIENTED_EDGE('',*,*,#4114,.F.);
#2520=ORIENTED_EDGE('',*,*,#4260,.F.);
#2521=ORIENTED_EDGE('',*,*,#4261,.T.);
#2522=ORIENTED_EDGE('',*,*,#4257,.T.);
#2523=ORIENTED_EDGE('',*,*,#4141,.F.);
#2524=ORIENTED_EDGE('',*,*,#4262,.F.);
#2525=ORIENTED_EDGE('',*,*,#4263,.T.);
#2526=ORIENTED_EDGE('',*,*,#4260,.T.);
#2527=ORIENTED_EDGE('',*,*,#4140,.F.);
#2528=ORIENTED_EDGE('',*,*,#4264,.F.);
#2529=ORIENTED_EDGE('',*,*,#4265,.T.);
#2530=ORIENTED_EDGE('',*,*,#4262,.T.);
#2531=ORIENTED_EDGE('',*,*,#4139,.F.);
#2532=ORIENTED_EDGE('',*,*,#4266,.F.);
#2533=ORIENTED_EDGE('',*,*,#4267,.T.);
#2534=ORIENTED_EDGE('',*,*,#4264,.T.);
#2535=ORIENTED_EDGE('',*,*,#4138,.F.);
#2536=ORIENTED_EDGE('',*,*,#4268,.F.);
#2537=ORIENTED_EDGE('',*,*,#4269,.T.);
#2538=ORIENTED_EDGE('',*,*,#4266,.T.);
#2539=ORIENTED_EDGE('',*,*,#4137,.F.);
#2540=ORIENTED_EDGE('',*,*,#4270,.F.);
#2541=ORIENTED_EDGE('',*,*,#4271,.T.);
#2542=ORIENTED_EDGE('',*,*,#4268,.T.);
#2543=ORIENTED_EDGE('',*,*,#4136,.F.);
#2544=ORIENTED_EDGE('',*,*,#4272,.F.);
#2545=ORIENTED_EDGE('',*,*,#4273,.T.);
#2546=ORIENTED_EDGE('',*,*,#4270,.T.);
#2547=ORIENTED_EDGE('',*,*,#4135,.F.);
#2548=ORIENTED_EDGE('',*,*,#4274,.F.);
#2549=ORIENTED_EDGE('',*,*,#4275,.T.);
#2550=ORIENTED_EDGE('',*,*,#4272,.T.);
#2551=ORIENTED_EDGE('',*,*,#4134,.F.);
#2552=ORIENTED_EDGE('',*,*,#4276,.F.);
#2553=ORIENTED_EDGE('',*,*,#4277,.T.);
#2554=ORIENTED_EDGE('',*,*,#4274,.T.);
#2555=ORIENTED_EDGE('',*,*,#4133,.F.);
#2556=ORIENTED_EDGE('',*,*,#4278,.F.);
#2557=ORIENTED_EDGE('',*,*,#4279,.T.);
#2558=ORIENTED_EDGE('',*,*,#4276,.T.);
#2559=ORIENTED_EDGE('',*,*,#4132,.F.);
#2560=ORIENTED_EDGE('',*,*,#4280,.F.);
#2561=ORIENTED_EDGE('',*,*,#4281,.T.);
#2562=ORIENTED_EDGE('',*,*,#4278,.T.);
#2563=ORIENTED_EDGE('',*,*,#4131,.F.);
#2564=ORIENTED_EDGE('',*,*,#4282,.F.);
#2565=ORIENTED_EDGE('',*,*,#4283,.T.);
#2566=ORIENTED_EDGE('',*,*,#4280,.T.);
#2567=ORIENTED_EDGE('',*,*,#4130,.F.);
#2568=ORIENTED_EDGE('',*,*,#4284,.F.);
#2569=ORIENTED_EDGE('',*,*,#4285,.T.);
#2570=ORIENTED_EDGE('',*,*,#4282,.T.);
#2571=ORIENTED_EDGE('',*,*,#4129,.F.);
#2572=ORIENTED_EDGE('',*,*,#4286,.F.);
#2573=ORIENTED_EDGE('',*,*,#4287,.T.);
#2574=ORIENTED_EDGE('',*,*,#4284,.T.);
#2575=ORIENTED_EDGE('',*,*,#4128,.F.);
#2576=ORIENTED_EDGE('',*,*,#4288,.F.);
#2577=ORIENTED_EDGE('',*,*,#4289,.T.);
#2578=ORIENTED_EDGE('',*,*,#4286,.T.);
#2579=ORIENTED_EDGE('',*,*,#4127,.F.);
#2580=ORIENTED_EDGE('',*,*,#4290,.F.);
#2581=ORIENTED_EDGE('',*,*,#4291,.T.);
#2582=ORIENTED_EDGE('',*,*,#4288,.T.);
#2583=ORIENTED_EDGE('',*,*,#4126,.F.);
#2584=ORIENTED_EDGE('',*,*,#4292,.F.);
#2585=ORIENTED_EDGE('',*,*,#4293,.T.);
#2586=ORIENTED_EDGE('',*,*,#4290,.T.);
#2587=ORIENTED_EDGE('',*,*,#4125,.F.);
#2588=ORIENTED_EDGE('',*,*,#4294,.F.);
#2589=ORIENTED_EDGE('',*,*,#4295,.T.);
#2590=ORIENTED_EDGE('',*,*,#4292,.T.);
#2591=ORIENTED_EDGE('',*,*,#4124,.F.);
#2592=ORIENTED_EDGE('',*,*,#4296,.F.);
#2593=ORIENTED_EDGE('',*,*,#4297,.T.);
#2594=ORIENTED_EDGE('',*,*,#4294,.T.);
#2595=ORIENTED_EDGE('',*,*,#4123,.F.);
#2596=ORIENTED_EDGE('',*,*,#4298,.F.);
#2597=ORIENTED_EDGE('',*,*,#4299,.T.);
#2598=ORIENTED_EDGE('',*,*,#4296,.T.);
#2599=ORIENTED_EDGE('',*,*,#4122,.F.);
#2600=ORIENTED_EDGE('',*,*,#4300,.F.);
#2601=ORIENTED_EDGE('',*,*,#4301,.T.);
#2602=ORIENTED_EDGE('',*,*,#4298,.T.);
#2603=ORIENTED_EDGE('',*,*,#4121,.F.);
#2604=ORIENTED_EDGE('',*,*,#4302,.F.);
#2605=ORIENTED_EDGE('',*,*,#4303,.T.);
#2606=ORIENTED_EDGE('',*,*,#4300,.T.);
#2607=ORIENTED_EDGE('',*,*,#4120,.F.);
#2608=ORIENTED_EDGE('',*,*,#4304,.F.);
#2609=ORIENTED_EDGE('',*,*,#4305,.T.);
#2610=ORIENTED_EDGE('',*,*,#4302,.T.);
#2611=ORIENTED_EDGE('',*,*,#4119,.F.);
#2612=ORIENTED_EDGE('',*,*,#4306,.F.);
#2613=ORIENTED_EDGE('',*,*,#4307,.T.);
#2614=ORIENTED_EDGE('',*,*,#4304,.T.);
#2615=ORIENTED_EDGE('',*,*,#4118,.F.);
#2616=ORIENTED_EDGE('',*,*,#4308,.F.);
#2617=ORIENTED_EDGE('',*,*,#4309,.T.);
#2618=ORIENTED_EDGE('',*,*,#4306,.T.);
#2619=ORIENTED_EDGE('',*,*,#4117,.F.);
#2620=ORIENTED_EDGE('',*,*,#4310,.F.);
#2621=ORIENTED_EDGE('',*,*,#4311,.T.);
#2622=ORIENTED_EDGE('',*,*,#4308,.T.);
#2623=ORIENTED_EDGE('',*,*,#4116,.F.);
#2624=ORIENTED_EDGE('',*,*,#4259,.F.);
#2625=ORIENTED_EDGE('',*,*,#4312,.T.);
#2626=ORIENTED_EDGE('',*,*,#4310,.T.);
#2627=ORIENTED_EDGE('',*,*,#4258,.F.);
#2628=ORIENTED_EDGE('',*,*,#4261,.F.);
#2629=ORIENTED_EDGE('',*,*,#4263,.F.);
#2630=ORIENTED_EDGE('',*,*,#4265,.F.);
#2631=ORIENTED_EDGE('',*,*,#4267,.F.);
#2632=ORIENTED_EDGE('',*,*,#4269,.F.);
#2633=ORIENTED_EDGE('',*,*,#4271,.F.);
#2634=ORIENTED_EDGE('',*,*,#4273,.F.);
#2635=ORIENTED_EDGE('',*,*,#4275,.F.);
#2636=ORIENTED_EDGE('',*,*,#4277,.F.);
#2637=ORIENTED_EDGE('',*,*,#4279,.F.);
#2638=ORIENTED_EDGE('',*,*,#4281,.F.);
#2639=ORIENTED_EDGE('',*,*,#4283,.F.);
#2640=ORIENTED_EDGE('',*,*,#4285,.F.);
#2641=ORIENTED_EDGE('',*,*,#4287,.F.);
#2642=ORIENTED_EDGE('',*,*,#4289,.F.);
#2643=ORIENTED_EDGE('',*,*,#4291,.F.);
#2644=ORIENTED_EDGE('',*,*,#4293,.F.);
#2645=ORIENTED_EDGE('',*,*,#4295,.F.);
#2646=ORIENTED_EDGE('',*,*,#4297,.F.);
#2647=ORIENTED_EDGE('',*,*,#4299,.F.);
#2648=ORIENTED_EDGE('',*,*,#4301,.F.);
#2649=ORIENTED_EDGE('',*,*,#4303,.F.);
#2650=ORIENTED_EDGE('',*,*,#4305,.F.);
#2651=ORIENTED_EDGE('',*,*,#4307,.F.);
#2652=ORIENTED_EDGE('',*,*,#4309,.F.);
#2653=ORIENTED_EDGE('',*,*,#4311,.F.);
#2654=ORIENTED_EDGE('',*,*,#4312,.F.);
#2655=ORIENTED_EDGE('',*,*,#4097,.F.);
#2656=ORIENTED_EDGE('',*,*,#4313,.F.);
#2657=ORIENTED_EDGE('',*,*,#4314,.T.);
#2658=ORIENTED_EDGE('',*,*,#4315,.T.);
#2659=ORIENTED_EDGE('',*,*,#4096,.F.);
#2660=ORIENTED_EDGE('',*,*,#4316,.F.);
#2661=ORIENTED_EDGE('',*,*,#4317,.T.);
#2662=ORIENTED_EDGE('',*,*,#4313,.T.);
#2663=ORIENTED_EDGE('',*,*,#4113,.F.);
#2664=ORIENTED_EDGE('',*,*,#4318,.F.);
#2665=ORIENTED_EDGE('',*,*,#4319,.T.);
#2666=ORIENTED_EDGE('',*,*,#4316,.T.);
#2667=ORIENTED_EDGE('',*,*,#4112,.F.);
#2668=ORIENTED_EDGE('',*,*,#4320,.F.);
#2669=ORIENTED_EDGE('',*,*,#4321,.T.);
#2670=ORIENTED_EDGE('',*,*,#4318,.T.);
#2671=ORIENTED_EDGE('',*,*,#4111,.F.);
#2672=ORIENTED_EDGE('',*,*,#4322,.F.);
#2673=ORIENTED_EDGE('',*,*,#4323,.T.);
#2674=ORIENTED_EDGE('',*,*,#4320,.T.);
#2675=ORIENTED_EDGE('',*,*,#4110,.F.);
#2676=ORIENTED_EDGE('',*,*,#4324,.F.);
#2677=ORIENTED_EDGE('',*,*,#4325,.T.);
#2678=ORIENTED_EDGE('',*,*,#4322,.T.);
#2679=ORIENTED_EDGE('',*,*,#4109,.F.);
#2680=ORIENTED_EDGE('',*,*,#4326,.F.);
#2681=ORIENTED_EDGE('',*,*,#4327,.T.);
#2682=ORIENTED_EDGE('',*,*,#4324,.T.);
#2683=ORIENTED_EDGE('',*,*,#4108,.F.);
#2684=ORIENTED_EDGE('',*,*,#4328,.F.);
#2685=ORIENTED_EDGE('',*,*,#4329,.T.);
#2686=ORIENTED_EDGE('',*,*,#4326,.T.);
#2687=ORIENTED_EDGE('',*,*,#4107,.F.);
#2688=ORIENTED_EDGE('',*,*,#4330,.F.);
#2689=ORIENTED_EDGE('',*,*,#4331,.T.);
#2690=ORIENTED_EDGE('',*,*,#4328,.T.);
#2691=ORIENTED_EDGE('',*,*,#4106,.F.);
#2692=ORIENTED_EDGE('',*,*,#4332,.F.);
#2693=ORIENTED_EDGE('',*,*,#4333,.T.);
#2694=ORIENTED_EDGE('',*,*,#4330,.T.);
#2695=ORIENTED_EDGE('',*,*,#4105,.F.);
#2696=ORIENTED_EDGE('',*,*,#4334,.F.);
#2697=ORIENTED_EDGE('',*,*,#4335,.T.);
#2698=ORIENTED_EDGE('',*,*,#4332,.T.);
#2699=ORIENTED_EDGE('',*,*,#4104,.F.);
#2700=ORIENTED_EDGE('',*,*,#4336,.F.);
#2701=ORIENTED_EDGE('',*,*,#4337,.T.);
#2702=ORIENTED_EDGE('',*,*,#4334,.T.);
#2703=ORIENTED_EDGE('',*,*,#4103,.F.);
#2704=ORIENTED_EDGE('',*,*,#4338,.F.);
#2705=ORIENTED_EDGE('',*,*,#4339,.T.);
#2706=ORIENTED_EDGE('',*,*,#4336,.T.);
#2707=ORIENTED_EDGE('',*,*,#4102,.F.);
#2708=ORIENTED_EDGE('',*,*,#4340,.F.);
#2709=ORIENTED_EDGE('',*,*,#4341,.T.);
#2710=ORIENTED_EDGE('',*,*,#4338,.T.);
#2711=ORIENTED_EDGE('',*,*,#4101,.F.);
#2712=ORIENTED_EDGE('',*,*,#4342,.F.);
#2713=ORIENTED_EDGE('',*,*,#4343,.T.);
#2714=ORIENTED_EDGE('',*,*,#4340,.T.);
#2715=ORIENTED_EDGE('',*,*,#4100,.F.);
#2716=ORIENTED_EDGE('',*,*,#4344,.F.);
#2717=ORIENTED_EDGE('',*,*,#4345,.T.);
#2718=ORIENTED_EDGE('',*,*,#4342,.T.);
#2719=ORIENTED_EDGE('',*,*,#4099,.F.);
#2720=ORIENTED_EDGE('',*,*,#4346,.F.);
#2721=ORIENTED_EDGE('',*,*,#4347,.T.);
#2722=ORIENTED_EDGE('',*,*,#4344,.T.);
#2723=ORIENTED_EDGE('',*,*,#4098,.F.);
#2724=ORIENTED_EDGE('',*,*,#4315,.F.);
#2725=ORIENTED_EDGE('',*,*,#4348,.T.);
#2726=ORIENTED_EDGE('',*,*,#4346,.T.);
#2727=ORIENTED_EDGE('',*,*,#4314,.F.);
#2728=ORIENTED_EDGE('',*,*,#4317,.F.);
#2729=ORIENTED_EDGE('',*,*,#4319,.F.);
#2730=ORIENTED_EDGE('',*,*,#4321,.F.);
#2731=ORIENTED_EDGE('',*,*,#4323,.F.);
#2732=ORIENTED_EDGE('',*,*,#4325,.F.);
#2733=ORIENTED_EDGE('',*,*,#4327,.F.);
#2734=ORIENTED_EDGE('',*,*,#4329,.F.);
#2735=ORIENTED_EDGE('',*,*,#4331,.F.);
#2736=ORIENTED_EDGE('',*,*,#4333,.F.);
#2737=ORIENTED_EDGE('',*,*,#4335,.F.);
#2738=ORIENTED_EDGE('',*,*,#4337,.F.);
#2739=ORIENTED_EDGE('',*,*,#4339,.F.);
#2740=ORIENTED_EDGE('',*,*,#4341,.F.);
#2741=ORIENTED_EDGE('',*,*,#4343,.F.);
#2742=ORIENTED_EDGE('',*,*,#4345,.F.);
#2743=ORIENTED_EDGE('',*,*,#4347,.F.);
#2744=ORIENTED_EDGE('',*,*,#4348,.F.);
#2745=ORIENTED_EDGE('',*,*,#4349,.F.);
#2746=ORIENTED_EDGE('',*,*,#4350,.F.);
#2747=ORIENTED_EDGE('',*,*,#4351,.T.);
#2748=ORIENTED_EDGE('',*,*,#4352,.T.);
#2749=ORIENTED_EDGE('',*,*,#4353,.F.);
#2750=ORIENTED_EDGE('',*,*,#4354,.F.);
#2751=ORIENTED_EDGE('',*,*,#4355,.T.);
#2752=ORIENTED_EDGE('',*,*,#4350,.T.);
#2753=ORIENTED_EDGE('',*,*,#4356,.F.);
#2754=ORIENTED_EDGE('',*,*,#4357,.F.);
#2755=ORIENTED_EDGE('',*,*,#4358,.T.);
#2756=ORIENTED_EDGE('',*,*,#4354,.T.);
#2757=ORIENTED_EDGE('',*,*,#4359,.F.);
#2758=ORIENTED_EDGE('',*,*,#4360,.F.);
#2759=ORIENTED_EDGE('',*,*,#4361,.T.);
#2760=ORIENTED_EDGE('',*,*,#4357,.T.);
#2761=ORIENTED_EDGE('',*,*,#4362,.F.);
#2762=ORIENTED_EDGE('',*,*,#4363,.F.);
#2763=ORIENTED_EDGE('',*,*,#4364,.T.);
#2764=ORIENTED_EDGE('',*,*,#4360,.T.);
#2765=ORIENTED_EDGE('',*,*,#4365,.F.);
#2766=ORIENTED_EDGE('',*,*,#4366,.F.);
#2767=ORIENTED_EDGE('',*,*,#4367,.T.);
#2768=ORIENTED_EDGE('',*,*,#4363,.T.);
#2769=ORIENTED_EDGE('',*,*,#4368,.F.);
#2770=ORIENTED_EDGE('',*,*,#4369,.F.);
#2771=ORIENTED_EDGE('',*,*,#4370,.T.);
#2772=ORIENTED_EDGE('',*,*,#4366,.T.);
#2773=ORIENTED_EDGE('',*,*,#4148,.F.);
#2774=ORIENTED_EDGE('',*,*,#4371,.F.);
#2775=ORIENTED_EDGE('',*,*,#4372,.T.);
#2776=ORIENTED_EDGE('',*,*,#4373,.T.);
#2777=ORIENTED_EDGE('',*,*,#4147,.F.);
#2778=ORIENTED_EDGE('',*,*,#4374,.F.);
#2779=ORIENTED_EDGE('',*,*,#4375,.T.);
#2780=ORIENTED_EDGE('',*,*,#4371,.T.);
#2781=ORIENTED_EDGE('',*,*,#4154,.F.);
#2782=ORIENTED_EDGE('',*,*,#4376,.F.);
#2783=ORIENTED_EDGE('',*,*,#4377,.T.);
#2784=ORIENTED_EDGE('',*,*,#4374,.T.);
#2785=ORIENTED_EDGE('',*,*,#4153,.F.);
#2786=ORIENTED_EDGE('',*,*,#4378,.F.);
#2787=ORIENTED_EDGE('',*,*,#4379,.T.);
#2788=ORIENTED_EDGE('',*,*,#4376,.T.);
#2789=ORIENTED_EDGE('',*,*,#4152,.F.);
#2790=ORIENTED_EDGE('',*,*,#4380,.F.);
#2791=ORIENTED_EDGE('',*,*,#4381,.T.);
#2792=ORIENTED_EDGE('',*,*,#4378,.T.);
#2793=ORIENTED_EDGE('',*,*,#4151,.F.);
#2794=ORIENTED_EDGE('',*,*,#4382,.F.);
#2795=ORIENTED_EDGE('',*,*,#4383,.T.);
#2796=ORIENTED_EDGE('',*,*,#4380,.T.);
#2797=ORIENTED_EDGE('',*,*,#4150,.F.);
#2798=ORIENTED_EDGE('',*,*,#4384,.F.);
#2799=ORIENTED_EDGE('',*,*,#4385,.T.);
#2800=ORIENTED_EDGE('',*,*,#4382,.T.);
#2801=ORIENTED_EDGE('',*,*,#4149,.F.);
#2802=ORIENTED_EDGE('',*,*,#4373,.F.);
#2803=ORIENTED_EDGE('',*,*,#4386,.T.);
#2804=ORIENTED_EDGE('',*,*,#4384,.T.);
#2805=ORIENTED_EDGE('',*,*,#4387,.F.);
#2806=ORIENTED_EDGE('',*,*,#4352,.F.);
#2807=ORIENTED_EDGE('',*,*,#4388,.T.);
#2808=ORIENTED_EDGE('',*,*,#4369,.T.);
#2809=ORIENTED_EDGE('',*,*,#4372,.F.);
#2810=ORIENTED_EDGE('',*,*,#4375,.F.);
#2811=ORIENTED_EDGE('',*,*,#4377,.F.);
#2812=ORIENTED_EDGE('',*,*,#4379,.F.);
#2813=ORIENTED_EDGE('',*,*,#4381,.F.);
#2814=ORIENTED_EDGE('',*,*,#4383,.F.);
#2815=ORIENTED_EDGE('',*,*,#4385,.F.);
#2816=ORIENTED_EDGE('',*,*,#4386,.F.);
#2817=ORIENTED_EDGE('',*,*,#4351,.F.);
#2818=ORIENTED_EDGE('',*,*,#4355,.F.);
#2819=ORIENTED_EDGE('',*,*,#4358,.F.);
#2820=ORIENTED_EDGE('',*,*,#4361,.F.);
#2821=ORIENTED_EDGE('',*,*,#4364,.F.);
#2822=ORIENTED_EDGE('',*,*,#4367,.F.);
#2823=ORIENTED_EDGE('',*,*,#4370,.F.);
#2824=ORIENTED_EDGE('',*,*,#4388,.F.);
#2825=ORIENTED_EDGE('',*,*,#4389,.F.);
#2826=ORIENTED_EDGE('',*,*,#4390,.F.);
#2827=ORIENTED_EDGE('',*,*,#4391,.T.);
#2828=ORIENTED_EDGE('',*,*,#4392,.T.);
#2829=ORIENTED_EDGE('',*,*,#4393,.F.);
#2830=ORIENTED_EDGE('',*,*,#4394,.F.);
#2831=ORIENTED_EDGE('',*,*,#4395,.T.);
#2832=ORIENTED_EDGE('',*,*,#4390,.T.);
#2833=ORIENTED_EDGE('',*,*,#4396,.F.);
#2834=ORIENTED_EDGE('',*,*,#4397,.F.);
#2835=ORIENTED_EDGE('',*,*,#4398,.T.);
#2836=ORIENTED_EDGE('',*,*,#4394,.T.);
#2837=ORIENTED_EDGE('',*,*,#4399,.F.);
#2838=ORIENTED_EDGE('',*,*,#4400,.F.);
#2839=ORIENTED_EDGE('',*,*,#4401,.T.);
#2840=ORIENTED_EDGE('',*,*,#4397,.T.);
#2841=ORIENTED_EDGE('',*,*,#4402,.F.);
#2842=ORIENTED_EDGE('',*,*,#4403,.F.);
#2843=ORIENTED_EDGE('',*,*,#4404,.T.);
#2844=ORIENTED_EDGE('',*,*,#4400,.T.);
#2845=ORIENTED_EDGE('',*,*,#4405,.F.);
#2846=ORIENTED_EDGE('',*,*,#4406,.F.);
#2847=ORIENTED_EDGE('',*,*,#4407,.T.);
#2848=ORIENTED_EDGE('',*,*,#4403,.T.);
#2849=ORIENTED_EDGE('',*,*,#4408,.F.);
#2850=ORIENTED_EDGE('',*,*,#4409,.F.);
#2851=ORIENTED_EDGE('',*,*,#4410,.T.);
#2852=ORIENTED_EDGE('',*,*,#4406,.T.);
#2853=ORIENTED_EDGE('',*,*,#4089,.F.);
#2854=ORIENTED_EDGE('',*,*,#4411,.F.);
#2855=ORIENTED_EDGE('',*,*,#4412,.T.);
#2856=ORIENTED_EDGE('',*,*,#4413,.T.);
#2857=ORIENTED_EDGE('',*,*,#4088,.F.);
#2858=ORIENTED_EDGE('',*,*,#4414,.F.);
#2859=ORIENTED_EDGE('',*,*,#4415,.T.);
#2860=ORIENTED_EDGE('',*,*,#4411,.T.);
#2861=ORIENTED_EDGE('',*,*,#4095,.F.);
#2862=ORIENTED_EDGE('',*,*,#4416,.F.);
#2863=ORIENTED_EDGE('',*,*,#4417,.T.);
#2864=ORIENTED_EDGE('',*,*,#4414,.T.);
#2865=ORIENTED_EDGE('',*,*,#4094,.F.);
#2866=ORIENTED_EDGE('',*,*,#4418,.F.);
#2867=ORIENTED_EDGE('',*,*,#4419,.T.);
#2868=ORIENTED_EDGE('',*,*,#4416,.T.);
#2869=ORIENTED_EDGE('',*,*,#4093,.F.);
#2870=ORIENTED_EDGE('',*,*,#4420,.F.);
#2871=ORIENTED_EDGE('',*,*,#4421,.T.);
#2872=ORIENTED_EDGE('',*,*,#4418,.T.);
#2873=ORIENTED_EDGE('',*,*,#4092,.F.);
#2874=ORIENTED_EDGE('',*,*,#4422,.F.);
#2875=ORIENTED_EDGE('',*,*,#4423,.T.);
#2876=ORIENTED_EDGE('',*,*,#4420,.T.);
#2877=ORIENTED_EDGE('',*,*,#4091,.F.);
#2878=ORIENTED_EDGE('',*,*,#4424,.F.);
#2879=ORIENTED_EDGE('',*,*,#4425,.T.);
#2880=ORIENTED_EDGE('',*,*,#4422,.T.);
#2881=ORIENTED_EDGE('',*,*,#4090,.F.);
#2882=ORIENTED_EDGE('',*,*,#4413,.F.);
#2883=ORIENTED_EDGE('',*,*,#4426,.T.);
#2884=ORIENTED_EDGE('',*,*,#4424,.T.);
#2885=ORIENTED_EDGE('',*,*,#4427,.F.);
#2886=ORIENTED_EDGE('',*,*,#4392,.F.);
#2887=ORIENTED_EDGE('',*,*,#4428,.T.);
#2888=ORIENTED_EDGE('',*,*,#4409,.T.);
#2889=ORIENTED_EDGE('',*,*,#4412,.F.);
#2890=ORIENTED_EDGE('',*,*,#4415,.F.);
#2891=ORIENTED_EDGE('',*,*,#4417,.F.);
#2892=ORIENTED_EDGE('',*,*,#4419,.F.);
#2893=ORIENTED_EDGE('',*,*,#4421,.F.);
#2894=ORIENTED_EDGE('',*,*,#4423,.F.);
#2895=ORIENTED_EDGE('',*,*,#4425,.F.);
#2896=ORIENTED_EDGE('',*,*,#4426,.F.);
#2897=ORIENTED_EDGE('',*,*,#4391,.F.);
#2898=ORIENTED_EDGE('',*,*,#4395,.F.);
#2899=ORIENTED_EDGE('',*,*,#4398,.F.);
#2900=ORIENTED_EDGE('',*,*,#4401,.F.);
#2901=ORIENTED_EDGE('',*,*,#4404,.F.);
#2902=ORIENTED_EDGE('',*,*,#4407,.F.);
#2903=ORIENTED_EDGE('',*,*,#4410,.F.);
#2904=ORIENTED_EDGE('',*,*,#4428,.F.);
#2905=ORIENTED_EDGE('',*,*,#4429,.F.);
#2906=ORIENTED_EDGE('',*,*,#4430,.F.);
#2907=ORIENTED_EDGE('',*,*,#4431,.T.);
#2908=ORIENTED_EDGE('',*,*,#4432,.T.);
#2909=ORIENTED_EDGE('',*,*,#4433,.F.);
#2910=ORIENTED_EDGE('',*,*,#4434,.F.);
#2911=ORIENTED_EDGE('',*,*,#4435,.T.);
#2912=ORIENTED_EDGE('',*,*,#4430,.T.);
#2913=ORIENTED_EDGE('',*,*,#4436,.F.);
#2914=ORIENTED_EDGE('',*,*,#4437,.F.);
#2915=ORIENTED_EDGE('',*,*,#4438,.T.);
#2916=ORIENTED_EDGE('',*,*,#4434,.T.);
#2917=ORIENTED_EDGE('',*,*,#4439,.F.);
#2918=ORIENTED_EDGE('',*,*,#4440,.F.);
#2919=ORIENTED_EDGE('',*,*,#4441,.T.);
#2920=ORIENTED_EDGE('',*,*,#4437,.T.);
#2921=ORIENTED_EDGE('',*,*,#4442,.F.);
#2922=ORIENTED_EDGE('',*,*,#4443,.F.);
#2923=ORIENTED_EDGE('',*,*,#4444,.T.);
#2924=ORIENTED_EDGE('',*,*,#4440,.T.);
#2925=ORIENTED_EDGE('',*,*,#4445,.F.);
#2926=ORIENTED_EDGE('',*,*,#4446,.F.);
#2927=ORIENTED_EDGE('',*,*,#4447,.T.);
#2928=ORIENTED_EDGE('',*,*,#4443,.T.);
#2929=ORIENTED_EDGE('',*,*,#4448,.F.);
#2930=ORIENTED_EDGE('',*,*,#4449,.F.);
#2931=ORIENTED_EDGE('',*,*,#4450,.T.);
#2932=ORIENTED_EDGE('',*,*,#4446,.T.);
#2933=ORIENTED_EDGE('',*,*,#4451,.F.);
#2934=ORIENTED_EDGE('',*,*,#4452,.F.);
#2935=ORIENTED_EDGE('',*,*,#4453,.T.);
#2936=ORIENTED_EDGE('',*,*,#4449,.T.);
#2937=ORIENTED_EDGE('',*,*,#4454,.F.);
#2938=ORIENTED_EDGE('',*,*,#4455,.F.);
#2939=ORIENTED_EDGE('',*,*,#4456,.T.);
#2940=ORIENTED_EDGE('',*,*,#4452,.T.);
#2941=ORIENTED_EDGE('',*,*,#4156,.F.);
#2942=ORIENTED_EDGE('',*,*,#4457,.F.);
#2943=ORIENTED_EDGE('',*,*,#4458,.T.);
#2944=ORIENTED_EDGE('',*,*,#4459,.T.);
#2945=ORIENTED_EDGE('',*,*,#4155,.F.);
#2946=ORIENTED_EDGE('',*,*,#4460,.F.);
#2947=ORIENTED_EDGE('',*,*,#4461,.T.);
#2948=ORIENTED_EDGE('',*,*,#4457,.T.);
#2949=ORIENTED_EDGE('',*,*,#4169,.F.);
#2950=ORIENTED_EDGE('',*,*,#4462,.F.);
#2951=ORIENTED_EDGE('',*,*,#4463,.T.);
#2952=ORIENTED_EDGE('',*,*,#4460,.T.);
#2953=ORIENTED_EDGE('',*,*,#4168,.F.);
#2954=ORIENTED_EDGE('',*,*,#4464,.F.);
#2955=ORIENTED_EDGE('',*,*,#4465,.T.);
#2956=ORIENTED_EDGE('',*,*,#4462,.T.);
#2957=ORIENTED_EDGE('',*,*,#4167,.F.);
#2958=ORIENTED_EDGE('',*,*,#4466,.F.);
#2959=ORIENTED_EDGE('',*,*,#4467,.T.);
#2960=ORIENTED_EDGE('',*,*,#4464,.T.);
#2961=ORIENTED_EDGE('',*,*,#4166,.F.);
#2962=ORIENTED_EDGE('',*,*,#4468,.F.);
#2963=ORIENTED_EDGE('',*,*,#4469,.T.);
#2964=ORIENTED_EDGE('',*,*,#4466,.T.);
#2965=ORIENTED_EDGE('',*,*,#4165,.F.);
#2966=ORIENTED_EDGE('',*,*,#4470,.F.);
#2967=ORIENTED_EDGE('',*,*,#4471,.T.);
#2968=ORIENTED_EDGE('',*,*,#4468,.T.);
#2969=ORIENTED_EDGE('',*,*,#4164,.F.);
#2970=ORIENTED_EDGE('',*,*,#4472,.F.);
#2971=ORIENTED_EDGE('',*,*,#4473,.T.);
#2972=ORIENTED_EDGE('',*,*,#4470,.T.);
#2973=ORIENTED_EDGE('',*,*,#4163,.F.);
#2974=ORIENTED_EDGE('',*,*,#4474,.F.);
#2975=ORIENTED_EDGE('',*,*,#4475,.T.);
#2976=ORIENTED_EDGE('',*,*,#4472,.T.);
#2977=ORIENTED_EDGE('',*,*,#4162,.F.);
#2978=ORIENTED_EDGE('',*,*,#4476,.F.);
#2979=ORIENTED_EDGE('',*,*,#4477,.T.);
#2980=ORIENTED_EDGE('',*,*,#4474,.T.);
#2981=ORIENTED_EDGE('',*,*,#4161,.F.);
#2982=ORIENTED_EDGE('',*,*,#4478,.F.);
#2983=ORIENTED_EDGE('',*,*,#4479,.T.);
#2984=ORIENTED_EDGE('',*,*,#4476,.T.);
#2985=ORIENTED_EDGE('',*,*,#4160,.F.);
#2986=ORIENTED_EDGE('',*,*,#4480,.F.);
#2987=ORIENTED_EDGE('',*,*,#4481,.T.);
#2988=ORIENTED_EDGE('',*,*,#4478,.T.);
#2989=ORIENTED_EDGE('',*,*,#4159,.F.);
#2990=ORIENTED_EDGE('',*,*,#4482,.F.);
#2991=ORIENTED_EDGE('',*,*,#4483,.T.);
#2992=ORIENTED_EDGE('',*,*,#4480,.T.);
#2993=ORIENTED_EDGE('',*,*,#4158,.F.);
#2994=ORIENTED_EDGE('',*,*,#4484,.F.);
#2995=ORIENTED_EDGE('',*,*,#4485,.T.);
#2996=ORIENTED_EDGE('',*,*,#4482,.T.);
#2997=ORIENTED_EDGE('',*,*,#4157,.F.);
#2998=ORIENTED_EDGE('',*,*,#4459,.F.);
#2999=ORIENTED_EDGE('',*,*,#4486,.T.);
#3000=ORIENTED_EDGE('',*,*,#4484,.T.);
#3001=ORIENTED_EDGE('',*,*,#4487,.F.);
#3002=ORIENTED_EDGE('',*,*,#4432,.F.);
#3003=ORIENTED_EDGE('',*,*,#4488,.T.);
#3004=ORIENTED_EDGE('',*,*,#4455,.T.);
#3005=ORIENTED_EDGE('',*,*,#4458,.F.);
#3006=ORIENTED_EDGE('',*,*,#4461,.F.);
#3007=ORIENTED_EDGE('',*,*,#4463,.F.);
#3008=ORIENTED_EDGE('',*,*,#4465,.F.);
#3009=ORIENTED_EDGE('',*,*,#4467,.F.);
#3010=ORIENTED_EDGE('',*,*,#4469,.F.);
#3011=ORIENTED_EDGE('',*,*,#4471,.F.);
#3012=ORIENTED_EDGE('',*,*,#4473,.F.);
#3013=ORIENTED_EDGE('',*,*,#4475,.F.);
#3014=ORIENTED_EDGE('',*,*,#4477,.F.);
#3015=ORIENTED_EDGE('',*,*,#4479,.F.);
#3016=ORIENTED_EDGE('',*,*,#4481,.F.);
#3017=ORIENTED_EDGE('',*,*,#4483,.F.);
#3018=ORIENTED_EDGE('',*,*,#4485,.F.);
#3019=ORIENTED_EDGE('',*,*,#4486,.F.);
#3020=ORIENTED_EDGE('',*,*,#4431,.F.);
#3021=ORIENTED_EDGE('',*,*,#4435,.F.);
#3022=ORIENTED_EDGE('',*,*,#4438,.F.);
#3023=ORIENTED_EDGE('',*,*,#4441,.F.);
#3024=ORIENTED_EDGE('',*,*,#4444,.F.);
#3025=ORIENTED_EDGE('',*,*,#4447,.F.);
#3026=ORIENTED_EDGE('',*,*,#4450,.F.);
#3027=ORIENTED_EDGE('',*,*,#4453,.F.);
#3028=ORIENTED_EDGE('',*,*,#4456,.F.);
#3029=ORIENTED_EDGE('',*,*,#4488,.F.);
#3030=ORIENTED_EDGE('',*,*,#4171,.F.);
#3031=ORIENTED_EDGE('',*,*,#4489,.F.);
#3032=ORIENTED_EDGE('',*,*,#4490,.T.);
#3033=ORIENTED_EDGE('',*,*,#4491,.T.);
#3034=ORIENTED_EDGE('',*,*,#4170,.F.);
#3035=ORIENTED_EDGE('',*,*,#4492,.F.);
#3036=ORIENTED_EDGE('',*,*,#4493,.T.);
#3037=ORIENTED_EDGE('',*,*,#4489,.T.);
#3038=ORIENTED_EDGE('',*,*,#4175,.F.);
#3039=ORIENTED_EDGE('',*,*,#4494,.F.);
#3040=ORIENTED_EDGE('',*,*,#4495,.T.);
#3041=ORIENTED_EDGE('',*,*,#4492,.T.);
#3042=ORIENTED_EDGE('',*,*,#4174,.F.);
#3043=ORIENTED_EDGE('',*,*,#4496,.F.);
#3044=ORIENTED_EDGE('',*,*,#4497,.T.);
#3045=ORIENTED_EDGE('',*,*,#4494,.T.);
#3046=ORIENTED_EDGE('',*,*,#4173,.F.);
#3047=ORIENTED_EDGE('',*,*,#4498,.F.);
#3048=ORIENTED_EDGE('',*,*,#4499,.T.);
#3049=ORIENTED_EDGE('',*,*,#4496,.T.);
#3050=ORIENTED_EDGE('',*,*,#4172,.F.);
#3051=ORIENTED_EDGE('',*,*,#4491,.F.);
#3052=ORIENTED_EDGE('',*,*,#4500,.T.);
#3053=ORIENTED_EDGE('',*,*,#4498,.T.);
#3054=ORIENTED_EDGE('',*,*,#4490,.F.);
#3055=ORIENTED_EDGE('',*,*,#4493,.F.);
#3056=ORIENTED_EDGE('',*,*,#4495,.F.);
#3057=ORIENTED_EDGE('',*,*,#4497,.F.);
#3058=ORIENTED_EDGE('',*,*,#4499,.F.);
#3059=ORIENTED_EDGE('',*,*,#4500,.F.);
#3060=ORIENTED_EDGE('',*,*,#4177,.F.);
#3061=ORIENTED_EDGE('',*,*,#4501,.F.);
#3062=ORIENTED_EDGE('',*,*,#4502,.T.);
#3063=ORIENTED_EDGE('',*,*,#4503,.T.);
#3064=ORIENTED_EDGE('',*,*,#4176,.F.);
#3065=ORIENTED_EDGE('',*,*,#4504,.F.);
#3066=ORIENTED_EDGE('',*,*,#4505,.T.);
#3067=ORIENTED_EDGE('',*,*,#4501,.T.);
#3068=ORIENTED_EDGE('',*,*,#4187,.F.);
#3069=ORIENTED_EDGE('',*,*,#4506,.F.);
#3070=ORIENTED_EDGE('',*,*,#4507,.T.);
#3071=ORIENTED_EDGE('',*,*,#4504,.T.);
#3072=ORIENTED_EDGE('',*,*,#4186,.F.);
#3073=ORIENTED_EDGE('',*,*,#4508,.F.);
#3074=ORIENTED_EDGE('',*,*,#4509,.T.);
#3075=ORIENTED_EDGE('',*,*,#4506,.T.);
#3076=ORIENTED_EDGE('',*,*,#4185,.F.);
#3077=ORIENTED_EDGE('',*,*,#4510,.F.);
#3078=ORIENTED_EDGE('',*,*,#4511,.T.);
#3079=ORIENTED_EDGE('',*,*,#4508,.T.);
#3080=ORIENTED_EDGE('',*,*,#4184,.F.);
#3081=ORIENTED_EDGE('',*,*,#4512,.F.);
#3082=ORIENTED_EDGE('',*,*,#4513,.T.);
#3083=ORIENTED_EDGE('',*,*,#4510,.T.);
#3084=ORIENTED_EDGE('',*,*,#4183,.F.);
#3085=ORIENTED_EDGE('',*,*,#4514,.F.);
#3086=ORIENTED_EDGE('',*,*,#4515,.T.);
#3087=ORIENTED_EDGE('',*,*,#4512,.T.);
#3088=ORIENTED_EDGE('',*,*,#4182,.F.);
#3089=ORIENTED_EDGE('',*,*,#4516,.F.);
#3090=ORIENTED_EDGE('',*,*,#4517,.T.);
#3091=ORIENTED_EDGE('',*,*,#4514,.T.);
#3092=ORIENTED_EDGE('',*,*,#4181,.F.);
#3093=ORIENTED_EDGE('',*,*,#4518,.F.);
#3094=ORIENTED_EDGE('',*,*,#4519,.T.);
#3095=ORIENTED_EDGE('',*,*,#4516,.T.);
#3096=ORIENTED_EDGE('',*,*,#4180,.F.);
#3097=ORIENTED_EDGE('',*,*,#4520,.F.);
#3098=ORIENTED_EDGE('',*,*,#4521,.T.);
#3099=ORIENTED_EDGE('',*,*,#4518,.T.);
#3100=ORIENTED_EDGE('',*,*,#4179,.F.);
#3101=ORIENTED_EDGE('',*,*,#4522,.F.);
#3102=ORIENTED_EDGE('',*,*,#4523,.T.);
#3103=ORIENTED_EDGE('',*,*,#4520,.T.);
#3104=ORIENTED_EDGE('',*,*,#4178,.F.);
#3105=ORIENTED_EDGE('',*,*,#4503,.F.);
#3106=ORIENTED_EDGE('',*,*,#4524,.T.);
#3107=ORIENTED_EDGE('',*,*,#4522,.T.);
#3108=ORIENTED_EDGE('',*,*,#4502,.F.);
#3109=ORIENTED_EDGE('',*,*,#4505,.F.);
#3110=ORIENTED_EDGE('',*,*,#4507,.F.);
#3111=ORIENTED_EDGE('',*,*,#4509,.F.);
#3112=ORIENTED_EDGE('',*,*,#4511,.F.);
#3113=ORIENTED_EDGE('',*,*,#4513,.F.);
#3114=ORIENTED_EDGE('',*,*,#4515,.F.);
#3115=ORIENTED_EDGE('',*,*,#4517,.F.);
#3116=ORIENTED_EDGE('',*,*,#4519,.F.);
#3117=ORIENTED_EDGE('',*,*,#4521,.F.);
#3118=ORIENTED_EDGE('',*,*,#4523,.F.);
#3119=ORIENTED_EDGE('',*,*,#4524,.F.);
#3120=ORIENTED_EDGE('',*,*,#4189,.F.);
#3121=ORIENTED_EDGE('',*,*,#4525,.F.);
#3122=ORIENTED_EDGE('',*,*,#4526,.T.);
#3123=ORIENTED_EDGE('',*,*,#4527,.T.);
#3124=ORIENTED_EDGE('',*,*,#4188,.F.);
#3125=ORIENTED_EDGE('',*,*,#4528,.F.);
#3126=ORIENTED_EDGE('',*,*,#4529,.T.);
#3127=ORIENTED_EDGE('',*,*,#4525,.T.);
#3128=ORIENTED_EDGE('',*,*,#4196,.F.);
#3129=ORIENTED_EDGE('',*,*,#4530,.F.);
#3130=ORIENTED_EDGE('',*,*,#4531,.T.);
#3131=ORIENTED_EDGE('',*,*,#4528,.T.);
#3132=ORIENTED_EDGE('',*,*,#4195,.F.);
#3133=ORIENTED_EDGE('',*,*,#4532,.F.);
#3134=ORIENTED_EDGE('',*,*,#4533,.T.);
#3135=ORIENTED_EDGE('',*,*,#4530,.T.);
#3136=ORIENTED_EDGE('',*,*,#4194,.F.);
#3137=ORIENTED_EDGE('',*,*,#4534,.F.);
#3138=ORIENTED_EDGE('',*,*,#4535,.T.);
#3139=ORIENTED_EDGE('',*,*,#4532,.T.);
#3140=ORIENTED_EDGE('',*,*,#4193,.F.);
#3141=ORIENTED_EDGE('',*,*,#4536,.F.);
#3142=ORIENTED_EDGE('',*,*,#4537,.T.);
#3143=ORIENTED_EDGE('',*,*,#4534,.T.);
#3144=ORIENTED_EDGE('',*,*,#4192,.F.);
#3145=ORIENTED_EDGE('',*,*,#4538,.F.);
#3146=ORIENTED_EDGE('',*,*,#4539,.T.);
#3147=ORIENTED_EDGE('',*,*,#4536,.T.);
#3148=ORIENTED_EDGE('',*,*,#4191,.F.);
#3149=ORIENTED_EDGE('',*,*,#4540,.F.);
#3150=ORIENTED_EDGE('',*,*,#4541,.T.);
#3151=ORIENTED_EDGE('',*,*,#4538,.T.);
#3152=ORIENTED_EDGE('',*,*,#4190,.F.);
#3153=ORIENTED_EDGE('',*,*,#4527,.F.);
#3154=ORIENTED_EDGE('',*,*,#4542,.T.);
#3155=ORIENTED_EDGE('',*,*,#4540,.T.);
#3156=ORIENTED_EDGE('',*,*,#4526,.F.);
#3157=ORIENTED_EDGE('',*,*,#4529,.F.);
#3158=ORIENTED_EDGE('',*,*,#4531,.F.);
#3159=ORIENTED_EDGE('',*,*,#4533,.F.);
#3160=ORIENTED_EDGE('',*,*,#4535,.F.);
#3161=ORIENTED_EDGE('',*,*,#4537,.F.);
#3162=ORIENTED_EDGE('',*,*,#4539,.F.);
#3163=ORIENTED_EDGE('',*,*,#4541,.F.);
#3164=ORIENTED_EDGE('',*,*,#4542,.F.);
#3165=ORIENTED_EDGE('',*,*,#4353,.T.);
#3166=ORIENTED_EDGE('',*,*,#4349,.T.);
#3167=ORIENTED_EDGE('',*,*,#4387,.T.);
#3168=ORIENTED_EDGE('',*,*,#4368,.T.);
#3169=ORIENTED_EDGE('',*,*,#4365,.T.);
#3170=ORIENTED_EDGE('',*,*,#4362,.T.);
#3171=ORIENTED_EDGE('',*,*,#4359,.T.);
#3172=ORIENTED_EDGE('',*,*,#4356,.T.);
#3173=ORIENTED_EDGE('',*,*,#4393,.T.);
#3174=ORIENTED_EDGE('',*,*,#4389,.T.);
#3175=ORIENTED_EDGE('',*,*,#4427,.T.);
#3176=ORIENTED_EDGE('',*,*,#4408,.T.);
#3177=ORIENTED_EDGE('',*,*,#4405,.T.);
#3178=ORIENTED_EDGE('',*,*,#4402,.T.);
#3179=ORIENTED_EDGE('',*,*,#4399,.T.);
#3180=ORIENTED_EDGE('',*,*,#4396,.T.);
#3181=ORIENTED_EDGE('',*,*,#4433,.T.);
#3182=ORIENTED_EDGE('',*,*,#4429,.T.);
#3183=ORIENTED_EDGE('',*,*,#4487,.T.);
#3184=ORIENTED_EDGE('',*,*,#4454,.T.);
#3185=ORIENTED_EDGE('',*,*,#4451,.T.);
#3186=ORIENTED_EDGE('',*,*,#4448,.T.);
#3187=ORIENTED_EDGE('',*,*,#4445,.T.);
#3188=ORIENTED_EDGE('',*,*,#4442,.T.);
#3189=ORIENTED_EDGE('',*,*,#4439,.T.);
#3190=ORIENTED_EDGE('',*,*,#4436,.T.);
#3191=ORIENTED_EDGE('',*,*,#4213,.T.);
#3192=ORIENTED_EDGE('',*,*,#4215,.T.);
#3193=ORIENTED_EDGE('',*,*,#4066,.T.);
#3194=ORIENTED_EDGE('',*,*,#4064,.F.);
#3195=ORIENTED_EDGE('',*,*,#4087,.T.);
#3196=ORIENTED_EDGE('',*,*,#4198,.T.);
#3197=ORIENTED_EDGE('',*,*,#4070,.T.);
#3198=ORIENTED_EDGE('',*,*,#4219,.F.);
#3199=ORIENTED_EDGE('',*,*,#4065,.T.);
#3200=ORIENTED_EDGE('',*,*,#4080,.T.);
#3201=ORIENTED_EDGE('',*,*,#4077,.F.);
#3202=ORIENTED_EDGE('',*,*,#4082,.F.);
#3203=ORIENTED_EDGE('',*,*,#4072,.T.);
#3204=ORIENTED_EDGE('',*,*,#4197,.F.);
#3205=ORIENTED_EDGE('',*,*,#4085,.F.);
#3206=ORIENTED_EDGE('',*,*,#4062,.F.);
#3207=ORIENTED_EDGE('',*,*,#4543,.F.);
#3208=ORIENTED_EDGE('',*,*,#4544,.F.);
#3209=ORIENTED_EDGE('',*,*,#4545,.T.);
#3210=ORIENTED_EDGE('',*,*,#4546,.T.);
#3211=ORIENTED_EDGE('',*,*,#4547,.F.);
#3212=ORIENTED_EDGE('',*,*,#4548,.F.);
#3213=ORIENTED_EDGE('',*,*,#4549,.T.);
#3214=ORIENTED_EDGE('',*,*,#4544,.T.);
#3215=ORIENTED_EDGE('',*,*,#4550,.F.);
#3216=ORIENTED_EDGE('',*,*,#4551,.F.);
#3217=ORIENTED_EDGE('',*,*,#4552,.T.);
#3218=ORIENTED_EDGE('',*,*,#4548,.T.);
#3219=ORIENTED_EDGE('',*,*,#4553,.F.);
#3220=ORIENTED_EDGE('',*,*,#4554,.F.);
#3221=ORIENTED_EDGE('',*,*,#4555,.T.);
#3222=ORIENTED_EDGE('',*,*,#4551,.T.);
#3223=ORIENTED_EDGE('',*,*,#4556,.F.);
#3224=ORIENTED_EDGE('',*,*,#4557,.F.);
#3225=ORIENTED_EDGE('',*,*,#4558,.T.);
#3226=ORIENTED_EDGE('',*,*,#4554,.T.);
#3227=ORIENTED_EDGE('',*,*,#4559,.F.);
#3228=ORIENTED_EDGE('',*,*,#4546,.F.);
#3229=ORIENTED_EDGE('',*,*,#4560,.T.);
#3230=ORIENTED_EDGE('',*,*,#4557,.T.);
#3231=ORIENTED_EDGE('',*,*,#4545,.F.);
#3232=ORIENTED_EDGE('',*,*,#4549,.F.);
#3233=ORIENTED_EDGE('',*,*,#4552,.F.);
#3234=ORIENTED_EDGE('',*,*,#4555,.F.);
#3235=ORIENTED_EDGE('',*,*,#4558,.F.);
#3236=ORIENTED_EDGE('',*,*,#4560,.F.);
#3237=ORIENTED_EDGE('',*,*,#4543,.T.);
#3238=ORIENTED_EDGE('',*,*,#4559,.T.);
#3239=ORIENTED_EDGE('',*,*,#4556,.T.);
#3240=ORIENTED_EDGE('',*,*,#4553,.T.);
#3241=ORIENTED_EDGE('',*,*,#4550,.T.);
#3242=ORIENTED_EDGE('',*,*,#4547,.T.);
#3243=ORIENTED_EDGE('',*,*,#4561,.F.);
#3244=ORIENTED_EDGE('',*,*,#4562,.T.);
#3245=ORIENTED_EDGE('',*,*,#4563,.T.);
#3246=ORIENTED_EDGE('',*,*,#4564,.T.);
#3247=ORIENTED_EDGE('',*,*,#4565,.F.);
#3248=ORIENTED_EDGE('',*,*,#4566,.T.);
#3249=ORIENTED_EDGE('',*,*,#4567,.F.);
#3250=ORIENTED_EDGE('',*,*,#4563,.F.);
#3251=ORIENTED_EDGE('',*,*,#4568,.F.);
#3252=ORIENTED_EDGE('',*,*,#4569,.T.);
#3253=ORIENTED_EDGE('',*,*,#4561,.T.);
#3254=ORIENTED_EDGE('',*,*,#4570,.T.);
#3255=ORIENTED_EDGE('',*,*,#4564,.F.);
#3256=ORIENTED_EDGE('',*,*,#4567,.T.);
#3257=ORIENTED_EDGE('',*,*,#4571,.T.);
#3258=ORIENTED_EDGE('',*,*,#4570,.F.);
#3259=ORIENTED_EDGE('',*,*,#4572,.F.);
#3260=ORIENTED_EDGE('',*,*,#4568,.T.);
#3261=ORIENTED_EDGE('',*,*,#4571,.F.);
#3262=ORIENTED_EDGE('',*,*,#4566,.F.);
#3263=ORIENTED_EDGE('',*,*,#4565,.T.);
#3264=ORIENTED_EDGE('',*,*,#4562,.F.);
#3265=ORIENTED_EDGE('',*,*,#4569,.F.);
#3266=ORIENTED_EDGE('',*,*,#4572,.T.);
#3267=ORIENTED_EDGE('',*,*,#4573,.F.);
#3268=ORIENTED_EDGE('',*,*,#4574,.F.);
#3269=ORIENTED_EDGE('',*,*,#4575,.T.);
#3270=ORIENTED_EDGE('',*,*,#4576,.T.);
#3271=ORIENTED_EDGE('',*,*,#4577,.F.);
#3272=ORIENTED_EDGE('',*,*,#4578,.F.);
#3273=ORIENTED_EDGE('',*,*,#4579,.T.);
#3274=ORIENTED_EDGE('',*,*,#4574,.T.);
#3275=ORIENTED_EDGE('',*,*,#4580,.F.);
#3276=ORIENTED_EDGE('',*,*,#4581,.F.);
#3277=ORIENTED_EDGE('',*,*,#4582,.T.);
#3278=ORIENTED_EDGE('',*,*,#4578,.T.);
#3279=ORIENTED_EDGE('',*,*,#4583,.F.);
#3280=ORIENTED_EDGE('',*,*,#4584,.F.);
#3281=ORIENTED_EDGE('',*,*,#4585,.T.);
#3282=ORIENTED_EDGE('',*,*,#4581,.T.);
#3283=ORIENTED_EDGE('',*,*,#4586,.F.);
#3284=ORIENTED_EDGE('',*,*,#4587,.F.);
#3285=ORIENTED_EDGE('',*,*,#4588,.T.);
#3286=ORIENTED_EDGE('',*,*,#4584,.T.);
#3287=ORIENTED_EDGE('',*,*,#4589,.F.);
#3288=ORIENTED_EDGE('',*,*,#4590,.F.);
#3289=ORIENTED_EDGE('',*,*,#4591,.T.);
#3290=ORIENTED_EDGE('',*,*,#4587,.T.);
#3291=ORIENTED_EDGE('',*,*,#4592,.F.);
#3292=ORIENTED_EDGE('',*,*,#4593,.F.);
#3293=ORIENTED_EDGE('',*,*,#4594,.T.);
#3294=ORIENTED_EDGE('',*,*,#4590,.T.);
#3295=ORIENTED_EDGE('',*,*,#4595,.F.);
#3296=ORIENTED_EDGE('',*,*,#4596,.F.);
#3297=ORIENTED_EDGE('',*,*,#4597,.T.);
#3298=ORIENTED_EDGE('',*,*,#4593,.T.);
#3299=ORIENTED_EDGE('',*,*,#4598,.F.);
#3300=ORIENTED_EDGE('',*,*,#4599,.F.);
#3301=ORIENTED_EDGE('',*,*,#4600,.T.);
#3302=ORIENTED_EDGE('',*,*,#4596,.T.);
#3303=ORIENTED_EDGE('',*,*,#4601,.F.);
#3304=ORIENTED_EDGE('',*,*,#4602,.F.);
#3305=ORIENTED_EDGE('',*,*,#4603,.T.);
#3306=ORIENTED_EDGE('',*,*,#4599,.T.);
#3307=ORIENTED_EDGE('',*,*,#4604,.F.);
#3308=ORIENTED_EDGE('',*,*,#4605,.F.);
#3309=ORIENTED_EDGE('',*,*,#4606,.T.);
#3310=ORIENTED_EDGE('',*,*,#4602,.T.);
#3311=ORIENTED_EDGE('',*,*,#4607,.F.);
#3312=ORIENTED_EDGE('',*,*,#4576,.F.);
#3313=ORIENTED_EDGE('',*,*,#4608,.T.);
#3314=ORIENTED_EDGE('',*,*,#4605,.T.);
#3315=ORIENTED_EDGE('',*,*,#4575,.F.);
#3316=ORIENTED_EDGE('',*,*,#4579,.F.);
#3317=ORIENTED_EDGE('',*,*,#4582,.F.);
#3318=ORIENTED_EDGE('',*,*,#4585,.F.);
#3319=ORIENTED_EDGE('',*,*,#4588,.F.);
#3320=ORIENTED_EDGE('',*,*,#4591,.F.);
#3321=ORIENTED_EDGE('',*,*,#4594,.F.);
#3322=ORIENTED_EDGE('',*,*,#4597,.F.);
#3323=ORIENTED_EDGE('',*,*,#4600,.F.);
#3324=ORIENTED_EDGE('',*,*,#4603,.F.);
#3325=ORIENTED_EDGE('',*,*,#4606,.F.);
#3326=ORIENTED_EDGE('',*,*,#4608,.F.);
#3327=ORIENTED_EDGE('',*,*,#4573,.T.);
#3328=ORIENTED_EDGE('',*,*,#4607,.T.);
#3329=ORIENTED_EDGE('',*,*,#4604,.T.);
#3330=ORIENTED_EDGE('',*,*,#4601,.T.);
#3331=ORIENTED_EDGE('',*,*,#4598,.T.);
#3332=ORIENTED_EDGE('',*,*,#4595,.T.);
#3333=ORIENTED_EDGE('',*,*,#4592,.T.);
#3334=ORIENTED_EDGE('',*,*,#4589,.T.);
#3335=ORIENTED_EDGE('',*,*,#4586,.T.);
#3336=ORIENTED_EDGE('',*,*,#4583,.T.);
#3337=ORIENTED_EDGE('',*,*,#4580,.T.);
#3338=ORIENTED_EDGE('',*,*,#4577,.T.);
#3339=EDGE_CURVE('',#4609,#4610,#5471,.T.);
#3340=EDGE_CURVE('',#4609,#4611,#5472,.T.);
#3341=EDGE_CURVE('',#4611,#4612,#5473,.T.);
#3342=EDGE_CURVE('',#4610,#4612,#5474,.T.);
#3343=EDGE_CURVE('',#4613,#4614,#659,.T.);
#3344=EDGE_CURVE('',#4613,#4615,#5475,.T.);
#3345=EDGE_CURVE('',#4611,#4615,#5476,.T.);
#3346=EDGE_CURVE('',#4609,#4616,#5477,.T.);
#3347=EDGE_CURVE('',#4616,#4614,#5478,.T.);
#3348=EDGE_CURVE('',#4617,#4613,#5479,.T.);
#3349=EDGE_CURVE('',#4617,#4618,#5480,.T.);
#3350=EDGE_CURVE('',#4614,#4618,#5481,.F.);
#3351=EDGE_CURVE('',#4616,#4619,#5482,.T.);
#3352=EDGE_CURVE('',#4619,#4620,#5483,.T.);
#3353=EDGE_CURVE('',#4615,#4620,#5484,.T.);
#3354=EDGE_CURVE('',#4610,#4619,#5485,.T.);
#3355=EDGE_CURVE('',#4612,#4620,#5486,.T.);
#3356=EDGE_CURVE('',#4617,#4618,#660,.T.);
#3357=EDGE_CURVE('',#4621,#4622,#5487,.T.);
#3358=EDGE_CURVE('',#4623,#4621,#5488,.T.);
#3359=EDGE_CURVE('',#4623,#4624,#5489,.T.);
#3360=EDGE_CURVE('',#4624,#4622,#5490,.T.);
#3361=EDGE_CURVE('',#4625,#4621,#5491,.T.);
#3362=EDGE_CURVE('',#4626,#4625,#5492,.T.);
#3363=EDGE_CURVE('',#4626,#4623,#5493,.T.);
#3364=EDGE_CURVE('',#4627,#4625,#5494,.T.);
#3365=EDGE_CURVE('',#4628,#4627,#5495,.T.);
#3366=EDGE_CURVE('',#4628,#4626,#5496,.T.);
#3367=EDGE_CURVE('',#4629,#4627,#5497,.T.);
#3368=EDGE_CURVE('',#4630,#4629,#5498,.T.);
#3369=EDGE_CURVE('',#4630,#4628,#5499,.T.);
#3370=EDGE_CURVE('',#4631,#4629,#661,.T.);
#3371=EDGE_CURVE('',#4632,#4631,#5500,.T.);
#3372=EDGE_CURVE('',#4632,#4630,#662,.T.);
#3373=EDGE_CURVE('',#4633,#4631,#5501,.T.);
#3374=EDGE_CURVE('',#4634,#4633,#5502,.T.);
#3375=EDGE_CURVE('',#4634,#4632,#5503,.T.);
#3376=EDGE_CURVE('',#4635,#4633,#5504,.T.);
#3377=EDGE_CURVE('',#4636,#4635,#5505,.T.);
#3378=EDGE_CURVE('',#4636,#4634,#5506,.T.);
#3379=EDGE_CURVE('',#4637,#4635,#5507,.T.);
#3380=EDGE_CURVE('',#4638,#4637,#5508,.T.);
#3381=EDGE_CURVE('',#4638,#4636,#5509,.T.);
#3382=EDGE_CURVE('',#4639,#4637,#5510,.T.);
#3383=EDGE_CURVE('',#4640,#4639,#5511,.T.);
#3384=EDGE_CURVE('',#4640,#4638,#5512,.T.);
#3385=EDGE_CURVE('',#4641,#4639,#5513,.T.);
#3386=EDGE_CURVE('',#4642,#4641,#5514,.T.);
#3387=EDGE_CURVE('',#4642,#4640,#5515,.T.);
#3388=EDGE_CURVE('',#4643,#4641,#5516,.T.);
#3389=EDGE_CURVE('',#4644,#4643,#5517,.T.);
#3390=EDGE_CURVE('',#4644,#4642,#5518,.T.);
#3391=EDGE_CURVE('',#4645,#4643,#5519,.T.);
#3392=EDGE_CURVE('',#4646,#4645,#5520,.T.);
#3393=EDGE_CURVE('',#4646,#4644,#5521,.T.);
#3394=EDGE_CURVE('',#4647,#4645,#5522,.T.);
#3395=EDGE_CURVE('',#4648,#4647,#5523,.T.);
#3396=EDGE_CURVE('',#4648,#4646,#5524,.T.);
#3397=EDGE_CURVE('',#4649,#4647,#5525,.T.);
#3398=EDGE_CURVE('',#4650,#4649,#5526,.T.);
#3399=EDGE_CURVE('',#4650,#4648,#5527,.T.);
#3400=EDGE_CURVE('',#4651,#4649,#5528,.T.);
#3401=EDGE_CURVE('',#4652,#4651,#5529,.T.);
#3402=EDGE_CURVE('',#4652,#4650,#5530,.T.);
#3403=EDGE_CURVE('',#4653,#4651,#5531,.T.);
#3404=EDGE_CURVE('',#4654,#4653,#5532,.T.);
#3405=EDGE_CURVE('',#4654,#4652,#5533,.T.);
#3406=EDGE_CURVE('',#4655,#4653,#663,.T.);
#3407=EDGE_CURVE('',#4656,#4655,#5534,.T.);
#3408=EDGE_CURVE('',#4656,#4654,#664,.T.);
#3409=EDGE_CURVE('',#4622,#4655,#5535,.T.);
#3410=EDGE_CURVE('',#4624,#4656,#5536,.T.);
#3411=EDGE_CURVE('',#4657,#4657,#665,.T.);
#3412=EDGE_CURVE('',#4658,#4658,#666,.F.);
#3413=EDGE_CURVE('',#4659,#4660,#10,.T.);
#3414=EDGE_CURVE('',#4661,#4659,#5537,.T.);
#3415=EDGE_CURVE('',#4661,#4662,#11,.T.);
#3416=EDGE_CURVE('',#4662,#4660,#5538,.T.);
#3417=EDGE_CURVE('',#4663,#4659,#12,.T.);
#3418=EDGE_CURVE('',#4664,#4663,#5539,.T.);
#3419=EDGE_CURVE('',#4664,#4661,#13,.T.);
#3420=EDGE_CURVE('',#4665,#4663,#14,.T.);
#3421=EDGE_CURVE('',#4666,#4665,#5540,.T.);
#3422=EDGE_CURVE('',#4666,#4664,#15,.T.);
#3423=EDGE_CURVE('',#4667,#4665,#667,.T.);
#3424=EDGE_CURVE('',#4668,#4667,#5541,.T.);
#3425=EDGE_CURVE('',#4668,#4666,#668,.T.);
#3426=EDGE_CURVE('',#4669,#4667,#669,.T.);
#3427=EDGE_CURVE('',#4670,#4669,#5542,.T.);
#3428=EDGE_CURVE('',#4670,#4668,#670,.T.);
#3429=EDGE_CURVE('',#4671,#4669,#5543,.T.);
#3430=EDGE_CURVE('',#4672,#4671,#5544,.T.);
#3431=EDGE_CURVE('',#4672,#4670,#5545,.T.);
#3432=EDGE_CURVE('',#4673,#4671,#16,.T.);
#3433=EDGE_CURVE('',#4674,#4673,#5546,.T.);
#3434=EDGE_CURVE('',#4674,#4672,#17,.T.);
#3435=EDGE_CURVE('',#4675,#4673,#671,.F.);
#3436=EDGE_CURVE('',#4676,#4675,#5547,.T.);
#3437=EDGE_CURVE('',#4676,#4674,#672,.F.);
#3438=EDGE_CURVE('',#4677,#4675,#18,.T.);
#3439=EDGE_CURVE('',#4678,#4677,#5548,.T.);
#3440=EDGE_CURVE('',#4678,#4676,#19,.T.);
#3441=EDGE_CURVE('',#4679,#4677,#20,.T.);
#3442=EDGE_CURVE('',#4680,#4679,#5549,.T.);
#3443=EDGE_CURVE('',#4680,#4678,#21,.T.);
#3444=EDGE_CURVE('',#4681,#4679,#22,.T.);
#3445=EDGE_CURVE('',#4682,#4681,#5550,.T.);
#3446=EDGE_CURVE('',#4682,#4680,#23,.T.);
#3447=EDGE_CURVE('',#4683,#4681,#24,.T.);
#3448=EDGE_CURVE('',#4684,#4683,#5551,.T.);
#3449=EDGE_CURVE('',#4684,#4682,#25,.T.);
#3450=EDGE_CURVE('',#4685,#4683,#5552,.T.);
#3451=EDGE_CURVE('',#4686,#4685,#5553,.T.);
#3452=EDGE_CURVE('',#4686,#4684,#5554,.T.);
#3453=EDGE_CURVE('',#4687,#4685,#5555,.T.);
#3454=EDGE_CURVE('',#4688,#4687,#5556,.T.);
#3455=EDGE_CURVE('',#4688,#4686,#5557,.T.);
#3456=EDGE_CURVE('',#4689,#4687,#5558,.T.);
#3457=EDGE_CURVE('',#4690,#4689,#5559,.T.);
#3458=EDGE_CURVE('',#4690,#4688,#5560,.T.);
#3459=EDGE_CURVE('',#4691,#4689,#26,.T.);
#3460=EDGE_CURVE('',#4692,#4691,#5561,.T.);
#3461=EDGE_CURVE('',#4692,#4690,#27,.T.);
#3462=EDGE_CURVE('',#4693,#4691,#28,.T.);
#3463=EDGE_CURVE('',#4694,#4693,#5562,.T.);
#3464=EDGE_CURVE('',#4694,#4692,#29,.T.);
#3465=EDGE_CURVE('',#4695,#4693,#673,.F.);
#3466=EDGE_CURVE('',#4696,#4695,#5563,.T.);
#3467=EDGE_CURVE('',#4696,#4694,#674,.F.);
#3468=EDGE_CURVE('',#4697,#4695,#675,.F.);
#3469=EDGE_CURVE('',#4698,#4697,#5564,.T.);
#3470=EDGE_CURVE('',#4698,#4696,#676,.F.);
#3471=EDGE_CURVE('',#4699,#4697,#5565,.T.);
#3472=EDGE_CURVE('',#4700,#4699,#5566,.T.);
#3473=EDGE_CURVE('',#4700,#4698,#5567,.T.);
#3474=EDGE_CURVE('',#4701,#4699,#677,.T.);
#3475=EDGE_CURVE('',#4702,#4701,#5568,.T.);
#3476=EDGE_CURVE('',#4702,#4700,#678,.T.);
#3477=EDGE_CURVE('',#4703,#4701,#679,.T.);
#3478=EDGE_CURVE('',#4704,#4703,#5569,.T.);
#3479=EDGE_CURVE('',#4704,#4702,#680,.T.);
#3480=EDGE_CURVE('',#4705,#4703,#30,.T.);
#3481=EDGE_CURVE('',#4706,#4705,#5570,.T.);
#3482=EDGE_CURVE('',#4706,#4704,#31,.T.);
#3483=EDGE_CURVE('',#4707,#4705,#32,.T.);
#3484=EDGE_CURVE('',#4708,#4707,#5571,.T.);
#3485=EDGE_CURVE('',#4708,#4706,#33,.T.);
#3486=EDGE_CURVE('',#4709,#4707,#34,.T.);
#3487=EDGE_CURVE('',#4710,#4709,#5572,.T.);
#3488=EDGE_CURVE('',#4710,#4708,#35,.T.);
#3489=EDGE_CURVE('',#4711,#4709,#36,.T.);
#3490=EDGE_CURVE('',#4712,#4711,#5573,.T.);
#3491=EDGE_CURVE('',#4712,#4710,#37,.T.);
#3492=EDGE_CURVE('',#4713,#4711,#5574,.T.);
#3493=EDGE_CURVE('',#4714,#4713,#5575,.T.);
#3494=EDGE_CURVE('',#4714,#4712,#5576,.T.);
#3495=EDGE_CURVE('',#4660,#4713,#38,.T.);
#3496=EDGE_CURVE('',#4662,#4714,#39,.T.);
#3497=EDGE_CURVE('',#4715,#4716,#40,.T.);
#3498=EDGE_CURVE('',#4717,#4715,#5577,.T.);
#3499=EDGE_CURVE('',#4717,#4718,#41,.T.);
#3500=EDGE_CURVE('',#4718,#4716,#5578,.T.);
#3501=EDGE_CURVE('',#4719,#4715,#42,.T.);
#3502=EDGE_CURVE('',#4720,#4719,#5579,.T.);
#3503=EDGE_CURVE('',#4720,#4717,#43,.T.);
#3504=EDGE_CURVE('',#4721,#4719,#44,.T.);
#3505=EDGE_CURVE('',#4722,#4721,#5580,.T.);
#3506=EDGE_CURVE('',#4722,#4720,#45,.T.);
#3507=EDGE_CURVE('',#4723,#4721,#46,.T.);
#3508=EDGE_CURVE('',#4724,#4723,#5581,.T.);
#3509=EDGE_CURVE('',#4724,#4722,#47,.T.);
#3510=EDGE_CURVE('',#4725,#4723,#48,.T.);
#3511=EDGE_CURVE('',#4726,#4725,#5582,.T.);
#3512=EDGE_CURVE('',#4726,#4724,#49,.T.);
#3513=EDGE_CURVE('',#4727,#4725,#50,.T.);
#3514=EDGE_CURVE('',#4728,#4727,#5583,.T.);
#3515=EDGE_CURVE('',#4728,#4726,#51,.T.);
#3516=EDGE_CURVE('',#4729,#4727,#52,.T.);
#3517=EDGE_CURVE('',#4730,#4729,#5584,.T.);
#3518=EDGE_CURVE('',#4730,#4728,#53,.T.);
#3519=EDGE_CURVE('',#4731,#4732,#54,.T.);
#3520=EDGE_CURVE('',#4733,#4731,#5585,.T.);
#3521=EDGE_CURVE('',#4733,#4734,#55,.T.);
#3522=EDGE_CURVE('',#4734,#4732,#5586,.T.);
#3523=EDGE_CURVE('',#4735,#4731,#56,.T.);
#3524=EDGE_CURVE('',#4736,#4735,#5587,.T.);
#3525=EDGE_CURVE('',#4736,#4733,#57,.T.);
#3526=EDGE_CURVE('',#4737,#4735,#58,.T.);
#3527=EDGE_CURVE('',#4738,#4737,#5588,.T.);
#3528=EDGE_CURVE('',#4738,#4736,#59,.T.);
#3529=EDGE_CURVE('',#4739,#4737,#60,.T.);
#3530=EDGE_CURVE('',#4740,#4739,#5589,.T.);
#3531=EDGE_CURVE('',#4740,#4738,#61,.T.);
#3532=EDGE_CURVE('',#4741,#4739,#62,.T.);
#3533=EDGE_CURVE('',#4742,#4741,#5590,.T.);
#3534=EDGE_CURVE('',#4742,#4740,#63,.T.);
#3535=EDGE_CURVE('',#4743,#4741,#64,.T.);
#3536=EDGE_CURVE('',#4744,#4743,#5591,.T.);
#3537=EDGE_CURVE('',#4744,#4742,#65,.T.);
#3538=EDGE_CURVE('',#4745,#4743,#66,.T.);
#3539=EDGE_CURVE('',#4746,#4745,#5592,.T.);
#3540=EDGE_CURVE('',#4746,#4744,#67,.T.);
#3541=EDGE_CURVE('',#4732,#4745,#68,.T.);
#3542=EDGE_CURVE('',#4734,#4746,#69,.T.);
#3543=EDGE_CURVE('',#4716,#4729,#70,.T.);
#3544=EDGE_CURVE('',#4718,#4730,#71,.T.);
#3545=EDGE_CURVE('',#4747,#4747,#681,.T.);
#3546=EDGE_CURVE('',#4748,#4748,#682,.F.);
#3547=EDGE_CURVE('',#4749,#4750,#5593,.T.);
#3548=EDGE_CURVE('',#4749,#4751,#5594,.T.);
#3549=EDGE_CURVE('',#4751,#4752,#5595,.T.);
#3550=EDGE_CURVE('',#4752,#4750,#5596,.T.);
#3551=EDGE_CURVE('',#4753,#4754,#5597,.T.);
#3552=EDGE_CURVE('',#4753,#4755,#683,.T.);
#3553=EDGE_CURVE('',#4752,#4755,#5598,.T.);
#3554=EDGE_CURVE('',#4756,#4751,#5599,.T.);
#3555=EDGE_CURVE('',#4756,#4754,#5600,.T.);
#3556=EDGE_CURVE('',#4757,#4758,#5601,.T.);
#3557=EDGE_CURVE('',#4757,#4749,#5602,.T.);
#3558=EDGE_CURVE('',#4750,#4758,#5603,.T.);
#3559=EDGE_CURVE('',#4759,#4760,#5604,.T.);
#3560=EDGE_CURVE('',#4759,#4753,#5605,.T.);
#3561=EDGE_CURVE('',#4754,#4758,#5606,.T.);
#3562=EDGE_CURVE('',#4755,#4760,#5607,.F.);
#3563=EDGE_CURVE('',#4757,#4756,#5608,.T.);
#3564=EDGE_CURVE('',#4760,#4759,#684,.T.);
#3565=EDGE_CURVE('',#4761,#4762,#5609,.T.);
#3566=EDGE_CURVE('',#4761,#4763,#5610,.T.);
#3567=EDGE_CURVE('',#4763,#4764,#5611,.T.);
#3568=EDGE_CURVE('',#4762,#4764,#5612,.T.);
#3569=EDGE_CURVE('',#4761,#4765,#5613,.T.);
#3570=EDGE_CURVE('',#4765,#4766,#5614,.T.);
#3571=EDGE_CURVE('',#4763,#4766,#5615,.T.);
#3572=EDGE_CURVE('',#4765,#4767,#5616,.T.);
#3573=EDGE_CURVE('',#4767,#4768,#5617,.T.);
#3574=EDGE_CURVE('',#4766,#4768,#5618,.T.);
#3575=EDGE_CURVE('',#4762,#4767,#5619,.T.);
#3576=EDGE_CURVE('',#4764,#4768,#5620,.T.);
#3577=EDGE_CURVE('',#4769,#4770,#72,.T.);
#3578=EDGE_CURVE('',#4771,#4769,#5621,.T.);
#3579=EDGE_CURVE('',#4771,#4772,#73,.T.);
#3580=EDGE_CURVE('',#4772,#4770,#5622,.T.);
#3581=EDGE_CURVE('',#4773,#4769,#685,.F.);
#3582=EDGE_CURVE('',#4774,#4773,#5623,.T.);
#3583=EDGE_CURVE('',#4774,#4771,#686,.F.);
#3584=EDGE_CURVE('',#4775,#4773,#687,.F.);
#3585=EDGE_CURVE('',#4776,#4775,#5624,.T.);
#3586=EDGE_CURVE('',#4776,#4774,#688,.F.);
#3587=EDGE_CURVE('',#4777,#4775,#689,.F.);
#3588=EDGE_CURVE('',#4778,#4777,#5625,.T.);
#3589=EDGE_CURVE('',#4778,#4776,#690,.F.);
#3590=EDGE_CURVE('',#4779,#4777,#691,.F.);
#3591=EDGE_CURVE('',#4780,#4779,#5626,.T.);
#3592=EDGE_CURVE('',#4780,#4778,#692,.F.);
#3593=EDGE_CURVE('',#4781,#4779,#693,.F.);
#3594=EDGE_CURVE('',#4782,#4781,#5627,.T.);
#3595=EDGE_CURVE('',#4782,#4780,#694,.F.);
#3596=EDGE_CURVE('',#4783,#4781,#695,.F.);
#3597=EDGE_CURVE('',#4784,#4783,#5628,.T.);
#3598=EDGE_CURVE('',#4784,#4782,#696,.F.);
#3599=EDGE_CURVE('',#4785,#4783,#74,.T.);
#3600=EDGE_CURVE('',#4786,#4785,#5629,.T.);
#3601=EDGE_CURVE('',#4786,#4784,#75,.T.);
#3602=EDGE_CURVE('',#4787,#4785,#76,.T.);
#3603=EDGE_CURVE('',#4788,#4787,#5630,.T.);
#3604=EDGE_CURVE('',#4788,#4786,#77,.T.);
#3605=EDGE_CURVE('',#4789,#4790,#78,.T.);
#3606=EDGE_CURVE('',#4791,#4789,#5631,.T.);
#3607=EDGE_CURVE('',#4791,#4792,#79,.T.);
#3608=EDGE_CURVE('',#4792,#4790,#5632,.T.);
#3609=EDGE_CURVE('',#4793,#4789,#80,.T.);
#3610=EDGE_CURVE('',#4794,#4793,#5633,.T.);
#3611=EDGE_CURVE('',#4794,#4791,#81,.T.);
#3612=EDGE_CURVE('',#4795,#4793,#82,.T.);
#3613=EDGE_CURVE('',#4796,#4795,#5634,.T.);
#3614=EDGE_CURVE('',#4796,#4794,#83,.T.);
#3615=EDGE_CURVE('',#4797,#4795,#84,.T.);
#3616=EDGE_CURVE('',#4798,#4797,#5635,.T.);
#3617=EDGE_CURVE('',#4798,#4796,#85,.T.);
#3618=EDGE_CURVE('',#4799,#4797,#86,.T.);
#3619=EDGE_CURVE('',#4800,#4799,#5636,.T.);
#3620=EDGE_CURVE('',#4800,#4798,#87,.T.);
#3621=EDGE_CURVE('',#4801,#4799,#88,.T.);
#3622=EDGE_CURVE('',#4802,#4801,#5637,.T.);
#3623=EDGE_CURVE('',#4802,#4800,#89,.T.);
#3624=EDGE_CURVE('',#4803,#4801,#90,.T.);
#3625=EDGE_CURVE('',#4804,#4803,#5638,.T.);
#3626=EDGE_CURVE('',#4804,#4802,#91,.T.);
#3627=EDGE_CURVE('',#4805,#4803,#92,.T.);
#3628=EDGE_CURVE('',#4806,#4805,#5639,.T.);
#3629=EDGE_CURVE('',#4806,#4804,#93,.T.);
#3630=EDGE_CURVE('',#4807,#4805,#5640,.T.);
#3631=EDGE_CURVE('',#4808,#4807,#5641,.T.);
#3632=EDGE_CURVE('',#4808,#4806,#5642,.T.);
#3633=EDGE_CURVE('',#4809,#4807,#94,.T.);
#3634=EDGE_CURVE('',#4810,#4809,#5643,.T.);
#3635=EDGE_CURVE('',#4810,#4808,#95,.T.);
#3636=EDGE_CURVE('',#4811,#4809,#96,.T.);
#3637=EDGE_CURVE('',#4812,#4811,#5644,.T.);
#3638=EDGE_CURVE('',#4812,#4810,#97,.T.);
#3639=EDGE_CURVE('',#4813,#4811,#697,.F.);
#3640=EDGE_CURVE('',#4814,#4813,#5645,.T.);
#3641=EDGE_CURVE('',#4814,#4812,#698,.F.);
#3642=EDGE_CURVE('',#4815,#4813,#5646,.T.);
#3643=EDGE_CURVE('',#4816,#4815,#5647,.T.);
#3644=EDGE_CURVE('',#4816,#4814,#5648,.T.);
#3645=EDGE_CURVE('',#4817,#4815,#98,.T.);
#3646=EDGE_CURVE('',#4818,#4817,#5649,.T.);
#3647=EDGE_CURVE('',#4818,#4816,#99,.T.);
#3648=EDGE_CURVE('',#4790,#4817,#100,.T.);
#3649=EDGE_CURVE('',#4792,#4818,#101,.T.);
#3650=EDGE_CURVE('',#4770,#4787,#102,.T.);
#3651=EDGE_CURVE('',#4772,#4788,#103,.T.);
#3652=EDGE_CURVE('',#4819,#4820,#5650,.T.);
#3653=EDGE_CURVE('',#4821,#4819,#5651,.T.);
#3654=EDGE_CURVE('',#4821,#4822,#5652,.T.);
#3655=EDGE_CURVE('',#4822,#4820,#5653,.T.);
#3656=EDGE_CURVE('',#4823,#4819,#5654,.T.);
#3657=EDGE_CURVE('',#4824,#4823,#5655,.T.);
#3658=EDGE_CURVE('',#4824,#4821,#5656,.T.);
#3659=EDGE_CURVE('',#4825,#4823,#699,.T.);
#3660=EDGE_CURVE('',#4826,#4825,#5657,.T.);
#3661=EDGE_CURVE('',#4826,#4824,#700,.T.);
#3662=EDGE_CURVE('',#4827,#4825,#701,.T.);
#3663=EDGE_CURVE('',#4828,#4827,#5658,.T.);
#3664=EDGE_CURVE('',#4828,#4826,#702,.T.);
#3665=EDGE_CURVE('',#4829,#4827,#5659,.T.);
#3666=EDGE_CURVE('',#4830,#4829,#5660,.T.);
#3667=EDGE_CURVE('',#4830,#4828,#5661,.T.);
#3668=EDGE_CURVE('',#4831,#4829,#5662,.T.);
#3669=EDGE_CURVE('',#4832,#4831,#5663,.T.);
#3670=EDGE_CURVE('',#4832,#4830,#5664,.T.);
#3671=EDGE_CURVE('',#4833,#4831,#5665,.T.);
#3672=EDGE_CURVE('',#4834,#4833,#5666,.T.);
#3673=EDGE_CURVE('',#4834,#4832,#5667,.T.);
#3674=EDGE_CURVE('',#4835,#4833,#5668,.T.);
#3675=EDGE_CURVE('',#4836,#4835,#5669,.T.);
#3676=EDGE_CURVE('',#4836,#4834,#5670,.T.);
#3677=EDGE_CURVE('',#4820,#4835,#5671,.T.);
#3678=EDGE_CURVE('',#4822,#4836,#5672,.T.);
#3679=EDGE_CURVE('',#4837,#4838,#5673,.T.);
#3680=EDGE_CURVE('',#4837,#4839,#5674,.T.);
#3681=EDGE_CURVE('',#4840,#4839,#5675,.T.);
#3682=EDGE_CURVE('',#4840,#4838,#5676,.T.);
#3683=EDGE_CURVE('',#4839,#4841,#5677,.T.);
#3684=EDGE_CURVE('',#4842,#4841,#5678,.T.);
#3685=EDGE_CURVE('',#4843,#4842,#5679,.T.);
#3686=EDGE_CURVE('',#4840,#4843,#5680,.T.);
#3687=EDGE_CURVE('',#4844,#4845,#5681,.T.);
#3688=EDGE_CURVE('',#4844,#4846,#5682,.T.);
#3689=EDGE_CURVE('',#4846,#4847,#5683,.T.);
#3690=EDGE_CURVE('',#4847,#4845,#5684,.T.);
#3691=EDGE_CURVE('',#4848,#4849,#5685,.T.);
#3692=EDGE_CURVE('',#4848,#4850,#5686,.T.);
#3693=EDGE_CURVE('',#4851,#4850,#5687,.T.);
#3694=EDGE_CURVE('',#4849,#4851,#5688,.T.);
#3695=EDGE_CURVE('',#4852,#4852,#703,.T.);
#3696=EDGE_CURVE('',#4853,#4853,#704,.T.);
#3697=EDGE_CURVE('',#4854,#4855,#5689,.T.);
#3698=EDGE_CURVE('',#4856,#4855,#5690,.T.);
#3699=EDGE_CURVE('',#4856,#4857,#5691,.T.);
#3700=EDGE_CURVE('',#4857,#4858,#5692,.T.);
#3701=EDGE_CURVE('',#4858,#4854,#5693,.T.);
#3702=EDGE_CURVE('',#4849,#4846,#5694,.T.);
#3703=EDGE_CURVE('',#4851,#4847,#5695,.T.);
#3704=EDGE_CURVE('',#4859,#4860,#5696,.T.);
#3705=EDGE_CURVE('',#4859,#4861,#5697,.T.);
#3706=EDGE_CURVE('',#4861,#4862,#5698,.T.);
#3707=EDGE_CURVE('',#4860,#4862,#5699,.T.);
#3708=EDGE_CURVE('',#4863,#4864,#5700,.T.);
#3709=EDGE_CURVE('',#4860,#4863,#5701,.T.);
#3710=EDGE_CURVE('',#4862,#4864,#5702,.T.);
#3711=EDGE_CURVE('',#4865,#4864,#5703,.T.);
#3712=EDGE_CURVE('',#4861,#4865,#5704,.T.);
#3713=EDGE_CURVE('',#4866,#4865,#5705,.T.);
#3714=EDGE_CURVE('',#4859,#4866,#5706,.T.);
#3715=EDGE_CURVE('',#4866,#4863,#5707,.T.);
#3716=EDGE_CURVE('',#4867,#4868,#5708,.T.);
#3717=EDGE_CURVE('',#4867,#4869,#5709,.T.);
#3718=EDGE_CURVE('',#4869,#4870,#5710,.T.);
#3719=EDGE_CURVE('',#4868,#4870,#5711,.T.);
#3720=EDGE_CURVE('',#4871,#4872,#5712,.T.);
#3721=EDGE_CURVE('',#4868,#4871,#5713,.T.);
#3722=EDGE_CURVE('',#4870,#4872,#5714,.T.);
#3723=EDGE_CURVE('',#4873,#4872,#5715,.T.);
#3724=EDGE_CURVE('',#4869,#4873,#5716,.T.);
#3725=EDGE_CURVE('',#4874,#4873,#5717,.T.);
#3726=EDGE_CURVE('',#4867,#4874,#5718,.T.);
#3727=EDGE_CURVE('',#4874,#4871,#5719,.T.);
#3728=EDGE_CURVE('',#4837,#4875,#5720,.T.);
#3729=EDGE_CURVE('',#4838,#4876,#5721,.T.);
#3730=EDGE_CURVE('',#4877,#4876,#5722,.T.);
#3731=EDGE_CURVE('',#4875,#4877,#5723,.T.);
#3732=EDGE_CURVE('',#4878,#4878,#705,.T.);
#3733=EDGE_CURVE('',#4879,#4879,#706,.T.);
#3734=EDGE_CURVE('',#4880,#4881,#5724,.T.);
#3735=EDGE_CURVE('',#4880,#4882,#5725,.T.);
#3736=EDGE_CURVE('',#4882,#4883,#5726,.T.);
#3737=EDGE_CURVE('',#4881,#4883,#5727,.T.);
#3738=EDGE_CURVE('',#4884,#4885,#5728,.T.);
#3739=EDGE_CURVE('',#4884,#4886,#5729,.T.);
#3740=EDGE_CURVE('',#4886,#4887,#5730,.T.);
#3741=EDGE_CURVE('',#4885,#4887,#5731,.T.);
#3742=EDGE_CURVE('',#4888,#4889,#5732,.T.);
#3743=EDGE_CURVE('',#4881,#4888,#5733,.T.);
#3744=EDGE_CURVE('',#4883,#4889,#5734,.T.);
#3745=EDGE_CURVE('',#4890,#4891,#5735,.T.);
#3746=EDGE_CURVE('',#4885,#4890,#5736,.T.);
#3747=EDGE_CURVE('',#4887,#4891,#5737,.T.);
#3748=EDGE_CURVE('',#4892,#4891,#5738,.T.);
#3749=EDGE_CURVE('',#4886,#4892,#5739,.T.);
#3750=EDGE_CURVE('',#4893,#4892,#5740,.T.);
#3751=EDGE_CURVE('',#4884,#4893,#5741,.T.);
#3752=EDGE_CURVE('',#4893,#4890,#5742,.T.);
#3753=EDGE_CURVE('',#4894,#4889,#5743,.T.);
#3754=EDGE_CURVE('',#4882,#4894,#5744,.T.);
#3755=EDGE_CURVE('',#4895,#4894,#5745,.T.);
#3756=EDGE_CURVE('',#4880,#4895,#5746,.T.);
#3757=EDGE_CURVE('',#4895,#4888,#5747,.T.);
#3758=EDGE_CURVE('',#4850,#4845,#5748,.T.);
#3759=EDGE_CURVE('',#4876,#4843,#5749,.T.);
#3760=EDGE_CURVE('',#4896,#4855,#5750,.T.);
#3761=EDGE_CURVE('',#4897,#4896,#5751,.T.);
#3762=EDGE_CURVE('',#4897,#4856,#5752,.T.);
#3763=EDGE_CURVE('',#4897,#4898,#5753,.T.);
#3764=EDGE_CURVE('',#4898,#4857,#5754,.T.);
#3765=EDGE_CURVE('',#4898,#4899,#5755,.T.);
#3766=EDGE_CURVE('',#4899,#4858,#5756,.T.);
#3767=EDGE_CURVE('',#4899,#4900,#5757,.T.);
#3768=EDGE_CURVE('',#4900,#4854,#5758,.T.);
#3769=EDGE_CURVE('',#4900,#4896,#5759,.T.);
#3770=EDGE_CURVE('',#4848,#4842,#5760,.T.);
#3771=EDGE_CURVE('',#4841,#4875,#5761,.T.);
#3772=EDGE_CURVE('',#4877,#4844,#5762,.T.);
#3773=EDGE_CURVE('',#4842,#4877,#5763,.T.);
#3774=EDGE_CURVE('',#4901,#4902,#104,.T.);
#3775=EDGE_CURVE('',#4903,#4901,#5764,.T.);
#3776=EDGE_CURVE('',#4903,#4904,#105,.T.);
#3777=EDGE_CURVE('',#4904,#4902,#5765,.T.);
#3778=EDGE_CURVE('',#4905,#4901,#106,.T.);
#3779=EDGE_CURVE('',#4906,#4905,#5766,.T.);
#3780=EDGE_CURVE('',#4906,#4903,#107,.T.);
#3781=EDGE_CURVE('',#4907,#4905,#108,.T.);
#3782=EDGE_CURVE('',#4908,#4907,#5767,.T.);
#3783=EDGE_CURVE('',#4908,#4906,#109,.T.);
#3784=EDGE_CURVE('',#4909,#4907,#110,.T.);
#3785=EDGE_CURVE('',#4910,#4909,#5768,.T.);
#3786=EDGE_CURVE('',#4910,#4908,#111,.T.);
#3787=EDGE_CURVE('',#4911,#4909,#112,.T.);
#3788=EDGE_CURVE('',#4912,#4911,#5769,.T.);
#3789=EDGE_CURVE('',#4912,#4910,#113,.T.);
#3790=EDGE_CURVE('',#4913,#4911,#114,.T.);
#3791=EDGE_CURVE('',#4914,#4913,#5770,.T.);
#3792=EDGE_CURVE('',#4914,#4912,#115,.T.);
#3793=EDGE_CURVE('',#4915,#4913,#116,.T.);
#3794=EDGE_CURVE('',#4916,#4915,#5771,.T.);
#3795=EDGE_CURVE('',#4916,#4914,#117,.T.);
#3796=EDGE_CURVE('',#4917,#4918,#118,.T.);
#3797=EDGE_CURVE('',#4919,#4917,#5772,.T.);
#3798=EDGE_CURVE('',#4919,#4920,#119,.T.);
#3799=EDGE_CURVE('',#4920,#4918,#5773,.T.);
#3800=EDGE_CURVE('',#4921,#4917,#120,.T.);
#3801=EDGE_CURVE('',#4922,#4921,#5774,.T.);
#3802=EDGE_CURVE('',#4922,#4919,#121,.T.);
#3803=EDGE_CURVE('',#4923,#4921,#122,.T.);
#3804=EDGE_CURVE('',#4924,#4923,#5775,.T.);
#3805=EDGE_CURVE('',#4924,#4922,#123,.T.);
#3806=EDGE_CURVE('',#4925,#4923,#124,.T.);
#3807=EDGE_CURVE('',#4926,#4925,#5776,.T.);
#3808=EDGE_CURVE('',#4926,#4924,#125,.T.);
#3809=EDGE_CURVE('',#4927,#4925,#126,.T.);
#3810=EDGE_CURVE('',#4928,#4927,#5777,.T.);
#3811=EDGE_CURVE('',#4928,#4926,#127,.T.);
#3812=EDGE_CURVE('',#4929,#4927,#128,.T.);
#3813=EDGE_CURVE('',#4930,#4929,#5778,.T.);
#3814=EDGE_CURVE('',#4930,#4928,#129,.T.);
#3815=EDGE_CURVE('',#4931,#4929,#130,.T.);
#3816=EDGE_CURVE('',#4932,#4931,#5779,.T.);
#3817=EDGE_CURVE('',#4932,#4930,#131,.T.);
#3818=EDGE_CURVE('',#4918,#4931,#132,.T.);
#3819=EDGE_CURVE('',#4920,#4932,#133,.T.);
#3820=EDGE_CURVE('',#4902,#4915,#134,.T.);
#3821=EDGE_CURVE('',#4904,#4916,#135,.T.);
#3822=EDGE_CURVE('',#4933,#4933,#707,.T.);
#3823=EDGE_CURVE('',#4934,#4934,#708,.F.);
#3824=EDGE_CURVE('',#4935,#4935,#709,.T.);
#3825=EDGE_CURVE('',#4936,#4936,#710,.T.);
#3826=EDGE_CURVE('',#4937,#4937,#711,.T.);
#3827=EDGE_CURVE('',#4938,#4938,#712,.T.);
#3828=EDGE_CURVE('',#4939,#4939,#713,.T.);
#3829=EDGE_CURVE('',#4940,#4941,#5780,.T.);
#3830=EDGE_CURVE('',#4942,#4940,#5781,.T.);
#3831=EDGE_CURVE('',#4942,#4943,#5782,.T.);
#3832=EDGE_CURVE('',#4943,#4941,#5783,.T.);
#3833=EDGE_CURVE('',#4944,#4945,#5784,.T.);
#3834=EDGE_CURVE('',#4946,#4944,#5785,.T.);
#3835=EDGE_CURVE('',#4946,#4947,#5786,.T.);
#3836=EDGE_CURVE('',#4947,#4945,#5787,.T.);
#3837=EDGE_CURVE('',#4948,#4948,#714,.T.);
#3838=EDGE_CURVE('',#4949,#4949,#715,.T.);
#3839=EDGE_CURVE('',#4950,#4950,#716,.F.);
#3840=EDGE_CURVE('',#4951,#4951,#717,.F.);
#3841=EDGE_CURVE('',#4952,#4953,#5788,.T.);
#3842=EDGE_CURVE('',#4952,#4954,#5789,.T.);
#3843=EDGE_CURVE('',#4955,#4954,#5790,.T.);
#3844=EDGE_CURVE('',#4956,#4955,#5791,.T.);
#3845=EDGE_CURVE('',#4956,#4957,#5792,.T.);
#3846=EDGE_CURVE('',#4958,#4957,#5793,.T.);
#3847=EDGE_CURVE('',#4959,#4958,#5794,.T.);
#3848=EDGE_CURVE('',#4960,#4959,#5795,.T.);
#3849=EDGE_CURVE('',#4960,#4961,#5796,.T.);
#3850=EDGE_CURVE('',#4961,#4962,#5797,.T.);
#3851=EDGE_CURVE('',#4962,#4963,#5798,.T.);
#3852=EDGE_CURVE('',#4963,#4953,#5799,.T.);
#3853=EDGE_CURVE('',#4964,#4965,#5800,.T.);
#3854=EDGE_CURVE('',#4964,#4966,#5801,.T.);
#3855=EDGE_CURVE('',#4966,#4967,#5802,.T.);
#3856=EDGE_CURVE('',#4965,#4967,#5803,.T.);
#3857=EDGE_CURVE('',#4968,#4968,#718,.T.);
#3858=EDGE_CURVE('',#4969,#4966,#5804,.T.);
#3859=EDGE_CURVE('',#4969,#4970,#5805,.T.);
#3860=EDGE_CURVE('',#4967,#4970,#5806,.T.);
#3861=EDGE_CURVE('',#4971,#4971,#719,.T.);
#3862=EDGE_CURVE('',#4972,#4973,#5807,.T.);
#3863=EDGE_CURVE('',#4972,#4964,#5808,.T.);
#3864=EDGE_CURVE('',#4965,#4974,#5809,.T.);
#3865=EDGE_CURVE('',#4975,#4974,#720,.T.);
#3866=EDGE_CURVE('',#4975,#4973,#5810,.T.);
#3867=EDGE_CURVE('',#4945,#4940,#5811,.T.);
#3868=EDGE_CURVE('',#4947,#4942,#5812,.T.);
#3869=EDGE_CURVE('',#4976,#4977,#5813,.T.);
#3870=EDGE_CURVE('',#4976,#4978,#5814,.T.);
#3871=EDGE_CURVE('',#4978,#4979,#5815,.T.);
#3872=EDGE_CURVE('',#4977,#4979,#5816,.T.);
#3873=EDGE_CURVE('',#4980,#4981,#5817,.T.);
#3874=EDGE_CURVE('',#4981,#4982,#5818,.T.);
#3875=EDGE_CURVE('',#4983,#4982,#5819,.T.);
#3876=EDGE_CURVE('',#4980,#4983,#5820,.T.);
#3877=EDGE_CURVE('',#4944,#4941,#5821,.T.);
#3878=EDGE_CURVE('',#4972,#4943,#5822,.T.);
#3879=EDGE_CURVE('',#4973,#4970,#5823,.T.);
#3880=EDGE_CURVE('',#4946,#4969,#5824,.T.);
#3881=EDGE_CURVE('',#4984,#4984,#721,.T.);
#3882=EDGE_CURVE('',#4985,#4985,#722,.F.);
#3883=EDGE_CURVE('',#4986,#4986,#723,.T.);
#3884=EDGE_CURVE('',#4987,#4988,#5825,.T.);
#3885=EDGE_CURVE('',#4988,#4987,#724,.T.);
#3886=EDGE_CURVE('',#4988,#4989,#5826,.T.);
#3887=EDGE_CURVE('',#4990,#4989,#725,.T.);
#3888=EDGE_CURVE('',#4987,#4990,#5827,.T.);
#3889=EDGE_CURVE('',#4991,#4992,#726,.T.);
#3890=EDGE_CURVE('',#4991,#4992,#5828,.T.);
#3891=EDGE_CURVE('',#4991,#4975,#5829,.T.);
#3892=EDGE_CURVE('',#4992,#4974,#5830,.T.);
#3893=EDGE_CURVE('',#4993,#4994,#5831,.T.);
#3894=EDGE_CURVE('',#4993,#4995,#5832,.T.);
#3895=EDGE_CURVE('',#4995,#4996,#5833,.T.);
#3896=EDGE_CURVE('',#4994,#4996,#5834,.T.);
#3897=EDGE_CURVE('',#4990,#4983,#5835,.T.);
#3898=EDGE_CURVE('',#4996,#4982,#5836,.T.);
#3899=EDGE_CURVE('',#4995,#4989,#5837,.T.);
#3900=EDGE_CURVE('',#4993,#4980,#5838,.T.);
#3901=EDGE_CURVE('',#4994,#4981,#5839,.T.);
#3902=EDGE_CURVE('',#4997,#4997,#727,.T.);
#3903=EDGE_CURVE('',#4998,#4999,#5840,.T.);
#3904=EDGE_CURVE('',#4999,#5000,#5841,.T.);
#3905=EDGE_CURVE('',#5001,#5000,#5842,.T.);
#3906=EDGE_CURVE('',#4998,#5001,#5843,.T.);
#3907=EDGE_CURVE('',#5002,#5002,#728,.T.);
#3908=EDGE_CURVE('',#5001,#4978,#5844,.T.);
#3909=EDGE_CURVE('',#5000,#4979,#5845,.T.);
#3910=EDGE_CURVE('',#4999,#4977,#5846,.T.);
#3911=EDGE_CURVE('',#4998,#4976,#5847,.T.);
#3912=EDGE_CURVE('',#5003,#4962,#5848,.T.);
#3913=EDGE_CURVE('',#5004,#5003,#5849,.T.);
#3914=EDGE_CURVE('',#5004,#5005,#5850,.T.);
#3915=EDGE_CURVE('',#5005,#4963,#5851,.T.);
#3916=EDGE_CURVE('',#5003,#5006,#5852,.T.);
#3917=EDGE_CURVE('',#5007,#5006,#5853,.T.);
#3918=EDGE_CURVE('',#5004,#5007,#5854,.T.);
#3919=EDGE_CURVE('',#5008,#4953,#5855,.T.);
#3920=EDGE_CURVE('',#5007,#5008,#5856,.T.);
#3921=EDGE_CURVE('',#5006,#4952,#5857,.T.);
#3922=EDGE_CURVE('',#5005,#5008,#5858,.T.);
#3923=EDGE_CURVE('',#5009,#5010,#5859,.T.);
#3924=EDGE_CURVE('',#5011,#5009,#5860,.T.);
#3925=EDGE_CURVE('',#5011,#5012,#5861,.T.);
#3926=EDGE_CURVE('',#5012,#5010,#5862,.T.);
#3927=EDGE_CURVE('',#5013,#4958,#5863,.T.);
#3928=EDGE_CURVE('',#5011,#5013,#5864,.T.);
#3929=EDGE_CURVE('',#5009,#4959,#5865,.T.);
#3930=EDGE_CURVE('',#5014,#4957,#5866,.T.);
#3931=EDGE_CURVE('',#5013,#5014,#5867,.T.);
#3932=EDGE_CURVE('',#5010,#4956,#5868,.T.);
#3933=EDGE_CURVE('',#5012,#5014,#5869,.T.);
#3934=EDGE_CURVE('',#5006,#5015,#5870,.T.);
#3935=EDGE_CURVE('',#5015,#4954,#5871,.T.);
#3936=EDGE_CURVE('',#5010,#5016,#5872,.T.);
#3937=EDGE_CURVE('',#5016,#4955,#5873,.T.);
#3938=EDGE_CURVE('',#5017,#5017,#729,.T.);
#3939=EDGE_CURVE('',#5018,#5003,#5874,.T.);
#3940=EDGE_CURVE('',#5018,#4961,#5875,.T.);
#3941=EDGE_CURVE('',#5019,#4960,#5876,.T.);
#3942=EDGE_CURVE('',#5019,#5018,#5877,.T.);
#3943=EDGE_CURVE('',#5019,#5009,#5878,.T.);
#3944=EDGE_CURVE('',#5016,#5015,#5879,.T.);
#3945=EDGE_CURVE('',#5020,#5020,#730,.T.);
#3946=EDGE_CURVE('',#5021,#5021,#731,.T.);
#3947=EDGE_CURVE('',#5022,#5022,#732,.T.);
#3948=EDGE_CURVE('',#5023,#5024,#5880,.T.);
#3949=EDGE_CURVE('',#5023,#5025,#5881,.T.);
#3950=EDGE_CURVE('',#5025,#5026,#5882,.T.);
#3951=EDGE_CURVE('',#5024,#5026,#5883,.T.);
#3952=EDGE_CURVE('',#5027,#5028,#5884,.T.);
#3953=EDGE_CURVE('',#5027,#5029,#5885,.T.);
#3954=EDGE_CURVE('',#5029,#5030,#5886,.T.);
#3955=EDGE_CURVE('',#5028,#5030,#5887,.T.);
#3956=EDGE_CURVE('',#5031,#5032,#5888,.T.);
#3957=EDGE_CURVE('',#5031,#5033,#5889,.T.);
#3958=EDGE_CURVE('',#5033,#5034,#5890,.T.);
#3959=EDGE_CURVE('',#5032,#5034,#5891,.T.);
#3960=EDGE_CURVE('',#5035,#5035,#733,.T.);
#3961=EDGE_CURVE('',#5036,#5037,#5892,.T.);
#3962=EDGE_CURVE('',#5037,#5038,#5893,.T.);
#3963=EDGE_CURVE('',#5039,#5038,#5894,.T.);
#3964=EDGE_CURVE('',#5036,#5039,#5895,.T.);
#3965=EDGE_CURVE('',#5040,#5041,#734,.T.);
#3966=EDGE_CURVE('',#5041,#5040,#735,.T.);
#3967=EDGE_CURVE('',#5042,#5043,#5896,.T.);
#3968=EDGE_CURVE('',#5042,#5044,#5897,.T.);
#3969=EDGE_CURVE('',#5044,#5045,#5898,.T.);
#3970=EDGE_CURVE('',#5043,#5045,#5899,.T.);
#3971=EDGE_CURVE('',#5043,#5025,#5900,.T.);
#3972=EDGE_CURVE('',#5045,#5026,#5901,.T.);
#3973=EDGE_CURVE('',#5044,#5024,#5902,.T.);
#3974=EDGE_CURVE('',#5042,#5023,#5903,.T.);
#3975=EDGE_CURVE('',#5046,#5047,#5904,.T.);
#3976=EDGE_CURVE('',#5046,#5048,#5905,.T.);
#3977=EDGE_CURVE('',#5048,#5049,#5906,.T.);
#3978=EDGE_CURVE('',#5047,#5049,#5907,.T.);
#3979=EDGE_CURVE('',#5047,#5029,#5908,.T.);
#3980=EDGE_CURVE('',#5049,#5030,#5909,.T.);
#3981=EDGE_CURVE('',#5048,#5028,#5910,.T.);
#3982=EDGE_CURVE('',#5046,#5027,#5911,.T.);
#3983=EDGE_CURVE('',#5050,#5051,#5912,.T.);
#3984=EDGE_CURVE('',#5050,#5052,#5913,.T.);
#3985=EDGE_CURVE('',#5053,#5052,#5914,.T.);
#3986=EDGE_CURVE('',#5051,#5053,#5915,.T.);
#3987=EDGE_CURVE('',#5054,#5055,#5916,.T.);
#3988=EDGE_CURVE('',#5053,#5054,#5917,.T.);
#3989=EDGE_CURVE('',#5052,#5055,#5918,.T.);
#3990=EDGE_CURVE('',#5050,#5037,#5919,.T.);
#3991=EDGE_CURVE('',#5051,#5038,#5920,.T.);
#3992=EDGE_CURVE('',#5056,#5057,#736,.T.);
#3993=EDGE_CURVE('',#5056,#5041,#5921,.T.);
#3994=EDGE_CURVE('',#5040,#5057,#5922,.F.);
#3995=EDGE_CURVE('',#5058,#5058,#737,.T.);
#3996=EDGE_CURVE('',#5059,#5060,#5923,.T.);
#3997=EDGE_CURVE('',#5059,#5061,#5924,.T.);
#3998=EDGE_CURVE('',#5061,#5062,#5925,.T.);
#3999=EDGE_CURVE('',#5060,#5062,#5926,.T.);
#4000=EDGE_CURVE('',#5063,#5064,#5927,.T.);
#4001=EDGE_CURVE('',#5063,#5065,#5928,.T.);
#4002=EDGE_CURVE('',#5065,#5066,#5929,.T.);
#4003=EDGE_CURVE('',#5064,#5066,#5930,.T.);
#4004=EDGE_CURVE('',#5060,#5033,#5931,.T.);
#4005=EDGE_CURVE('',#5062,#5034,#5932,.T.);
#4006=EDGE_CURVE('',#5067,#5068,#5933,.T.);
#4007=EDGE_CURVE('',#5064,#5067,#5934,.T.);
#4008=EDGE_CURVE('',#5066,#5068,#5935,.T.);
#4009=EDGE_CURVE('',#5069,#5068,#5936,.T.);
#4010=EDGE_CURVE('',#5065,#5069,#5937,.T.);
#4011=EDGE_CURVE('',#5070,#5069,#5938,.T.);
#4012=EDGE_CURVE('',#5063,#5070,#5939,.T.);
#4013=EDGE_CURVE('',#5070,#5067,#5940,.T.);
#4014=EDGE_CURVE('',#5061,#5032,#5941,.T.);
#4015=EDGE_CURVE('',#5059,#5031,#5942,.T.);
#4016=EDGE_CURVE('',#5071,#5072,#5943,.T.);
#4017=EDGE_CURVE('',#5073,#5072,#5944,.T.);
#4018=EDGE_CURVE('',#5074,#5073,#5945,.T.);
#4019=EDGE_CURVE('',#5074,#5071,#5946,.T.);
#4020=EDGE_CURVE('',#5075,#5071,#5947,.T.);
#4021=EDGE_CURVE('',#5075,#5039,#5948,.T.);
#4022=EDGE_CURVE('',#5054,#5072,#5949,.T.);
#4023=EDGE_CURVE('',#5076,#5075,#5950,.T.);
#4024=EDGE_CURVE('',#5076,#5036,#5951,.T.);
#4025=EDGE_CURVE('',#5055,#5073,#5952,.T.);
#4026=EDGE_CURVE('',#5076,#5074,#5953,.T.);
#4027=EDGE_CURVE('',#5077,#5078,#5954,.T.);
#4028=EDGE_CURVE('',#5079,#5077,#5955,.T.);
#4029=EDGE_CURVE('',#5079,#5080,#5956,.T.);
#4030=EDGE_CURVE('',#5080,#5078,#5957,.T.);
#4031=EDGE_CURVE('',#5079,#5081,#5958,.T.);
#4032=EDGE_CURVE('',#5081,#5082,#5959,.T.);
#4033=EDGE_CURVE('',#5080,#5082,#5960,.T.);
#4034=EDGE_CURVE('',#5081,#5083,#5961,.T.);
#4035=EDGE_CURVE('',#5083,#5084,#5962,.T.);
#4036=EDGE_CURVE('',#5082,#5084,#5963,.T.);
#4037=EDGE_CURVE('',#5083,#5085,#5964,.T.);
#4038=EDGE_CURVE('',#5085,#5086,#5965,.T.);
#4039=EDGE_CURVE('',#5084,#5086,#5966,.T.);
#4040=EDGE_CURVE('',#5085,#5077,#5967,.T.);
#4041=EDGE_CURVE('',#5086,#5078,#5968,.T.);
#4042=EDGE_CURVE('',#5057,#5056,#738,.T.);
#4043=EDGE_CURVE('',#5087,#5087,#739,.T.);
#4044=EDGE_CURVE('',#5088,#5088,#740,.F.);
#4045=EDGE_CURVE('',#5089,#5089,#741,.T.);
#4046=EDGE_CURVE('',#5090,#5090,#742,.T.);
#4047=EDGE_CURVE('',#5091,#5091,#743,.F.);
#4048=EDGE_CURVE('',#5092,#5092,#744,.F.);
#4049=EDGE_CURVE('',#5093,#5094,#5969,.T.);
#4050=EDGE_CURVE('',#5093,#5095,#5970,.T.);
#4051=EDGE_CURVE('',#5096,#5095,#5971,.T.);
#4052=EDGE_CURVE('',#5097,#5096,#5972,.T.);
#4053=EDGE_CURVE('',#5097,#5098,#5973,.T.);
#4054=EDGE_CURVE('',#5099,#5098,#5974,.T.);
#4055=EDGE_CURVE('',#5100,#5099,#5975,.T.);
#4056=EDGE_CURVE('',#5101,#5100,#5976,.T.);
#4057=EDGE_CURVE('',#5101,#5102,#5977,.T.);
#4058=EDGE_CURVE('',#5102,#5103,#5978,.T.);
#4059=EDGE_CURVE('',#5103,#5104,#5979,.T.);
#4060=EDGE_CURVE('',#5104,#5094,#5980,.T.);
#4061=EDGE_CURVE('',#5105,#5106,#5981,.T.);
#4062=EDGE_CURVE('',#5105,#5107,#5982,.T.);
#4063=EDGE_CURVE('',#5107,#5108,#5983,.T.);
#4064=EDGE_CURVE('',#5108,#5106,#5984,.T.);
#4065=EDGE_CURVE('',#5105,#5109,#5985,.T.);
#4066=EDGE_CURVE('',#5110,#5106,#5986,.T.);
#4067=EDGE_CURVE('',#5111,#5110,#5987,.T.);
#4068=EDGE_CURVE('',#5112,#5111,#5988,.T.);
#4069=EDGE_CURVE('',#5112,#5113,#5989,.T.);
#4070=EDGE_CURVE('',#5114,#5113,#5990,.T.);
#4071=EDGE_CURVE('',#5115,#5114,#5991,.T.);
#4072=EDGE_CURVE('',#5116,#5115,#5992,.T.);
#4073=EDGE_CURVE('',#5116,#5117,#5993,.T.);
#4074=EDGE_CURVE('',#5117,#5118,#5994,.T.);
#4075=EDGE_CURVE('',#5109,#5118,#5995,.T.);
#4076=EDGE_CURVE('',#5119,#5120,#5996,.T.);
#4077=EDGE_CURVE('',#5119,#5121,#5997,.T.);
#4078=EDGE_CURVE('',#5121,#5122,#5998,.T.);
#4079=EDGE_CURVE('',#5120,#5122,#5999,.T.);
#4080=EDGE_CURVE('',#5109,#5121,#6000,.T.);
#4081=EDGE_CURVE('',#5122,#5118,#6001,.T.);
#4082=EDGE_CURVE('',#5116,#5119,#6002,.T.);
#4083=EDGE_CURVE('',#5120,#5117,#6003,.T.);
#4084=EDGE_CURVE('',#5123,#5123,#745,.T.);
#4085=EDGE_CURVE('',#5107,#5124,#6004,.T.);
#4086=EDGE_CURVE('',#5124,#5125,#6005,.T.);
#4087=EDGE_CURVE('',#5108,#5125,#6006,.T.);
#4088=EDGE_CURVE('',#5126,#5127,#136,.T.);
#4089=EDGE_CURVE('',#5127,#5128,#137,.T.);
#4090=EDGE_CURVE('',#5128,#5129,#138,.T.);
#4091=EDGE_CURVE('',#5129,#5130,#139,.T.);
#4092=EDGE_CURVE('',#5130,#5131,#140,.T.);
#4093=EDGE_CURVE('',#5131,#5132,#141,.T.);
#4094=EDGE_CURVE('',#5132,#5133,#142,.T.);
#4095=EDGE_CURVE('',#5133,#5126,#143,.T.);
#4096=EDGE_CURVE('',#5134,#5135,#6007,.T.);
#4097=EDGE_CURVE('',#5135,#5136,#6008,.T.);
#4098=EDGE_CURVE('',#5136,#5137,#6009,.T.);
#4099=EDGE_CURVE('',#5137,#5138,#746,.T.);
#4100=EDGE_CURVE('',#5138,#5139,#6010,.T.);
#4101=EDGE_CURVE('',#5139,#5140,#6011,.T.);
#4102=EDGE_CURVE('',#5140,#5141,#6012,.T.);
#4103=EDGE_CURVE('',#5141,#5142,#6013,.T.);
#4104=EDGE_CURVE('',#5142,#5143,#6014,.T.);
#4105=EDGE_CURVE('',#5143,#5144,#6015,.T.);
#4106=EDGE_CURVE('',#5144,#5145,#6016,.T.);
#4107=EDGE_CURVE('',#5145,#5146,#6017,.T.);
#4108=EDGE_CURVE('',#5146,#5147,#6018,.T.);
#4109=EDGE_CURVE('',#5147,#5148,#6019,.T.);
#4110=EDGE_CURVE('',#5148,#5149,#6020,.T.);
#4111=EDGE_CURVE('',#5149,#5150,#747,.T.);
#4112=EDGE_CURVE('',#5150,#5151,#6021,.T.);
#4113=EDGE_CURVE('',#5151,#5134,#6022,.T.);
#4114=EDGE_CURVE('',#5152,#5153,#144,.T.);
#4115=EDGE_CURVE('',#5153,#5154,#145,.T.);
#4116=EDGE_CURVE('',#5154,#5155,#146,.T.);
#4117=EDGE_CURVE('',#5155,#5156,#6023,.T.);
#4118=EDGE_CURVE('',#5156,#5157,#147,.T.);
#4119=EDGE_CURVE('',#5157,#5158,#148,.T.);
#4120=EDGE_CURVE('',#5158,#5159,#149,.T.);
#4121=EDGE_CURVE('',#5159,#5160,#150,.T.);
#4122=EDGE_CURVE('',#5160,#5161,#748,.T.);
#4123=EDGE_CURVE('',#5161,#5162,#749,.T.);
#4124=EDGE_CURVE('',#5162,#5163,#6024,.T.);
#4125=EDGE_CURVE('',#5163,#5164,#750,.F.);
#4126=EDGE_CURVE('',#5164,#5165,#751,.F.);
#4127=EDGE_CURVE('',#5165,#5166,#151,.T.);
#4128=EDGE_CURVE('',#5166,#5167,#152,.T.);
#4129=EDGE_CURVE('',#5167,#5168,#6025,.T.);
#4130=EDGE_CURVE('',#5168,#5169,#6026,.T.);
#4131=EDGE_CURVE('',#5169,#5170,#6027,.T.);
#4132=EDGE_CURVE('',#5170,#5171,#153,.T.);
#4133=EDGE_CURVE('',#5171,#5172,#154,.T.);
#4134=EDGE_CURVE('',#5172,#5173,#155,.T.);
#4135=EDGE_CURVE('',#5173,#5174,#156,.T.);
#4136=EDGE_CURVE('',#5174,#5175,#752,.F.);
#4137=EDGE_CURVE('',#5175,#5176,#157,.T.);
#4138=EDGE_CURVE('',#5176,#5177,#6028,.T.);
#4139=EDGE_CURVE('',#5177,#5178,#753,.T.);
#4140=EDGE_CURVE('',#5178,#5179,#754,.T.);
#4141=EDGE_CURVE('',#5179,#5152,#158,.T.);
#4142=EDGE_CURVE('',#5180,#5180,#755,.T.);
#4143=EDGE_CURVE('',#5181,#5181,#756,.T.);
#4144=EDGE_CURVE('',#5182,#5182,#757,.T.);
#4145=EDGE_CURVE('',#5183,#5183,#758,.T.);
#4146=EDGE_CURVE('',#5184,#5184,#759,.T.);
#4147=EDGE_CURVE('',#5185,#5186,#159,.T.);
#4148=EDGE_CURVE('',#5186,#5187,#160,.T.);
#4149=EDGE_CURVE('',#5187,#5188,#161,.T.);
#4150=EDGE_CURVE('',#5188,#5189,#162,.T.);
#4151=EDGE_CURVE('',#5189,#5190,#163,.T.);
#4152=EDGE_CURVE('',#5190,#5191,#164,.T.);
#4153=EDGE_CURVE('',#5191,#5192,#165,.T.);
#4154=EDGE_CURVE('',#5192,#5185,#166,.T.);
#4155=EDGE_CURVE('',#5193,#5194,#167,.T.);
#4156=EDGE_CURVE('',#5194,#5195,#168,.T.);
#4157=EDGE_CURVE('',#5195,#5196,#169,.T.);
#4158=EDGE_CURVE('',#5196,#5197,#170,.T.);
#4159=EDGE_CURVE('',#5197,#5198,#6029,.T.);
#4160=EDGE_CURVE('',#5198,#5199,#760,.F.);
#4161=EDGE_CURVE('',#5199,#5200,#171,.T.);
#4162=EDGE_CURVE('',#5200,#5201,#172,.T.);
#4163=EDGE_CURVE('',#5201,#5202,#6030,.T.);
#4164=EDGE_CURVE('',#5202,#5203,#173,.T.);
#4165=EDGE_CURVE('',#5203,#5204,#174,.T.);
#4166=EDGE_CURVE('',#5204,#5205,#175,.T.);
#4167=EDGE_CURVE('',#5205,#5206,#176,.T.);
#4168=EDGE_CURVE('',#5206,#5207,#177,.T.);
#4169=EDGE_CURVE('',#5207,#5193,#178,.T.);
#4170=EDGE_CURVE('',#5208,#5209,#6031,.T.);
#4171=EDGE_CURVE('',#5209,#5210,#6032,.T.);
#4172=EDGE_CURVE('',#5210,#5211,#6033,.T.);
#4173=EDGE_CURVE('',#5211,#5212,#6034,.T.);
#4174=EDGE_CURVE('',#5212,#5213,#6035,.T.);
#4175=EDGE_CURVE('',#5213,#5208,#6036,.T.);
#4176=EDGE_CURVE('',#5214,#5215,#6037,.T.);
#4177=EDGE_CURVE('',#5215,#5216,#6038,.T.);
#4178=EDGE_CURVE('',#5216,#5217,#6039,.T.);
#4179=EDGE_CURVE('',#5217,#5218,#6040,.T.);
#4180=EDGE_CURVE('',#5218,#5219,#6041,.T.);
#4181=EDGE_CURVE('',#5219,#5220,#6042,.T.);
#4182=EDGE_CURVE('',#5220,#5221,#6043,.T.);
#4183=EDGE_CURVE('',#5221,#5222,#6044,.T.);
#4184=EDGE_CURVE('',#5222,#5223,#6045,.T.);
#4185=EDGE_CURVE('',#5223,#5224,#6046,.T.);
#4186=EDGE_CURVE('',#5224,#5225,#6047,.T.);
#4187=EDGE_CURVE('',#5225,#5214,#6048,.T.);
#4188=EDGE_CURVE('',#5226,#5227,#6049,.T.);
#4189=EDGE_CURVE('',#5227,#5228,#6050,.T.);
#4190=EDGE_CURVE('',#5228,#5229,#6051,.T.);
#4191=EDGE_CURVE('',#5229,#5230,#6052,.T.);
#4192=EDGE_CURVE('',#5230,#5231,#6053,.T.);
#4193=EDGE_CURVE('',#5231,#5232,#6054,.T.);
#4194=EDGE_CURVE('',#5232,#5233,#6055,.T.);
#4195=EDGE_CURVE('',#5233,#5234,#761,.T.);
#4196=EDGE_CURVE('',#5234,#5226,#762,.T.);
#4197=EDGE_CURVE('',#5124,#5115,#6056,.T.);
#4198=EDGE_CURVE('',#5125,#5114,#6057,.T.);
#4199=EDGE_CURVE('',#5235,#5235,#179,.T.);
#4200=EDGE_CURVE('',#5236,#5236,#763,.F.);
#4201=EDGE_CURVE('',#5237,#5238,#764,.T.);
#4202=EDGE_CURVE('',#5239,#5238,#6058,.T.);
#4203=EDGE_CURVE('',#5240,#5239,#765,.T.);
#4204=EDGE_CURVE('',#5240,#5237,#6059,.T.);
#4205=EDGE_CURVE('',#5241,#5241,#766,.T.);
#4206=EDGE_CURVE('',#5242,#5242,#767,.T.);
#4207=EDGE_CURVE('',#5243,#5243,#768,.T.);
#4208=EDGE_CURVE('',#5244,#5244,#769,.T.);
#4209=EDGE_CURVE('',#5245,#5245,#770,.T.);
#4210=EDGE_CURVE('',#5246,#5247,#6060,.T.);
#4211=EDGE_CURVE('',#5246,#5248,#6061,.T.);
#4212=EDGE_CURVE('',#5248,#5249,#6062,.T.);
#4213=EDGE_CURVE('',#5247,#5249,#6063,.T.);
#4214=EDGE_CURVE('',#5239,#5111,#6064,.T.);
#4215=EDGE_CURVE('',#5249,#5110,#6065,.T.);
#4216=EDGE_CURVE('',#5248,#5240,#6066,.T.);
#4217=EDGE_CURVE('',#5246,#5237,#6067,.T.);
#4218=EDGE_CURVE('',#5238,#5112,#6068,.T.);
#4219=EDGE_CURVE('',#5247,#5113,#6069,.T.);
#4220=EDGE_CURVE('',#5250,#5250,#180,.T.);
#4221=EDGE_CURVE('',#5251,#5103,#6070,.T.);
#4222=EDGE_CURVE('',#5252,#5251,#6071,.T.);
#4223=EDGE_CURVE('',#5252,#5253,#6072,.T.);
#4224=EDGE_CURVE('',#5253,#5104,#6073,.T.);
#4225=EDGE_CURVE('',#5251,#5254,#6074,.T.);
#4226=EDGE_CURVE('',#5255,#5254,#6075,.T.);
#4227=EDGE_CURVE('',#5252,#5255,#6076,.T.);
#4228=EDGE_CURVE('',#5256,#5094,#6077,.T.);
#4229=EDGE_CURVE('',#5255,#5256,#6078,.T.);
#4230=EDGE_CURVE('',#5254,#5093,#6079,.T.);
#4231=EDGE_CURVE('',#5253,#5256,#6080,.T.);
#4232=EDGE_CURVE('',#5257,#5258,#6081,.T.);
#4233=EDGE_CURVE('',#5259,#5257,#6082,.T.);
#4234=EDGE_CURVE('',#5259,#5260,#6083,.T.);
#4235=EDGE_CURVE('',#5260,#5258,#6084,.T.);
#4236=EDGE_CURVE('',#5261,#5099,#6085,.T.);
#4237=EDGE_CURVE('',#5259,#5261,#6086,.T.);
#4238=EDGE_CURVE('',#5257,#5100,#6087,.T.);
#4239=EDGE_CURVE('',#5262,#5098,#6088,.T.);
#4240=EDGE_CURVE('',#5261,#5262,#6089,.T.);
#4241=EDGE_CURVE('',#5258,#5097,#6090,.T.);
#4242=EDGE_CURVE('',#5260,#5262,#6091,.T.);
#4243=EDGE_CURVE('',#5254,#5263,#6092,.T.);
#4244=EDGE_CURVE('',#5263,#5095,#6093,.T.);
#4245=EDGE_CURVE('',#5258,#5264,#6094,.T.);
#4246=EDGE_CURVE('',#5264,#5096,#6095,.T.);
#4247=EDGE_CURVE('',#5265,#5265,#771,.T.);
#4248=EDGE_CURVE('',#5266,#5251,#6096,.T.);
#4249=EDGE_CURVE('',#5266,#5102,#6097,.T.);
#4250=EDGE_CURVE('',#5267,#5101,#6098,.T.);
#4251=EDGE_CURVE('',#5267,#5266,#6099,.T.);
#4252=EDGE_CURVE('',#5267,#5257,#6100,.T.);
#4253=EDGE_CURVE('',#5264,#5263,#6101,.T.);
#4254=EDGE_CURVE('',#5268,#5268,#772,.T.);
#4255=EDGE_CURVE('',#5269,#5269,#773,.T.);
#4256=EDGE_CURVE('',#5270,#5270,#774,.T.);
#4257=EDGE_CURVE('',#5271,#5153,#6102,.T.);
#4258=EDGE_CURVE('',#5271,#5272,#181,.T.);
#4259=EDGE_CURVE('',#5272,#5154,#6103,.T.);
#4260=EDGE_CURVE('',#5273,#5152,#6104,.T.);
#4261=EDGE_CURVE('',#5273,#5271,#182,.T.);
#4262=EDGE_CURVE('',#5274,#5179,#6105,.T.);
#4263=EDGE_CURVE('',#5274,#5273,#183,.T.);
#4264=EDGE_CURVE('',#5275,#5178,#6106,.T.);
#4265=EDGE_CURVE('',#5275,#5274,#775,.T.);
#4266=EDGE_CURVE('',#5276,#5177,#6107,.T.);
#4267=EDGE_CURVE('',#5276,#5275,#776,.T.);
#4268=EDGE_CURVE('',#5277,#5176,#6108,.T.);
#4269=EDGE_CURVE('',#5277,#5276,#6109,.T.);
#4270=EDGE_CURVE('',#5278,#5175,#6110,.T.);
#4271=EDGE_CURVE('',#5278,#5277,#184,.T.);
#4272=EDGE_CURVE('',#5279,#5174,#6111,.T.);
#4273=EDGE_CURVE('',#5279,#5278,#777,.F.);
#4274=EDGE_CURVE('',#5280,#5173,#6112,.T.);
#4275=EDGE_CURVE('',#5280,#5279,#185,.T.);
#4276=EDGE_CURVE('',#5281,#5172,#6113,.T.);
#4277=EDGE_CURVE('',#5281,#5280,#186,.T.);
#4278=EDGE_CURVE('',#5282,#5171,#6114,.T.);
#4279=EDGE_CURVE('',#5282,#5281,#187,.T.);
#4280=EDGE_CURVE('',#5283,#5170,#6115,.T.);
#4281=EDGE_CURVE('',#5283,#5282,#188,.T.);
#4282=EDGE_CURVE('',#5284,#5169,#6116,.T.);
#4283=EDGE_CURVE('',#5284,#5283,#6117,.T.);
#4284=EDGE_CURVE('',#5285,#5168,#6118,.T.);
#4285=EDGE_CURVE('',#5285,#5284,#6119,.T.);
#4286=EDGE_CURVE('',#5286,#5167,#6120,.T.);
#4287=EDGE_CURVE('',#5286,#5285,#6121,.T.);
#4288=EDGE_CURVE('',#5287,#5166,#6122,.T.);
#4289=EDGE_CURVE('',#5287,#5286,#189,.T.);
#4290=EDGE_CURVE('',#5288,#5165,#6123,.T.);
#4291=EDGE_CURVE('',#5288,#5287,#190,.T.);
#4292=EDGE_CURVE('',#5289,#5164,#6124,.T.);
#4293=EDGE_CURVE('',#5289,#5288,#778,.F.);
#4294=EDGE_CURVE('',#5290,#5163,#6125,.T.);
#4295=EDGE_CURVE('',#5290,#5289,#779,.F.);
#4296=EDGE_CURVE('',#5291,#5162,#6126,.T.);
#4297=EDGE_CURVE('',#5291,#5290,#6127,.T.);
#4298=EDGE_CURVE('',#5292,#5161,#6128,.T.);
#4299=EDGE_CURVE('',#5292,#5291,#780,.T.);
#4300=EDGE_CURVE('',#5293,#5160,#6129,.T.);
#4301=EDGE_CURVE('',#5293,#5292,#781,.T.);
#4302=EDGE_CURVE('',#5294,#5159,#6130,.T.);
#4303=EDGE_CURVE('',#5294,#5293,#191,.T.);
#4304=EDGE_CURVE('',#5295,#5158,#6131,.T.);
#4305=EDGE_CURVE('',#5295,#5294,#192,.T.);
#4306=EDGE_CURVE('',#5296,#5157,#6132,.T.);
#4307=EDGE_CURVE('',#5296,#5295,#193,.T.);
#4308=EDGE_CURVE('',#5297,#5156,#6133,.T.);
#4309=EDGE_CURVE('',#5297,#5296,#194,.T.);
#4310=EDGE_CURVE('',#5298,#5155,#6134,.T.);
#4311=EDGE_CURVE('',#5298,#5297,#6135,.T.);
#4312=EDGE_CURVE('',#5272,#5298,#195,.T.);
#4313=EDGE_CURVE('',#5299,#5135,#6136,.T.);
#4314=EDGE_CURVE('',#5299,#5300,#6137,.T.);
#4315=EDGE_CURVE('',#5300,#5136,#6138,.T.);
#4316=EDGE_CURVE('',#5301,#5134,#6139,.T.);
#4317=EDGE_CURVE('',#5301,#5299,#6140,.T.);
#4318=EDGE_CURVE('',#5302,#5151,#6141,.T.);
#4319=EDGE_CURVE('',#5302,#5301,#6142,.T.);
#4320=EDGE_CURVE('',#5303,#5150,#6143,.T.);
#4321=EDGE_CURVE('',#5303,#5302,#6144,.T.);
#4322=EDGE_CURVE('',#5304,#5149,#6145,.T.);
#4323=EDGE_CURVE('',#5304,#5303,#782,.T.);
#4324=EDGE_CURVE('',#5305,#5148,#6146,.T.);
#4325=EDGE_CURVE('',#5305,#5304,#6147,.T.);
#4326=EDGE_CURVE('',#5306,#5147,#6148,.T.);
#4327=EDGE_CURVE('',#5306,#5305,#6149,.T.);
#4328=EDGE_CURVE('',#5307,#5146,#6150,.T.);
#4329=EDGE_CURVE('',#5307,#5306,#6151,.T.);
#4330=EDGE_CURVE('',#5308,#5145,#6152,.T.);
#4331=EDGE_CURVE('',#5308,#5307,#6153,.T.);
#4332=EDGE_CURVE('',#5309,#5144,#6154,.T.);
#4333=EDGE_CURVE('',#5309,#5308,#6155,.T.);
#4334=EDGE_CURVE('',#5310,#5143,#6156,.T.);
#4335=EDGE_CURVE('',#5310,#5309,#6157,.T.);
#4336=EDGE_CURVE('',#5311,#5142,#6158,.T.);
#4337=EDGE_CURVE('',#5311,#5310,#6159,.T.);
#4338=EDGE_CURVE('',#5312,#5141,#6160,.T.);
#4339=EDGE_CURVE('',#5312,#5311,#6161,.T.);
#4340=EDGE_CURVE('',#5313,#5140,#6162,.T.);
#4341=EDGE_CURVE('',#5313,#5312,#6163,.T.);
#4342=EDGE_CURVE('',#5314,#5139,#6164,.T.);
#4343=EDGE_CURVE('',#5314,#5313,#6165,.T.);
#4344=EDGE_CURVE('',#5315,#5138,#6166,.T.);
#4345=EDGE_CURVE('',#5315,#5314,#6167,.T.);
#4346=EDGE_CURVE('',#5316,#5137,#6168,.T.);
#4347=EDGE_CURVE('',#5316,#5315,#783,.T.);
#4348=EDGE_CURVE('',#5300,#5316,#6169,.T.);
#4349=EDGE_CURVE('',#5317,#5318,#196,.T.);
#4350=EDGE_CURVE('',#5319,#5317,#6170,.T.);
#4351=EDGE_CURVE('',#5319,#5320,#197,.T.);
#4352=EDGE_CURVE('',#5320,#5318,#6171,.T.);
#4353=EDGE_CURVE('',#5321,#5317,#198,.T.);
#4354=EDGE_CURVE('',#5322,#5321,#6172,.T.);
#4355=EDGE_CURVE('',#5322,#5319,#199,.T.);
#4356=EDGE_CURVE('',#5323,#5321,#200,.T.);
#4357=EDGE_CURVE('',#5324,#5323,#6173,.T.);
#4358=EDGE_CURVE('',#5324,#5322,#201,.T.);
#4359=EDGE_CURVE('',#5325,#5323,#202,.T.);
#4360=EDGE_CURVE('',#5326,#5325,#6174,.T.);
#4361=EDGE_CURVE('',#5326,#5324,#203,.T.);
#4362=EDGE_CURVE('',#5327,#5325,#204,.T.);
#4363=EDGE_CURVE('',#5328,#5327,#6175,.T.);
#4364=EDGE_CURVE('',#5328,#5326,#205,.T.);
#4365=EDGE_CURVE('',#5329,#5327,#206,.T.);
#4366=EDGE_CURVE('',#5330,#5329,#6176,.T.);
#4367=EDGE_CURVE('',#5330,#5328,#207,.T.);
#4368=EDGE_CURVE('',#5331,#5329,#208,.T.);
#4369=EDGE_CURVE('',#5332,#5331,#6177,.T.);
#4370=EDGE_CURVE('',#5332,#5330,#209,.T.);
#4371=EDGE_CURVE('',#5333,#5186,#6178,.T.);
#4372=EDGE_CURVE('',#5333,#5334,#210,.T.);
#4373=EDGE_CURVE('',#5334,#5187,#6179,.T.);
#4374=EDGE_CURVE('',#5335,#5185,#6180,.T.);
#4375=EDGE_CURVE('',#5335,#5333,#211,.T.);
#4376=EDGE_CURVE('',#5336,#5192,#6181,.T.);
#4377=EDGE_CURVE('',#5336,#5335,#212,.T.);
#4378=EDGE_CURVE('',#5337,#5191,#6182,.T.);
#4379=EDGE_CURVE('',#5337,#5336,#213,.T.);
#4380=EDGE_CURVE('',#5338,#5190,#6183,.T.);
#4381=EDGE_CURVE('',#5338,#5337,#214,.T.);
#4382=EDGE_CURVE('',#5339,#5189,#6184,.T.);
#4383=EDGE_CURVE('',#5339,#5338,#215,.T.);
#4384=EDGE_CURVE('',#5340,#5188,#6185,.T.);
#4385=EDGE_CURVE('',#5340,#5339,#216,.T.);
#4386=EDGE_CURVE('',#5334,#5340,#217,.T.);
#4387=EDGE_CURVE('',#5318,#5331,#218,.T.);
#4388=EDGE_CURVE('',#5320,#5332,#219,.T.);
#4389=EDGE_CURVE('',#5341,#5342,#220,.T.);
#4390=EDGE_CURVE('',#5343,#5341,#6186,.T.);
#4391=EDGE_CURVE('',#5343,#5344,#221,.T.);
#4392=EDGE_CURVE('',#5344,#5342,#6187,.T.);
#4393=EDGE_CURVE('',#5345,#5341,#222,.T.);
#4394=EDGE_CURVE('',#5346,#5345,#6188,.T.);
#4395=EDGE_CURVE('',#5346,#5343,#223,.T.);
#4396=EDGE_CURVE('',#5347,#5345,#224,.T.);
#4397=EDGE_CURVE('',#5348,#5347,#6189,.T.);
#4398=EDGE_CURVE('',#5348,#5346,#225,.T.);
#4399=EDGE_CURVE('',#5349,#5347,#226,.T.);
#4400=EDGE_CURVE('',#5350,#5349,#6190,.T.);
#4401=EDGE_CURVE('',#5350,#5348,#227,.T.);
#4402=EDGE_CURVE('',#5351,#5349,#228,.T.);
#4403=EDGE_CURVE('',#5352,#5351,#6191,.T.);
#4404=EDGE_CURVE('',#5352,#5350,#229,.T.);
#4405=EDGE_CURVE('',#5353,#5351,#230,.T.);
#4406=EDGE_CURVE('',#5354,#5353,#6192,.T.);
#4407=EDGE_CURVE('',#5354,#5352,#231,.T.);
#4408=EDGE_CURVE('',#5355,#5353,#232,.T.);
#4409=EDGE_CURVE('',#5356,#5355,#6193,.T.);
#4410=EDGE_CURVE('',#5356,#5354,#233,.T.);
#4411=EDGE_CURVE('',#5357,#5127,#6194,.T.);
#4412=EDGE_CURVE('',#5357,#5358,#234,.T.);
#4413=EDGE_CURVE('',#5358,#5128,#6195,.T.);
#4414=EDGE_CURVE('',#5359,#5126,#6196,.T.);
#4415=EDGE_CURVE('',#5359,#5357,#235,.T.);
#4416=EDGE_CURVE('',#5360,#5133,#6197,.T.);
#4417=EDGE_CURVE('',#5360,#5359,#236,.T.);
#4418=EDGE_CURVE('',#5361,#5132,#6198,.T.);
#4419=EDGE_CURVE('',#5361,#5360,#237,.T.);
#4420=EDGE_CURVE('',#5362,#5131,#6199,.T.);
#4421=EDGE_CURVE('',#5362,#5361,#238,.T.);
#4422=EDGE_CURVE('',#5363,#5130,#6200,.T.);
#4423=EDGE_CURVE('',#5363,#5362,#239,.T.);
#4424=EDGE_CURVE('',#5364,#5129,#6201,.T.);
#4425=EDGE_CURVE('',#5364,#5363,#240,.T.);
#4426=EDGE_CURVE('',#5358,#5364,#241,.T.);
#4427=EDGE_CURVE('',#5342,#5355,#242,.T.);
#4428=EDGE_CURVE('',#5344,#5356,#243,.T.);
#4429=EDGE_CURVE('',#5365,#5366,#244,.T.);
#4430=EDGE_CURVE('',#5367,#5365,#6202,.T.);
#4431=EDGE_CURVE('',#5367,#5368,#245,.T.);
#4432=EDGE_CURVE('',#5368,#5366,#6203,.T.);
#4433=EDGE_CURVE('',#5369,#5365,#784,.F.);
#4434=EDGE_CURVE('',#5370,#5369,#6204,.T.);
#4435=EDGE_CURVE('',#5370,#5367,#785,.F.);
#4436=EDGE_CURVE('',#5371,#5369,#786,.F.);
#4437=EDGE_CURVE('',#5372,#5371,#6205,.T.);
#4438=EDGE_CURVE('',#5372,#5370,#787,.F.);
#4439=EDGE_CURVE('',#5373,#5371,#788,.F.);
#4440=EDGE_CURVE('',#5374,#5373,#6206,.T.);
#4441=EDGE_CURVE('',#5374,#5372,#789,.F.);
#4442=EDGE_CURVE('',#5375,#5373,#790,.F.);
#4443=EDGE_CURVE('',#5376,#5375,#6207,.T.);
#4444=EDGE_CURVE('',#5376,#5374,#791,.F.);
#4445=EDGE_CURVE('',#5377,#5375,#792,.F.);
#4446=EDGE_CURVE('',#5378,#5377,#6208,.T.);
#4447=EDGE_CURVE('',#5378,#5376,#793,.F.);
#4448=EDGE_CURVE('',#5379,#5377,#794,.F.);
#4449=EDGE_CURVE('',#5380,#5379,#6209,.T.);
#4450=EDGE_CURVE('',#5380,#5378,#795,.F.);
#4451=EDGE_CURVE('',#5381,#5379,#246,.T.);
#4452=EDGE_CURVE('',#5382,#5381,#6210,.T.);
#4453=EDGE_CURVE('',#5382,#5380,#247,.T.);
#4454=EDGE_CURVE('',#5383,#5381,#248,.T.);
#4455=EDGE_CURVE('',#5384,#5383,#6211,.T.);
#4456=EDGE_CURVE('',#5384,#5382,#249,.T.);
#4457=EDGE_CURVE('',#5385,#5194,#6212,.T.);
#4458=EDGE_CURVE('',#5385,#5386,#250,.T.);
#4459=EDGE_CURVE('',#5386,#5195,#6213,.T.);
#4460=EDGE_CURVE('',#5387,#5193,#6214,.T.);
#4461=EDGE_CURVE('',#5387,#5385,#251,.T.);
#4462=EDGE_CURVE('',#5388,#5207,#6215,.T.);
#4463=EDGE_CURVE('',#5388,#5387,#252,.T.);
#4464=EDGE_CURVE('',#5389,#5206,#6216,.T.);
#4465=EDGE_CURVE('',#5389,#5388,#253,.T.);
#4466=EDGE_CURVE('',#5390,#5205,#6217,.T.);
#4467=EDGE_CURVE('',#5390,#5389,#254,.T.);
#4468=EDGE_CURVE('',#5391,#5204,#6218,.T.);
#4469=EDGE_CURVE('',#5391,#5390,#255,.T.);
#4470=EDGE_CURVE('',#5392,#5203,#6219,.T.);
#4471=EDGE_CURVE('',#5392,#5391,#256,.T.);
#4472=EDGE_CURVE('',#5393,#5202,#6220,.T.);
#4473=EDGE_CURVE('',#5393,#5392,#257,.T.);
#4474=EDGE_CURVE('',#5394,#5201,#6221,.T.);
#4475=EDGE_CURVE('',#5394,#5393,#6222,.T.);
#4476=EDGE_CURVE('',#5395,#5200,#6223,.T.);
#4477=EDGE_CURVE('',#5395,#5394,#258,.T.);
#4478=EDGE_CURVE('',#5396,#5199,#6224,.T.);
#4479=EDGE_CURVE('',#5396,#5395,#259,.T.);
#4480=EDGE_CURVE('',#5397,#5198,#6225,.T.);
#4481=EDGE_CURVE('',#5397,#5396,#796,.F.);
#4482=EDGE_CURVE('',#5398,#5197,#6226,.T.);
#4483=EDGE_CURVE('',#5398,#5397,#6227,.T.);
#4484=EDGE_CURVE('',#5399,#5196,#6228,.T.);
#4485=EDGE_CURVE('',#5399,#5398,#260,.T.);
#4486=EDGE_CURVE('',#5386,#5399,#261,.T.);
#4487=EDGE_CURVE('',#5366,#5383,#262,.T.);
#4488=EDGE_CURVE('',#5368,#5384,#263,.T.);
#4489=EDGE_CURVE('',#5400,#5209,#6229,.T.);
#4490=EDGE_CURVE('',#5400,#5401,#6230,.T.);
#4491=EDGE_CURVE('',#5401,#5210,#6231,.T.);
#4492=EDGE_CURVE('',#5402,#5208,#6232,.T.);
#4493=EDGE_CURVE('',#5402,#5400,#6233,.T.);
#4494=EDGE_CURVE('',#5403,#5213,#6234,.T.);
#4495=EDGE_CURVE('',#5403,#5402,#6235,.T.);
#4496=EDGE_CURVE('',#5404,#5212,#6236,.T.);
#4497=EDGE_CURVE('',#5404,#5403,#6237,.T.);
#4498=EDGE_CURVE('',#5405,#5211,#6238,.T.);
#4499=EDGE_CURVE('',#5405,#5404,#6239,.T.);
#4500=EDGE_CURVE('',#5401,#5405,#6240,.T.);
#4501=EDGE_CURVE('',#5406,#5215,#6241,.T.);
#4502=EDGE_CURVE('',#5406,#5407,#6242,.T.);
#4503=EDGE_CURVE('',#5407,#5216,#6243,.T.);
#4504=EDGE_CURVE('',#5408,#5214,#6244,.T.);
#4505=EDGE_CURVE('',#5408,#5406,#6245,.T.);
#4506=EDGE_CURVE('',#5409,#5225,#6246,.T.);
#4507=EDGE_CURVE('',#5409,#5408,#6247,.T.);
#4508=EDGE_CURVE('',#5410,#5224,#6248,.T.);
#4509=EDGE_CURVE('',#5410,#5409,#6249,.T.);
#4510=EDGE_CURVE('',#5411,#5223,#6250,.T.);
#4511=EDGE_CURVE('',#5411,#5410,#6251,.T.);
#4512=EDGE_CURVE('',#5412,#5222,#6252,.T.);
#4513=EDGE_CURVE('',#5412,#5411,#6253,.T.);
#4514=EDGE_CURVE('',#5413,#5221,#6254,.T.);
#4515=EDGE_CURVE('',#5413,#5412,#6255,.T.);
#4516=EDGE_CURVE('',#5414,#5220,#6256,.T.);
#4517=EDGE_CURVE('',#5414,#5413,#6257,.T.);
#4518=EDGE_CURVE('',#5415,#5219,#6258,.T.);
#4519=EDGE_CURVE('',#5415,#5414,#6259,.T.);
#4520=EDGE_CURVE('',#5416,#5218,#6260,.T.);
#4521=EDGE_CURVE('',#5416,#5415,#6261,.T.);
#4522=EDGE_CURVE('',#5417,#5217,#6262,.T.);
#4523=EDGE_CURVE('',#5417,#5416,#6263,.T.);
#4524=EDGE_CURVE('',#5407,#5417,#6264,.T.);
#4525=EDGE_CURVE('',#5418,#5227,#6265,.T.);
#4526=EDGE_CURVE('',#5418,#5419,#6266,.T.);
#4527=EDGE_CURVE('',#5419,#5228,#6267,.T.);
#4528=EDGE_CURVE('',#5420,#5226,#6268,.T.);
#4529=EDGE_CURVE('',#5420,#5418,#6269,.T.);
#4530=EDGE_CURVE('',#5421,#5234,#6270,.T.);
#4531=EDGE_CURVE('',#5421,#5420,#797,.T.);
#4532=EDGE_CURVE('',#5422,#5233,#6271,.T.);
#4533=EDGE_CURVE('',#5422,#5421,#798,.T.);
#4534=EDGE_CURVE('',#5423,#5232,#6272,.T.);
#4535=EDGE_CURVE('',#5423,#5422,#6273,.T.);
#4536=EDGE_CURVE('',#5424,#5231,#6274,.T.);
#4537=EDGE_CURVE('',#5424,#5423,#6275,.T.);
#4538=EDGE_CURVE('',#5425,#5230,#6276,.T.);
#4539=EDGE_CURVE('',#5425,#5424,#6277,.T.);
#4540=EDGE_CURVE('',#5426,#5229,#6278,.T.);
#4541=EDGE_CURVE('',#5426,#5425,#6279,.T.);
#4542=EDGE_CURVE('',#5419,#5426,#6280,.T.);
#4543=EDGE_CURVE('',#5427,#5428,#6281,.T.);
#4544=EDGE_CURVE('',#5429,#5427,#6282,.T.);
#4545=EDGE_CURVE('',#5429,#5430,#6283,.T.);
#4546=EDGE_CURVE('',#5430,#5428,#6284,.T.);
#4547=EDGE_CURVE('',#5431,#5427,#6285,.T.);
#4548=EDGE_CURVE('',#5432,#5431,#6286,.T.);
#4549=EDGE_CURVE('',#5432,#5429,#6287,.T.);
#4550=EDGE_CURVE('',#5433,#5431,#6288,.T.);
#4551=EDGE_CURVE('',#5434,#5433,#6289,.T.);
#4552=EDGE_CURVE('',#5434,#5432,#6290,.T.);
#4553=EDGE_CURVE('',#5435,#5433,#6291,.T.);
#4554=EDGE_CURVE('',#5436,#5435,#6292,.T.);
#4555=EDGE_CURVE('',#5436,#5434,#6293,.T.);
#4556=EDGE_CURVE('',#5437,#5435,#6294,.T.);
#4557=EDGE_CURVE('',#5438,#5437,#6295,.T.);
#4558=EDGE_CURVE('',#5438,#5436,#6296,.T.);
#4559=EDGE_CURVE('',#5428,#5437,#6297,.T.);
#4560=EDGE_CURVE('',#5430,#5438,#6298,.T.);
#4561=EDGE_CURVE('',#5439,#5440,#6299,.T.);
#4562=EDGE_CURVE('',#5439,#5441,#6300,.T.);
#4563=EDGE_CURVE('',#5441,#5442,#6301,.T.);
#4564=EDGE_CURVE('',#5442,#5440,#6302,.T.);
#4565=EDGE_CURVE('',#5443,#5441,#6303,.T.);
#4566=EDGE_CURVE('',#5443,#5444,#6304,.T.);
#4567=EDGE_CURVE('',#5442,#5444,#6305,.T.);
#4568=EDGE_CURVE('',#5445,#5446,#6306,.T.);
#4569=EDGE_CURVE('',#5445,#5439,#6307,.T.);
#4570=EDGE_CURVE('',#5440,#5446,#6308,.T.);
#4571=EDGE_CURVE('',#5444,#5446,#6309,.T.);
#4572=EDGE_CURVE('',#5445,#5443,#6310,.T.);
#4573=EDGE_CURVE('',#5447,#5448,#6311,.T.);
#4574=EDGE_CURVE('',#5449,#5447,#6312,.T.);
#4575=EDGE_CURVE('',#5449,#5450,#6313,.T.);
#4576=EDGE_CURVE('',#5450,#5448,#6314,.T.);
#4577=EDGE_CURVE('',#5451,#5447,#6315,.T.);
#4578=EDGE_CURVE('',#5452,#5451,#6316,.T.);
#4579=EDGE_CURVE('',#5452,#5449,#6317,.T.);
#4580=EDGE_CURVE('',#5453,#5451,#6318,.T.);
#4581=EDGE_CURVE('',#5454,#5453,#6319,.T.);
#4582=EDGE_CURVE('',#5454,#5452,#6320,.T.);
#4583=EDGE_CURVE('',#5455,#5453,#6321,.T.);
#4584=EDGE_CURVE('',#5456,#5455,#6322,.T.);
#4585=EDGE_CURVE('',#5456,#5454,#6323,.T.);
#4586=EDGE_CURVE('',#5457,#5455,#6324,.T.);
#4587=EDGE_CURVE('',#5458,#5457,#6325,.T.);
#4588=EDGE_CURVE('',#5458,#5456,#6326,.T.);
#4589=EDGE_CURVE('',#5459,#5457,#6327,.T.);
#4590=EDGE_CURVE('',#5460,#5459,#6328,.T.);
#4591=EDGE_CURVE('',#5460,#5458,#6329,.T.);
#4592=EDGE_CURVE('',#5461,#5459,#6330,.T.);
#4593=EDGE_CURVE('',#5462,#5461,#6331,.T.);
#4594=EDGE_CURVE('',#5462,#5460,#6332,.T.);
#4595=EDGE_CURVE('',#5463,#5461,#6333,.T.);
#4596=EDGE_CURVE('',#5464,#5463,#6334,.T.);
#4597=EDGE_CURVE('',#5464,#5462,#6335,.T.);
#4598=EDGE_CURVE('',#5465,#5463,#6336,.T.);
#4599=EDGE_CURVE('',#5466,#5465,#6337,.T.);
#4600=EDGE_CURVE('',#5466,#5464,#6338,.T.);
#4601=EDGE_CURVE('',#5467,#5465,#6339,.T.);
#4602=EDGE_CURVE('',#5468,#5467,#6340,.T.);
#4603=EDGE_CURVE('',#5468,#5466,#6341,.T.);
#4604=EDGE_CURVE('',#5469,#5467,#6342,.T.);
#4605=EDGE_CURVE('',#5470,#5469,#6343,.T.);
#4606=EDGE_CURVE('',#5470,#5468,#6344,.T.);
#4607=EDGE_CURVE('',#5448,#5469,#6345,.T.);
#4608=EDGE_CURVE('',#5450,#5470,#6346,.T.);
#4609=VERTEX_POINT('',#12057);
#4610=VERTEX_POINT('',#12058);
#4611=VERTEX_POINT('',#12060);
#4612=VERTEX_POINT('',#12062);
#4613=VERTEX_POINT('',#12066);
#4614=VERTEX_POINT('',#12067);
#4615=VERTEX_POINT('',#12069);
#4616=VERTEX_POINT('',#12072);
#4617=VERTEX_POINT('',#12076);
#4618=VERTEX_POINT('',#12078);
#4619=VERTEX_POINT('',#12081);
#4620=VERTEX_POINT('',#12083);
#4621=VERTEX_POINT('',#12096);
#4622=VERTEX_POINT('',#12097);
#4623=VERTEX_POINT('',#12099);
#4624=VERTEX_POINT('',#12101);
#4625=VERTEX_POINT('',#12105);
#4626=VERTEX_POINT('',#12107);
#4627=VERTEX_POINT('',#12111);
#4628=VERTEX_POINT('',#12113);
#4629=VERTEX_POINT('',#12117);
#4630=VERTEX_POINT('',#12119);
#4631=VERTEX_POINT('',#12123);
#4632=VERTEX_POINT('',#12125);
#4633=VERTEX_POINT('',#12129);
#4634=VERTEX_POINT('',#12131);
#4635=VERTEX_POINT('',#12135);
#4636=VERTEX_POINT('',#12137);
#4637=VERTEX_POINT('',#12141);
#4638=VERTEX_POINT('',#12143);
#4639=VERTEX_POINT('',#12147);
#4640=VERTEX_POINT('',#12149);
#4641=VERTEX_POINT('',#12153);
#4642=VERTEX_POINT('',#12155);
#4643=VERTEX_POINT('',#12159);
#4644=VERTEX_POINT('',#12161);
#4645=VERTEX_POINT('',#12165);
#4646=VERTEX_POINT('',#12167);
#4647=VERTEX_POINT('',#12171);
#4648=VERTEX_POINT('',#12173);
#4649=VERTEX_POINT('',#12177);
#4650=VERTEX_POINT('',#12179);
#4651=VERTEX_POINT('',#12183);
#4652=VERTEX_POINT('',#12185);
#4653=VERTEX_POINT('',#12189);
#4654=VERTEX_POINT('',#12191);
#4655=VERTEX_POINT('',#12195);
#4656=VERTEX_POINT('',#12197);
#4657=VERTEX_POINT('',#12207);
#4658=VERTEX_POINT('',#12210);
#4659=VERTEX_POINT('',#12224);
#4660=VERTEX_POINT('',#12225);
#4661=VERTEX_POINT('',#12227);
#4662=VERTEX_POINT('',#12231);
#4663=VERTEX_POINT('',#12244);
#4664=VERTEX_POINT('',#12246);
#4665=VERTEX_POINT('',#12261);
#4666=VERTEX_POINT('',#12263);
#4667=VERTEX_POINT('',#12269);
#4668=VERTEX_POINT('',#12271);
#4669=VERTEX_POINT('',#12275);
#4670=VERTEX_POINT('',#12277);
#4671=VERTEX_POINT('',#12281);
#4672=VERTEX_POINT('',#12283);
#4673=VERTEX_POINT('',#12296);
#4674=VERTEX_POINT('',#12298);
#4675=VERTEX_POINT('',#12304);
#4676=VERTEX_POINT('',#12306);
#4677=VERTEX_POINT('',#12319);
#4678=VERTEX_POINT('',#12321);
#4679=VERTEX_POINT('',#12336);
#4680=VERTEX_POINT('',#12338);
#4681=VERTEX_POINT('',#12353);
#4682=VERTEX_POINT('',#12355);
#4683=VERTEX_POINT('',#12370);
#4684=VERTEX_POINT('',#12372);
#4685=VERTEX_POINT('',#12378);
#4686=VERTEX_POINT('',#12380);
#4687=VERTEX_POINT('',#12384);
#4688=VERTEX_POINT('',#12386);
#4689=VERTEX_POINT('',#12390);
#4690=VERTEX_POINT('',#12392);
#4691=VERTEX_POINT('',#12405);
#4692=VERTEX_POINT('',#12407);
#4693=VERTEX_POINT('',#12422);
#4694=VERTEX_POINT('',#12424);
#4695=VERTEX_POINT('',#12430);
#4696=VERTEX_POINT('',#12432);
#4697=VERTEX_POINT('',#12436);
#4698=VERTEX_POINT('',#12438);
#4699=VERTEX_POINT('',#12442);
#4700=VERTEX_POINT('',#12444);
#4701=VERTEX_POINT('',#12448);
#4702=VERTEX_POINT('',#12450);
#4703=VERTEX_POINT('',#12454);
#4704=VERTEX_POINT('',#12456);
#4705=VERTEX_POINT('',#12469);
#4706=VERTEX_POINT('',#12471);
#4707=VERTEX_POINT('',#12486);
#4708=VERTEX_POINT('',#12488);
#4709=VERTEX_POINT('',#12503);
#4710=VERTEX_POINT('',#12505);
#4711=VERTEX_POINT('',#12520);
#4712=VERTEX_POINT('',#12522);
#4713=VERTEX_POINT('',#12528);
#4714=VERTEX_POINT('',#12530);
#4715=VERTEX_POINT('',#12560);
#4716=VERTEX_POINT('',#12561);
#4717=VERTEX_POINT('',#12563);
#4718=VERTEX_POINT('',#12567);
#4719=VERTEX_POINT('',#12580);
#4720=VERTEX_POINT('',#12582);
#4721=VERTEX_POINT('',#12597);
#4722=VERTEX_POINT('',#12599);
#4723=VERTEX_POINT('',#12614);
#4724=VERTEX_POINT('',#12616);
#4725=VERTEX_POINT('',#12631);
#4726=VERTEX_POINT('',#12633);
#4727=VERTEX_POINT('',#12648);
#4728=VERTEX_POINT('',#12650);
#4729=VERTEX_POINT('',#12665);
#4730=VERTEX_POINT('',#12667);
#4731=VERTEX_POINT('',#12682);
#4732=VERTEX_POINT('',#12683);
#4733=VERTEX_POINT('',#12685);
#4734=VERTEX_POINT('',#12689);
#4735=VERTEX_POINT('',#12702);
#4736=VERTEX_POINT('',#12704);
#4737=VERTEX_POINT('',#12719);
#4738=VERTEX_POINT('',#12721);
#4739=VERTEX_POINT('',#12736);
#4740=VERTEX_POINT('',#12738);
#4741=VERTEX_POINT('',#12753);
#4742=VERTEX_POINT('',#12755);
#4743=VERTEX_POINT('',#12770);
#4744=VERTEX_POINT('',#12772);
#4745=VERTEX_POINT('',#12787);
#4746=VERTEX_POINT('',#12789);
#4747=VERTEX_POINT('',#12828);
#4748=VERTEX_POINT('',#12831);
#4749=VERTEX_POINT('',#12836);
#4750=VERTEX_POINT('',#12837);
#4751=VERTEX_POINT('',#12839);
#4752=VERTEX_POINT('',#12841);
#4753=VERTEX_POINT('',#12845);
#4754=VERTEX_POINT('',#12846);
#4755=VERTEX_POINT('',#12848);
#4756=VERTEX_POINT('',#12851);
#4757=VERTEX_POINT('',#12855);
#4758=VERTEX_POINT('',#12856);
#4759=VERTEX_POINT('',#12861);
#4760=VERTEX_POINT('',#12862);
#4761=VERTEX_POINT('',#12875);
#4762=VERTEX_POINT('',#12876);
#4763=VERTEX_POINT('',#12878);
#4764=VERTEX_POINT('',#12880);
#4765=VERTEX_POINT('',#12884);
#4766=VERTEX_POINT('',#12886);
#4767=VERTEX_POINT('',#12890);
#4768=VERTEX_POINT('',#12892);
#4769=VERTEX_POINT('',#12911);
#4770=VERTEX_POINT('',#12912);
#4771=VERTEX_POINT('',#12914);
#4772=VERTEX_POINT('',#12918);
#4773=VERTEX_POINT('',#12922);
#4774=VERTEX_POINT('',#12924);
#4775=VERTEX_POINT('',#12928);
#4776=VERTEX_POINT('',#12930);
#4777=VERTEX_POINT('',#12934);
#4778=VERTEX_POINT('',#12936);
#4779=VERTEX_POINT('',#12940);
#4780=VERTEX_POINT('',#12942);
#4781=VERTEX_POINT('',#12946);
#4782=VERTEX_POINT('',#12948);
#4783=VERTEX_POINT('',#12952);
#4784=VERTEX_POINT('',#12954);
#4785=VERTEX_POINT('',#12967);
#4786=VERTEX_POINT('',#12969);
#4787=VERTEX_POINT('',#12984);
#4788=VERTEX_POINT('',#12986);
#4789=VERTEX_POINT('',#13001);
#4790=VERTEX_POINT('',#13002);
#4791=VERTEX_POINT('',#13004);
#4792=VERTEX_POINT('',#13008);
#4793=VERTEX_POINT('',#13021);
#4794=VERTEX_POINT('',#13023);
#4795=VERTEX_POINT('',#13038);
#4796=VERTEX_POINT('',#13040);
#4797=VERTEX_POINT('',#13055);
#4798=VERTEX_POINT('',#13057);
#4799=VERTEX_POINT('',#13072);
#4800=VERTEX_POINT('',#13074);
#4801=VERTEX_POINT('',#13089);
#4802=VERTEX_POINT('',#13091);
#4803=VERTEX_POINT('',#13106);
#4804=VERTEX_POINT('',#13108);
#4805=VERTEX_POINT('',#13123);
#4806=VERTEX_POINT('',#13125);
#4807=VERTEX_POINT('',#13131);
#4808=VERTEX_POINT('',#13133);
#4809=VERTEX_POINT('',#13146);
#4810=VERTEX_POINT('',#13148);
#4811=VERTEX_POINT('',#13163);
#4812=VERTEX_POINT('',#13165);
#4813=VERTEX_POINT('',#13171);
#4814=VERTEX_POINT('',#13173);
#4815=VERTEX_POINT('',#13177);
#4816=VERTEX_POINT('',#13179);
#4817=VERTEX_POINT('',#13192);
#4818=VERTEX_POINT('',#13194);
#4819=VERTEX_POINT('',#13231);
#4820=VERTEX_POINT('',#13232);
#4821=VERTEX_POINT('',#13234);
#4822=VERTEX_POINT('',#13236);
#4823=VERTEX_POINT('',#13240);
#4824=VERTEX_POINT('',#13242);
#4825=VERTEX_POINT('',#13246);
#4826=VERTEX_POINT('',#13248);
#4827=VERTEX_POINT('',#13252);
#4828=VERTEX_POINT('',#13254);
#4829=VERTEX_POINT('',#13258);
#4830=VERTEX_POINT('',#13260);
#4831=VERTEX_POINT('',#13264);
#4832=VERTEX_POINT('',#13266);
#4833=VERTEX_POINT('',#13270);
#4834=VERTEX_POINT('',#13272);
#4835=VERTEX_POINT('',#13276);
#4836=VERTEX_POINT('',#13278);
#4837=VERTEX_POINT('',#13288);
#4838=VERTEX_POINT('',#13289);
#4839=VERTEX_POINT('',#13291);
#4840=VERTEX_POINT('',#13293);
#4841=VERTEX_POINT('',#13297);
#4842=VERTEX_POINT('',#13299);
#4843=VERTEX_POINT('',#13301);
#4844=VERTEX_POINT('',#13305);
#4845=VERTEX_POINT('',#13306);
#4846=VERTEX_POINT('',#13308);
#4847=VERTEX_POINT('',#13310);
#4848=VERTEX_POINT('',#13314);
#4849=VERTEX_POINT('',#13315);
#4850=VERTEX_POINT('',#13317);
#4851=VERTEX_POINT('',#13319);
#4852=VERTEX_POINT('',#13323);
#4853=VERTEX_POINT('',#13325);
#4854=VERTEX_POINT('',#13327);
#4855=VERTEX_POINT('',#13328);
#4856=VERTEX_POINT('',#13330);
#4857=VERTEX_POINT('',#13332);
#4858=VERTEX_POINT('',#13334);
#4859=VERTEX_POINT('',#13340);
#4860=VERTEX_POINT('',#13341);
#4861=VERTEX_POINT('',#13343);
#4862=VERTEX_POINT('',#13345);
#4863=VERTEX_POINT('',#13349);
#4864=VERTEX_POINT('',#13350);
#4865=VERTEX_POINT('',#13355);
#4866=VERTEX_POINT('',#13359);
#4867=VERTEX_POINT('',#13365);
#4868=VERTEX_POINT('',#13366);
#4869=VERTEX_POINT('',#13368);
#4870=VERTEX_POINT('',#13370);
#4871=VERTEX_POINT('',#13374);
#4872=VERTEX_POINT('',#13375);
#4873=VERTEX_POINT('',#13380);
#4874=VERTEX_POINT('',#13384);
#4875=VERTEX_POINT('',#13390);
#4876=VERTEX_POINT('',#13392);
#4877=VERTEX_POINT('',#13394);
#4878=VERTEX_POINT('',#13398);
#4879=VERTEX_POINT('',#13401);
#4880=VERTEX_POINT('',#13404);
#4881=VERTEX_POINT('',#13405);
#4882=VERTEX_POINT('',#13407);
#4883=VERTEX_POINT('',#13409);
#4884=VERTEX_POINT('',#13412);
#4885=VERTEX_POINT('',#13413);
#4886=VERTEX_POINT('',#13415);
#4887=VERTEX_POINT('',#13417);
#4888=VERTEX_POINT('',#13421);
#4889=VERTEX_POINT('',#13422);
#4890=VERTEX_POINT('',#13427);
#4891=VERTEX_POINT('',#13428);
#4892=VERTEX_POINT('',#13433);
#4893=VERTEX_POINT('',#13437);
#4894=VERTEX_POINT('',#13443);
#4895=VERTEX_POINT('',#13447);
#4896=VERTEX_POINT('',#13457);
#4897=VERTEX_POINT('',#13459);
#4898=VERTEX_POINT('',#13463);
#4899=VERTEX_POINT('',#13467);
#4900=VERTEX_POINT('',#13471);
#4901=VERTEX_POINT('',#13496);
#4902=VERTEX_POINT('',#13497);
#4903=VERTEX_POINT('',#13499);
#4904=VERTEX_POINT('',#13503);
#4905=VERTEX_POINT('',#13516);
#4906=VERTEX_POINT('',#13518);
#4907=VERTEX_POINT('',#13533);
#4908=VERTEX_POINT('',#13535);
#4909=VERTEX_POINT('',#13550);
#4910=VERTEX_POINT('',#13552);
#4911=VERTEX_POINT('',#13567);
#4912=VERTEX_POINT('',#13569);
#4913=VERTEX_POINT('',#13584);
#4914=VERTEX_POINT('',#13586);
#4915=VERTEX_POINT('',#13601);
#4916=VERTEX_POINT('',#13603);
#4917=VERTEX_POINT('',#13618);
#4918=VERTEX_POINT('',#13619);
#4919=VERTEX_POINT('',#13621);
#4920=VERTEX_POINT('',#13625);
#4921=VERTEX_POINT('',#13638);
#4922=VERTEX_POINT('',#13640);
#4923=VERTEX_POINT('',#13655);
#4924=VERTEX_POINT('',#13657);
#4925=VERTEX_POINT('',#13672);
#4926=VERTEX_POINT('',#13674);
#4927=VERTEX_POINT('',#13689);
#4928=VERTEX_POINT('',#13691);
#4929=VERTEX_POINT('',#13706);
#4930=VERTEX_POINT('',#13708);
#4931=VERTEX_POINT('',#13723);
#4932=VERTEX_POINT('',#13725);
#4933=VERTEX_POINT('',#13766);
#4934=VERTEX_POINT('',#13769);
#4935=VERTEX_POINT('',#13776);
#4936=VERTEX_POINT('',#13778);
#4937=VERTEX_POINT('',#13780);
#4938=VERTEX_POINT('',#13782);
#4939=VERTEX_POINT('',#13784);
#4940=VERTEX_POINT('',#13786);
#4941=VERTEX_POINT('',#13787);
#4942=VERTEX_POINT('',#13789);
#4943=VERTEX_POINT('',#13791);
#4944=VERTEX_POINT('',#13795);
#4945=VERTEX_POINT('',#13796);
#4946=VERTEX_POINT('',#13798);
#4947=VERTEX_POINT('',#13800);
#4948=VERTEX_POINT('',#13803);
#4949=VERTEX_POINT('',#13805);
#4950=VERTEX_POINT('',#13807);
#4951=VERTEX_POINT('',#13809);
#4952=VERTEX_POINT('',#13811);
#4953=VERTEX_POINT('',#13812);
#4954=VERTEX_POINT('',#13814);
#4955=VERTEX_POINT('',#13816);
#4956=VERTEX_POINT('',#13818);
#4957=VERTEX_POINT('',#13820);
#4958=VERTEX_POINT('',#13822);
#4959=VERTEX_POINT('',#13824);
#4960=VERTEX_POINT('',#13826);
#4961=VERTEX_POINT('',#13828);
#4962=VERTEX_POINT('',#13830);
#4963=VERTEX_POINT('',#13832);
#4964=VERTEX_POINT('',#13836);
#4965=VERTEX_POINT('',#13837);
#4966=VERTEX_POINT('',#13839);
#4967=VERTEX_POINT('',#13841);
#4968=VERTEX_POINT('',#13845);
#4969=VERTEX_POINT('',#13847);
#4970=VERTEX_POINT('',#13849);
#4971=VERTEX_POINT('',#13853);
#4972=VERTEX_POINT('',#13855);
#4973=VERTEX_POINT('',#13856);
#4974=VERTEX_POINT('',#13859);
#4975=VERTEX_POINT('',#13861);
#4976=VERTEX_POINT('',#13867);
#4977=VERTEX_POINT('',#13868);
#4978=VERTEX_POINT('',#13870);
#4979=VERTEX_POINT('',#13872);
#4980=VERTEX_POINT('',#13876);
#4981=VERTEX_POINT('',#13877);
#4982=VERTEX_POINT('',#13879);
#4983=VERTEX_POINT('',#13881);
#4984=VERTEX_POINT('',#13890);
#4985=VERTEX_POINT('',#13892);
#4986=VERTEX_POINT('',#13895);
#4987=VERTEX_POINT('',#13898);
#4988=VERTEX_POINT('',#13899);
#4989=VERTEX_POINT('',#13903);
#4990=VERTEX_POINT('',#13905);
#4991=VERTEX_POINT('',#13909);
#4992=VERTEX_POINT('',#13910);
#4993=VERTEX_POINT('',#13918);
#4994=VERTEX_POINT('',#13919);
#4995=VERTEX_POINT('',#13921);
#4996=VERTEX_POINT('',#13923);
#4997=VERTEX_POINT('',#13935);
#4998=VERTEX_POINT('',#13938);
#4999=VERTEX_POINT('',#13939);
#5000=VERTEX_POINT('',#13941);
#5001=VERTEX_POINT('',#13943);
#5002=VERTEX_POINT('',#13948);
#5003=VERTEX_POINT('',#13960);
#5004=VERTEX_POINT('',#13962);
#5005=VERTEX_POINT('',#13964);
#5006=VERTEX_POINT('',#13968);
#5007=VERTEX_POINT('',#13970);
#5008=VERTEX_POINT('',#13974);
#5009=VERTEX_POINT('',#13982);
#5010=VERTEX_POINT('',#13983);
#5011=VERTEX_POINT('',#13985);
#5012=VERTEX_POINT('',#13987);
#5013=VERTEX_POINT('',#13991);
#5014=VERTEX_POINT('',#13996);
#5015=VERTEX_POINT('',#14004);
#5016=VERTEX_POINT('',#14008);
#5017=VERTEX_POINT('',#14012);
#5018=VERTEX_POINT('',#14015);
#5019=VERTEX_POINT('',#14019);
#5020=VERTEX_POINT('',#14027);
#5021=VERTEX_POINT('',#14031);
#5022=VERTEX_POINT('',#14035);
#5023=VERTEX_POINT('',#14044);
#5024=VERTEX_POINT('',#14045);
#5025=VERTEX_POINT('',#14047);
#5026=VERTEX_POINT('',#14049);
#5027=VERTEX_POINT('',#14052);
#5028=VERTEX_POINT('',#14053);
#5029=VERTEX_POINT('',#14055);
#5030=VERTEX_POINT('',#14057);
#5031=VERTEX_POINT('',#14060);
#5032=VERTEX_POINT('',#14061);
#5033=VERTEX_POINT('',#14063);
#5034=VERTEX_POINT('',#14065);
#5035=VERTEX_POINT('',#14068);
#5036=VERTEX_POINT('',#14070);
#5037=VERTEX_POINT('',#14071);
#5038=VERTEX_POINT('',#14073);
#5039=VERTEX_POINT('',#14075);
#5040=VERTEX_POINT('',#14078);
#5041=VERTEX_POINT('',#14079);
#5042=VERTEX_POINT('',#14083);
#5043=VERTEX_POINT('',#14084);
#5044=VERTEX_POINT('',#14086);
#5045=VERTEX_POINT('',#14088);
#5046=VERTEX_POINT('',#14100);
#5047=VERTEX_POINT('',#14101);
#5048=VERTEX_POINT('',#14103);
#5049=VERTEX_POINT('',#14105);
#5050=VERTEX_POINT('',#14117);
#5051=VERTEX_POINT('',#14118);
#5052=VERTEX_POINT('',#14120);
#5053=VERTEX_POINT('',#14122);
#5054=VERTEX_POINT('',#14126);
#5055=VERTEX_POINT('',#14127);
#5056=VERTEX_POINT('',#14135);
#5057=VERTEX_POINT('',#14136);
#5058=VERTEX_POINT('',#14141);
#5059=VERTEX_POINT('',#14144);
#5060=VERTEX_POINT('',#14145);
#5061=VERTEX_POINT('',#14147);
#5062=VERTEX_POINT('',#14149);
#5063=VERTEX_POINT('',#14152);
#5064=VERTEX_POINT('',#14153);
#5065=VERTEX_POINT('',#14155);
#5066=VERTEX_POINT('',#14157);
#5067=VERTEX_POINT('',#14164);
#5068=VERTEX_POINT('',#14165);
#5069=VERTEX_POINT('',#14170);
#5070=VERTEX_POINT('',#14174);
#5071=VERTEX_POINT('',#14185);
#5072=VERTEX_POINT('',#14186);
#5073=VERTEX_POINT('',#14188);
#5074=VERTEX_POINT('',#14190);
#5075=VERTEX_POINT('',#14194);
#5076=VERTEX_POINT('',#14199);
#5077=VERTEX_POINT('',#14206);
#5078=VERTEX_POINT('',#14207);
#5079=VERTEX_POINT('',#14209);
#5080=VERTEX_POINT('',#14211);
#5081=VERTEX_POINT('',#14215);
#5082=VERTEX_POINT('',#14217);
#5083=VERTEX_POINT('',#14221);
#5084=VERTEX_POINT('',#14223);
#5085=VERTEX_POINT('',#14227);
#5086=VERTEX_POINT('',#14229);
#5087=VERTEX_POINT('',#14242);
#5088=VERTEX_POINT('',#14245);
#5089=VERTEX_POINT('',#14250);
#5090=VERTEX_POINT('',#14252);
#5091=VERTEX_POINT('',#14254);
#5092=VERTEX_POINT('',#14256);
#5093=VERTEX_POINT('',#14258);
#5094=VERTEX_POINT('',#14259);
#5095=VERTEX_POINT('',#14261);
#5096=VERTEX_POINT('',#14263);
#5097=VERTEX_POINT('',#14265);
#5098=VERTEX_POINT('',#14267);
#5099=VERTEX_POINT('',#14269);
#5100=VERTEX_POINT('',#14271);
#5101=VERTEX_POINT('',#14273);
#5102=VERTEX_POINT('',#14275);
#5103=VERTEX_POINT('',#14277);
#5104=VERTEX_POINT('',#14279);
#5105=VERTEX_POINT('',#14282);
#5106=VERTEX_POINT('',#14283);
#5107=VERTEX_POINT('',#14285);
#5108=VERTEX_POINT('',#14287);
#5109=VERTEX_POINT('',#14291);
#5110=VERTEX_POINT('',#14293);
#5111=VERTEX_POINT('',#14295);
#5112=VERTEX_POINT('',#14297);
#5113=VERTEX_POINT('',#14299);
#5114=VERTEX_POINT('',#14301);
#5115=VERTEX_POINT('',#14303);
#5116=VERTEX_POINT('',#14305);
#5117=VERTEX_POINT('',#14307);
#5118=VERTEX_POINT('',#14309);
#5119=VERTEX_POINT('',#14313);
#5120=VERTEX_POINT('',#14314);
#5121=VERTEX_POINT('',#14316);
#5122=VERTEX_POINT('',#14318);
#5123=VERTEX_POINT('',#14328);
#5124=VERTEX_POINT('',#14330);
#5125=VERTEX_POINT('',#14332);
#5126=VERTEX_POINT('',#14338);
#5127=VERTEX_POINT('',#14339);
#5128=VERTEX_POINT('',#14343);
#5129=VERTEX_POINT('',#14347);
#5130=VERTEX_POINT('',#14351);
#5131=VERTEX_POINT('',#14355);
#5132=VERTEX_POINT('',#14359);
#5133=VERTEX_POINT('',#14363);
#5134=VERTEX_POINT('',#14368);
#5135=VERTEX_POINT('',#14369);
#5136=VERTEX_POINT('',#14371);
#5137=VERTEX_POINT('',#14373);
#5138=VERTEX_POINT('',#14375);
#5139=VERTEX_POINT('',#14377);
#5140=VERTEX_POINT('',#14379);
#5141=VERTEX_POINT('',#14381);
#5142=VERTEX_POINT('',#14383);
#5143=VERTEX_POINT('',#14385);
#5144=VERTEX_POINT('',#14387);
#5145=VERTEX_POINT('',#14389);
#5146=VERTEX_POINT('',#14391);
#5147=VERTEX_POINT('',#14393);
#5148=VERTEX_POINT('',#14395);
#5149=VERTEX_POINT('',#14397);
#5150=VERTEX_POINT('',#14399);
#5151=VERTEX_POINT('',#14401);
#5152=VERTEX_POINT('',#14406);
#5153=VERTEX_POINT('',#14407);
#5154=VERTEX_POINT('',#14411);
#5155=VERTEX_POINT('',#14415);
#5156=VERTEX_POINT('',#14417);
#5157=VERTEX_POINT('',#14421);
#5158=VERTEX_POINT('',#14425);
#5159=VERTEX_POINT('',#14429);
#5160=VERTEX_POINT('',#14433);
#5161=VERTEX_POINT('',#14435);
#5162=VERTEX_POINT('',#14437);
#5163=VERTEX_POINT('',#14439);
#5164=VERTEX_POINT('',#14441);
#5165=VERTEX_POINT('',#14443);
#5166=VERTEX_POINT('',#14447);
#5167=VERTEX_POINT('',#14451);
#5168=VERTEX_POINT('',#14453);
#5169=VERTEX_POINT('',#14455);
#5170=VERTEX_POINT('',#14457);
#5171=VERTEX_POINT('',#14461);
#5172=VERTEX_POINT('',#14465);
#5173=VERTEX_POINT('',#14469);
#5174=VERTEX_POINT('',#14473);
#5175=VERTEX_POINT('',#14475);
#5176=VERTEX_POINT('',#14479);
#5177=VERTEX_POINT('',#14481);
#5178=VERTEX_POINT('',#14483);
#5179=VERTEX_POINT('',#14485);
#5180=VERTEX_POINT('',#14490);
#5181=VERTEX_POINT('',#14492);
#5182=VERTEX_POINT('',#14494);
#5183=VERTEX_POINT('',#14496);
#5184=VERTEX_POINT('',#14498);
#5185=VERTEX_POINT('',#14502);
#5186=VERTEX_POINT('',#14503);
#5187=VERTEX_POINT('',#14507);
#5188=VERTEX_POINT('',#14511);
#5189=VERTEX_POINT('',#14515);
#5190=VERTEX_POINT('',#14519);
#5191=VERTEX_POINT('',#14523);
#5192=VERTEX_POINT('',#14527);
#5193=VERTEX_POINT('',#14534);
#5194=VERTEX_POINT('',#14535);
#5195=VERTEX_POINT('',#14539);
#5196=VERTEX_POINT('',#14543);
#5197=VERTEX_POINT('',#14547);
#5198=VERTEX_POINT('',#14549);
#5199=VERTEX_POINT('',#14551);
#5200=VERTEX_POINT('',#14555);
#5201=VERTEX_POINT('',#14559);
#5202=VERTEX_POINT('',#14561);
#5203=VERTEX_POINT('',#14565);
#5204=VERTEX_POINT('',#14569);
#5205=VERTEX_POINT('',#14573);
#5206=VERTEX_POINT('',#14577);
#5207=VERTEX_POINT('',#14581);
#5208=VERTEX_POINT('',#14586);
#5209=VERTEX_POINT('',#14587);
#5210=VERTEX_POINT('',#14589);
#5211=VERTEX_POINT('',#14591);
#5212=VERTEX_POINT('',#14593);
#5213=VERTEX_POINT('',#14595);
#5214=VERTEX_POINT('',#14598);
#5215=VERTEX_POINT('',#14599);
#5216=VERTEX_POINT('',#14601);
#5217=VERTEX_POINT('',#14603);
#5218=VERTEX_POINT('',#14605);
#5219=VERTEX_POINT('',#14607);
#5220=VERTEX_POINT('',#14609);
#5221=VERTEX_POINT('',#14611);
#5222=VERTEX_POINT('',#14613);
#5223=VERTEX_POINT('',#14615);
#5224=VERTEX_POINT('',#14617);
#5225=VERTEX_POINT('',#14619);
#5226=VERTEX_POINT('',#14622);
#5227=VERTEX_POINT('',#14623);
#5228=VERTEX_POINT('',#14625);
#5229=VERTEX_POINT('',#14627);
#5230=VERTEX_POINT('',#14629);
#5231=VERTEX_POINT('',#14631);
#5232=VERTEX_POINT('',#14633);
#5233=VERTEX_POINT('',#14635);
#5234=VERTEX_POINT('',#14637);
#5235=VERTEX_POINT('',#14654);
#5236=VERTEX_POINT('',#14656);
#5237=VERTEX_POINT('',#14659);
#5238=VERTEX_POINT('',#14660);
#5239=VERTEX_POINT('',#14662);
#5240=VERTEX_POINT('',#14664);
#5241=VERTEX_POINT('',#14668);
#5242=VERTEX_POINT('',#14671);
#5243=VERTEX_POINT('',#14673);
#5244=VERTEX_POINT('',#14677);
#5245=VERTEX_POINT('',#14681);
#5246=VERTEX_POINT('',#14686);
#5247=VERTEX_POINT('',#14687);
#5248=VERTEX_POINT('',#14689);
#5249=VERTEX_POINT('',#14691);
#5250=VERTEX_POINT('',#14715);
#5251=VERTEX_POINT('',#14719);
#5252=VERTEX_POINT('',#14721);
#5253=VERTEX_POINT('',#14723);
#5254=VERTEX_POINT('',#14727);
#5255=VERTEX_POINT('',#14729);
#5256=VERTEX_POINT('',#14733);
#5257=VERTEX_POINT('',#14741);
#5258=VERTEX_POINT('',#14742);
#5259=VERTEX_POINT('',#14744);
#5260=VERTEX_POINT('',#14746);
#5261=VERTEX_POINT('',#14750);
#5262=VERTEX_POINT('',#14755);
#5263=VERTEX_POINT('',#14763);
#5264=VERTEX_POINT('',#14767);
#5265=VERTEX_POINT('',#14771);
#5266=VERTEX_POINT('',#14774);
#5267=VERTEX_POINT('',#14778);
#5268=VERTEX_POINT('',#14786);
#5269=VERTEX_POINT('',#14790);
#5270=VERTEX_POINT('',#14794);
#5271=VERTEX_POINT('',#14805);
#5272=VERTEX_POINT('',#14809);
#5273=VERTEX_POINT('',#14820);
#5274=VERTEX_POINT('',#14833);
#5275=VERTEX_POINT('',#14839);
#5276=VERTEX_POINT('',#14843);
#5277=VERTEX_POINT('',#14847);
#5278=VERTEX_POINT('',#14858);
#5279=VERTEX_POINT('',#14864);
#5280=VERTEX_POINT('',#14875);
#5281=VERTEX_POINT('',#14888);
#5282=VERTEX_POINT('',#14901);
#5283=VERTEX_POINT('',#14914);
#5284=VERTEX_POINT('',#14920);
#5285=VERTEX_POINT('',#14924);
#5286=VERTEX_POINT('',#14928);
#5287=VERTEX_POINT('',#14939);
#5288=VERTEX_POINT('',#14952);
#5289=VERTEX_POINT('',#14958);
#5290=VERTEX_POINT('',#14962);
#5291=VERTEX_POINT('',#14966);
#5292=VERTEX_POINT('',#14970);
#5293=VERTEX_POINT('',#14974);
#5294=VERTEX_POINT('',#14985);
#5295=VERTEX_POINT('',#14998);
#5296=VERTEX_POINT('',#15011);
#5297=VERTEX_POINT('',#15024);
#5298=VERTEX_POINT('',#15030);
#5299=VERTEX_POINT('',#15046);
#5300=VERTEX_POINT('',#15048);
#5301=VERTEX_POINT('',#15052);
#5302=VERTEX_POINT('',#15056);
#5303=VERTEX_POINT('',#15060);
#5304=VERTEX_POINT('',#15064);
#5305=VERTEX_POINT('',#15068);
#5306=VERTEX_POINT('',#15072);
#5307=VERTEX_POINT('',#15076);
#5308=VERTEX_POINT('',#15080);
#5309=VERTEX_POINT('',#15084);
#5310=VERTEX_POINT('',#15088);
#5311=VERTEX_POINT('',#15092);
#5312=VERTEX_POINT('',#15096);
#5313=VERTEX_POINT('',#15100);
#5314=VERTEX_POINT('',#15104);
#5315=VERTEX_POINT('',#15108);
#5316=VERTEX_POINT('',#15112);
#5317=VERTEX_POINT('',#15128);
#5318=VERTEX_POINT('',#15129);
#5319=VERTEX_POINT('',#15131);
#5320=VERTEX_POINT('',#15135);
#5321=VERTEX_POINT('',#15148);
#5322=VERTEX_POINT('',#15150);
#5323=VERTEX_POINT('',#15165);
#5324=VERTEX_POINT('',#15167);
#5325=VERTEX_POINT('',#15182);
#5326=VERTEX_POINT('',#15184);
#5327=VERTEX_POINT('',#15199);
#5328=VERTEX_POINT('',#15201);
#5329=VERTEX_POINT('',#15216);
#5330=VERTEX_POINT('',#15218);
#5331=VERTEX_POINT('',#15233);
#5332=VERTEX_POINT('',#15235);
#5333=VERTEX_POINT('',#15248);
#5334=VERTEX_POINT('',#15252);
#5335=VERTEX_POINT('',#15263);
#5336=VERTEX_POINT('',#15276);
#5337=VERTEX_POINT('',#15289);
#5338=VERTEX_POINT('',#15302);
#5339=VERTEX_POINT('',#15315);
#5340=VERTEX_POINT('',#15328);
#5341=VERTEX_POINT('',#15369);
#5342=VERTEX_POINT('',#15370);
#5343=VERTEX_POINT('',#15372);
#5344=VERTEX_POINT('',#15376);
#5345=VERTEX_POINT('',#15389);
#5346=VERTEX_POINT('',#15391);
#5347=VERTEX_POINT('',#15406);
#5348=VERTEX_POINT('',#15408);
#5349=VERTEX_POINT('',#15423);
#5350=VERTEX_POINT('',#15425);
#5351=VERTEX_POINT('',#15440);
#5352=VERTEX_POINT('',#15442);
#5353=VERTEX_POINT('',#15457);
#5354=VERTEX_POINT('',#15459);
#5355=VERTEX_POINT('',#15474);
#5356=VERTEX_POINT('',#15476);
#5357=VERTEX_POINT('',#15489);
#5358=VERTEX_POINT('',#15493);
#5359=VERTEX_POINT('',#15504);
#5360=VERTEX_POINT('',#15517);
#5361=VERTEX_POINT('',#15530);
#5362=VERTEX_POINT('',#15543);
#5363=VERTEX_POINT('',#15556);
#5364=VERTEX_POINT('',#15569);
#5365=VERTEX_POINT('',#15610);
#5366=VERTEX_POINT('',#15611);
#5367=VERTEX_POINT('',#15613);
#5368=VERTEX_POINT('',#15617);
#5369=VERTEX_POINT('',#15621);
#5370=VERTEX_POINT('',#15623);
#5371=VERTEX_POINT('',#15627);
#5372=VERTEX_POINT('',#15629);
#5373=VERTEX_POINT('',#15633);
#5374=VERTEX_POINT('',#15635);
#5375=VERTEX_POINT('',#15639);
#5376=VERTEX_POINT('',#15641);
#5377=VERTEX_POINT('',#15645);
#5378=VERTEX_POINT('',#15647);
#5379=VERTEX_POINT('',#15651);
#5380=VERTEX_POINT('',#15653);
#5381=VERTEX_POINT('',#15666);
#5382=VERTEX_POINT('',#15668);
#5383=VERTEX_POINT('',#15683);
#5384=VERTEX_POINT('',#15685);
#5385=VERTEX_POINT('',#15698);
#5386=VERTEX_POINT('',#15702);
#5387=VERTEX_POINT('',#15713);
#5388=VERTEX_POINT('',#15726);
#5389=VERTEX_POINT('',#15739);
#5390=VERTEX_POINT('',#15752);
#5391=VERTEX_POINT('',#15765);
#5392=VERTEX_POINT('',#15778);
#5393=VERTEX_POINT('',#15791);
#5394=VERTEX_POINT('',#15797);
#5395=VERTEX_POINT('',#15808);
#5396=VERTEX_POINT('',#15821);
#5397=VERTEX_POINT('',#15827);
#5398=VERTEX_POINT('',#15831);
#5399=VERTEX_POINT('',#15842);
#5400=VERTEX_POINT('',#15874);
#5401=VERTEX_POINT('',#15876);
#5402=VERTEX_POINT('',#15880);
#5403=VERTEX_POINT('',#15884);
#5404=VERTEX_POINT('',#15888);
#5405=VERTEX_POINT('',#15892);
#5406=VERTEX_POINT('',#15899);
#5407=VERTEX_POINT('',#15901);
#5408=VERTEX_POINT('',#15905);
#5409=VERTEX_POINT('',#15909);
#5410=VERTEX_POINT('',#15913);
#5411=VERTEX_POINT('',#15917);
#5412=VERTEX_POINT('',#15921);
#5413=VERTEX_POINT('',#15925);
#5414=VERTEX_POINT('',#15929);
#5415=VERTEX_POINT('',#15933);
#5416=VERTEX_POINT('',#15937);
#5417=VERTEX_POINT('',#15941);
#5418=VERTEX_POINT('',#15948);
#5419=VERTEX_POINT('',#15950);
#5420=VERTEX_POINT('',#15954);
#5421=VERTEX_POINT('',#15958);
#5422=VERTEX_POINT('',#15962);
#5423=VERTEX_POINT('',#15966);
#5424=VERTEX_POINT('',#15970);
#5425=VERTEX_POINT('',#15974);
#5426=VERTEX_POINT('',#15978);
#5427=VERTEX_POINT('',#15992);
#5428=VERTEX_POINT('',#15993);
#5429=VERTEX_POINT('',#15995);
#5430=VERTEX_POINT('',#15997);
#5431=VERTEX_POINT('',#16001);
#5432=VERTEX_POINT('',#16003);
#5433=VERTEX_POINT('',#16007);
#5434=VERTEX_POINT('',#16009);
#5435=VERTEX_POINT('',#16013);
#5436=VERTEX_POINT('',#16015);
#5437=VERTEX_POINT('',#16019);
#5438=VERTEX_POINT('',#16021);
#5439=VERTEX_POINT('',#16035);
#5440=VERTEX_POINT('',#16036);
#5441=VERTEX_POINT('',#16038);
#5442=VERTEX_POINT('',#16040);
#5443=VERTEX_POINT('',#16044);
#5444=VERTEX_POINT('',#16046);
#5445=VERTEX_POINT('',#16050);
#5446=VERTEX_POINT('',#16051);
#5447=VERTEX_POINT('',#16065);
#5448=VERTEX_POINT('',#16066);
#5449=VERTEX_POINT('',#16068);
#5450=VERTEX_POINT('',#16070);
#5451=VERTEX_POINT('',#16074);
#5452=VERTEX_POINT('',#16076);
#5453=VERTEX_POINT('',#16080);
#5454=VERTEX_POINT('',#16082);
#5455=VERTEX_POINT('',#16086);
#5456=VERTEX_POINT('',#16088);
#5457=VERTEX_POINT('',#16092);
#5458=VERTEX_POINT('',#16094);
#5459=VERTEX_POINT('',#16098);
#5460=VERTEX_POINT('',#16100);
#5461=VERTEX_POINT('',#16104);
#5462=VERTEX_POINT('',#16106);
#5463=VERTEX_POINT('',#16110);
#5464=VERTEX_POINT('',#16112);
#5465=VERTEX_POINT('',#16116);
#5466=VERTEX_POINT('',#16118);
#5467=VERTEX_POINT('',#16122);
#5468=VERTEX_POINT('',#16124);
#5469=VERTEX_POINT('',#16128);
#5470=VERTEX_POINT('',#16130);
#5471=LINE('',#12056,#6347);
#5472=LINE('',#12059,#6348);
#5473=LINE('',#12061,#6349);
#5474=LINE('',#12063,#6350);
#5475=LINE('',#12068,#6351);
#5476=LINE('',#12070,#6352);
#5477=LINE('',#12071,#6353);
#5478=LINE('',#12073,#6354);
#5479=LINE('',#12075,#6355);
#5480=LINE('',#12077,#6356);
#5481=LINE('',#12079,#6357);
#5482=LINE('',#12080,#6358);
#5483=LINE('',#12082,#6359);
#5484=LINE('',#12084,#6360);
#5485=LINE('',#12086,#6361);
#5486=LINE('',#12087,#6362);
#5487=LINE('',#12095,#6363);
#5488=LINE('',#12098,#6364);
#5489=LINE('',#12100,#6365);
#5490=LINE('',#12102,#6366);
#5491=LINE('',#12104,#6367);
#5492=LINE('',#12106,#6368);
#5493=LINE('',#12108,#6369);
#5494=LINE('',#12110,#6370);
#5495=LINE('',#12112,#6371);
#5496=LINE('',#12114,#6372);
#5497=LINE('',#12116,#6373);
#5498=LINE('',#12118,#6374);
#5499=LINE('',#12120,#6375);
#5500=LINE('',#12124,#6376);
#5501=LINE('',#12128,#6377);
#5502=LINE('',#12130,#6378);
#5503=LINE('',#12132,#6379);
#5504=LINE('',#12134,#6380);
#5505=LINE('',#12136,#6381);
#5506=LINE('',#12138,#6382);
#5507=LINE('',#12140,#6383);
#5508=LINE('',#12142,#6384);
#5509=LINE('',#12144,#6385);
#5510=LINE('',#12146,#6386);
#5511=LINE('',#12148,#6387);
#5512=LINE('',#12150,#6388);
#5513=LINE('',#12152,#6389);
#5514=LINE('',#12154,#6390);
#5515=LINE('',#12156,#6391);
#5516=LINE('',#12158,#6392);
#5517=LINE('',#12160,#6393);
#5518=LINE('',#12162,#6394);
#5519=LINE('',#12164,#6395);
#5520=LINE('',#12166,#6396);
#5521=LINE('',#12168,#6397);
#5522=LINE('',#12170,#6398);
#5523=LINE('',#12172,#6399);
#5524=LINE('',#12174,#6400);
#5525=LINE('',#12176,#6401);
#5526=LINE('',#12178,#6402);
#5527=LINE('',#12180,#6403);
#5528=LINE('',#12182,#6404);
#5529=LINE('',#12184,#6405);
#5530=LINE('',#12186,#6406);
#5531=LINE('',#12188,#6407);
#5532=LINE('',#12190,#6408);
#5533=LINE('',#12192,#6409);
#5534=LINE('',#12196,#6410);
#5535=LINE('',#12200,#6411);
#5536=LINE('',#12201,#6412);
#5537=LINE('',#12226,#6413);
#5538=LINE('',#12232,#6414);
#5539=LINE('',#12245,#6415);
#5540=LINE('',#12262,#6416);
#5541=LINE('',#12270,#6417);
#5542=LINE('',#12276,#6418);
#5543=LINE('',#12280,#6419);
#5544=LINE('',#12282,#6420);
#5545=LINE('',#12284,#6421);
#5546=LINE('',#12297,#6422);
#5547=LINE('',#12305,#6423);
#5548=LINE('',#12320,#6424);
#5549=LINE('',#12337,#6425);
#5550=LINE('',#12354,#6426);
#5551=LINE('',#12371,#6427);
#5552=LINE('',#12377,#6428);
#5553=LINE('',#12379,#6429);
#5554=LINE('',#12381,#6430);
#5555=LINE('',#12383,#6431);
#5556=LINE('',#12385,#6432);
#5557=LINE('',#12387,#6433);
#5558=LINE('',#12389,#6434);
#5559=LINE('',#12391,#6435);
#5560=LINE('',#12393,#6436);
#5561=LINE('',#12406,#6437);
#5562=LINE('',#12423,#6438);
#5563=LINE('',#12431,#6439);
#5564=LINE('',#12437,#6440);
#5565=LINE('',#12441,#6441);
#5566=LINE('',#12443,#6442);
#5567=LINE('',#12445,#6443);
#5568=LINE('',#12449,#6444);
#5569=LINE('',#12455,#6445);
#5570=LINE('',#12470,#6446);
#5571=LINE('',#12487,#6447);
#5572=LINE('',#12504,#6448);
#5573=LINE('',#12521,#6449);
#5574=LINE('',#12527,#6450);
#5575=LINE('',#12529,#6451);
#5576=LINE('',#12531,#6452);
#5577=LINE('',#12562,#6453);
#5578=LINE('',#12568,#6454);
#5579=LINE('',#12581,#6455);
#5580=LINE('',#12598,#6456);
#5581=LINE('',#12615,#6457);
#5582=LINE('',#12632,#6458);
#5583=LINE('',#12649,#6459);
#5584=LINE('',#12666,#6460);
#5585=LINE('',#12684,#6461);
#5586=LINE('',#12690,#6462);
#5587=LINE('',#12703,#6463);
#5588=LINE('',#12720,#6464);
#5589=LINE('',#12737,#6465);
#5590=LINE('',#12754,#6466);
#5591=LINE('',#12771,#6467);
#5592=LINE('',#12788,#6468);
#5593=LINE('',#12835,#6469);
#5594=LINE('',#12838,#6470);
#5595=LINE('',#12840,#6471);
#5596=LINE('',#12842,#6472);
#5597=LINE('',#12844,#6473);
#5598=LINE('',#12849,#6474);
#5599=LINE('',#12850,#6475);
#5600=LINE('',#12852,#6476);
#5601=LINE('',#12854,#6477);
#5602=LINE('',#12857,#6478);
#5603=LINE('',#12858,#6479);
#5604=LINE('',#12860,#6480);
#5605=LINE('',#12863,#6481);
#5606=LINE('',#12864,#6482);
#5607=LINE('',#12865,#6483);
#5608=LINE('',#12867,#6484);
#5609=LINE('',#12874,#6485);
#5610=LINE('',#12877,#6486);
#5611=LINE('',#12879,#6487);
#5612=LINE('',#12881,#6488);
#5613=LINE('',#12883,#6489);
#5614=LINE('',#12885,#6490);
#5615=LINE('',#12887,#6491);
#5616=LINE('',#12889,#6492);
#5617=LINE('',#12891,#6493);
#5618=LINE('',#12893,#6494);
#5619=LINE('',#12895,#6495);
#5620=LINE('',#12896,#6496);
#5621=LINE('',#12913,#6497);
#5622=LINE('',#12919,#6498);
#5623=LINE('',#12923,#6499);
#5624=LINE('',#12929,#6500);
#5625=LINE('',#12935,#6501);
#5626=LINE('',#12941,#6502);
#5627=LINE('',#12947,#6503);
#5628=LINE('',#12953,#6504);
#5629=LINE('',#12968,#6505);
#5630=LINE('',#12985,#6506);
#5631=LINE('',#13003,#6507);
#5632=LINE('',#13009,#6508);
#5633=LINE('',#13022,#6509);
#5634=LINE('',#13039,#6510);
#5635=LINE('',#13056,#6511);
#5636=LINE('',#13073,#6512);
#5637=LINE('',#13090,#6513);
#5638=LINE('',#13107,#6514);
#5639=LINE('',#13124,#6515);
#5640=LINE('',#13130,#6516);
#5641=LINE('',#13132,#6517);
#5642=LINE('',#13134,#6518);
#5643=LINE('',#13147,#6519);
#5644=LINE('',#13164,#6520);
#5645=LINE('',#13172,#6521);
#5646=LINE('',#13176,#6522);
#5647=LINE('',#13178,#6523);
#5648=LINE('',#13180,#6524);
#5649=LINE('',#13193,#6525);
#5650=LINE('',#13230,#6526);
#5651=LINE('',#13233,#6527);
#5652=LINE('',#13235,#6528);
#5653=LINE('',#13237,#6529);
#5654=LINE('',#13239,#6530);
#5655=LINE('',#13241,#6531);
#5656=LINE('',#13243,#6532);
#5657=LINE('',#13247,#6533);
#5658=LINE('',#13253,#6534);
#5659=LINE('',#13257,#6535);
#5660=LINE('',#13259,#6536);
#5661=LINE('',#13261,#6537);
#5662=LINE('',#13263,#6538);
#5663=LINE('',#13265,#6539);
#5664=LINE('',#13267,#6540);
#5665=LINE('',#13269,#6541);
#5666=LINE('',#13271,#6542);
#5667=LINE('',#13273,#6543);
#5668=LINE('',#13275,#6544);
#5669=LINE('',#13277,#6545);
#5670=LINE('',#13279,#6546);
#5671=LINE('',#13281,#6547);
#5672=LINE('',#13282,#6548);
#5673=LINE('',#13287,#6549);
#5674=LINE('',#13290,#6550);
#5675=LINE('',#13292,#6551);
#5676=LINE('',#13294,#6552);
#5677=LINE('',#13296,#6553);
#5678=LINE('',#13298,#6554);
#5679=LINE('',#13300,#6555);
#5680=LINE('',#13302,#6556);
#5681=LINE('',#13304,#6557);
#5682=LINE('',#13307,#6558);
#5683=LINE('',#13309,#6559);
#5684=LINE('',#13311,#6560);
#5685=LINE('',#13313,#6561);
#5686=LINE('',#13316,#6562);
#5687=LINE('',#13318,#6563);
#5688=LINE('',#13320,#6564);
#5689=LINE('',#13326,#6565);
#5690=LINE('',#13329,#6566);
#5691=LINE('',#13331,#6567);
#5692=LINE('',#13333,#6568);
#5693=LINE('',#13335,#6569);
#5694=LINE('',#13336,#6570);
#5695=LINE('',#13337,#6571);
#5696=LINE('',#13339,#6572);
#5697=LINE('',#13342,#6573);
#5698=LINE('',#13344,#6574);
#5699=LINE('',#13346,#6575);
#5700=LINE('',#13348,#6576);
#5701=LINE('',#13351,#6577);
#5702=LINE('',#13352,#6578);
#5703=LINE('',#13354,#6579);
#5704=LINE('',#13356,#6580);
#5705=LINE('',#13358,#6581);
#5706=LINE('',#13360,#6582);
#5707=LINE('',#13362,#6583);
#5708=LINE('',#13364,#6584);
#5709=LINE('',#13367,#6585);
#5710=LINE('',#13369,#6586);
#5711=LINE('',#13371,#6587);
#5712=LINE('',#13373,#6588);
#5713=LINE('',#13376,#6589);
#5714=LINE('',#13377,#6590);
#5715=LINE('',#13379,#6591);
#5716=LINE('',#13381,#6592);
#5717=LINE('',#13383,#6593);
#5718=LINE('',#13385,#6594);
#5719=LINE('',#13387,#6595);
#5720=LINE('',#13389,#6596);
#5721=LINE('',#13391,#6597);
#5722=LINE('',#13393,#6598);
#5723=LINE('',#13395,#6599);
#5724=LINE('',#13403,#6600);
#5725=LINE('',#13406,#6601);
#5726=LINE('',#13408,#6602);
#5727=LINE('',#13410,#6603);
#5728=LINE('',#13411,#6604);
#5729=LINE('',#13414,#6605);
#5730=LINE('',#13416,#6606);
#5731=LINE('',#13418,#6607);
#5732=LINE('',#13420,#6608);
#5733=LINE('',#13423,#6609);
#5734=LINE('',#13424,#6610);
#5735=LINE('',#13426,#6611);
#5736=LINE('',#13429,#6612);
#5737=LINE('',#13430,#6613);
#5738=LINE('',#13432,#6614);
#5739=LINE('',#13434,#6615);
#5740=LINE('',#13436,#6616);
#5741=LINE('',#13438,#6617);
#5742=LINE('',#13440,#6618);
#5743=LINE('',#13442,#6619);
#5744=LINE('',#13444,#6620);
#5745=LINE('',#13446,#6621);
#5746=LINE('',#13448,#6622);
#5747=LINE('',#13450,#6623);
#5748=LINE('',#13452,#6624);
#5749=LINE('',#13454,#6625);
#5750=LINE('',#13456,#6626);
#5751=LINE('',#13458,#6627);
#5752=LINE('',#13460,#6628);
#5753=LINE('',#13462,#6629);
#5754=LINE('',#13464,#6630);
#5755=LINE('',#13466,#6631);
#5756=LINE('',#13468,#6632);
#5757=LINE('',#13470,#6633);
#5758=LINE('',#13472,#6634);
#5759=LINE('',#13474,#6635);
#5760=LINE('',#13477,#6636);
#5761=LINE('',#13478,#6637);
#5762=LINE('',#13479,#6638);
#5763=LINE('',#13481,#6639);
#5764=LINE('',#13498,#6640);
#5765=LINE('',#13504,#6641);
#5766=LINE('',#13517,#6642);
#5767=LINE('',#13534,#6643);
#5768=LINE('',#13551,#6644);
#5769=LINE('',#13568,#6645);
#5770=LINE('',#13585,#6646);
#5771=LINE('',#13602,#6647);
#5772=LINE('',#13620,#6648);
#5773=LINE('',#13626,#6649);
#5774=LINE('',#13639,#6650);
#5775=LINE('',#13656,#6651);
#5776=LINE('',#13673,#6652);
#5777=LINE('',#13690,#6653);
#5778=LINE('',#13707,#6654);
#5779=LINE('',#13724,#6655);
#5780=LINE('',#13785,#6656);
#5781=LINE('',#13788,#6657);
#5782=LINE('',#13790,#6658);
#5783=LINE('',#13792,#6659);
#5784=LINE('',#13794,#6660);
#5785=LINE('',#13797,#6661);
#5786=LINE('',#13799,#6662);
#5787=LINE('',#13801,#6663);
#5788=LINE('',#13810,#6664);
#5789=LINE('',#13813,#6665);
#5790=LINE('',#13815,#6666);
#5791=LINE('',#13817,#6667);
#5792=LINE('',#13819,#6668);
#5793=LINE('',#13821,#6669);
#5794=LINE('',#13823,#6670);
#5795=LINE('',#13825,#6671);
#5796=LINE('',#13827,#6672);
#5797=LINE('',#13829,#6673);
#5798=LINE('',#13831,#6674);
#5799=LINE('',#13833,#6675);
#5800=LINE('',#13835,#6676);
#5801=LINE('',#13838,#6677);
#5802=LINE('',#13840,#6678);
#5803=LINE('',#13842,#6679);
#5804=LINE('',#13846,#6680);
#5805=LINE('',#13848,#6681);
#5806=LINE('',#13850,#6682);
#5807=LINE('',#13854,#6683);
#5808=LINE('',#13857,#6684);
#5809=LINE('',#13858,#6685);
#5810=LINE('',#13862,#6686);
#5811=LINE('',#13864,#6687);
#5812=LINE('',#13865,#6688);
#5813=LINE('',#13866,#6689);
#5814=LINE('',#13869,#6690);
#5815=LINE('',#13871,#6691);
#5816=LINE('',#13873,#6692);
#5817=LINE('',#13875,#6693);
#5818=LINE('',#13878,#6694);
#5819=LINE('',#13880,#6695);
#5820=LINE('',#13882,#6696);
#5821=LINE('',#13883,#6697);
#5822=LINE('',#13884,#6698);
#5823=LINE('',#13885,#6699);
#5824=LINE('',#13886,#6700);
#5825=LINE('',#13897,#6701);
#5826=LINE('',#13902,#6702);
#5827=LINE('',#13906,#6703);
#5828=LINE('',#13911,#6704);
#5829=LINE('',#13913,#6705);
#5830=LINE('',#13914,#6706);
#5831=LINE('',#13917,#6707);
#5832=LINE('',#13920,#6708);
#5833=LINE('',#13922,#6709);
#5834=LINE('',#13924,#6710);
#5835=LINE('',#13926,#6711);
#5836=LINE('',#13927,#6712);
#5837=LINE('',#13928,#6713);
#5838=LINE('',#13930,#6714);
#5839=LINE('',#13931,#6715);
#5840=LINE('',#13937,#6716);
#5841=LINE('',#13940,#6717);
#5842=LINE('',#13942,#6718);
#5843=LINE('',#13944,#6719);
#5844=LINE('',#13950,#6720);
#5845=LINE('',#13951,#6721);
#5846=LINE('',#13953,#6722);
#5847=LINE('',#13955,#6723);
#5848=LINE('',#13959,#6724);
#5849=LINE('',#13961,#6725);
#5850=LINE('',#13963,#6726);
#5851=LINE('',#13965,#6727);
#5852=LINE('',#13967,#6728);
#5853=LINE('',#13969,#6729);
#5854=LINE('',#13971,#6730);
#5855=LINE('',#13973,#6731);
#5856=LINE('',#13975,#6732);
#5857=LINE('',#13976,#6733);
#5858=LINE('',#13978,#6734);
#5859=LINE('',#13981,#6735);
#5860=LINE('',#13984,#6736);
#5861=LINE('',#13986,#6737);
#5862=LINE('',#13988,#6738);
#5863=LINE('',#13990,#6739);
#5864=LINE('',#13992,#6740);
#5865=LINE('',#13993,#6741);
#5866=LINE('',#13995,#6742);
#5867=LINE('',#13997,#6743);
#5868=LINE('',#13999,#6744);
#5869=LINE('',#14000,#6745);
#5870=LINE('',#14003,#6746);
#5871=LINE('',#14005,#6747);
#5872=LINE('',#14007,#6748);
#5873=LINE('',#14009,#6749);
#5874=LINE('',#14014,#6750);
#5875=LINE('',#14016,#6751);
#5876=LINE('',#14018,#6752);
#5877=LINE('',#14020,#6753);
#5878=LINE('',#14022,#6754);
#5879=LINE('',#14024,#6755);
#5880=LINE('',#14043,#6756);
#5881=LINE('',#14046,#6757);
#5882=LINE('',#14048,#6758);
#5883=LINE('',#14050,#6759);
#5884=LINE('',#14051,#6760);
#5885=LINE('',#14054,#6761);
#5886=LINE('',#14056,#6762);
#5887=LINE('',#14058,#6763);
#5888=LINE('',#14059,#6764);
#5889=LINE('',#14062,#6765);
#5890=LINE('',#14064,#6766);
#5891=LINE('',#14066,#6767);
#5892=LINE('',#14069,#6768);
#5893=LINE('',#14072,#6769);
#5894=LINE('',#14074,#6770);
#5895=LINE('',#14076,#6771);
#5896=LINE('',#14082,#6772);
#5897=LINE('',#14085,#6773);
#5898=LINE('',#14087,#6774);
#5899=LINE('',#14089,#6775);
#5900=LINE('',#14091,#6776);
#5901=LINE('',#14092,#6777);
#5902=LINE('',#14094,#6778);
#5903=LINE('',#14096,#6779);
#5904=LINE('',#14099,#6780);
#5905=LINE('',#14102,#6781);
#5906=LINE('',#14104,#6782);
#5907=LINE('',#14106,#6783);
#5908=LINE('',#14108,#6784);
#5909=LINE('',#14109,#6785);
#5910=LINE('',#14111,#6786);
#5911=LINE('',#14113,#6787);
#5912=LINE('',#14116,#6788);
#5913=LINE('',#14119,#6789);
#5914=LINE('',#14121,#6790);
#5915=LINE('',#14123,#6791);
#5916=LINE('',#14125,#6792);
#5917=LINE('',#14128,#6793);
#5918=LINE('',#14129,#6794);
#5919=LINE('',#14131,#6795);
#5920=LINE('',#14132,#6796);
#5921=LINE('',#14137,#6797);
#5922=LINE('',#14138,#6798);
#5923=LINE('',#14143,#6799);
#5924=LINE('',#14146,#6800);
#5925=LINE('',#14148,#6801);
#5926=LINE('',#14150,#6802);
#5927=LINE('',#14151,#6803);
#5928=LINE('',#14154,#6804);
#5929=LINE('',#14156,#6805);
#5930=LINE('',#14158,#6806);
#5931=LINE('',#14160,#6807);
#5932=LINE('',#14161,#6808);
#5933=LINE('',#14163,#6809);
#5934=LINE('',#14166,#6810);
#5935=LINE('',#14167,#6811);
#5936=LINE('',#14169,#6812);
#5937=LINE('',#14171,#6813);
#5938=LINE('',#14173,#6814);
#5939=LINE('',#14175,#6815);
#5940=LINE('',#14177,#6816);
#5941=LINE('',#14179,#6817);
#5942=LINE('',#14181,#6818);
#5943=LINE('',#14184,#6819);
#5944=LINE('',#14187,#6820);
#5945=LINE('',#14189,#6821);
#5946=LINE('',#14191,#6822);
#5947=LINE('',#14193,#6823);
#5948=LINE('',#14195,#6824);
#5949=LINE('',#14196,#6825);
#5950=LINE('',#14198,#6826);
#5951=LINE('',#14200,#6827);
#5952=LINE('',#14202,#6828);
#5953=LINE('',#14203,#6829);
#5954=LINE('',#14205,#6830);
#5955=LINE('',#14208,#6831);
#5956=LINE('',#14210,#6832);
#5957=LINE('',#14212,#6833);
#5958=LINE('',#14214,#6834);
#5959=LINE('',#14216,#6835);
#5960=LINE('',#14218,#6836);
#5961=LINE('',#14220,#6837);
#5962=LINE('',#14222,#6838);
#5963=LINE('',#14224,#6839);
#5964=LINE('',#14226,#6840);
#5965=LINE('',#14228,#6841);
#5966=LINE('',#14230,#6842);
#5967=LINE('',#14232,#6843);
#5968=LINE('',#14233,#6844);
#5969=LINE('',#14257,#6845);
#5970=LINE('',#14260,#6846);
#5971=LINE('',#14262,#6847);
#5972=LINE('',#14264,#6848);
#5973=LINE('',#14266,#6849);
#5974=LINE('',#14268,#6850);
#5975=LINE('',#14270,#6851);
#5976=LINE('',#14272,#6852);
#5977=LINE('',#14274,#6853);
#5978=LINE('',#14276,#6854);
#5979=LINE('',#14278,#6855);
#5980=LINE('',#14280,#6856);
#5981=LINE('',#14281,#6857);
#5982=LINE('',#14284,#6858);
#5983=LINE('',#14286,#6859);
#5984=LINE('',#14288,#6860);
#5985=LINE('',#14290,#6861);
#5986=LINE('',#14292,#6862);
#5987=LINE('',#14294,#6863);
#5988=LINE('',#14296,#6864);
#5989=LINE('',#14298,#6865);
#5990=LINE('',#14300,#6866);
#5991=LINE('',#14302,#6867);
#5992=LINE('',#14304,#6868);
#5993=LINE('',#14306,#6869);
#5994=LINE('',#14308,#6870);
#5995=LINE('',#14310,#6871);
#5996=LINE('',#14312,#6872);
#5997=LINE('',#14315,#6873);
#5998=LINE('',#14317,#6874);
#5999=LINE('',#14319,#6875);
#6000=LINE('',#14321,#6876);
#6001=LINE('',#14322,#6877);
#6002=LINE('',#14324,#6878);
#6003=LINE('',#14325,#6879);
#6004=LINE('',#14329,#6880);
#6005=LINE('',#14331,#6881);
#6006=LINE('',#14333,#6882);
#6007=LINE('',#14367,#6883);
#6008=LINE('',#14370,#6884);
#6009=LINE('',#14372,#6885);
#6010=LINE('',#14376,#6886);
#6011=LINE('',#14378,#6887);
#6012=LINE('',#14380,#6888);
#6013=LINE('',#14382,#6889);
#6014=LINE('',#14384,#6890);
#6015=LINE('',#14386,#6891);
#6016=LINE('',#14388,#6892);
#6017=LINE('',#14390,#6893);
#6018=LINE('',#14392,#6894);
#6019=LINE('',#14394,#6895);
#6020=LINE('',#14396,#6896);
#6021=LINE('',#14400,#6897);
#6022=LINE('',#14402,#6898);
#6023=LINE('',#14416,#6899);
#6024=LINE('',#14438,#6900);
#6025=LINE('',#14452,#6901);
#6026=LINE('',#14454,#6902);
#6027=LINE('',#14456,#6903);
#6028=LINE('',#14480,#6904);
#6029=LINE('',#14548,#6905);
#6030=LINE('',#14560,#6906);
#6031=LINE('',#14585,#6907);
#6032=LINE('',#14588,#6908);
#6033=LINE('',#14590,#6909);
#6034=LINE('',#14592,#6910);
#6035=LINE('',#14594,#6911);
#6036=LINE('',#14596,#6912);
#6037=LINE('',#14597,#6913);
#6038=LINE('',#14600,#6914);
#6039=LINE('',#14602,#6915);
#6040=LINE('',#14604,#6916);
#6041=LINE('',#14606,#6917);
#6042=LINE('',#14608,#6918);
#6043=LINE('',#14610,#6919);
#6044=LINE('',#14612,#6920);
#6045=LINE('',#14614,#6921);
#6046=LINE('',#14616,#6922);
#6047=LINE('',#14618,#6923);
#6048=LINE('',#14620,#6924);
#6049=LINE('',#14621,#6925);
#6050=LINE('',#14624,#6926);
#6051=LINE('',#14626,#6927);
#6052=LINE('',#14628,#6928);
#6053=LINE('',#14630,#6929);
#6054=LINE('',#14632,#6930);
#6055=LINE('',#14634,#6931);
#6056=LINE('',#14639,#6932);
#6057=LINE('',#14640,#6933);
#6058=LINE('',#14661,#6934);
#6059=LINE('',#14665,#6935);
#6060=LINE('',#14685,#6936);
#6061=LINE('',#14688,#6937);
#6062=LINE('',#14690,#6938);
#6063=LINE('',#14692,#6939);
#6064=LINE('',#14694,#6940);
#6065=LINE('',#14695,#6941);
#6066=LINE('',#14696,#6942);
#6067=LINE('',#14698,#6943);
#6068=LINE('',#14700,#6944);
#6069=LINE('',#14702,#6945);
#6070=LINE('',#14718,#6946);
#6071=LINE('',#14720,#6947);
#6072=LINE('',#14722,#6948);
#6073=LINE('',#14724,#6949);
#6074=LINE('',#14726,#6950);
#6075=LINE('',#14728,#6951);
#6076=LINE('',#14730,#6952);
#6077=LINE('',#14732,#6953);
#6078=LINE('',#14734,#6954);
#6079=LINE('',#14735,#6955);
#6080=LINE('',#14737,#6956);
#6081=LINE('',#14740,#6957);
#6082=LINE('',#14743,#6958);
#6083=LINE('',#14745,#6959);
#6084=LINE('',#14747,#6960);
#6085=LINE('',#14749,#6961);
#6086=LINE('',#14751,#6962);
#6087=LINE('',#14752,#6963);
#6088=LINE('',#14754,#6964);
#6089=LINE('',#14756,#6965);
#6090=LINE('',#14758,#6966);
#6091=LINE('',#14759,#6967);
#6092=LINE('',#14762,#6968);
#6093=LINE('',#14764,#6969);
#6094=LINE('',#14766,#6970);
#6095=LINE('',#14768,#6971);
#6096=LINE('',#14773,#6972);
#6097=LINE('',#14775,#6973);
#6098=LINE('',#14777,#6974);
#6099=LINE('',#14779,#6975);
#6100=LINE('',#14781,#6976);
#6101=LINE('',#14783,#6977);
#6102=LINE('',#14804,#6978);
#6103=LINE('',#14810,#6979);
#6104=LINE('',#14819,#6980);
#6105=LINE('',#14832,#6981);
#6106=LINE('',#14838,#6982);
#6107=LINE('',#14842,#6983);
#6108=LINE('',#14846,#6984);
#6109=LINE('',#14848,#6985);
#6110=LINE('',#14857,#6986);
#6111=LINE('',#14863,#6987);
#6112=LINE('',#14874,#6988);
#6113=LINE('',#14887,#6989);
#6114=LINE('',#14900,#6990);
#6115=LINE('',#14913,#6991);
#6116=LINE('',#14919,#6992);
#6117=LINE('',#14921,#6993);
#6118=LINE('',#14923,#6994);
#6119=LINE('',#14925,#6995);
#6120=LINE('',#14927,#6996);
#6121=LINE('',#14929,#6997);
#6122=LINE('',#14938,#6998);
#6123=LINE('',#14951,#6999);
#6124=LINE('',#14957,#7000);
#6125=LINE('',#14961,#7001);
#6126=LINE('',#14965,#7002);
#6127=LINE('',#14967,#7003);
#6128=LINE('',#14969,#7004);
#6129=LINE('',#14973,#7005);
#6130=LINE('',#14984,#7006);
#6131=LINE('',#14997,#7007);
#6132=LINE('',#15010,#7008);
#6133=LINE('',#15023,#7009);
#6134=LINE('',#15029,#7010);
#6135=LINE('',#15031,#7011);
#6136=LINE('',#15045,#7012);
#6137=LINE('',#15047,#7013);
#6138=LINE('',#15049,#7014);
#6139=LINE('',#15051,#7015);
#6140=LINE('',#15053,#7016);
#6141=LINE('',#15055,#7017);
#6142=LINE('',#15057,#7018);
#6143=LINE('',#15059,#7019);
#6144=LINE('',#15061,#7020);
#6145=LINE('',#15063,#7021);
#6146=LINE('',#15067,#7022);
#6147=LINE('',#15069,#7023);
#6148=LINE('',#15071,#7024);
#6149=LINE('',#15073,#7025);
#6150=LINE('',#15075,#7026);
#6151=LINE('',#15077,#7027);
#6152=LINE('',#15079,#7028);
#6153=LINE('',#15081,#7029);
#6154=LINE('',#15083,#7030);
#6155=LINE('',#15085,#7031);
#6156=LINE('',#15087,#7032);
#6157=LINE('',#15089,#7033);
#6158=LINE('',#15091,#7034);
#6159=LINE('',#15093,#7035);
#6160=LINE('',#15095,#7036);
#6161=LINE('',#15097,#7037);
#6162=LINE('',#15099,#7038);
#6163=LINE('',#15101,#7039);
#6164=LINE('',#15103,#7040);
#6165=LINE('',#15105,#7041);
#6166=LINE('',#15107,#7042);
#6167=LINE('',#15109,#7043);
#6168=LINE('',#15111,#7044);
#6169=LINE('',#15115,#7045);
#6170=LINE('',#15130,#7046);
#6171=LINE('',#15136,#7047);
#6172=LINE('',#15149,#7048);
#6173=LINE('',#15166,#7049);
#6174=LINE('',#15183,#7050);
#6175=LINE('',#15200,#7051);
#6176=LINE('',#15217,#7052);
#6177=LINE('',#15234,#7053);
#6178=LINE('',#15247,#7054);
#6179=LINE('',#15253,#7055);
#6180=LINE('',#15262,#7056);
#6181=LINE('',#15275,#7057);
#6182=LINE('',#15288,#7058);
#6183=LINE('',#15301,#7059);
#6184=LINE('',#15314,#7060);
#6185=LINE('',#15327,#7061);
#6186=LINE('',#15371,#7062);
#6187=LINE('',#15377,#7063);
#6188=LINE('',#15390,#7064);
#6189=LINE('',#15407,#7065);
#6190=LINE('',#15424,#7066);
#6191=LINE('',#15441,#7067);
#6192=LINE('',#15458,#7068);
#6193=LINE('',#15475,#7069);
#6194=LINE('',#15488,#7070);
#6195=LINE('',#15494,#7071);
#6196=LINE('',#15503,#7072);
#6197=LINE('',#15516,#7073);
#6198=LINE('',#15529,#7074);
#6199=LINE('',#15542,#7075);
#6200=LINE('',#15555,#7076);
#6201=LINE('',#15568,#7077);
#6202=LINE('',#15612,#7078);
#6203=LINE('',#15618,#7079);
#6204=LINE('',#15622,#7080);
#6205=LINE('',#15628,#7081);
#6206=LINE('',#15634,#7082);
#6207=LINE('',#15640,#7083);
#6208=LINE('',#15646,#7084);
#6209=LINE('',#15652,#7085);
#6210=LINE('',#15667,#7086);
#6211=LINE('',#15684,#7087);
#6212=LINE('',#15697,#7088);
#6213=LINE('',#15703,#7089);
#6214=LINE('',#15712,#7090);
#6215=LINE('',#15725,#7091);
#6216=LINE('',#15738,#7092);
#6217=LINE('',#15751,#7093);
#6218=LINE('',#15764,#7094);
#6219=LINE('',#15777,#7095);
#6220=LINE('',#15790,#7096);
#6221=LINE('',#15796,#7097);
#6222=LINE('',#15798,#7098);
#6223=LINE('',#15807,#7099);
#6224=LINE('',#15820,#7100);
#6225=LINE('',#15826,#7101);
#6226=LINE('',#15830,#7102);
#6227=LINE('',#15832,#7103);
#6228=LINE('',#15841,#7104);
#6229=LINE('',#15873,#7105);
#6230=LINE('',#15875,#7106);
#6231=LINE('',#15877,#7107);
#6232=LINE('',#15879,#7108);
#6233=LINE('',#15881,#7109);
#6234=LINE('',#15883,#7110);
#6235=LINE('',#15885,#7111);
#6236=LINE('',#15887,#7112);
#6237=LINE('',#15889,#7113);
#6238=LINE('',#15891,#7114);
#6239=LINE('',#15893,#7115);
#6240=LINE('',#15895,#7116);
#6241=LINE('',#15898,#7117);
#6242=LINE('',#15900,#7118);
#6243=LINE('',#15902,#7119);
#6244=LINE('',#15904,#7120);
#6245=LINE('',#15906,#7121);
#6246=LINE('',#15908,#7122);
#6247=LINE('',#15910,#7123);
#6248=LINE('',#15912,#7124);
#6249=LINE('',#15914,#7125);
#6250=LINE('',#15916,#7126);
#6251=LINE('',#15918,#7127);
#6252=LINE('',#15920,#7128);
#6253=LINE('',#15922,#7129);
#6254=LINE('',#15924,#7130);
#6255=LINE('',#15926,#7131);
#6256=LINE('',#15928,#7132);
#6257=LINE('',#15930,#7133);
#6258=LINE('',#15932,#7134);
#6259=LINE('',#15934,#7135);
#6260=LINE('',#15936,#7136);
#6261=LINE('',#15938,#7137);
#6262=LINE('',#15940,#7138);
#6263=LINE('',#15942,#7139);
#6264=LINE('',#15944,#7140);
#6265=LINE('',#15947,#7141);
#6266=LINE('',#15949,#7142);
#6267=LINE('',#15951,#7143);
#6268=LINE('',#15953,#7144);
#6269=LINE('',#15955,#7145);
#6270=LINE('',#15957,#7146);
#6271=LINE('',#15961,#7147);
#6272=LINE('',#15965,#7148);
#6273=LINE('',#15967,#7149);
#6274=LINE('',#15969,#7150);
#6275=LINE('',#15971,#7151);
#6276=LINE('',#15973,#7152);
#6277=LINE('',#15975,#7153);
#6278=LINE('',#15977,#7154);
#6279=LINE('',#15979,#7155);
#6280=LINE('',#15981,#7156);
#6281=LINE('',#15991,#7157);
#6282=LINE('',#15994,#7158);
#6283=LINE('',#15996,#7159);
#6284=LINE('',#15998,#7160);
#6285=LINE('',#16000,#7161);
#6286=LINE('',#16002,#7162);
#6287=LINE('',#16004,#7163);
#6288=LINE('',#16006,#7164);
#6289=LINE('',#16008,#7165);
#6290=LINE('',#16010,#7166);
#6291=LINE('',#16012,#7167);
#6292=LINE('',#16014,#7168);
#6293=LINE('',#16016,#7169);
#6294=LINE('',#16018,#7170);
#6295=LINE('',#16020,#7171);
#6296=LINE('',#16022,#7172);
#6297=LINE('',#16024,#7173);
#6298=LINE('',#16025,#7174);
#6299=LINE('',#16034,#7175);
#6300=LINE('',#16037,#7176);
#6301=LINE('',#16039,#7177);
#6302=LINE('',#16041,#7178);
#6303=LINE('',#16043,#7179);
#6304=LINE('',#16045,#7180);
#6305=LINE('',#16047,#7181);
#6306=LINE('',#16049,#7182);
#6307=LINE('',#16052,#7183);
#6308=LINE('',#16053,#7184);
#6309=LINE('',#16055,#7185);
#6310=LINE('',#16057,#7186);
#6311=LINE('',#16064,#7187);
#6312=LINE('',#16067,#7188);
#6313=LINE('',#16069,#7189);
#6314=LINE('',#16071,#7190);
#6315=LINE('',#16073,#7191);
#6316=LINE('',#16075,#7192);
#6317=LINE('',#16077,#7193);
#6318=LINE('',#16079,#7194);
#6319=LINE('',#16081,#7195);
#6320=LINE('',#16083,#7196);
#6321=LINE('',#16085,#7197);
#6322=LINE('',#16087,#7198);
#6323=LINE('',#16089,#7199);
#6324=LINE('',#16091,#7200);
#6325=LINE('',#16093,#7201);
#6326=LINE('',#16095,#7202);
#6327=LINE('',#16097,#7203);
#6328=LINE('',#16099,#7204);
#6329=LINE('',#16101,#7205);
#6330=LINE('',#16103,#7206);
#6331=LINE('',#16105,#7207);
#6332=LINE('',#16107,#7208);
#6333=LINE('',#16109,#7209);
#6334=LINE('',#16111,#7210);
#6335=LINE('',#16113,#7211);
#6336=LINE('',#16115,#7212);
#6337=LINE('',#16117,#7213);
#6338=LINE('',#16119,#7214);
#6339=LINE('',#16121,#7215);
#6340=LINE('',#16123,#7216);
#6341=LINE('',#16125,#7217);
#6342=LINE('',#16127,#7218);
#6343=LINE('',#16129,#7219);
#6344=LINE('',#16131,#7220);
#6345=LINE('',#16133,#7221);
#6346=LINE('',#16134,#7222);
#6347=VECTOR('',#10058,1.);
#6348=VECTOR('',#10059,1.);
#6349=VECTOR('',#10060,1.);
#6350=VECTOR('',#10061,1.);
#6351=VECTOR('',#10066,1.);
#6352=VECTOR('',#10067,1.);
#6353=VECTOR('',#10068,1.);
#6354=VECTOR('',#10069,1.);
#6355=VECTOR('',#10072,1.);
#6356=VECTOR('',#10073,1.);
#6357=VECTOR('',#10074,1.);
#6358=VECTOR('',#10075,1.);
#6359=VECTOR('',#10076,1.);
#6360=VECTOR('',#10077,1.);
#6361=VECTOR('',#10080,1.);
#6362=VECTOR('',#10081,1.);
#6363=VECTOR('',#10096,1.);
#6364=VECTOR('',#10097,1.);
#6365=VECTOR('',#10098,1.);
#6366=VECTOR('',#10099,1.);
#6367=VECTOR('',#10102,1.);
#6368=VECTOR('',#10103,1.);
#6369=VECTOR('',#10104,1.);
#6370=VECTOR('',#10107,1.);
#6371=VECTOR('',#10108,1.);
#6372=VECTOR('',#10109,1.);
#6373=VECTOR('',#10112,1.);
#6374=VECTOR('',#10113,1.);
#6375=VECTOR('',#10114,1.);
#6376=VECTOR('',#10119,1.);
#6377=VECTOR('',#10124,1.);
#6378=VECTOR('',#10125,1.);
#6379=VECTOR('',#10126,1.);
#6380=VECTOR('',#10129,1.);
#6381=VECTOR('',#10130,1.);
#6382=VECTOR('',#10131,1.);
#6383=VECTOR('',#10134,1.);
#6384=VECTOR('',#10135,1.);
#6385=VECTOR('',#10136,1.);
#6386=VECTOR('',#10139,1.);
#6387=VECTOR('',#10140,1.);
#6388=VECTOR('',#10141,1.);
#6389=VECTOR('',#10144,1.);
#6390=VECTOR('',#10145,1.);
#6391=VECTOR('',#10146,1.);
#6392=VECTOR('',#10149,1.);
#6393=VECTOR('',#10150,1.);
#6394=VECTOR('',#10151,1.);
#6395=VECTOR('',#10154,1.);
#6396=VECTOR('',#10155,1.);
#6397=VECTOR('',#10156,1.);
#6398=VECTOR('',#10159,1.);
#6399=VECTOR('',#10160,1.);
#6400=VECTOR('',#10161,1.);
#6401=VECTOR('',#10164,1.);
#6402=VECTOR('',#10165,1.);
#6403=VECTOR('',#10166,1.);
#6404=VECTOR('',#10169,1.);
#6405=VECTOR('',#10170,1.);
#6406=VECTOR('',#10171,1.);
#6407=VECTOR('',#10174,1.);
#6408=VECTOR('',#10175,1.);
#6409=VECTOR('',#10176,1.);
#6410=VECTOR('',#10181,1.);
#6411=VECTOR('',#10186,1.);
#6412=VECTOR('',#10187,1.);
#6413=VECTOR('',#10206,1.);
#6414=VECTOR('',#10207,1.);
#6415=VECTOR('',#10208,1.);
#6416=VECTOR('',#10209,1.);
#6417=VECTOR('',#10214,1.);
#6418=VECTOR('',#10221,1.);
#6419=VECTOR('',#10226,1.);
#6420=VECTOR('',#10227,1.);
#6421=VECTOR('',#10228,1.);
#6422=VECTOR('',#10229,1.);
#6423=VECTOR('',#10234,1.);
#6424=VECTOR('',#10237,1.);
#6425=VECTOR('',#10238,1.);
#6426=VECTOR('',#10239,1.);
#6427=VECTOR('',#10240,1.);
#6428=VECTOR('',#10243,1.);
#6429=VECTOR('',#10244,1.);
#6430=VECTOR('',#10245,1.);
#6431=VECTOR('',#10248,1.);
#6432=VECTOR('',#10249,1.);
#6433=VECTOR('',#10250,1.);
#6434=VECTOR('',#10253,1.);
#6435=VECTOR('',#10254,1.);
#6436=VECTOR('',#10255,1.);
#6437=VECTOR('',#10256,1.);
#6438=VECTOR('',#10257,1.);
#6439=VECTOR('',#10262,1.);
#6440=VECTOR('',#10269,1.);
#6441=VECTOR('',#10274,1.);
#6442=VECTOR('',#10275,1.);
#6443=VECTOR('',#10276,1.);
#6444=VECTOR('',#10281,1.);
#6445=VECTOR('',#10288,1.);
#6446=VECTOR('',#10291,1.);
#6447=VECTOR('',#10292,1.);
#6448=VECTOR('',#10293,1.);
#6449=VECTOR('',#10294,1.);
#6450=VECTOR('',#10297,1.);
#6451=VECTOR('',#10298,1.);
#6452=VECTOR('',#10299,1.);
#6453=VECTOR('',#10306,1.);
#6454=VECTOR('',#10307,1.);
#6455=VECTOR('',#10308,1.);
#6456=VECTOR('',#10309,1.);
#6457=VECTOR('',#10310,1.);
#6458=VECTOR('',#10311,1.);
#6459=VECTOR('',#10312,1.);
#6460=VECTOR('',#10313,1.);
#6461=VECTOR('',#10314,1.);
#6462=VECTOR('',#10315,1.);
#6463=VECTOR('',#10316,1.);
#6464=VECTOR('',#10317,1.);
#6465=VECTOR('',#10318,1.);
#6466=VECTOR('',#10319,1.);
#6467=VECTOR('',#10320,1.);
#6468=VECTOR('',#10321,1.);
#6469=VECTOR('',#10346,1.);
#6470=VECTOR('',#10347,1.);
#6471=VECTOR('',#10348,1.);
#6472=VECTOR('',#10349,1.);
#6473=VECTOR('',#10352,1.);
#6474=VECTOR('',#10355,1.);
#6475=VECTOR('',#10356,1.);
#6476=VECTOR('',#10357,1.);
#6477=VECTOR('',#10360,1.);
#6478=VECTOR('',#10361,1.);
#6479=VECTOR('',#10362,1.);
#6480=VECTOR('',#10365,1.);
#6481=VECTOR('',#10366,1.);
#6482=VECTOR('',#10367,1.);
#6483=VECTOR('',#10368,1.);
#6484=VECTOR('',#10371,1.);
#6485=VECTOR('',#10384,1.);
#6486=VECTOR('',#10385,1.);
#6487=VECTOR('',#10386,1.);
#6488=VECTOR('',#10387,1.);
#6489=VECTOR('',#10390,1.);
#6490=VECTOR('',#10391,1.);
#6491=VECTOR('',#10392,1.);
#6492=VECTOR('',#10395,1.);
#6493=VECTOR('',#10396,1.);
#6494=VECTOR('',#10397,1.);
#6495=VECTOR('',#10400,1.);
#6496=VECTOR('',#10401,1.);
#6497=VECTOR('',#10408,1.);
#6498=VECTOR('',#10409,1.);
#6499=VECTOR('',#10414,1.);
#6500=VECTOR('',#10421,1.);
#6501=VECTOR('',#10428,1.);
#6502=VECTOR('',#10435,1.);
#6503=VECTOR('',#10442,1.);
#6504=VECTOR('',#10449,1.);
#6505=VECTOR('',#10452,1.);
#6506=VECTOR('',#10453,1.);
#6507=VECTOR('',#10454,1.);
#6508=VECTOR('',#10455,1.);
#6509=VECTOR('',#10456,1.);
#6510=VECTOR('',#10457,1.);
#6511=VECTOR('',#10458,1.);
#6512=VECTOR('',#10459,1.);
#6513=VECTOR('',#10460,1.);
#6514=VECTOR('',#10461,1.);
#6515=VECTOR('',#10462,1.);
#6516=VECTOR('',#10465,1.);
#6517=VECTOR('',#10466,1.);
#6518=VECTOR('',#10467,1.);
#6519=VECTOR('',#10468,1.);
#6520=VECTOR('',#10469,1.);
#6521=VECTOR('',#10474,1.);
#6522=VECTOR('',#10479,1.);
#6523=VECTOR('',#10480,1.);
#6524=VECTOR('',#10481,1.);
#6525=VECTOR('',#10482,1.);
#6526=VECTOR('',#10491,1.);
#6527=VECTOR('',#10492,1.);
#6528=VECTOR('',#10493,1.);
#6529=VECTOR('',#10494,1.);
#6530=VECTOR('',#10497,1.);
#6531=VECTOR('',#10498,1.);
#6532=VECTOR('',#10499,1.);
#6533=VECTOR('',#10504,1.);
#6534=VECTOR('',#10511,1.);
#6535=VECTOR('',#10516,1.);
#6536=VECTOR('',#10517,1.);
#6537=VECTOR('',#10518,1.);
#6538=VECTOR('',#10521,1.);
#6539=VECTOR('',#10522,1.);
#6540=VECTOR('',#10523,1.);
#6541=VECTOR('',#10526,1.);
#6542=VECTOR('',#10527,1.);
#6543=VECTOR('',#10528,1.);
#6544=VECTOR('',#10531,1.);
#6545=VECTOR('',#10532,1.);
#6546=VECTOR('',#10533,1.);
#6547=VECTOR('',#10536,1.);
#6548=VECTOR('',#10537,1.);
#6549=VECTOR('',#10546,1.);
#6550=VECTOR('',#10547,1.);
#6551=VECTOR('',#10548,1.);
#6552=VECTOR('',#10549,1.);
#6553=VECTOR('',#10552,1.);
#6554=VECTOR('',#10553,1.);
#6555=VECTOR('',#10554,1.);
#6556=VECTOR('',#10555,1.);
#6557=VECTOR('',#10558,1.);
#6558=VECTOR('',#10559,1.);
#6559=VECTOR('',#10560,1.);
#6560=VECTOR('',#10561,1.);
#6561=VECTOR('',#10564,1.);
#6562=VECTOR('',#10565,1.);
#6563=VECTOR('',#10566,1.);
#6564=VECTOR('',#10567,1.);
#6565=VECTOR('',#10574,1.);
#6566=VECTOR('',#10575,1.);
#6567=VECTOR('',#10576,1.);
#6568=VECTOR('',#10577,1.);
#6569=VECTOR('',#10578,1.);
#6570=VECTOR('',#10579,1.);
#6571=VECTOR('',#10580,1.);
#6572=VECTOR('',#10583,1.);
#6573=VECTOR('',#10584,1.);
#6574=VECTOR('',#10585,1.);
#6575=VECTOR('',#10586,1.);
#6576=VECTOR('',#10589,1.);
#6577=VECTOR('',#10590,1.);
#6578=VECTOR('',#10591,1.);
#6579=VECTOR('',#10594,1.);
#6580=VECTOR('',#10595,1.);
#6581=VECTOR('',#10598,1.);
#6582=VECTOR('',#10599,1.);
#6583=VECTOR('',#10602,1.);
#6584=VECTOR('',#10605,1.);
#6585=VECTOR('',#10606,1.);
#6586=VECTOR('',#10607,1.);
#6587=VECTOR('',#10608,1.);
#6588=VECTOR('',#10611,1.);
#6589=VECTOR('',#10612,1.);
#6590=VECTOR('',#10613,1.);
#6591=VECTOR('',#10616,1.);
#6592=VECTOR('',#10617,1.);
#6593=VECTOR('',#10620,1.);
#6594=VECTOR('',#10621,1.);
#6595=VECTOR('',#10624,1.);
#6596=VECTOR('',#10627,1.);
#6597=VECTOR('',#10628,1.);
#6598=VECTOR('',#10629,1.);
#6599=VECTOR('',#10630,1.);
#6600=VECTOR('',#10641,1.);
#6601=VECTOR('',#10642,1.);
#6602=VECTOR('',#10643,1.);
#6603=VECTOR('',#10644,1.);
#6604=VECTOR('',#10645,1.);
#6605=VECTOR('',#10646,1.);
#6606=VECTOR('',#10647,1.);
#6607=VECTOR('',#10648,1.);
#6608=VECTOR('',#10651,1.);
#6609=VECTOR('',#10652,1.);
#6610=VECTOR('',#10653,1.);
#6611=VECTOR('',#10656,1.);
#6612=VECTOR('',#10657,1.);
#6613=VECTOR('',#10658,1.);
#6614=VECTOR('',#10661,1.);
#6615=VECTOR('',#10662,1.);
#6616=VECTOR('',#10665,1.);
#6617=VECTOR('',#10666,1.);
#6618=VECTOR('',#10669,1.);
#6619=VECTOR('',#10672,1.);
#6620=VECTOR('',#10673,1.);
#6621=VECTOR('',#10676,1.);
#6622=VECTOR('',#10677,1.);
#6623=VECTOR('',#10680,1.);
#6624=VECTOR('',#10683,1.);
#6625=VECTOR('',#10686,1.);
#6626=VECTOR('',#10689,1.);
#6627=VECTOR('',#10690,1.);
#6628=VECTOR('',#10691,1.);
#6629=VECTOR('',#10694,1.);
#6630=VECTOR('',#10695,1.);
#6631=VECTOR('',#10698,1.);
#6632=VECTOR('',#10699,1.);
#6633=VECTOR('',#10702,1.);
#6634=VECTOR('',#10703,1.);
#6635=VECTOR('',#10706,1.);
#6636=VECTOR('',#10711,1.);
#6637=VECTOR('',#10712,1.);
#6638=VECTOR('',#10713,1.);
#6639=VECTOR('',#10716,1.);
#6640=VECTOR('',#10723,1.);
#6641=VECTOR('',#10724,1.);
#6642=VECTOR('',#10725,1.);
#6643=VECTOR('',#10726,1.);
#6644=VECTOR('',#10727,1.);
#6645=VECTOR('',#10728,1.);
#6646=VECTOR('',#10729,1.);
#6647=VECTOR('',#10730,1.);
#6648=VECTOR('',#10731,1.);
#6649=VECTOR('',#10732,1.);
#6650=VECTOR('',#10733,1.);
#6651=VECTOR('',#10734,1.);
#6652=VECTOR('',#10735,1.);
#6653=VECTOR('',#10736,1.);
#6654=VECTOR('',#10737,1.);
#6655=VECTOR('',#10738,1.);
#6656=VECTOR('',#10781,1.);
#6657=VECTOR('',#10782,1.);
#6658=VECTOR('',#10783,1.);
#6659=VECTOR('',#10784,1.);
#6660=VECTOR('',#10787,1.);
#6661=VECTOR('',#10788,1.);
#6662=VECTOR('',#10789,1.);
#6663=VECTOR('',#10790,1.);
#6664=VECTOR('',#10799,1.);
#6665=VECTOR('',#10800,1.);
#6666=VECTOR('',#10801,1.);
#6667=VECTOR('',#10802,1.);
#6668=VECTOR('',#10803,1.);
#6669=VECTOR('',#10804,1.);
#6670=VECTOR('',#10805,1.);
#6671=VECTOR('',#10806,1.);
#6672=VECTOR('',#10807,1.);
#6673=VECTOR('',#10808,1.);
#6674=VECTOR('',#10809,1.);
#6675=VECTOR('',#10810,1.);
#6676=VECTOR('',#10813,1.);
#6677=VECTOR('',#10814,1.);
#6678=VECTOR('',#10815,1.);
#6679=VECTOR('',#10816,1.);
#6680=VECTOR('',#10821,1.);
#6681=VECTOR('',#10822,1.);
#6682=VECTOR('',#10823,1.);
#6683=VECTOR('',#10828,1.);
#6684=VECTOR('',#10829,1.);
#6685=VECTOR('',#10830,1.);
#6686=VECTOR('',#10833,1.);
#6687=VECTOR('',#10836,1.);
#6688=VECTOR('',#10837,1.);
#6689=VECTOR('',#10838,1.);
#6690=VECTOR('',#10839,1.);
#6691=VECTOR('',#10840,1.);
#6692=VECTOR('',#10841,1.);
#6693=VECTOR('',#10844,1.);
#6694=VECTOR('',#10845,1.);
#6695=VECTOR('',#10846,1.);
#6696=VECTOR('',#10847,1.);
#6697=VECTOR('',#10848,1.);
#6698=VECTOR('',#10849,1.);
#6699=VECTOR('',#10850,1.);
#6700=VECTOR('',#10851,1.);
#6701=VECTOR('',#10866,1.);
#6702=VECTOR('',#10871,1.);
#6703=VECTOR('',#10874,1.);
#6704=VECTOR('',#10879,1.);
#6705=VECTOR('',#10882,1.);
#6706=VECTOR('',#10883,1.);
#6707=VECTOR('',#10888,1.);
#6708=VECTOR('',#10889,1.);
#6709=VECTOR('',#10890,1.);
#6710=VECTOR('',#10891,1.);
#6711=VECTOR('',#10894,1.);
#6712=VECTOR('',#10895,1.);
#6713=VECTOR('',#10896,1.);
#6714=VECTOR('',#10899,1.);
#6715=VECTOR('',#10900,1.);
#6716=VECTOR('',#10909,1.);
#6717=VECTOR('',#10910,1.);
#6718=VECTOR('',#10911,1.);
#6719=VECTOR('',#10912,1.);
#6720=VECTOR('',#10921,1.);
#6721=VECTOR('',#10922,1.);
#6722=VECTOR('',#10925,1.);
#6723=VECTOR('',#10928,1.);
#6724=VECTOR('',#10935,1.);
#6725=VECTOR('',#10936,1.);
#6726=VECTOR('',#10937,1.);
#6727=VECTOR('',#10938,1.);
#6728=VECTOR('',#10941,1.);
#6729=VECTOR('',#10942,1.);
#6730=VECTOR('',#10943,1.);
#6731=VECTOR('',#10946,1.);
#6732=VECTOR('',#10947,1.);
#6733=VECTOR('',#10948,1.);
#6734=VECTOR('',#10951,1.);
#6735=VECTOR('',#10956,1.);
#6736=VECTOR('',#10957,1.);
#6737=VECTOR('',#10958,1.);
#6738=VECTOR('',#10959,1.);
#6739=VECTOR('',#10962,1.);
#6740=VECTOR('',#10963,1.);
#6741=VECTOR('',#10964,1.);
#6742=VECTOR('',#10967,1.);
#6743=VECTOR('',#10968,1.);
#6744=VECTOR('',#10971,1.);
#6745=VECTOR('',#10972,1.);
#6746=VECTOR('',#10977,1.);
#6747=VECTOR('',#10978,1.);
#6748=VECTOR('',#10981,1.);
#6749=VECTOR('',#10982,1.);
#6750=VECTOR('',#10989,1.);
#6751=VECTOR('',#10990,1.);
#6752=VECTOR('',#10993,1.);
#6753=VECTOR('',#10994,1.);
#6754=VECTOR('',#10997,1.);
#6755=VECTOR('',#11000,1.);
#6756=VECTOR('',#11031,1.);
#6757=VECTOR('',#11032,1.);
#6758=VECTOR('',#11033,1.);
#6759=VECTOR('',#11034,1.);
#6760=VECTOR('',#11035,1.);
#6761=VECTOR('',#11036,1.);
#6762=VECTOR('',#11037,1.);
#6763=VECTOR('',#11038,1.);
#6764=VECTOR('',#11039,1.);
#6765=VECTOR('',#11040,1.);
#6766=VECTOR('',#11041,1.);
#6767=VECTOR('',#11042,1.);
#6768=VECTOR('',#11045,1.);
#6769=VECTOR('',#11046,1.);
#6770=VECTOR('',#11047,1.);
#6771=VECTOR('',#11048,1.);
#6772=VECTOR('',#11055,1.);
#6773=VECTOR('',#11056,1.);
#6774=VECTOR('',#11057,1.);
#6775=VECTOR('',#11058,1.);
#6776=VECTOR('',#11061,1.);
#6777=VECTOR('',#11062,1.);
#6778=VECTOR('',#11065,1.);
#6779=VECTOR('',#11068,1.);
#6780=VECTOR('',#11073,1.);
#6781=VECTOR('',#11074,1.);
#6782=VECTOR('',#11075,1.);
#6783=VECTOR('',#11076,1.);
#6784=VECTOR('',#11079,1.);
#6785=VECTOR('',#11080,1.);
#6786=VECTOR('',#11083,1.);
#6787=VECTOR('',#11086,1.);
#6788=VECTOR('',#11091,1.);
#6789=VECTOR('',#11092,1.);
#6790=VECTOR('',#11093,1.);
#6791=VECTOR('',#11094,1.);
#6792=VECTOR('',#11097,1.);
#6793=VECTOR('',#11098,1.);
#6794=VECTOR('',#11099,1.);
#6795=VECTOR('',#11102,1.);
#6796=VECTOR('',#11103,1.);
#6797=VECTOR('',#11108,1.);
#6798=VECTOR('',#11109,1.);
#6799=VECTOR('',#11116,1.);
#6800=VECTOR('',#11117,1.);
#6801=VECTOR('',#11118,1.);
#6802=VECTOR('',#11119,1.);
#6803=VECTOR('',#11120,1.);
#6804=VECTOR('',#11121,1.);
#6805=VECTOR('',#11122,1.);
#6806=VECTOR('',#11123,1.);
#6807=VECTOR('',#11126,1.);
#6808=VECTOR('',#11127,1.);
#6809=VECTOR('',#11130,1.);
#6810=VECTOR('',#11131,1.);
#6811=VECTOR('',#11132,1.);
#6812=VECTOR('',#11135,1.);
#6813=VECTOR('',#11136,1.);
#6814=VECTOR('',#11139,1.);
#6815=VECTOR('',#11140,1.);
#6816=VECTOR('',#11143,1.);
#6817=VECTOR('',#11146,1.);
#6818=VECTOR('',#11149,1.);
#6819=VECTOR('',#11154,1.);
#6820=VECTOR('',#11155,1.);
#6821=VECTOR('',#11156,1.);
#6822=VECTOR('',#11157,1.);
#6823=VECTOR('',#11160,1.);
#6824=VECTOR('',#11161,1.);
#6825=VECTOR('',#11162,1.);
#6826=VECTOR('',#11165,1.);
#6827=VECTOR('',#11166,1.);
#6828=VECTOR('',#11169,1.);
#6829=VECTOR('',#11170,1.);
#6830=VECTOR('',#11173,1.);
#6831=VECTOR('',#11174,1.);
#6832=VECTOR('',#11175,1.);
#6833=VECTOR('',#11176,1.);
#6834=VECTOR('',#11179,1.);
#6835=VECTOR('',#11180,1.);
#6836=VECTOR('',#11181,1.);
#6837=VECTOR('',#11184,1.);
#6838=VECTOR('',#11185,1.);
#6839=VECTOR('',#11186,1.);
#6840=VECTOR('',#11189,1.);
#6841=VECTOR('',#11190,1.);
#6842=VECTOR('',#11191,1.);
#6843=VECTOR('',#11194,1.);
#6844=VECTOR('',#11195,1.);
#6845=VECTOR('',#11230,1.);
#6846=VECTOR('',#11231,1.);
#6847=VECTOR('',#11232,1.);
#6848=VECTOR('',#11233,1.);
#6849=VECTOR('',#11234,1.);
#6850=VECTOR('',#11235,1.);
#6851=VECTOR('',#11236,1.);
#6852=VECTOR('',#11237,1.);
#6853=VECTOR('',#11238,1.);
#6854=VECTOR('',#11239,1.);
#6855=VECTOR('',#11240,1.);
#6856=VECTOR('',#11241,1.);
#6857=VECTOR('',#11242,1.);
#6858=VECTOR('',#11243,1.);
#6859=VECTOR('',#11244,1.);
#6860=VECTOR('',#11245,1.);
#6861=VECTOR('',#11248,1.);
#6862=VECTOR('',#11249,1.);
#6863=VECTOR('',#11250,1.);
#6864=VECTOR('',#11251,1.);
#6865=VECTOR('',#11252,1.);
#6866=VECTOR('',#11253,1.);
#6867=VECTOR('',#11254,1.);
#6868=VECTOR('',#11255,1.);
#6869=VECTOR('',#11256,1.);
#6870=VECTOR('',#11257,1.);
#6871=VECTOR('',#11258,1.);
#6872=VECTOR('',#11261,1.);
#6873=VECTOR('',#11262,1.);
#6874=VECTOR('',#11263,1.);
#6875=VECTOR('',#11264,1.);
#6876=VECTOR('',#11267,1.);
#6877=VECTOR('',#11268,1.);
#6878=VECTOR('',#11271,1.);
#6879=VECTOR('',#11272,1.);
#6880=VECTOR('',#11277,1.);
#6881=VECTOR('',#11278,1.);
#6882=VECTOR('',#11279,1.);
#6883=VECTOR('',#11282,1.);
#6884=VECTOR('',#11283,1.);
#6885=VECTOR('',#11284,1.);
#6886=VECTOR('',#11287,1.);
#6887=VECTOR('',#11288,1.);
#6888=VECTOR('',#11289,1.);
#6889=VECTOR('',#11290,1.);
#6890=VECTOR('',#11291,1.);
#6891=VECTOR('',#11292,1.);
#6892=VECTOR('',#11293,1.);
#6893=VECTOR('',#11294,1.);
#6894=VECTOR('',#11295,1.);
#6895=VECTOR('',#11296,1.);
#6896=VECTOR('',#11297,1.);
#6897=VECTOR('',#11300,1.);
#6898=VECTOR('',#11301,1.);
#6899=VECTOR('',#11302,1.);
#6900=VECTOR('',#11307,1.);
#6901=VECTOR('',#11312,1.);
#6902=VECTOR('',#11313,1.);
#6903=VECTOR('',#11314,1.);
#6904=VECTOR('',#11317,1.);
#6905=VECTOR('',#11332,1.);
#6906=VECTOR('',#11335,1.);
#6907=VECTOR('',#11336,1.);
#6908=VECTOR('',#11337,1.);
#6909=VECTOR('',#11338,1.);
#6910=VECTOR('',#11339,1.);
#6911=VECTOR('',#11340,1.);
#6912=VECTOR('',#11341,1.);
#6913=VECTOR('',#11342,1.);
#6914=VECTOR('',#11343,1.);
#6915=VECTOR('',#11344,1.);
#6916=VECTOR('',#11345,1.);
#6917=VECTOR('',#11346,1.);
#6918=VECTOR('',#11347,1.);
#6919=VECTOR('',#11348,1.);
#6920=VECTOR('',#11349,1.);
#6921=VECTOR('',#11350,1.);
#6922=VECTOR('',#11351,1.);
#6923=VECTOR('',#11352,1.);
#6924=VECTOR('',#11353,1.);
#6925=VECTOR('',#11354,1.);
#6926=VECTOR('',#11355,1.);
#6927=VECTOR('',#11356,1.);
#6928=VECTOR('',#11357,1.);
#6929=VECTOR('',#11358,1.);
#6930=VECTOR('',#11359,1.);
#6931=VECTOR('',#11360,1.);
#6932=VECTOR('',#11365,1.);
#6933=VECTOR('',#11366,1.);
#6934=VECTOR('',#11377,1.);
#6935=VECTOR('',#11380,1.);
#6936=VECTOR('',#11409,1.);
#6937=VECTOR('',#11410,1.);
#6938=VECTOR('',#11411,1.);
#6939=VECTOR('',#11412,1.);
#6940=VECTOR('',#11415,1.);
#6941=VECTOR('',#11416,1.);
#6942=VECTOR('',#11417,1.);
#6943=VECTOR('',#11420,1.);
#6944=VECTOR('',#11423,1.);
#6945=VECTOR('',#11426,1.);
#6946=VECTOR('',#11433,1.);
#6947=VECTOR('',#11434,1.);
#6948=VECTOR('',#11435,1.);
#6949=VECTOR('',#11436,1.);
#6950=VECTOR('',#11439,1.);
#6951=VECTOR('',#11440,1.);
#6952=VECTOR('',#11441,1.);
#6953=VECTOR('',#11444,1.);
#6954=VECTOR('',#11445,1.);
#6955=VECTOR('',#11446,1.);
#6956=VECTOR('',#11449,1.);
#6957=VECTOR('',#11454,1.);
#6958=VECTOR('',#11455,1.);
#6959=VECTOR('',#11456,1.);
#6960=VECTOR('',#11457,1.);
#6961=VECTOR('',#11460,1.);
#6962=VECTOR('',#11461,1.);
#6963=VECTOR('',#11462,1.);
#6964=VECTOR('',#11465,1.);
#6965=VECTOR('',#11466,1.);
#6966=VECTOR('',#11469,1.);
#6967=VECTOR('',#11470,1.);
#6968=VECTOR('',#11475,1.);
#6969=VECTOR('',#11476,1.);
#6970=VECTOR('',#11479,1.);
#6971=VECTOR('',#11480,1.);
#6972=VECTOR('',#11487,1.);
#6973=VECTOR('',#11488,1.);
#6974=VECTOR('',#11491,1.);
#6975=VECTOR('',#11492,1.);
#6976=VECTOR('',#11495,1.);
#6977=VECTOR('',#11498,1.);
#6978=VECTOR('',#11517,1.);
#6979=VECTOR('',#11518,1.);
#6980=VECTOR('',#11519,1.);
#6981=VECTOR('',#11520,1.);
#6982=VECTOR('',#11523,1.);
#6983=VECTOR('',#11528,1.);
#6984=VECTOR('',#11533,1.);
#6985=VECTOR('',#11534,1.);
#6986=VECTOR('',#11535,1.);
#6987=VECTOR('',#11538,1.);
#6988=VECTOR('',#11541,1.);
#6989=VECTOR('',#11542,1.);
#6990=VECTOR('',#11543,1.);
#6991=VECTOR('',#11544,1.);
#6992=VECTOR('',#11547,1.);
#6993=VECTOR('',#11548,1.);
#6994=VECTOR('',#11551,1.);
#6995=VECTOR('',#11552,1.);
#6996=VECTOR('',#11555,1.);
#6997=VECTOR('',#11556,1.);
#6998=VECTOR('',#11557,1.);
#6999=VECTOR('',#11558,1.);
#7000=VECTOR('',#11561,1.);
#7001=VECTOR('',#11566,1.);
#7002=VECTOR('',#11571,1.);
#7003=VECTOR('',#11572,1.);
#7004=VECTOR('',#11575,1.);
#7005=VECTOR('',#11580,1.);
#7006=VECTOR('',#11583,1.);
#7007=VECTOR('',#11584,1.);
#7008=VECTOR('',#11585,1.);
#7009=VECTOR('',#11586,1.);
#7010=VECTOR('',#11589,1.);
#7011=VECTOR('',#11590,1.);
#7012=VECTOR('',#11595,1.);
#7013=VECTOR('',#11596,1.);
#7014=VECTOR('',#11597,1.);
#7015=VECTOR('',#11600,1.);
#7016=VECTOR('',#11601,1.);
#7017=VECTOR('',#11604,1.);
#7018=VECTOR('',#11605,1.);
#7019=VECTOR('',#11608,1.);
#7020=VECTOR('',#11609,1.);
#7021=VECTOR('',#11612,1.);
#7022=VECTOR('',#11617,1.);
#7023=VECTOR('',#11618,1.);
#7024=VECTOR('',#11621,1.);
#7025=VECTOR('',#11622,1.);
#7026=VECTOR('',#11625,1.);
#7027=VECTOR('',#11626,1.);
#7028=VECTOR('',#11629,1.);
#7029=VECTOR('',#11630,1.);
#7030=VECTOR('',#11633,1.);
#7031=VECTOR('',#11634,1.);
#7032=VECTOR('',#11637,1.);
#7033=VECTOR('',#11638,1.);
#7034=VECTOR('',#11641,1.);
#7035=VECTOR('',#11642,1.);
#7036=VECTOR('',#11645,1.);
#7037=VECTOR('',#11646,1.);
#7038=VECTOR('',#11649,1.);
#7039=VECTOR('',#11650,1.);
#7040=VECTOR('',#11653,1.);
#7041=VECTOR('',#11654,1.);
#7042=VECTOR('',#11657,1.);
#7043=VECTOR('',#11658,1.);
#7044=VECTOR('',#11661,1.);
#7045=VECTOR('',#11666,1.);
#7046=VECTOR('',#11669,1.);
#7047=VECTOR('',#11670,1.);
#7048=VECTOR('',#11671,1.);
#7049=VECTOR('',#11672,1.);
#7050=VECTOR('',#11673,1.);
#7051=VECTOR('',#11674,1.);
#7052=VECTOR('',#11675,1.);
#7053=VECTOR('',#11676,1.);
#7054=VECTOR('',#11677,1.);
#7055=VECTOR('',#11678,1.);
#7056=VECTOR('',#11679,1.);
#7057=VECTOR('',#11680,1.);
#7058=VECTOR('',#11681,1.);
#7059=VECTOR('',#11682,1.);
#7060=VECTOR('',#11683,1.);
#7061=VECTOR('',#11684,1.);
#7062=VECTOR('',#11687,1.);
#7063=VECTOR('',#11688,1.);
#7064=VECTOR('',#11689,1.);
#7065=VECTOR('',#11690,1.);
#7066=VECTOR('',#11691,1.);
#7067=VECTOR('',#11692,1.);
#7068=VECTOR('',#11693,1.);
#7069=VECTOR('',#11694,1.);
#7070=VECTOR('',#11695,1.);
#7071=VECTOR('',#11696,1.);
#7072=VECTOR('',#11697,1.);
#7073=VECTOR('',#11698,1.);
#7074=VECTOR('',#11699,1.);
#7075=VECTOR('',#11700,1.);
#7076=VECTOR('',#11701,1.);
#7077=VECTOR('',#11702,1.);
#7078=VECTOR('',#11705,1.);
#7079=VECTOR('',#11706,1.);
#7080=VECTOR('',#11711,1.);
#7081=VECTOR('',#11718,1.);
#7082=VECTOR('',#11725,1.);
#7083=VECTOR('',#11732,1.);
#7084=VECTOR('',#11739,1.);
#7085=VECTOR('',#11746,1.);
#7086=VECTOR('',#11749,1.);
#7087=VECTOR('',#11750,1.);
#7088=VECTOR('',#11751,1.);
#7089=VECTOR('',#11752,1.);
#7090=VECTOR('',#11753,1.);
#7091=VECTOR('',#11754,1.);
#7092=VECTOR('',#11755,1.);
#7093=VECTOR('',#11756,1.);
#7094=VECTOR('',#11757,1.);
#7095=VECTOR('',#11758,1.);
#7096=VECTOR('',#11759,1.);
#7097=VECTOR('',#11762,1.);
#7098=VECTOR('',#11763,1.);
#7099=VECTOR('',#11764,1.);
#7100=VECTOR('',#11765,1.);
#7101=VECTOR('',#11768,1.);
#7102=VECTOR('',#11773,1.);
#7103=VECTOR('',#11774,1.);
#7104=VECTOR('',#11775,1.);
#7105=VECTOR('',#11780,1.);
#7106=VECTOR('',#11781,1.);
#7107=VECTOR('',#11782,1.);
#7108=VECTOR('',#11785,1.);
#7109=VECTOR('',#11786,1.);
#7110=VECTOR('',#11789,1.);
#7111=VECTOR('',#11790,1.);
#7112=VECTOR('',#11793,1.);
#7113=VECTOR('',#11794,1.);
#7114=VECTOR('',#11797,1.);
#7115=VECTOR('',#11798,1.);
#7116=VECTOR('',#11801,1.);
#7117=VECTOR('',#11806,1.);
#7118=VECTOR('',#11807,1.);
#7119=VECTOR('',#11808,1.);
#7120=VECTOR('',#11811,1.);
#7121=VECTOR('',#11812,1.);
#7122=VECTOR('',#11815,1.);
#7123=VECTOR('',#11816,1.);
#7124=VECTOR('',#11819,1.);
#7125=VECTOR('',#11820,1.);
#7126=VECTOR('',#11823,1.);
#7127=VECTOR('',#11824,1.);
#7128=VECTOR('',#11827,1.);
#7129=VECTOR('',#11828,1.);
#7130=VECTOR('',#11831,1.);
#7131=VECTOR('',#11832,1.);
#7132=VECTOR('',#11835,1.);
#7133=VECTOR('',#11836,1.);
#7134=VECTOR('',#11839,1.);
#7135=VECTOR('',#11840,1.);
#7136=VECTOR('',#11843,1.);
#7137=VECTOR('',#11844,1.);
#7138=VECTOR('',#11847,1.);
#7139=VECTOR('',#11848,1.);
#7140=VECTOR('',#11851,1.);
#7141=VECTOR('',#11856,1.);
#7142=VECTOR('',#11857,1.);
#7143=VECTOR('',#11858,1.);
#7144=VECTOR('',#11861,1.);
#7145=VECTOR('',#11862,1.);
#7146=VECTOR('',#11865,1.);
#7147=VECTOR('',#11870,1.);
#7148=VECTOR('',#11875,1.);
#7149=VECTOR('',#11876,1.);
#7150=VECTOR('',#11879,1.);
#7151=VECTOR('',#11880,1.);
#7152=VECTOR('',#11883,1.);
#7153=VECTOR('',#11884,1.);
#7154=VECTOR('',#11887,1.);
#7155=VECTOR('',#11888,1.);
#7156=VECTOR('',#11891,1.);
#7157=VECTOR('',#11910,1.);
#7158=VECTOR('',#11911,1.);
#7159=VECTOR('',#11912,1.);
#7160=VECTOR('',#11913,1.);
#7161=VECTOR('',#11916,1.);
#7162=VECTOR('',#11917,1.);
#7163=VECTOR('',#11918,1.);
#7164=VECTOR('',#11921,1.);
#7165=VECTOR('',#11922,1.);
#7166=VECTOR('',#11923,1.);
#7167=VECTOR('',#11926,1.);
#7168=VECTOR('',#11927,1.);
#7169=VECTOR('',#11928,1.);
#7170=VECTOR('',#11931,1.);
#7171=VECTOR('',#11932,1.);
#7172=VECTOR('',#11933,1.);
#7173=VECTOR('',#11936,1.);
#7174=VECTOR('',#11937,1.);
#7175=VECTOR('',#11954,1.);
#7176=VECTOR('',#11955,1.);
#7177=VECTOR('',#11956,1.);
#7178=VECTOR('',#11957,1.);
#7179=VECTOR('',#11960,1.);
#7180=VECTOR('',#11961,1.);
#7181=VECTOR('',#11962,1.);
#7182=VECTOR('',#11965,1.);
#7183=VECTOR('',#11966,1.);
#7184=VECTOR('',#11967,1.);
#7185=VECTOR('',#11970,1.);
#7186=VECTOR('',#11973,1.);
#7187=VECTOR('',#11986,1.);
#7188=VECTOR('',#11987,1.);
#7189=VECTOR('',#11988,1.);
#7190=VECTOR('',#11989,1.);
#7191=VECTOR('',#11992,1.);
#7192=VECTOR('',#11993,1.);
#7193=VECTOR('',#11994,1.);
#7194=VECTOR('',#11997,1.);
#7195=VECTOR('',#11998,1.);
#7196=VECTOR('',#11999,1.);
#7197=VECTOR('',#12002,1.);
#7198=VECTOR('',#12003,1.);
#7199=VECTOR('',#12004,1.);
#7200=VECTOR('',#12007,1.);
#7201=VECTOR('',#12008,1.);
#7202=VECTOR('',#12009,1.);
#7203=VECTOR('',#12012,1.);
#7204=VECTOR('',#12013,1.);
#7205=VECTOR('',#12014,1.);
#7206=VECTOR('',#12017,1.);
#7207=VECTOR('',#12018,1.);
#7208=VECTOR('',#12019,1.);
#7209=VECTOR('',#12022,1.);
#7210=VECTOR('',#12023,1.);
#7211=VECTOR('',#12024,1.);
#7212=VECTOR('',#12027,1.);
#7213=VECTOR('',#12028,1.);
#7214=VECTOR('',#12029,1.);
#7215=VECTOR('',#12032,1.);
#7216=VECTOR('',#12033,1.);
#7217=VECTOR('',#12034,1.);
#7218=VECTOR('',#12037,1.);
#7219=VECTOR('',#12038,1.);
#7220=VECTOR('',#12039,1.);
#7221=VECTOR('',#12042,1.);
#7222=VECTOR('',#12043,1.);
#7223=EDGE_LOOP('',(#799,#800,#801,#802));
#7224=EDGE_LOOP('',(#803,#804,#805,#806,#807,#808));
#7225=EDGE_LOOP('',(#809,#810,#811,#812,#813,#814,#815,#816));
#7226=EDGE_LOOP('',(#817,#818,#819,#820));
#7227=EDGE_LOOP('',(#821,#822,#823,#824));
#7228=EDGE_LOOP('',(#825,#826,#827,#828));
#7229=EDGE_LOOP('',(#829,#830,#831,#832));
#7230=EDGE_LOOP('',(#833,#834));
#7231=EDGE_LOOP('',(#835,#836,#837,#838));
#7232=EDGE_LOOP('',(#839,#840,#841,#842));
#7233=EDGE_LOOP('',(#843,#844,#845,#846));
#7234=EDGE_LOOP('',(#847,#848,#849,#850));
#7235=EDGE_LOOP('',(#851,#852,#853,#854));
#7236=EDGE_LOOP('',(#855,#856,#857,#858));
#7237=EDGE_LOOP('',(#859,#860,#861,#862));
#7238=EDGE_LOOP('',(#863,#864,#865,#866));
#7239=EDGE_LOOP('',(#867,#868,#869,#870));
#7240=EDGE_LOOP('',(#871,#872,#873,#874));
#7241=EDGE_LOOP('',(#875,#876,#877,#878));
#7242=EDGE_LOOP('',(#879,#880,#881,#882));
#7243=EDGE_LOOP('',(#883,#884,#885,#886));
#7244=EDGE_LOOP('',(#887,#888,#889,#890));
#7245=EDGE_LOOP('',(#891,#892,#893,#894));
#7246=EDGE_LOOP('',(#895,#896,#897,#898));
#7247=EDGE_LOOP('',(#899,#900,#901,#902));
#7248=EDGE_LOOP('',(#903,#904,#905,#906));
#7249=EDGE_LOOP('',(#907,#908,#909,#910,#911,#912,#913,#914,#915,#916,#917,
#918,#919,#920,#921,#922,#923,#924));
#7250=EDGE_LOOP('',(#925,#926,#927,#928,#929,#930,#931,#932,#933,#934,#935,
#936,#937,#938,#939,#940,#941,#942));
#7251=EDGE_LOOP('',(#943));
#7252=EDGE_LOOP('',(#944));
#7253=EDGE_LOOP('',(#945));
#7254=EDGE_LOOP('',(#946));
#7255=EDGE_LOOP('',(#947,#948,#949,#950));
#7256=EDGE_LOOP('',(#951,#952,#953,#954));
#7257=EDGE_LOOP('',(#955,#956,#957,#958));
#7258=EDGE_LOOP('',(#959,#960,#961,#962));
#7259=EDGE_LOOP('',(#963,#964,#965,#966));
#7260=EDGE_LOOP('',(#967,#968,#969,#970));
#7261=EDGE_LOOP('',(#971,#972,#973,#974));
#7262=EDGE_LOOP('',(#975,#976,#977,#978));
#7263=EDGE_LOOP('',(#979,#980,#981,#982));
#7264=EDGE_LOOP('',(#983,#984,#985,#986));
#7265=EDGE_LOOP('',(#987,#988,#989,#990));
#7266=EDGE_LOOP('',(#991,#992,#993,#994));
#7267=EDGE_LOOP('',(#995,#996,#997,#998));
#7268=EDGE_LOOP('',(#999,#1000,#1001,#1002));
#7269=EDGE_LOOP('',(#1003,#1004,#1005,#1006));
#7270=EDGE_LOOP('',(#1007,#1008,#1009,#1010));
#7271=EDGE_LOOP('',(#1011,#1012,#1013,#1014));
#7272=EDGE_LOOP('',(#1015,#1016,#1017,#1018));
#7273=EDGE_LOOP('',(#1019,#1020,#1021,#1022));
#7274=EDGE_LOOP('',(#1023,#1024,#1025,#1026));
#7275=EDGE_LOOP('',(#1027,#1028,#1029,#1030));
#7276=EDGE_LOOP('',(#1031,#1032,#1033,#1034));
#7277=EDGE_LOOP('',(#1035,#1036,#1037,#1038));
#7278=EDGE_LOOP('',(#1039,#1040,#1041,#1042));
#7279=EDGE_LOOP('',(#1043,#1044,#1045,#1046));
#7280=EDGE_LOOP('',(#1047,#1048,#1049,#1050));
#7281=EDGE_LOOP('',(#1051,#1052,#1053,#1054));
#7282=EDGE_LOOP('',(#1055,#1056,#1057,#1058));
#7283=EDGE_LOOP('',(#1059,#1060,#1061,#1062,#1063,#1064,#1065,#1066,#1067,
#1068,#1069,#1070,#1071,#1072,#1073,#1074,#1075,#1076,#1077,#1078,#1079,
#1080,#1081,#1082,#1083,#1084,#1085,#1086));
#7284=EDGE_LOOP('',(#1087,#1088,#1089,#1090,#1091,#1092,#1093,#1094,#1095,
#1096,#1097,#1098,#1099,#1100,#1101,#1102,#1103,#1104,#1105,#1106,#1107,
#1108,#1109,#1110,#1111,#1112,#1113,#1114));
#7285=EDGE_LOOP('',(#1115,#1116,#1117,#1118));
#7286=EDGE_LOOP('',(#1119,#1120,#1121,#1122));
#7287=EDGE_LOOP('',(#1123,#1124,#1125,#1126));
#7288=EDGE_LOOP('',(#1127,#1128,#1129,#1130));
#7289=EDGE_LOOP('',(#1131,#1132,#1133,#1134));
#7290=EDGE_LOOP('',(#1135,#1136,#1137,#1138));
#7291=EDGE_LOOP('',(#1139,#1140,#1141,#1142));
#7292=EDGE_LOOP('',(#1143,#1144,#1145,#1146));
#7293=EDGE_LOOP('',(#1147,#1148,#1149,#1150));
#7294=EDGE_LOOP('',(#1151,#1152,#1153,#1154));
#7295=EDGE_LOOP('',(#1155,#1156,#1157,#1158));
#7296=EDGE_LOOP('',(#1159,#1160,#1161,#1162));
#7297=EDGE_LOOP('',(#1163,#1164,#1165,#1166));
#7298=EDGE_LOOP('',(#1167,#1168,#1169,#1170));
#7299=EDGE_LOOP('',(#1171,#1172,#1173,#1174));
#7300=EDGE_LOOP('',(#1175,#1176,#1177,#1178));
#7301=EDGE_LOOP('',(#1179,#1180,#1181,#1182,#1183,#1184,#1185,#1186));
#7302=EDGE_LOOP('',(#1187,#1188,#1189,#1190,#1191,#1192,#1193,#1194));
#7303=EDGE_LOOP('',(#1195,#1196,#1197,#1198,#1199,#1200,#1201,#1202));
#7304=EDGE_LOOP('',(#1203,#1204,#1205,#1206,#1207,#1208,#1209,#1210));
#7305=EDGE_LOOP('',(#1211));
#7306=EDGE_LOOP('',(#1212));
#7307=EDGE_LOOP('',(#1213));
#7308=EDGE_LOOP('',(#1214));
#7309=EDGE_LOOP('',(#1215,#1216,#1217,#1218));
#7310=EDGE_LOOP('',(#1219,#1220,#1221,#1222,#1223,#1224));
#7311=EDGE_LOOP('',(#1225,#1226,#1227,#1228));
#7312=EDGE_LOOP('',(#1229,#1230,#1231,#1232,#1233,#1234,#1235,#1236));
#7313=EDGE_LOOP('',(#1237,#1238,#1239,#1240));
#7314=EDGE_LOOP('',(#1241,#1242,#1243,#1244));
#7315=EDGE_LOOP('',(#1245,#1246,#1247,#1248));
#7316=EDGE_LOOP('',(#1249,#1250));
#7317=EDGE_LOOP('',(#1251,#1252,#1253,#1254));
#7318=EDGE_LOOP('',(#1255,#1256,#1257,#1258));
#7319=EDGE_LOOP('',(#1259,#1260,#1261,#1262));
#7320=EDGE_LOOP('',(#1263,#1264,#1265,#1266));
#7321=EDGE_LOOP('',(#1267,#1268,#1269,#1270));
#7322=EDGE_LOOP('',(#1271,#1272,#1273,#1274));
#7323=EDGE_LOOP('',(#1275,#1276,#1277,#1278));
#7324=EDGE_LOOP('',(#1279,#1280,#1281,#1282));
#7325=EDGE_LOOP('',(#1283,#1284,#1285,#1286));
#7326=EDGE_LOOP('',(#1287,#1288,#1289,#1290));
#7327=EDGE_LOOP('',(#1291,#1292,#1293,#1294));
#7328=EDGE_LOOP('',(#1295,#1296,#1297,#1298));
#7329=EDGE_LOOP('',(#1299,#1300,#1301,#1302));
#7330=EDGE_LOOP('',(#1303,#1304,#1305,#1306));
#7331=EDGE_LOOP('',(#1307,#1308,#1309,#1310));
#7332=EDGE_LOOP('',(#1311,#1312,#1313,#1314));
#7333=EDGE_LOOP('',(#1315,#1316,#1317,#1318));
#7334=EDGE_LOOP('',(#1319,#1320,#1321,#1322));
#7335=EDGE_LOOP('',(#1323,#1324,#1325,#1326));
#7336=EDGE_LOOP('',(#1327,#1328,#1329,#1330));
#7337=EDGE_LOOP('',(#1331,#1332,#1333,#1334));
#7338=EDGE_LOOP('',(#1335,#1336,#1337,#1338));
#7339=EDGE_LOOP('',(#1339,#1340,#1341,#1342));
#7340=EDGE_LOOP('',(#1343,#1344,#1345,#1346));
#7341=EDGE_LOOP('',(#1347,#1348,#1349,#1350));
#7342=EDGE_LOOP('',(#1351,#1352,#1353,#1354));
#7343=EDGE_LOOP('',(#1355,#1356,#1357,#1358));
#7344=EDGE_LOOP('',(#1359,#1360,#1361,#1362));
#7345=EDGE_LOOP('',(#1363,#1364,#1365,#1366));
#7346=EDGE_LOOP('',(#1367,#1368,#1369,#1370));
#7347=EDGE_LOOP('',(#1371,#1372,#1373,#1374));
#7348=EDGE_LOOP('',(#1375,#1376,#1377,#1378,#1379,#1380,#1381,#1382,#1383,
#1384,#1385,#1386,#1387,#1388,#1389));
#7349=EDGE_LOOP('',(#1390,#1391,#1392,#1393,#1394,#1395,#1396,#1397,#1398,
#1399));
#7350=EDGE_LOOP('',(#1400,#1401,#1402,#1403,#1404,#1405,#1406,#1407,#1408,
#1409,#1410,#1411,#1412,#1413,#1414));
#7351=EDGE_LOOP('',(#1415,#1416,#1417,#1418,#1419,#1420,#1421,#1422,#1423,
#1424));
#7352=EDGE_LOOP('',(#1425,#1426,#1427,#1428));
#7353=EDGE_LOOP('',(#1429,#1430,#1431,#1432));
#7354=EDGE_LOOP('',(#1433,#1434,#1435,#1436));
#7355=EDGE_LOOP('',(#1437,#1438,#1439,#1440));
#7356=EDGE_LOOP('',(#1441,#1442,#1443,#1444));
#7357=EDGE_LOOP('',(#1445,#1446,#1447,#1448));
#7358=EDGE_LOOP('',(#1449,#1450,#1451,#1452));
#7359=EDGE_LOOP('',(#1453,#1454,#1455,#1456));
#7360=EDGE_LOOP('',(#1457,#1458,#1459,#1460));
#7361=EDGE_LOOP('',(#1461,#1462,#1463,#1464,#1465,#1466,#1467,#1468,#1469));
#7362=EDGE_LOOP('',(#1470,#1471,#1472,#1473,#1474,#1475,#1476,#1477,#1478));
#7363=EDGE_LOOP('',(#1479,#1480,#1481,#1482));
#7364=EDGE_LOOP('',(#1483,#1484,#1485,#1486,#1487));
#7365=EDGE_LOOP('',(#1488,#1489,#1490,#1491));
#7366=EDGE_LOOP('',(#1492,#1493,#1494,#1495));
#7367=EDGE_LOOP('',(#1496));
#7368=EDGE_LOOP('',(#1497));
#7369=EDGE_LOOP('',(#1498,#1499,#1500,#1501,#1502));
#7370=EDGE_LOOP('',(#1503,#1504,#1505,#1506));
#7371=EDGE_LOOP('',(#1507,#1508,#1509,#1510));
#7372=EDGE_LOOP('',(#1511,#1512,#1513,#1514));
#7373=EDGE_LOOP('',(#1515,#1516,#1517,#1518));
#7374=EDGE_LOOP('',(#1519,#1520,#1521,#1522));
#7375=EDGE_LOOP('',(#1523,#1524,#1525,#1526));
#7376=EDGE_LOOP('',(#1527,#1528,#1529,#1530));
#7377=EDGE_LOOP('',(#1531,#1532,#1533,#1534));
#7378=EDGE_LOOP('',(#1535,#1536,#1537,#1538));
#7379=EDGE_LOOP('',(#1539,#1540,#1541,#1542));
#7380=EDGE_LOOP('',(#1543,#1544,#1545,#1546));
#7381=EDGE_LOOP('',(#1547,#1548,#1549,#1550,#1551));
#7382=EDGE_LOOP('',(#1552));
#7383=EDGE_LOOP('',(#1553));
#7384=EDGE_LOOP('',(#1554));
#7385=EDGE_LOOP('',(#1555));
#7386=EDGE_LOOP('',(#1556,#1557,#1558,#1559));
#7387=EDGE_LOOP('',(#1560,#1561,#1562,#1563));
#7388=EDGE_LOOP('',(#1564,#1565,#1566,#1567));
#7389=EDGE_LOOP('',(#1568,#1569,#1570,#1571));
#7390=EDGE_LOOP('',(#1572,#1573,#1574,#1575));
#7391=EDGE_LOOP('',(#1576,#1577,#1578,#1579));
#7392=EDGE_LOOP('',(#1580,#1581,#1582,#1583));
#7393=EDGE_LOOP('',(#1584,#1585,#1586,#1587));
#7394=EDGE_LOOP('',(#1588,#1589,#1590,#1591));
#7395=EDGE_LOOP('',(#1592,#1593,#1594,#1595));
#7396=EDGE_LOOP('',(#1596,#1597,#1598,#1599));
#7397=EDGE_LOOP('',(#1600,#1601,#1602,#1603));
#7398=EDGE_LOOP('',(#1604,#1605,#1606,#1607));
#7399=EDGE_LOOP('',(#1608,#1609,#1610,#1611));
#7400=EDGE_LOOP('',(#1612,#1613,#1614,#1615));
#7401=EDGE_LOOP('',(#1616,#1617,#1618,#1619));
#7402=EDGE_LOOP('',(#1620,#1621,#1622,#1623));
#7403=EDGE_LOOP('',(#1624,#1625,#1626,#1627,#1628));
#7404=EDGE_LOOP('',(#1629,#1630,#1631,#1632));
#7405=EDGE_LOOP('',(#1633,#1634,#1635,#1636,#1637,#1638,#1639,#1640));
#7406=EDGE_LOOP('',(#1641));
#7407=EDGE_LOOP('',(#1642));
#7408=EDGE_LOOP('',(#1643,#1644,#1645,#1646));
#7409=EDGE_LOOP('',(#1647,#1648,#1649,#1650));
#7410=EDGE_LOOP('',(#1651,#1652,#1653,#1654));
#7411=EDGE_LOOP('',(#1655,#1656,#1657,#1658));
#7412=EDGE_LOOP('',(#1659,#1660,#1661,#1662,#1663,#1664));
#7413=EDGE_LOOP('',(#1665,#1666,#1667,#1668));
#7414=EDGE_LOOP('',(#1669,#1670,#1671,#1672));
#7415=EDGE_LOOP('',(#1673,#1674,#1675,#1676));
#7416=EDGE_LOOP('',(#1677,#1678,#1679,#1680));
#7417=EDGE_LOOP('',(#1681,#1682,#1683,#1684));
#7418=EDGE_LOOP('',(#1685,#1686,#1687,#1688));
#7419=EDGE_LOOP('',(#1689,#1690,#1691,#1692));
#7420=EDGE_LOOP('',(#1693,#1694,#1695,#1696));
#7421=EDGE_LOOP('',(#1697,#1698,#1699,#1700));
#7422=EDGE_LOOP('',(#1701,#1702,#1703,#1704));
#7423=EDGE_LOOP('',(#1705,#1706,#1707,#1708));
#7424=EDGE_LOOP('',(#1709,#1710,#1711,#1712));
#7425=EDGE_LOOP('',(#1713,#1714,#1715,#1716));
#7426=EDGE_LOOP('',(#1717,#1718,#1719,#1720));
#7427=EDGE_LOOP('',(#1721,#1722,#1723,#1724));
#7428=EDGE_LOOP('',(#1725,#1726,#1727,#1728));
#7429=EDGE_LOOP('',(#1729,#1730,#1731,#1732));
#7430=EDGE_LOOP('',(#1733,#1734,#1735,#1736,#1737,#1738,#1739,#1740));
#7431=EDGE_LOOP('',(#1741,#1742,#1743,#1744,#1745,#1746,#1747,#1748));
#7432=EDGE_LOOP('',(#1749,#1750,#1751,#1752,#1753,#1754,#1755,#1756));
#7433=EDGE_LOOP('',(#1757,#1758,#1759,#1760,#1761,#1762,#1763,#1764));
#7434=EDGE_LOOP('',(#1765));
#7435=EDGE_LOOP('',(#1766));
#7436=EDGE_LOOP('',(#1767));
#7437=EDGE_LOOP('',(#1768));
#7438=EDGE_LOOP('',(#1769));
#7439=EDGE_LOOP('',(#1770));
#7440=EDGE_LOOP('',(#1771));
#7441=EDGE_LOOP('',(#1772));
#7442=EDGE_LOOP('',(#1773));
#7443=EDGE_LOOP('',(#1774,#1775,#1776,#1777));
#7444=EDGE_LOOP('',(#1778,#1779,#1780,#1781));
#7445=EDGE_LOOP('',(#1782));
#7446=EDGE_LOOP('',(#1783));
#7447=EDGE_LOOP('',(#1784));
#7448=EDGE_LOOP('',(#1785));
#7449=EDGE_LOOP('',(#1786,#1787,#1788,#1789,#1790,#1791,#1792,#1793,#1794,
#1795,#1796,#1797));
#7450=EDGE_LOOP('',(#1798,#1799,#1800,#1801));
#7451=EDGE_LOOP('',(#1802));
#7452=EDGE_LOOP('',(#1803,#1804,#1805,#1806));
#7453=EDGE_LOOP('',(#1807));
#7454=EDGE_LOOP('',(#1808,#1809,#1810,#1811,#1812,#1813));
#7455=EDGE_LOOP('',(#1814,#1815,#1816,#1817));
#7456=EDGE_LOOP('',(#1818,#1819,#1820,#1821));
#7457=EDGE_LOOP('',(#1822,#1823,#1824,#1825));
#7458=EDGE_LOOP('',(#1826,#1827,#1828,#1829,#1830,#1831,#1832,#1833));
#7459=EDGE_LOOP('',(#1834));
#7460=EDGE_LOOP('',(#1835));
#7461=EDGE_LOOP('',(#1836));
#7462=EDGE_LOOP('',(#1837));
#7463=EDGE_LOOP('',(#1838));
#7464=EDGE_LOOP('',(#1839));
#7465=EDGE_LOOP('',(#1840,#1841));
#7466=EDGE_LOOP('',(#1842,#1843,#1844,#1845));
#7467=EDGE_LOOP('',(#1846));
#7468=EDGE_LOOP('',(#1847,#1848));
#7469=EDGE_LOOP('',(#1849));
#7470=EDGE_LOOP('',(#1850,#1851,#1852,#1853));
#7471=EDGE_LOOP('',(#1854,#1855,#1856,#1857,#1858,#1859,#1860,#1861));
#7472=EDGE_LOOP('',(#1862,#1863,#1864,#1865));
#7473=EDGE_LOOP('',(#1866,#1867,#1868,#1869,#1870,#1871,#1872,#1873));
#7474=EDGE_LOOP('',(#1874,#1875,#1876,#1877));
#7475=EDGE_LOOP('',(#1878));
#7476=EDGE_LOOP('',(#1879,#1880,#1881,#1882));
#7477=EDGE_LOOP('',(#1883));
#7478=EDGE_LOOP('',(#1884,#1885,#1886,#1887,#1888,#1889));
#7479=EDGE_LOOP('',(#1890,#1891,#1892,#1893));
#7480=EDGE_LOOP('',(#1894));
#7481=EDGE_LOOP('',(#1895));
#7482=EDGE_LOOP('',(#1896));
#7483=EDGE_LOOP('',(#1897));
#7484=EDGE_LOOP('',(#1898,#1899,#1900,#1901));
#7485=EDGE_LOOP('',(#1902,#1903,#1904,#1905));
#7486=EDGE_LOOP('',(#1906));
#7487=EDGE_LOOP('',(#1907,#1908,#1909,#1910));
#7488=EDGE_LOOP('',(#1911,#1912,#1913,#1914));
#7489=EDGE_LOOP('',(#1915));
#7490=EDGE_LOOP('',(#1916));
#7491=EDGE_LOOP('',(#1917));
#7492=EDGE_LOOP('',(#1918,#1919,#1920,#1921,#1922));
#7493=EDGE_LOOP('',(#1923,#1924,#1925,#1926));
#7494=EDGE_LOOP('',(#1927,#1928,#1929,#1930,#1931));
#7495=EDGE_LOOP('',(#1932,#1933,#1934,#1935));
#7496=EDGE_LOOP('',(#1936,#1937,#1938,#1939));
#7497=EDGE_LOOP('',(#1940,#1941,#1942,#1943));
#7498=EDGE_LOOP('',(#1944,#1945,#1946,#1947,#1948));
#7499=EDGE_LOOP('',(#1949,#1950,#1951,#1952));
#7500=EDGE_LOOP('',(#1953,#1954,#1955,#1956,#1957));
#7501=EDGE_LOOP('',(#1958,#1959,#1960,#1961));
#7502=EDGE_LOOP('',(#1962,#1963,#1964,#1965));
#7503=EDGE_LOOP('',(#1966,#1967,#1968,#1969));
#7504=EDGE_LOOP('',(#1970));
#7505=EDGE_LOOP('',(#1971));
#7506=EDGE_LOOP('',(#1972,#1973,#1974,#1975));
#7507=EDGE_LOOP('',(#1976,#1977,#1978,#1979));
#7508=EDGE_LOOP('',(#1980,#1981,#1982,#1983));
#7509=EDGE_LOOP('',(#1984,#1985,#1986,#1987));
#7510=EDGE_LOOP('',(#1988));
#7511=EDGE_LOOP('',(#1989));
#7512=EDGE_LOOP('',(#1990,#1991,#1992,#1993,#1994,#1995,#1996,#1997));
#7513=EDGE_LOOP('',(#1998));
#7514=EDGE_LOOP('',(#1999));
#7515=EDGE_LOOP('',(#2000));
#7516=EDGE_LOOP('',(#2001));
#7517=EDGE_LOOP('',(#2002));
#7518=EDGE_LOOP('',(#2003));
#7519=EDGE_LOOP('',(#2004));
#7520=EDGE_LOOP('',(#2005,#2006,#2007,#2008,#2009,#2010,#2011,#2012));
#7521=EDGE_LOOP('',(#2013,#2014,#2015,#2016));
#7522=EDGE_LOOP('',(#2017,#2018,#2019,#2020));
#7523=EDGE_LOOP('',(#2021,#2022,#2023,#2024));
#7524=EDGE_LOOP('',(#2025,#2026,#2027,#2028));
#7525=EDGE_LOOP('',(#2029));
#7526=EDGE_LOOP('',(#2030,#2031,#2032,#2033));
#7527=EDGE_LOOP('',(#2034,#2035));
#7528=EDGE_LOOP('',(#2036,#2037,#2038,#2039));
#7529=EDGE_LOOP('',(#2040,#2041,#2042,#2043));
#7530=EDGE_LOOP('',(#2044,#2045,#2046,#2047));
#7531=EDGE_LOOP('',(#2048,#2049,#2050,#2051));
#7532=EDGE_LOOP('',(#2052,#2053,#2054,#2055));
#7533=EDGE_LOOP('',(#2056,#2057,#2058,#2059));
#7534=EDGE_LOOP('',(#2060,#2061,#2062,#2063));
#7535=EDGE_LOOP('',(#2064,#2065,#2066,#2067));
#7536=EDGE_LOOP('',(#2068,#2069,#2070,#2071));
#7537=EDGE_LOOP('',(#2072,#2073,#2074,#2075));
#7538=EDGE_LOOP('',(#2076,#2077,#2078,#2079));
#7539=EDGE_LOOP('',(#2080,#2081,#2082,#2083));
#7540=EDGE_LOOP('',(#2084,#2085,#2086,#2087));
#7541=EDGE_LOOP('',(#2088,#2089,#2090,#2091));
#7542=EDGE_LOOP('',(#2092));
#7543=EDGE_LOOP('',(#2093));
#7544=EDGE_LOOP('',(#2094,#2095,#2096,#2097));
#7545=EDGE_LOOP('',(#2098,#2099,#2100,#2101));
#7546=EDGE_LOOP('',(#2102,#2103,#2104,#2105));
#7547=EDGE_LOOP('',(#2106,#2107,#2108,#2109));
#7548=EDGE_LOOP('',(#2110,#2111,#2112,#2113));
#7549=EDGE_LOOP('',(#2114,#2115,#2116,#2117));
#7550=EDGE_LOOP('',(#2118,#2119,#2120,#2121));
#7551=EDGE_LOOP('',(#2122,#2123,#2124,#2125));
#7552=EDGE_LOOP('',(#2126,#2127,#2128,#2129));
#7553=EDGE_LOOP('',(#2130,#2131,#2132,#2133));
#7554=EDGE_LOOP('',(#2134,#2135,#2136,#2137));
#7555=EDGE_LOOP('',(#2138,#2139,#2140,#2141,#2142,#2143,#2144,#2145));
#7556=EDGE_LOOP('',(#2146,#2147,#2148,#2149));
#7557=EDGE_LOOP('',(#2150,#2151,#2152,#2153,#2154,#2155,#2156,#2157));
#7558=EDGE_LOOP('',(#2158,#2159,#2160,#2161));
#7559=EDGE_LOOP('',(#2162,#2163,#2164,#2165));
#7560=EDGE_LOOP('',(#2166,#2167,#2168,#2169));
#7561=EDGE_LOOP('',(#2170,#2171,#2172,#2173));
#7562=EDGE_LOOP('',(#2174,#2175,#2176,#2177));
#7563=EDGE_LOOP('',(#2178,#2179,#2180,#2181));
#7564=EDGE_LOOP('',(#2182,#2183,#2184,#2185,#2186));
#7565=EDGE_LOOP('',(#2187));
#7566=EDGE_LOOP('',(#2188,#2189));
#7567=EDGE_LOOP('',(#2190,#2191,#2192,#2193));
#7568=EDGE_LOOP('',(#2194,#2195,#2196,#2197,#2198));
#7569=EDGE_LOOP('',(#2199,#2200,#2201,#2202));
#7570=EDGE_LOOP('',(#2203,#2204,#2205,#2206));
#7571=EDGE_LOOP('',(#2207));
#7572=EDGE_LOOP('',(#2208));
#7573=EDGE_LOOP('',(#2209));
#7574=EDGE_LOOP('',(#2210));
#7575=EDGE_LOOP('',(#2211));
#7576=EDGE_LOOP('',(#2212));
#7577=EDGE_LOOP('',(#2213));
#7578=EDGE_LOOP('',(#2214));
#7579=EDGE_LOOP('',(#2215,#2216,#2217,#2218,#2219,#2220,#2221,#2222,#2223,
#2224,#2225,#2226));
#7580=EDGE_LOOP('',(#2227,#2228,#2229,#2230));
#7581=EDGE_LOOP('',(#2231,#2232,#2233,#2234,#2235,#2236,#2237,#2238,#2239,
#2240,#2241,#2242));
#7582=EDGE_LOOP('',(#2243,#2244,#2245,#2246));
#7583=EDGE_LOOP('',(#2247,#2248,#2249,#2250));
#7584=EDGE_LOOP('',(#2251,#2252,#2253,#2254));
#7585=EDGE_LOOP('',(#2255));
#7586=EDGE_LOOP('',(#2256,#2257,#2258,#2259));
#7587=EDGE_LOOP('',(#2260,#2261,#2262,#2263,#2264,#2265,#2266,#2267));
#7588=EDGE_LOOP('',(#2268,#2269,#2270,#2271,#2272,#2273,#2274,#2275,#2276,
#2277,#2278,#2279,#2280,#2281,#2282,#2283,#2284,#2285));
#7589=EDGE_LOOP('',(#2286,#2287,#2288,#2289,#2290,#2291,#2292,#2293,#2294,
#2295,#2296,#2297,#2298,#2299,#2300,#2301,#2302,#2303,#2304,#2305,#2306,
#2307,#2308,#2309,#2310,#2311,#2312,#2313));
#7590=EDGE_LOOP('',(#2314));
#7591=EDGE_LOOP('',(#2315));
#7592=EDGE_LOOP('',(#2316));
#7593=EDGE_LOOP('',(#2317));
#7594=EDGE_LOOP('',(#2318));
#7595=EDGE_LOOP('',(#2319,#2320,#2321,#2322,#2323,#2324,#2325,#2326));
#7596=EDGE_LOOP('',(#2327,#2328,#2329,#2330,#2331,#2332,#2333,#2334,#2335,
#2336,#2337,#2338,#2339,#2340,#2341));
#7597=EDGE_LOOP('',(#2342,#2343,#2344,#2345,#2346,#2347));
#7598=EDGE_LOOP('',(#2348,#2349,#2350,#2351,#2352,#2353,#2354,#2355,#2356,
#2357,#2358,#2359));
#7599=EDGE_LOOP('',(#2360,#2361,#2362,#2363,#2364,#2365,#2366,#2367,#2368));
#7600=EDGE_LOOP('',(#2369,#2370,#2371,#2372));
#7601=EDGE_LOOP('',(#2373));
#7602=EDGE_LOOP('',(#2374));
#7603=EDGE_LOOP('',(#2375));
#7604=EDGE_LOOP('',(#2376));
#7605=EDGE_LOOP('',(#2377));
#7606=EDGE_LOOP('',(#2378,#2379,#2380,#2381));
#7607=EDGE_LOOP('',(#2382));
#7608=EDGE_LOOP('',(#2383));
#7609=EDGE_LOOP('',(#2384));
#7610=EDGE_LOOP('',(#2385));
#7611=EDGE_LOOP('',(#2386));
#7612=EDGE_LOOP('',(#2387));
#7613=EDGE_LOOP('',(#2388));
#7614=EDGE_LOOP('',(#2389));
#7615=EDGE_LOOP('',(#2390));
#7616=EDGE_LOOP('',(#2391));
#7617=EDGE_LOOP('',(#2392));
#7618=EDGE_LOOP('',(#2393));
#7619=EDGE_LOOP('',(#2394,#2395,#2396,#2397));
#7620=EDGE_LOOP('',(#2398,#2399,#2400,#2401));
#7621=EDGE_LOOP('',(#2402,#2403,#2404,#2405,#2406,#2407));
#7622=EDGE_LOOP('',(#2408,#2409,#2410,#2411));
#7623=EDGE_LOOP('',(#2412,#2413,#2414,#2415));
#7624=EDGE_LOOP('',(#2416,#2417,#2418,#2419,#2420,#2421));
#7625=EDGE_LOOP('',(#2422));
#7626=EDGE_LOOP('',(#2423));
#7627=EDGE_LOOP('',(#2424));
#7628=EDGE_LOOP('',(#2425));
#7629=EDGE_LOOP('',(#2426));
#7630=EDGE_LOOP('',(#2427));
#7631=EDGE_LOOP('',(#2428,#2429,#2430,#2431,#2432));
#7632=EDGE_LOOP('',(#2433,#2434,#2435,#2436));
#7633=EDGE_LOOP('',(#2437,#2438,#2439,#2440,#2441));
#7634=EDGE_LOOP('',(#2442,#2443,#2444,#2445));
#7635=EDGE_LOOP('',(#2446,#2447,#2448,#2449));
#7636=EDGE_LOOP('',(#2450,#2451,#2452,#2453));
#7637=EDGE_LOOP('',(#2454,#2455,#2456,#2457,#2458));
#7638=EDGE_LOOP('',(#2459,#2460,#2461,#2462));
#7639=EDGE_LOOP('',(#2463,#2464,#2465,#2466,#2467));
#7640=EDGE_LOOP('',(#2468,#2469,#2470,#2471));
#7641=EDGE_LOOP('',(#2472,#2473,#2474,#2475));
#7642=EDGE_LOOP('',(#2476,#2477,#2478,#2479));
#7643=EDGE_LOOP('',(#2480));
#7644=EDGE_LOOP('',(#2481));
#7645=EDGE_LOOP('',(#2482,#2483,#2484,#2485));
#7646=EDGE_LOOP('',(#2486,#2487,#2488,#2489));
#7647=EDGE_LOOP('',(#2490,#2491,#2492,#2493));
#7648=EDGE_LOOP('',(#2494,#2495,#2496,#2497));
#7649=EDGE_LOOP('',(#2498));
#7650=EDGE_LOOP('',(#2499));
#7651=EDGE_LOOP('',(#2500,#2501,#2502,#2503,#2504,#2505,#2506,#2507));
#7652=EDGE_LOOP('',(#2508));
#7653=EDGE_LOOP('',(#2509));
#7654=EDGE_LOOP('',(#2510));
#7655=EDGE_LOOP('',(#2511));
#7656=EDGE_LOOP('',(#2512));
#7657=EDGE_LOOP('',(#2513));
#7658=EDGE_LOOP('',(#2514));
#7659=EDGE_LOOP('',(#2515,#2516,#2517,#2518));
#7660=EDGE_LOOP('',(#2519,#2520,#2521,#2522));
#7661=EDGE_LOOP('',(#2523,#2524,#2525,#2526));
#7662=EDGE_LOOP('',(#2527,#2528,#2529,#2530));
#7663=EDGE_LOOP('',(#2531,#2532,#2533,#2534));
#7664=EDGE_LOOP('',(#2535,#2536,#2537,#2538));
#7665=EDGE_LOOP('',(#2539,#2540,#2541,#2542));
#7666=EDGE_LOOP('',(#2543,#2544,#2545,#2546));
#7667=EDGE_LOOP('',(#2547,#2548,#2549,#2550));
#7668=EDGE_LOOP('',(#2551,#2552,#2553,#2554));
#7669=EDGE_LOOP('',(#2555,#2556,#2557,#2558));
#7670=EDGE_LOOP('',(#2559,#2560,#2561,#2562));
#7671=EDGE_LOOP('',(#2563,#2564,#2565,#2566));
#7672=EDGE_LOOP('',(#2567,#2568,#2569,#2570));
#7673=EDGE_LOOP('',(#2571,#2572,#2573,#2574));
#7674=EDGE_LOOP('',(#2575,#2576,#2577,#2578));
#7675=EDGE_LOOP('',(#2579,#2580,#2581,#2582));
#7676=EDGE_LOOP('',(#2583,#2584,#2585,#2586));
#7677=EDGE_LOOP('',(#2587,#2588,#2589,#2590));
#7678=EDGE_LOOP('',(#2591,#2592,#2593,#2594));
#7679=EDGE_LOOP('',(#2595,#2596,#2597,#2598));
#7680=EDGE_LOOP('',(#2599,#2600,#2601,#2602));
#7681=EDGE_LOOP('',(#2603,#2604,#2605,#2606));
#7682=EDGE_LOOP('',(#2607,#2608,#2609,#2610));
#7683=EDGE_LOOP('',(#2611,#2612,#2613,#2614));
#7684=EDGE_LOOP('',(#2615,#2616,#2617,#2618));
#7685=EDGE_LOOP('',(#2619,#2620,#2621,#2622));
#7686=EDGE_LOOP('',(#2623,#2624,#2625,#2626));
#7687=EDGE_LOOP('',(#2627,#2628,#2629,#2630,#2631,#2632,#2633,#2634,#2635,
#2636,#2637,#2638,#2639,#2640,#2641,#2642,#2643,#2644,#2645,#2646,#2647,
#2648,#2649,#2650,#2651,#2652,#2653,#2654));
#7688=EDGE_LOOP('',(#2655,#2656,#2657,#2658));
#7689=EDGE_LOOP('',(#2659,#2660,#2661,#2662));
#7690=EDGE_LOOP('',(#2663,#2664,#2665,#2666));
#7691=EDGE_LOOP('',(#2667,#2668,#2669,#2670));
#7692=EDGE_LOOP('',(#2671,#2672,#2673,#2674));
#7693=EDGE_LOOP('',(#2675,#2676,#2677,#2678));
#7694=EDGE_LOOP('',(#2679,#2680,#2681,#2682));
#7695=EDGE_LOOP('',(#2683,#2684,#2685,#2686));
#7696=EDGE_LOOP('',(#2687,#2688,#2689,#2690));
#7697=EDGE_LOOP('',(#2691,#2692,#2693,#2694));
#7698=EDGE_LOOP('',(#2695,#2696,#2697,#2698));
#7699=EDGE_LOOP('',(#2699,#2700,#2701,#2702));
#7700=EDGE_LOOP('',(#2703,#2704,#2705,#2706));
#7701=EDGE_LOOP('',(#2707,#2708,#2709,#2710));
#7702=EDGE_LOOP('',(#2711,#2712,#2713,#2714));
#7703=EDGE_LOOP('',(#2715,#2716,#2717,#2718));
#7704=EDGE_LOOP('',(#2719,#2720,#2721,#2722));
#7705=EDGE_LOOP('',(#2723,#2724,#2725,#2726));
#7706=EDGE_LOOP('',(#2727,#2728,#2729,#2730,#2731,#2732,#2733,#2734,#2735,
#2736,#2737,#2738,#2739,#2740,#2741,#2742,#2743,#2744));
#7707=EDGE_LOOP('',(#2745,#2746,#2747,#2748));
#7708=EDGE_LOOP('',(#2749,#2750,#2751,#2752));
#7709=EDGE_LOOP('',(#2753,#2754,#2755,#2756));
#7710=EDGE_LOOP('',(#2757,#2758,#2759,#2760));
#7711=EDGE_LOOP('',(#2761,#2762,#2763,#2764));
#7712=EDGE_LOOP('',(#2765,#2766,#2767,#2768));
#7713=EDGE_LOOP('',(#2769,#2770,#2771,#2772));
#7714=EDGE_LOOP('',(#2773,#2774,#2775,#2776));
#7715=EDGE_LOOP('',(#2777,#2778,#2779,#2780));
#7716=EDGE_LOOP('',(#2781,#2782,#2783,#2784));
#7717=EDGE_LOOP('',(#2785,#2786,#2787,#2788));
#7718=EDGE_LOOP('',(#2789,#2790,#2791,#2792));
#7719=EDGE_LOOP('',(#2793,#2794,#2795,#2796));
#7720=EDGE_LOOP('',(#2797,#2798,#2799,#2800));
#7721=EDGE_LOOP('',(#2801,#2802,#2803,#2804));
#7722=EDGE_LOOP('',(#2805,#2806,#2807,#2808));
#7723=EDGE_LOOP('',(#2809,#2810,#2811,#2812,#2813,#2814,#2815,#2816));
#7724=EDGE_LOOP('',(#2817,#2818,#2819,#2820,#2821,#2822,#2823,#2824));
#7725=EDGE_LOOP('',(#2825,#2826,#2827,#2828));
#7726=EDGE_LOOP('',(#2829,#2830,#2831,#2832));
#7727=EDGE_LOOP('',(#2833,#2834,#2835,#2836));
#7728=EDGE_LOOP('',(#2837,#2838,#2839,#2840));
#7729=EDGE_LOOP('',(#2841,#2842,#2843,#2844));
#7730=EDGE_LOOP('',(#2845,#2846,#2847,#2848));
#7731=EDGE_LOOP('',(#2849,#2850,#2851,#2852));
#7732=EDGE_LOOP('',(#2853,#2854,#2855,#2856));
#7733=EDGE_LOOP('',(#2857,#2858,#2859,#2860));
#7734=EDGE_LOOP('',(#2861,#2862,#2863,#2864));
#7735=EDGE_LOOP('',(#2865,#2866,#2867,#2868));
#7736=EDGE_LOOP('',(#2869,#2870,#2871,#2872));
#7737=EDGE_LOOP('',(#2873,#2874,#2875,#2876));
#7738=EDGE_LOOP('',(#2877,#2878,#2879,#2880));
#7739=EDGE_LOOP('',(#2881,#2882,#2883,#2884));
#7740=EDGE_LOOP('',(#2885,#2886,#2887,#2888));
#7741=EDGE_LOOP('',(#2889,#2890,#2891,#2892,#2893,#2894,#2895,#2896));
#7742=EDGE_LOOP('',(#2897,#2898,#2899,#2900,#2901,#2902,#2903,#2904));
#7743=EDGE_LOOP('',(#2905,#2906,#2907,#2908));
#7744=EDGE_LOOP('',(#2909,#2910,#2911,#2912));
#7745=EDGE_LOOP('',(#2913,#2914,#2915,#2916));
#7746=EDGE_LOOP('',(#2917,#2918,#2919,#2920));
#7747=EDGE_LOOP('',(#2921,#2922,#2923,#2924));
#7748=EDGE_LOOP('',(#2925,#2926,#2927,#2928));
#7749=EDGE_LOOP('',(#2929,#2930,#2931,#2932));
#7750=EDGE_LOOP('',(#2933,#2934,#2935,#2936));
#7751=EDGE_LOOP('',(#2937,#2938,#2939,#2940));
#7752=EDGE_LOOP('',(#2941,#2942,#2943,#2944));
#7753=EDGE_LOOP('',(#2945,#2946,#2947,#2948));
#7754=EDGE_LOOP('',(#2949,#2950,#2951,#2952));
#7755=EDGE_LOOP('',(#2953,#2954,#2955,#2956));
#7756=EDGE_LOOP('',(#2957,#2958,#2959,#2960));
#7757=EDGE_LOOP('',(#2961,#2962,#2963,#2964));
#7758=EDGE_LOOP('',(#2965,#2966,#2967,#2968));
#7759=EDGE_LOOP('',(#2969,#2970,#2971,#2972));
#7760=EDGE_LOOP('',(#2973,#2974,#2975,#2976));
#7761=EDGE_LOOP('',(#2977,#2978,#2979,#2980));
#7762=EDGE_LOOP('',(#2981,#2982,#2983,#2984));
#7763=EDGE_LOOP('',(#2985,#2986,#2987,#2988));
#7764=EDGE_LOOP('',(#2989,#2990,#2991,#2992));
#7765=EDGE_LOOP('',(#2993,#2994,#2995,#2996));
#7766=EDGE_LOOP('',(#2997,#2998,#2999,#3000));
#7767=EDGE_LOOP('',(#3001,#3002,#3003,#3004));
#7768=EDGE_LOOP('',(#3005,#3006,#3007,#3008,#3009,#3010,#3011,#3012,#3013,
#3014,#3015,#3016,#3017,#3018,#3019));
#7769=EDGE_LOOP('',(#3020,#3021,#3022,#3023,#3024,#3025,#3026,#3027,#3028,
#3029));
#7770=EDGE_LOOP('',(#3030,#3031,#3032,#3033));
#7771=EDGE_LOOP('',(#3034,#3035,#3036,#3037));
#7772=EDGE_LOOP('',(#3038,#3039,#3040,#3041));
#7773=EDGE_LOOP('',(#3042,#3043,#3044,#3045));
#7774=EDGE_LOOP('',(#3046,#3047,#3048,#3049));
#7775=EDGE_LOOP('',(#3050,#3051,#3052,#3053));
#7776=EDGE_LOOP('',(#3054,#3055,#3056,#3057,#3058,#3059));
#7777=EDGE_LOOP('',(#3060,#3061,#3062,#3063));
#7778=EDGE_LOOP('',(#3064,#3065,#3066,#3067));
#7779=EDGE_LOOP('',(#3068,#3069,#3070,#3071));
#7780=EDGE_LOOP('',(#3072,#3073,#3074,#3075));
#7781=EDGE_LOOP('',(#3076,#3077,#3078,#3079));
#7782=EDGE_LOOP('',(#3080,#3081,#3082,#3083));
#7783=EDGE_LOOP('',(#3084,#3085,#3086,#3087));
#7784=EDGE_LOOP('',(#3088,#3089,#3090,#3091));
#7785=EDGE_LOOP('',(#3092,#3093,#3094,#3095));
#7786=EDGE_LOOP('',(#3096,#3097,#3098,#3099));
#7787=EDGE_LOOP('',(#3100,#3101,#3102,#3103));
#7788=EDGE_LOOP('',(#3104,#3105,#3106,#3107));
#7789=EDGE_LOOP('',(#3108,#3109,#3110,#3111,#3112,#3113,#3114,#3115,#3116,
#3117,#3118,#3119));
#7790=EDGE_LOOP('',(#3120,#3121,#3122,#3123));
#7791=EDGE_LOOP('',(#3124,#3125,#3126,#3127));
#7792=EDGE_LOOP('',(#3128,#3129,#3130,#3131));
#7793=EDGE_LOOP('',(#3132,#3133,#3134,#3135));
#7794=EDGE_LOOP('',(#3136,#3137,#3138,#3139));
#7795=EDGE_LOOP('',(#3140,#3141,#3142,#3143));
#7796=EDGE_LOOP('',(#3144,#3145,#3146,#3147));
#7797=EDGE_LOOP('',(#3148,#3149,#3150,#3151));
#7798=EDGE_LOOP('',(#3152,#3153,#3154,#3155));
#7799=EDGE_LOOP('',(#3156,#3157,#3158,#3159,#3160,#3161,#3162,#3163,#3164));
#7800=EDGE_LOOP('',(#3165,#3166,#3167,#3168,#3169,#3170,#3171,#3172));
#7801=EDGE_LOOP('',(#3173,#3174,#3175,#3176,#3177,#3178,#3179,#3180));
#7802=EDGE_LOOP('',(#3181,#3182,#3183,#3184,#3185,#3186,#3187,#3188,#3189,
#3190));
#7803=EDGE_LOOP('',(#3191,#3192,#3193,#3194,#3195,#3196,#3197,#3198));
#7804=EDGE_LOOP('',(#3199,#3200,#3201,#3202,#3203,#3204,#3205,#3206));
#7805=EDGE_LOOP('',(#3207,#3208,#3209,#3210));
#7806=EDGE_LOOP('',(#3211,#3212,#3213,#3214));
#7807=EDGE_LOOP('',(#3215,#3216,#3217,#3218));
#7808=EDGE_LOOP('',(#3219,#3220,#3221,#3222));
#7809=EDGE_LOOP('',(#3223,#3224,#3225,#3226));
#7810=EDGE_LOOP('',(#3227,#3228,#3229,#3230));
#7811=EDGE_LOOP('',(#3231,#3232,#3233,#3234,#3235,#3236));
#7812=EDGE_LOOP('',(#3237,#3238,#3239,#3240,#3241,#3242));
#7813=EDGE_LOOP('',(#3243,#3244,#3245,#3246));
#7814=EDGE_LOOP('',(#3247,#3248,#3249,#3250));
#7815=EDGE_LOOP('',(#3251,#3252,#3253,#3254));
#7816=EDGE_LOOP('',(#3255,#3256,#3257,#3258));
#7817=EDGE_LOOP('',(#3259,#3260,#3261,#3262));
#7818=EDGE_LOOP('',(#3263,#3264,#3265,#3266));
#7819=EDGE_LOOP('',(#3267,#3268,#3269,#3270));
#7820=EDGE_LOOP('',(#3271,#3272,#3273,#3274));
#7821=EDGE_LOOP('',(#3275,#3276,#3277,#3278));
#7822=EDGE_LOOP('',(#3279,#3280,#3281,#3282));
#7823=EDGE_LOOP('',(#3283,#3284,#3285,#3286));
#7824=EDGE_LOOP('',(#3287,#3288,#3289,#3290));
#7825=EDGE_LOOP('',(#3291,#3292,#3293,#3294));
#7826=EDGE_LOOP('',(#3295,#3296,#3297,#3298));
#7827=EDGE_LOOP('',(#3299,#3300,#3301,#3302));
#7828=EDGE_LOOP('',(#3303,#3304,#3305,#3306));
#7829=EDGE_LOOP('',(#3307,#3308,#3309,#3310));
#7830=EDGE_LOOP('',(#3311,#3312,#3313,#3314));
#7831=EDGE_LOOP('',(#3315,#3316,#3317,#3318,#3319,#3320,#3321,#3322,#3323,
#3324,#3325,#3326));
#7832=EDGE_LOOP('',(#3327,#3328,#3329,#3330,#3331,#3332,#3333,#3334,#3335,
#3336,#3337,#3338));
#7833=FACE_BOUND('',#7223,.T.);
#7834=FACE_BOUND('',#7224,.T.);
#7835=FACE_BOUND('',#7225,.T.);
#7836=FACE_BOUND('',#7226,.T.);
#7837=FACE_BOUND('',#7227,.T.);
#7838=FACE_BOUND('',#7228,.T.);
#7839=FACE_BOUND('',#7229,.T.);
#7840=FACE_BOUND('',#7230,.T.);
#7841=FACE_BOUND('',#7231,.T.);
#7842=FACE_BOUND('',#7232,.T.);
#7843=FACE_BOUND('',#7233,.T.);
#7844=FACE_BOUND('',#7234,.T.);
#7845=FACE_BOUND('',#7235,.T.);
#7846=FACE_BOUND('',#7236,.T.);
#7847=FACE_BOUND('',#7237,.T.);
#7848=FACE_BOUND('',#7238,.T.);
#7849=FACE_BOUND('',#7239,.T.);
#7850=FACE_BOUND('',#7240,.T.);
#7851=FACE_BOUND('',#7241,.T.);
#7852=FACE_BOUND('',#7242,.T.);
#7853=FACE_BOUND('',#7243,.T.);
#7854=FACE_BOUND('',#7244,.T.);
#7855=FACE_BOUND('',#7245,.T.);
#7856=FACE_BOUND('',#7246,.T.);
#7857=FACE_BOUND('',#7247,.T.);
#7858=FACE_BOUND('',#7248,.T.);
#7859=FACE_BOUND('',#7249,.T.);
#7860=FACE_BOUND('',#7250,.T.);
#7861=FACE_BOUND('',#7251,.T.);
#7862=FACE_BOUND('',#7252,.T.);
#7863=FACE_BOUND('',#7253,.T.);
#7864=FACE_BOUND('',#7254,.T.);
#7865=FACE_BOUND('',#7255,.T.);
#7866=FACE_BOUND('',#7256,.T.);
#7867=FACE_BOUND('',#7257,.T.);
#7868=FACE_BOUND('',#7258,.T.);
#7869=FACE_BOUND('',#7259,.T.);
#7870=FACE_BOUND('',#7260,.T.);
#7871=FACE_BOUND('',#7261,.T.);
#7872=FACE_BOUND('',#7262,.T.);
#7873=FACE_BOUND('',#7263,.T.);
#7874=FACE_BOUND('',#7264,.T.);
#7875=FACE_BOUND('',#7265,.T.);
#7876=FACE_BOUND('',#7266,.T.);
#7877=FACE_BOUND('',#7267,.T.);
#7878=FACE_BOUND('',#7268,.T.);
#7879=FACE_BOUND('',#7269,.T.);
#7880=FACE_BOUND('',#7270,.T.);
#7881=FACE_BOUND('',#7271,.T.);
#7882=FACE_BOUND('',#7272,.T.);
#7883=FACE_BOUND('',#7273,.T.);
#7884=FACE_BOUND('',#7274,.T.);
#7885=FACE_BOUND('',#7275,.T.);
#7886=FACE_BOUND('',#7276,.T.);
#7887=FACE_BOUND('',#7277,.T.);
#7888=FACE_BOUND('',#7278,.T.);
#7889=FACE_BOUND('',#7279,.T.);
#7890=FACE_BOUND('',#7280,.T.);
#7891=FACE_BOUND('',#7281,.T.);
#7892=FACE_BOUND('',#7282,.T.);
#7893=FACE_BOUND('',#7283,.T.);
#7894=FACE_BOUND('',#7284,.T.);
#7895=FACE_BOUND('',#7285,.T.);
#7896=FACE_BOUND('',#7286,.T.);
#7897=FACE_BOUND('',#7287,.T.);
#7898=FACE_BOUND('',#7288,.T.);
#7899=FACE_BOUND('',#7289,.T.);
#7900=FACE_BOUND('',#7290,.T.);
#7901=FACE_BOUND('',#7291,.T.);
#7902=FACE_BOUND('',#7292,.T.);
#7903=FACE_BOUND('',#7293,.T.);
#7904=FACE_BOUND('',#7294,.T.);
#7905=FACE_BOUND('',#7295,.T.);
#7906=FACE_BOUND('',#7296,.T.);
#7907=FACE_BOUND('',#7297,.T.);
#7908=FACE_BOUND('',#7298,.T.);
#7909=FACE_BOUND('',#7299,.T.);
#7910=FACE_BOUND('',#7300,.T.);
#7911=FACE_BOUND('',#7301,.T.);
#7912=FACE_BOUND('',#7302,.T.);
#7913=FACE_BOUND('',#7303,.T.);
#7914=FACE_BOUND('',#7304,.T.);
#7915=FACE_BOUND('',#7305,.T.);
#7916=FACE_BOUND('',#7306,.T.);
#7917=FACE_BOUND('',#7307,.T.);
#7918=FACE_BOUND('',#7308,.T.);
#7919=FACE_BOUND('',#7309,.T.);
#7920=FACE_BOUND('',#7310,.T.);
#7921=FACE_BOUND('',#7311,.T.);
#7922=FACE_BOUND('',#7312,.T.);
#7923=FACE_BOUND('',#7313,.T.);
#7924=FACE_BOUND('',#7314,.T.);
#7925=FACE_BOUND('',#7315,.T.);
#7926=FACE_BOUND('',#7316,.T.);
#7927=FACE_BOUND('',#7317,.T.);
#7928=FACE_BOUND('',#7318,.T.);
#7929=FACE_BOUND('',#7319,.T.);
#7930=FACE_BOUND('',#7320,.T.);
#7931=FACE_BOUND('',#7321,.T.);
#7932=FACE_BOUND('',#7322,.T.);
#7933=FACE_BOUND('',#7323,.T.);
#7934=FACE_BOUND('',#7324,.T.);
#7935=FACE_BOUND('',#7325,.T.);
#7936=FACE_BOUND('',#7326,.T.);
#7937=FACE_BOUND('',#7327,.T.);
#7938=FACE_BOUND('',#7328,.T.);
#7939=FACE_BOUND('',#7329,.T.);
#7940=FACE_BOUND('',#7330,.T.);
#7941=FACE_BOUND('',#7331,.T.);
#7942=FACE_BOUND('',#7332,.T.);
#7943=FACE_BOUND('',#7333,.T.);
#7944=FACE_BOUND('',#7334,.T.);
#7945=FACE_BOUND('',#7335,.T.);
#7946=FACE_BOUND('',#7336,.T.);
#7947=FACE_BOUND('',#7337,.T.);
#7948=FACE_BOUND('',#7338,.T.);
#7949=FACE_BOUND('',#7339,.T.);
#7950=FACE_BOUND('',#7340,.T.);
#7951=FACE_BOUND('',#7341,.T.);
#7952=FACE_BOUND('',#7342,.T.);
#7953=FACE_BOUND('',#7343,.T.);
#7954=FACE_BOUND('',#7344,.T.);
#7955=FACE_BOUND('',#7345,.T.);
#7956=FACE_BOUND('',#7346,.T.);
#7957=FACE_BOUND('',#7347,.T.);
#7958=FACE_BOUND('',#7348,.T.);
#7959=FACE_BOUND('',#7349,.T.);
#7960=FACE_BOUND('',#7350,.T.);
#7961=FACE_BOUND('',#7351,.T.);
#7962=FACE_BOUND('',#7352,.T.);
#7963=FACE_BOUND('',#7353,.T.);
#7964=FACE_BOUND('',#7354,.T.);
#7965=FACE_BOUND('',#7355,.T.);
#7966=FACE_BOUND('',#7356,.T.);
#7967=FACE_BOUND('',#7357,.T.);
#7968=FACE_BOUND('',#7358,.T.);
#7969=FACE_BOUND('',#7359,.T.);
#7970=FACE_BOUND('',#7360,.T.);
#7971=FACE_BOUND('',#7361,.T.);
#7972=FACE_BOUND('',#7362,.T.);
#7973=FACE_BOUND('',#7363,.T.);
#7974=FACE_BOUND('',#7364,.T.);
#7975=FACE_BOUND('',#7365,.T.);
#7976=FACE_BOUND('',#7366,.T.);
#7977=FACE_BOUND('',#7367,.T.);
#7978=FACE_BOUND('',#7368,.T.);
#7979=FACE_BOUND('',#7369,.T.);
#7980=FACE_BOUND('',#7370,.T.);
#7981=FACE_BOUND('',#7371,.T.);
#7982=FACE_BOUND('',#7372,.T.);
#7983=FACE_BOUND('',#7373,.T.);
#7984=FACE_BOUND('',#7374,.T.);
#7985=FACE_BOUND('',#7375,.T.);
#7986=FACE_BOUND('',#7376,.T.);
#7987=FACE_BOUND('',#7377,.T.);
#7988=FACE_BOUND('',#7378,.T.);
#7989=FACE_BOUND('',#7379,.T.);
#7990=FACE_BOUND('',#7380,.T.);
#7991=FACE_BOUND('',#7381,.T.);
#7992=FACE_BOUND('',#7382,.T.);
#7993=FACE_BOUND('',#7383,.T.);
#7994=FACE_BOUND('',#7384,.T.);
#7995=FACE_BOUND('',#7385,.T.);
#7996=FACE_BOUND('',#7386,.T.);
#7997=FACE_BOUND('',#7387,.T.);
#7998=FACE_BOUND('',#7388,.T.);
#7999=FACE_BOUND('',#7389,.T.);
#8000=FACE_BOUND('',#7390,.T.);
#8001=FACE_BOUND('',#7391,.T.);
#8002=FACE_BOUND('',#7392,.T.);
#8003=FACE_BOUND('',#7393,.T.);
#8004=FACE_BOUND('',#7394,.T.);
#8005=FACE_BOUND('',#7395,.T.);
#8006=FACE_BOUND('',#7396,.T.);
#8007=FACE_BOUND('',#7397,.T.);
#8008=FACE_BOUND('',#7398,.T.);
#8009=FACE_BOUND('',#7399,.T.);
#8010=FACE_BOUND('',#7400,.T.);
#8011=FACE_BOUND('',#7401,.T.);
#8012=FACE_BOUND('',#7402,.T.);
#8013=FACE_BOUND('',#7403,.T.);
#8014=FACE_BOUND('',#7404,.T.);
#8015=FACE_BOUND('',#7405,.T.);
#8016=FACE_BOUND('',#7406,.T.);
#8017=FACE_BOUND('',#7407,.T.);
#8018=FACE_BOUND('',#7408,.T.);
#8019=FACE_BOUND('',#7409,.T.);
#8020=FACE_BOUND('',#7410,.T.);
#8021=FACE_BOUND('',#7411,.T.);
#8022=FACE_BOUND('',#7412,.T.);
#8023=FACE_BOUND('',#7413,.T.);
#8024=FACE_BOUND('',#7414,.T.);
#8025=FACE_BOUND('',#7415,.T.);
#8026=FACE_BOUND('',#7416,.T.);
#8027=FACE_BOUND('',#7417,.T.);
#8028=FACE_BOUND('',#7418,.T.);
#8029=FACE_BOUND('',#7419,.T.);
#8030=FACE_BOUND('',#7420,.T.);
#8031=FACE_BOUND('',#7421,.T.);
#8032=FACE_BOUND('',#7422,.T.);
#8033=FACE_BOUND('',#7423,.T.);
#8034=FACE_BOUND('',#7424,.T.);
#8035=FACE_BOUND('',#7425,.T.);
#8036=FACE_BOUND('',#7426,.T.);
#8037=FACE_BOUND('',#7427,.T.);
#8038=FACE_BOUND('',#7428,.T.);
#8039=FACE_BOUND('',#7429,.T.);
#8040=FACE_BOUND('',#7430,.T.);
#8041=FACE_BOUND('',#7431,.T.);
#8042=FACE_BOUND('',#7432,.T.);
#8043=FACE_BOUND('',#7433,.T.);
#8044=FACE_BOUND('',#7434,.T.);
#8045=FACE_BOUND('',#7435,.T.);
#8046=FACE_BOUND('',#7436,.T.);
#8047=FACE_BOUND('',#7437,.T.);
#8048=FACE_BOUND('',#7438,.T.);
#8049=FACE_BOUND('',#7439,.T.);
#8050=FACE_BOUND('',#7440,.T.);
#8051=FACE_BOUND('',#7441,.T.);
#8052=FACE_BOUND('',#7442,.T.);
#8053=FACE_BOUND('',#7443,.T.);
#8054=FACE_BOUND('',#7444,.T.);
#8055=FACE_BOUND('',#7445,.T.);
#8056=FACE_BOUND('',#7446,.T.);
#8057=FACE_BOUND('',#7447,.T.);
#8058=FACE_BOUND('',#7448,.T.);
#8059=FACE_BOUND('',#7449,.T.);
#8060=FACE_BOUND('',#7450,.T.);
#8061=FACE_BOUND('',#7451,.T.);
#8062=FACE_BOUND('',#7452,.T.);
#8063=FACE_BOUND('',#7453,.T.);
#8064=FACE_BOUND('',#7454,.T.);
#8065=FACE_BOUND('',#7455,.T.);
#8066=FACE_BOUND('',#7456,.T.);
#8067=FACE_BOUND('',#7457,.T.);
#8068=FACE_BOUND('',#7458,.T.);
#8069=FACE_BOUND('',#7459,.T.);
#8070=FACE_BOUND('',#7460,.T.);
#8071=FACE_BOUND('',#7461,.T.);
#8072=FACE_BOUND('',#7462,.T.);
#8073=FACE_BOUND('',#7463,.T.);
#8074=FACE_BOUND('',#7464,.T.);
#8075=FACE_BOUND('',#7465,.T.);
#8076=FACE_BOUND('',#7466,.T.);
#8077=FACE_BOUND('',#7467,.T.);
#8078=FACE_BOUND('',#7468,.T.);
#8079=FACE_BOUND('',#7469,.T.);
#8080=FACE_BOUND('',#7470,.T.);
#8081=FACE_BOUND('',#7471,.T.);
#8082=FACE_BOUND('',#7472,.T.);
#8083=FACE_BOUND('',#7473,.T.);
#8084=FACE_BOUND('',#7474,.T.);
#8085=FACE_BOUND('',#7475,.T.);
#8086=FACE_BOUND('',#7476,.T.);
#8087=FACE_BOUND('',#7477,.T.);
#8088=FACE_BOUND('',#7478,.T.);
#8089=FACE_BOUND('',#7479,.T.);
#8090=FACE_BOUND('',#7480,.T.);
#8091=FACE_BOUND('',#7481,.T.);
#8092=FACE_BOUND('',#7482,.T.);
#8093=FACE_BOUND('',#7483,.T.);
#8094=FACE_BOUND('',#7484,.T.);
#8095=FACE_BOUND('',#7485,.T.);
#8096=FACE_BOUND('',#7486,.T.);
#8097=FACE_BOUND('',#7487,.T.);
#8098=FACE_BOUND('',#7488,.T.);
#8099=FACE_BOUND('',#7489,.T.);
#8100=FACE_BOUND('',#7490,.T.);
#8101=FACE_BOUND('',#7491,.T.);
#8102=FACE_BOUND('',#7492,.T.);
#8103=FACE_BOUND('',#7493,.T.);
#8104=FACE_BOUND('',#7494,.T.);
#8105=FACE_BOUND('',#7495,.T.);
#8106=FACE_BOUND('',#7496,.T.);
#8107=FACE_BOUND('',#7497,.T.);
#8108=FACE_BOUND('',#7498,.T.);
#8109=FACE_BOUND('',#7499,.T.);
#8110=FACE_BOUND('',#7500,.T.);
#8111=FACE_BOUND('',#7501,.T.);
#8112=FACE_BOUND('',#7502,.T.);
#8113=FACE_BOUND('',#7503,.T.);
#8114=FACE_BOUND('',#7504,.T.);
#8115=FACE_BOUND('',#7505,.T.);
#8116=FACE_BOUND('',#7506,.T.);
#8117=FACE_BOUND('',#7507,.T.);
#8118=FACE_BOUND('',#7508,.T.);
#8119=FACE_BOUND('',#7509,.T.);
#8120=FACE_BOUND('',#7510,.T.);
#8121=FACE_BOUND('',#7511,.T.);
#8122=FACE_BOUND('',#7512,.T.);
#8123=FACE_BOUND('',#7513,.T.);
#8124=FACE_BOUND('',#7514,.T.);
#8125=FACE_BOUND('',#7515,.T.);
#8126=FACE_BOUND('',#7516,.T.);
#8127=FACE_BOUND('',#7517,.T.);
#8128=FACE_BOUND('',#7518,.T.);
#8129=FACE_BOUND('',#7519,.T.);
#8130=FACE_BOUND('',#7520,.T.);
#8131=FACE_BOUND('',#7521,.T.);
#8132=FACE_BOUND('',#7522,.T.);
#8133=FACE_BOUND('',#7523,.T.);
#8134=FACE_BOUND('',#7524,.T.);
#8135=FACE_BOUND('',#7525,.T.);
#8136=FACE_BOUND('',#7526,.T.);
#8137=FACE_BOUND('',#7527,.T.);
#8138=FACE_BOUND('',#7528,.T.);
#8139=FACE_BOUND('',#7529,.T.);
#8140=FACE_BOUND('',#7530,.T.);
#8141=FACE_BOUND('',#7531,.T.);
#8142=FACE_BOUND('',#7532,.T.);
#8143=FACE_BOUND('',#7533,.T.);
#8144=FACE_BOUND('',#7534,.T.);
#8145=FACE_BOUND('',#7535,.T.);
#8146=FACE_BOUND('',#7536,.T.);
#8147=FACE_BOUND('',#7537,.T.);
#8148=FACE_BOUND('',#7538,.T.);
#8149=FACE_BOUND('',#7539,.T.);
#8150=FACE_BOUND('',#7540,.T.);
#8151=FACE_BOUND('',#7541,.T.);
#8152=FACE_BOUND('',#7542,.T.);
#8153=FACE_BOUND('',#7543,.T.);
#8154=FACE_BOUND('',#7544,.T.);
#8155=FACE_BOUND('',#7545,.T.);
#8156=FACE_BOUND('',#7546,.T.);
#8157=FACE_BOUND('',#7547,.T.);
#8158=FACE_BOUND('',#7548,.T.);
#8159=FACE_BOUND('',#7549,.T.);
#8160=FACE_BOUND('',#7550,.T.);
#8161=FACE_BOUND('',#7551,.T.);
#8162=FACE_BOUND('',#7552,.T.);
#8163=FACE_BOUND('',#7553,.T.);
#8164=FACE_BOUND('',#7554,.T.);
#8165=FACE_BOUND('',#7555,.T.);
#8166=FACE_BOUND('',#7556,.T.);
#8167=FACE_BOUND('',#7557,.T.);
#8168=FACE_BOUND('',#7558,.T.);
#8169=FACE_BOUND('',#7559,.T.);
#8170=FACE_BOUND('',#7560,.T.);
#8171=FACE_BOUND('',#7561,.T.);
#8172=FACE_BOUND('',#7562,.T.);
#8173=FACE_BOUND('',#7563,.T.);
#8174=FACE_BOUND('',#7564,.T.);
#8175=FACE_BOUND('',#7565,.T.);
#8176=FACE_BOUND('',#7566,.T.);
#8177=FACE_BOUND('',#7567,.T.);
#8178=FACE_BOUND('',#7568,.T.);
#8179=FACE_BOUND('',#7569,.T.);
#8180=FACE_BOUND('',#7570,.T.);
#8181=FACE_BOUND('',#7571,.T.);
#8182=FACE_BOUND('',#7572,.T.);
#8183=FACE_BOUND('',#7573,.T.);
#8184=FACE_BOUND('',#7574,.T.);
#8185=FACE_BOUND('',#7575,.T.);
#8186=FACE_BOUND('',#7576,.T.);
#8187=FACE_BOUND('',#7577,.T.);
#8188=FACE_BOUND('',#7578,.T.);
#8189=FACE_BOUND('',#7579,.T.);
#8190=FACE_BOUND('',#7580,.T.);
#8191=FACE_BOUND('',#7581,.T.);
#8192=FACE_BOUND('',#7582,.T.);
#8193=FACE_BOUND('',#7583,.T.);
#8194=FACE_BOUND('',#7584,.T.);
#8195=FACE_BOUND('',#7585,.T.);
#8196=FACE_BOUND('',#7586,.T.);
#8197=FACE_BOUND('',#7587,.T.);
#8198=FACE_BOUND('',#7588,.T.);
#8199=FACE_BOUND('',#7589,.T.);
#8200=FACE_BOUND('',#7590,.T.);
#8201=FACE_BOUND('',#7591,.T.);
#8202=FACE_BOUND('',#7592,.T.);
#8203=FACE_BOUND('',#7593,.T.);
#8204=FACE_BOUND('',#7594,.T.);
#8205=FACE_BOUND('',#7595,.T.);
#8206=FACE_BOUND('',#7596,.T.);
#8207=FACE_BOUND('',#7597,.T.);
#8208=FACE_BOUND('',#7598,.T.);
#8209=FACE_BOUND('',#7599,.T.);
#8210=FACE_BOUND('',#7600,.T.);
#8211=FACE_BOUND('',#7601,.T.);
#8212=FACE_BOUND('',#7602,.T.);
#8213=FACE_BOUND('',#7603,.T.);
#8214=FACE_BOUND('',#7604,.T.);
#8215=FACE_BOUND('',#7605,.T.);
#8216=FACE_BOUND('',#7606,.T.);
#8217=FACE_BOUND('',#7607,.T.);
#8218=FACE_BOUND('',#7608,.T.);
#8219=FACE_BOUND('',#7609,.T.);
#8220=FACE_BOUND('',#7610,.T.);
#8221=FACE_BOUND('',#7611,.T.);
#8222=FACE_BOUND('',#7612,.T.);
#8223=FACE_BOUND('',#7613,.T.);
#8224=FACE_BOUND('',#7614,.T.);
#8225=FACE_BOUND('',#7615,.T.);
#8226=FACE_BOUND('',#7616,.T.);
#8227=FACE_BOUND('',#7617,.T.);
#8228=FACE_BOUND('',#7618,.T.);
#8229=FACE_BOUND('',#7619,.T.);
#8230=FACE_BOUND('',#7620,.T.);
#8231=FACE_BOUND('',#7621,.T.);
#8232=FACE_BOUND('',#7622,.T.);
#8233=FACE_BOUND('',#7623,.T.);
#8234=FACE_BOUND('',#7624,.T.);
#8235=FACE_BOUND('',#7625,.T.);
#8236=FACE_BOUND('',#7626,.T.);
#8237=FACE_BOUND('',#7627,.T.);
#8238=FACE_BOUND('',#7628,.T.);
#8239=FACE_BOUND('',#7629,.T.);
#8240=FACE_BOUND('',#7630,.T.);
#8241=FACE_BOUND('',#7631,.T.);
#8242=FACE_BOUND('',#7632,.T.);
#8243=FACE_BOUND('',#7633,.T.);
#8244=FACE_BOUND('',#7634,.T.);
#8245=FACE_BOUND('',#7635,.T.);
#8246=FACE_BOUND('',#7636,.T.);
#8247=FACE_BOUND('',#7637,.T.);
#8248=FACE_BOUND('',#7638,.T.);
#8249=FACE_BOUND('',#7639,.T.);
#8250=FACE_BOUND('',#7640,.T.);
#8251=FACE_BOUND('',#7641,.T.);
#8252=FACE_BOUND('',#7642,.T.);
#8253=FACE_BOUND('',#7643,.T.);
#8254=FACE_BOUND('',#7644,.T.);
#8255=FACE_BOUND('',#7645,.T.);
#8256=FACE_BOUND('',#7646,.T.);
#8257=FACE_BOUND('',#7647,.T.);
#8258=FACE_BOUND('',#7648,.T.);
#8259=FACE_BOUND('',#7649,.T.);
#8260=FACE_BOUND('',#7650,.T.);
#8261=FACE_BOUND('',#7651,.T.);
#8262=FACE_BOUND('',#7652,.T.);
#8263=FACE_BOUND('',#7653,.T.);
#8264=FACE_BOUND('',#7654,.T.);
#8265=FACE_BOUND('',#7655,.T.);
#8266=FACE_BOUND('',#7656,.T.);
#8267=FACE_BOUND('',#7657,.T.);
#8268=FACE_BOUND('',#7658,.T.);
#8269=FACE_BOUND('',#7659,.T.);
#8270=FACE_BOUND('',#7660,.T.);
#8271=FACE_BOUND('',#7661,.T.);
#8272=FACE_BOUND('',#7662,.T.);
#8273=FACE_BOUND('',#7663,.T.);
#8274=FACE_BOUND('',#7664,.T.);
#8275=FACE_BOUND('',#7665,.T.);
#8276=FACE_BOUND('',#7666,.T.);
#8277=FACE_BOUND('',#7667,.T.);
#8278=FACE_BOUND('',#7668,.T.);
#8279=FACE_BOUND('',#7669,.T.);
#8280=FACE_BOUND('',#7670,.T.);
#8281=FACE_BOUND('',#7671,.T.);
#8282=FACE_BOUND('',#7672,.T.);
#8283=FACE_BOUND('',#7673,.T.);
#8284=FACE_BOUND('',#7674,.T.);
#8285=FACE_BOUND('',#7675,.T.);
#8286=FACE_BOUND('',#7676,.T.);
#8287=FACE_BOUND('',#7677,.T.);
#8288=FACE_BOUND('',#7678,.T.);
#8289=FACE_BOUND('',#7679,.T.);
#8290=FACE_BOUND('',#7680,.T.);
#8291=FACE_BOUND('',#7681,.T.);
#8292=FACE_BOUND('',#7682,.T.);
#8293=FACE_BOUND('',#7683,.T.);
#8294=FACE_BOUND('',#7684,.T.);
#8295=FACE_BOUND('',#7685,.T.);
#8296=FACE_BOUND('',#7686,.T.);
#8297=FACE_BOUND('',#7687,.T.);
#8298=FACE_BOUND('',#7688,.T.);
#8299=FACE_BOUND('',#7689,.T.);
#8300=FACE_BOUND('',#7690,.T.);
#8301=FACE_BOUND('',#7691,.T.);
#8302=FACE_BOUND('',#7692,.T.);
#8303=FACE_BOUND('',#7693,.T.);
#8304=FACE_BOUND('',#7694,.T.);
#8305=FACE_BOUND('',#7695,.T.);
#8306=FACE_BOUND('',#7696,.T.);
#8307=FACE_BOUND('',#7697,.T.);
#8308=FACE_BOUND('',#7698,.T.);
#8309=FACE_BOUND('',#7699,.T.);
#8310=FACE_BOUND('',#7700,.T.);
#8311=FACE_BOUND('',#7701,.T.);
#8312=FACE_BOUND('',#7702,.T.);
#8313=FACE_BOUND('',#7703,.T.);
#8314=FACE_BOUND('',#7704,.T.);
#8315=FACE_BOUND('',#7705,.T.);
#8316=FACE_BOUND('',#7706,.T.);
#8317=FACE_BOUND('',#7707,.T.);
#8318=FACE_BOUND('',#7708,.T.);
#8319=FACE_BOUND('',#7709,.T.);
#8320=FACE_BOUND('',#7710,.T.);
#8321=FACE_BOUND('',#7711,.T.);
#8322=FACE_BOUND('',#7712,.T.);
#8323=FACE_BOUND('',#7713,.T.);
#8324=FACE_BOUND('',#7714,.T.);
#8325=FACE_BOUND('',#7715,.T.);
#8326=FACE_BOUND('',#7716,.T.);
#8327=FACE_BOUND('',#7717,.T.);
#8328=FACE_BOUND('',#7718,.T.);
#8329=FACE_BOUND('',#7719,.T.);
#8330=FACE_BOUND('',#7720,.T.);
#8331=FACE_BOUND('',#7721,.T.);
#8332=FACE_BOUND('',#7722,.T.);
#8333=FACE_BOUND('',#7723,.T.);
#8334=FACE_BOUND('',#7724,.T.);
#8335=FACE_BOUND('',#7725,.T.);
#8336=FACE_BOUND('',#7726,.T.);
#8337=FACE_BOUND('',#7727,.T.);
#8338=FACE_BOUND('',#7728,.T.);
#8339=FACE_BOUND('',#7729,.T.);
#8340=FACE_BOUND('',#7730,.T.);
#8341=FACE_BOUND('',#7731,.T.);
#8342=FACE_BOUND('',#7732,.T.);
#8343=FACE_BOUND('',#7733,.T.);
#8344=FACE_BOUND('',#7734,.T.);
#8345=FACE_BOUND('',#7735,.T.);
#8346=FACE_BOUND('',#7736,.T.);
#8347=FACE_BOUND('',#7737,.T.);
#8348=FACE_BOUND('',#7738,.T.);
#8349=FACE_BOUND('',#7739,.T.);
#8350=FACE_BOUND('',#7740,.T.);
#8351=FACE_BOUND('',#7741,.T.);
#8352=FACE_BOUND('',#7742,.T.);
#8353=FACE_BOUND('',#7743,.T.);
#8354=FACE_BOUND('',#7744,.T.);
#8355=FACE_BOUND('',#7745,.T.);
#8356=FACE_BOUND('',#7746,.T.);
#8357=FACE_BOUND('',#7747,.T.);
#8358=FACE_BOUND('',#7748,.T.);
#8359=FACE_BOUND('',#7749,.T.);
#8360=FACE_BOUND('',#7750,.T.);
#8361=FACE_BOUND('',#7751,.T.);
#8362=FACE_BOUND('',#7752,.T.);
#8363=FACE_BOUND('',#7753,.T.);
#8364=FACE_BOUND('',#7754,.T.);
#8365=FACE_BOUND('',#7755,.T.);
#8366=FACE_BOUND('',#7756,.T.);
#8367=FACE_BOUND('',#7757,.T.);
#8368=FACE_BOUND('',#7758,.T.);
#8369=FACE_BOUND('',#7759,.T.);
#8370=FACE_BOUND('',#7760,.T.);
#8371=FACE_BOUND('',#7761,.T.);
#8372=FACE_BOUND('',#7762,.T.);
#8373=FACE_BOUND('',#7763,.T.);
#8374=FACE_BOUND('',#7764,.T.);
#8375=FACE_BOUND('',#7765,.T.);
#8376=FACE_BOUND('',#7766,.T.);
#8377=FACE_BOUND('',#7767,.T.);
#8378=FACE_BOUND('',#7768,.T.);
#8379=FACE_BOUND('',#7769,.T.);
#8380=FACE_BOUND('',#7770,.T.);
#8381=FACE_BOUND('',#7771,.T.);
#8382=FACE_BOUND('',#7772,.T.);
#8383=FACE_BOUND('',#7773,.T.);
#8384=FACE_BOUND('',#7774,.T.);
#8385=FACE_BOUND('',#7775,.T.);
#8386=FACE_BOUND('',#7776,.T.);
#8387=FACE_BOUND('',#7777,.T.);
#8388=FACE_BOUND('',#7778,.T.);
#8389=FACE_BOUND('',#7779,.T.);
#8390=FACE_BOUND('',#7780,.T.);
#8391=FACE_BOUND('',#7781,.T.);
#8392=FACE_BOUND('',#7782,.T.);
#8393=FACE_BOUND('',#7783,.T.);
#8394=FACE_BOUND('',#7784,.T.);
#8395=FACE_BOUND('',#7785,.T.);
#8396=FACE_BOUND('',#7786,.T.);
#8397=FACE_BOUND('',#7787,.T.);
#8398=FACE_BOUND('',#7788,.T.);
#8399=FACE_BOUND('',#7789,.T.);
#8400=FACE_BOUND('',#7790,.T.);
#8401=FACE_BOUND('',#7791,.T.);
#8402=FACE_BOUND('',#7792,.T.);
#8403=FACE_BOUND('',#7793,.T.);
#8404=FACE_BOUND('',#7794,.T.);
#8405=FACE_BOUND('',#7795,.T.);
#8406=FACE_BOUND('',#7796,.T.);
#8407=FACE_BOUND('',#7797,.T.);
#8408=FACE_BOUND('',#7798,.T.);
#8409=FACE_BOUND('',#7799,.T.);
#8410=FACE_BOUND('',#7800,.T.);
#8411=FACE_BOUND('',#7801,.T.);
#8412=FACE_BOUND('',#7802,.T.);
#8413=FACE_BOUND('',#7803,.T.);
#8414=FACE_BOUND('',#7804,.T.);
#8415=FACE_BOUND('',#7805,.T.);
#8416=FACE_BOUND('',#7806,.T.);
#8417=FACE_BOUND('',#7807,.T.);
#8418=FACE_BOUND('',#7808,.T.);
#8419=FACE_BOUND('',#7809,.T.);
#8420=FACE_BOUND('',#7810,.T.);
#8421=FACE_BOUND('',#7811,.T.);
#8422=FACE_BOUND('',#7812,.T.);
#8423=FACE_BOUND('',#7813,.T.);
#8424=FACE_BOUND('',#7814,.T.);
#8425=FACE_BOUND('',#7815,.T.);
#8426=FACE_BOUND('',#7816,.T.);
#8427=FACE_BOUND('',#7817,.T.);
#8428=FACE_BOUND('',#7818,.T.);
#8429=FACE_BOUND('',#7819,.T.);
#8430=FACE_BOUND('',#7820,.T.);
#8431=FACE_BOUND('',#7821,.T.);
#8432=FACE_BOUND('',#7822,.T.);
#8433=FACE_BOUND('',#7823,.T.);
#8434=FACE_BOUND('',#7824,.T.);
#8435=FACE_BOUND('',#7825,.T.);
#8436=FACE_BOUND('',#7826,.T.);
#8437=FACE_BOUND('',#7827,.T.);
#8438=FACE_BOUND('',#7828,.T.);
#8439=FACE_BOUND('',#7829,.T.);
#8440=FACE_BOUND('',#7830,.T.);
#8441=FACE_BOUND('',#7831,.T.);
#8442=FACE_BOUND('',#7832,.T.);
#8443=PLANE('',#9493);
#8444=PLANE('',#9494);
#8445=PLANE('',#9496);
#8446=PLANE('',#9497);
#8447=PLANE('',#9498);
#8448=PLANE('',#9499);
#8449=PLANE('',#9502);
#8450=PLANE('',#9504);
#8451=PLANE('',#9505);
#8452=PLANE('',#9506);
#8453=PLANE('',#9507);
#8454=PLANE('',#9511);
#8455=PLANE('',#9512);
#8456=PLANE('',#9513);
#8457=PLANE('',#9514);
#8458=PLANE('',#9515);
#8459=PLANE('',#9516);
#8460=PLANE('',#9517);
#8461=PLANE('',#9518);
#8462=PLANE('',#9519);
#8463=PLANE('',#9520);
#8464=PLANE('',#9521);
#8465=PLANE('',#9525);
#8466=PLANE('',#9526);
#8467=PLANE('',#9527);
#8468=PLANE('',#9529);
#8469=PLANE('',#9533);
#8470=PLANE('',#9541);
#8471=PLANE('',#9545);
#8472=PLANE('',#9546);
#8473=PLANE('',#9547);
#8474=PLANE('',#9554);
#8475=PLANE('',#9561);
#8476=PLANE('',#9562);
#8477=PLANE('',#9563);
#8478=PLANE('',#9565);
#8479=PLANE('',#9566);
#8480=PLANE('',#9570);
#8481=PLANE('',#9574);
#8482=PLANE('',#9576);
#8483=PLANE('',#9577);
#8484=PLANE('',#9579);
#8485=PLANE('',#9580);
#8486=PLANE('',#9581);
#8487=PLANE('',#9582);
#8488=PLANE('',#9585);
#8489=PLANE('',#9587);
#8490=PLANE('',#9588);
#8491=PLANE('',#9589);
#8492=PLANE('',#9590);
#8493=PLANE('',#9591);
#8494=PLANE('',#9592);
#8495=PLANE('',#9612);
#8496=PLANE('',#9616);
#8497=PLANE('',#9617);
#8498=PLANE('',#9618);
#8499=PLANE('',#9620);
#8500=PLANE('',#9621);
#8501=PLANE('',#9628);
#8502=PLANE('',#9629);
#8503=PLANE('',#9630);
#8504=PLANE('',#9631);
#8505=PLANE('',#9632);
#8506=PLANE('',#9633);
#8507=PLANE('',#9634);
#8508=PLANE('',#9636);
#8509=PLANE('',#9637);
#8510=PLANE('',#9638);
#8511=PLANE('',#9639);
#8512=PLANE('',#9640);
#8513=PLANE('',#9643);
#8514=PLANE('',#9644);
#8515=PLANE('',#9645);
#8516=PLANE('',#9646);
#8517=PLANE('',#9647);
#8518=PLANE('',#9648);
#8519=PLANE('',#9649);
#8520=PLANE('',#9650);
#8521=PLANE('',#9651);
#8522=PLANE('',#9652);
#8523=PLANE('',#9653);
#8524=PLANE('',#9658);
#8525=PLANE('',#9659);
#8526=PLANE('',#9660);
#8527=PLANE('',#9661);
#8528=PLANE('',#9662);
#8529=PLANE('',#9663);
#8530=PLANE('',#9664);
#8531=PLANE('',#9665);
#8532=PLANE('',#9666);
#8533=PLANE('',#9667);
#8534=PLANE('',#9668);
#8535=PLANE('',#9669);
#8536=PLANE('',#9670);
#8537=PLANE('',#9671);
#8538=PLANE('',#9672);
#8539=PLANE('',#9673);
#8540=PLANE('',#9674);
#8541=PLANE('',#9675);
#8542=PLANE('',#9676);
#8543=PLANE('',#9677);
#8544=PLANE('',#9678);
#8545=PLANE('',#9680);
#8546=PLANE('',#9681);
#8547=PLANE('',#9687);
#8548=PLANE('',#9691);
#8549=PLANE('',#9695);
#8550=PLANE('',#9701);
#8551=PLANE('',#9706);
#8552=PLANE('',#9707);
#8553=PLANE('',#9709);
#8554=PLANE('',#9712);
#8555=PLANE('',#9713);
#8556=PLANE('',#9720);
#8557=PLANE('',#9724);
#8558=PLANE('',#9727);
#8559=PLANE('',#9728);
#8560=PLANE('',#9729);
#8561=PLANE('',#9730);
#8562=PLANE('',#9731);
#8563=PLANE('',#9732);
#8564=PLANE('',#9734);
#8565=PLANE('',#9738);
#8566=PLANE('',#9739);
#8567=PLANE('',#9740);
#8568=PLANE('',#9741);
#8569=PLANE('',#9743);
#8570=PLANE('',#9744);
#8571=PLANE('',#9745);
#8572=PLANE('',#9746);
#8573=PLANE('',#9747);
#8574=PLANE('',#9748);
#8575=PLANE('',#9749);
#8576=PLANE('',#9750);
#8577=PLANE('',#9751);
#8578=PLANE('',#9752);
#8579=PLANE('',#9753);
#8580=PLANE('',#9754);
#8581=PLANE('',#9755);
#8582=PLANE('',#9757);
#8583=PLANE('',#9758);
#8584=PLANE('',#9759);
#8585=PLANE('',#9760);
#8586=PLANE('',#9763);
#8587=PLANE('',#9766);
#8588=PLANE('',#9769);
#8589=PLANE('',#9770);
#8590=PLANE('',#9771);
#8591=PLANE('',#9775);
#8592=PLANE('',#9779);
#8593=PLANE('',#9780);
#8594=PLANE('',#9781);
#8595=PLANE('',#9782);
#8596=PLANE('',#9783);
#8597=PLANE('',#9784);
#8598=PLANE('',#9785);
#8599=PLANE('',#9786);
#8600=PLANE('',#9787);
#8601=PLANE('',#9788);
#8602=PLANE('',#9789);
#8603=PLANE('',#9790);
#8604=PLANE('',#9791);
#8605=PLANE('',#9796);
#8606=PLANE('',#9797);
#8607=PLANE('',#9798);
#8608=PLANE('',#9799);
#8609=PLANE('',#9800);
#8610=PLANE('',#9801);
#8611=PLANE('',#9802);
#8612=PLANE('',#9803);
#8613=PLANE('',#9804);
#8614=PLANE('',#9805);
#8615=PLANE('',#9806);
#8616=PLANE('',#9807);
#8617=PLANE('',#9808);
#8618=PLANE('',#9809);
#8619=PLANE('',#9810);
#8620=PLANE('',#9811);
#8621=PLANE('',#9812);
#8622=PLANE('',#9813);
#8623=PLANE('',#9814);
#8624=PLANE('',#9816);
#8625=PLANE('',#9817);
#8626=PLANE('',#9820);
#8627=PLANE('',#9824);
#8628=PLANE('',#9826);
#8629=PLANE('',#9831);
#8630=PLANE('',#9832);
#8631=PLANE('',#9833);
#8632=PLANE('',#9834);
#8633=PLANE('',#9835);
#8634=PLANE('',#9837);
#8635=PLANE('',#9861);
#8636=PLANE('',#9863);
#8637=PLANE('',#9867);
#8638=PLANE('',#9870);
#8639=PLANE('',#9873);
#8640=PLANE('',#9874);
#8641=PLANE('',#9875);
#8642=PLANE('',#9876);
#8643=PLANE('',#9877);
#8644=PLANE('',#9878);
#8645=PLANE('',#9881);
#8646=PLANE('',#9882);
#8647=PLANE('',#9883);
#8648=PLANE('',#9884);
#8649=PLANE('',#9885);
#8650=PLANE('',#9886);
#8651=PLANE('',#9887);
#8652=PLANE('',#9888);
#8653=PLANE('',#9889);
#8654=PLANE('',#9890);
#8655=PLANE('',#9891);
#8656=PLANE('',#9892);
#8657=PLANE('',#9893);
#8658=PLANE('',#9895);
#8659=PLANE('',#9896);
#8660=PLANE('',#9897);
#8661=PLANE('',#9898);
#8662=PLANE('',#9901);
#8663=PLANE('',#9904);
#8664=PLANE('',#9907);
#8665=PLANE('',#9912);
#8666=PLANE('',#9915);
#8667=PLANE('',#9916);
#8668=PLANE('',#9917);
#8669=PLANE('',#9922);
#8670=PLANE('',#9927);
#8671=PLANE('',#9928);
#8672=PLANE('',#9929);
#8673=PLANE('',#9930);
#8674=PLANE('',#9931);
#8675=PLANE('',#9932);
#8676=PLANE('',#9935);
#8677=PLANE('',#9936);
#8678=PLANE('',#9937);
#8679=PLANE('',#9938);
#8680=PLANE('',#9939);
#8681=PLANE('',#9940);
#8682=PLANE('',#9941);
#8683=PLANE('',#9942);
#8684=PLANE('',#9943);
#8685=PLANE('',#9944);
#8686=PLANE('',#9945);
#8687=PLANE('',#9948);
#8688=PLANE('',#9949);
#8689=PLANE('',#9950);
#8690=PLANE('',#9951);
#8691=PLANE('',#9970);
#8692=PLANE('',#9973);
#8693=PLANE('',#9974);
#8694=PLANE('',#9975);
#8695=PLANE('',#9976);
#8696=PLANE('',#9977);
#8697=PLANE('',#9978);
#8698=PLANE('',#9979);
#8699=PLANE('',#9980);
#8700=PLANE('',#9981);
#8701=PLANE('',#9982);
#8702=PLANE('',#9983);
#8703=PLANE('',#9984);
#8704=PLANE('',#9985);
#8705=PLANE('',#9986);
#8706=PLANE('',#9987);
#8707=PLANE('',#9988);
#8708=PLANE('',#9989);
#8709=PLANE('',#9990);
#8710=PLANE('',#9991);
#8711=PLANE('',#9992);
#8712=PLANE('',#9993);
#8713=PLANE('',#9994);
#8714=PLANE('',#9995);
#8715=PLANE('',#9996);
#8716=PLANE('',#10001);
#8717=PLANE('',#10002);
#8718=PLANE('',#10003);
#8719=PLANE('',#10004);
#8720=PLANE('',#10005);
#8721=PLANE('',#10006);
#8722=PLANE('',#10007);
#8723=PLANE('',#10008);
#8724=PLANE('',#10009);
#8725=PLANE('',#10010);
#8726=PLANE('',#10011);
#8727=PLANE('',#10014);
#8728=PLANE('',#10015);
#8729=PLANE('',#10016);
#8730=PLANE('',#10017);
#8731=PLANE('',#10018);
#8732=PLANE('',#10019);
#8733=PLANE('',#10020);
#8734=PLANE('',#10021);
#8735=PLANE('',#10027);
#8736=PLANE('',#10028);
#8737=PLANE('',#10029);
#8738=PLANE('',#10030);
#8739=PLANE('',#10031);
#8740=PLANE('',#10032);
#8741=PLANE('',#10037);
#8742=PLANE('',#10038);
#8743=PLANE('',#10039);
#8744=PLANE('',#10040);
#8745=PLANE('',#10041);
#8746=PLANE('',#10042);
#8747=PLANE('',#10043);
#8748=PLANE('',#10044);
#8749=PLANE('',#10045);
#8750=PLANE('',#10046);
#8751=PLANE('',#10047);
#8752=PLANE('',#10048);
#8753=PLANE('',#10049);
#8754=PLANE('',#10050);
#8755=ADVANCED_FACE('',(#7833),#8443,.F.);
#8756=ADVANCED_FACE('',(#7834),#8444,.T.);
#8757=ADVANCED_FACE('',(#7835),#8445,.T.);
#8758=ADVANCED_FACE('',(#7836),#8446,.F.);
#8759=ADVANCED_FACE('',(#7837),#8447,.T.);
#8760=ADVANCED_FACE('',(#7838),#8448,.T.);
#8761=ADVANCED_FACE('',(#7839),#590,.F.);
#8762=ADVANCED_FACE('',(#7840),#8449,.T.);
#8763=ADVANCED_FACE('',(#7841),#8450,.T.);
#8764=ADVANCED_FACE('',(#7842),#8451,.T.);
#8765=ADVANCED_FACE('',(#7843),#8452,.T.);
#8766=ADVANCED_FACE('',(#7844),#8453,.T.);
#8767=ADVANCED_FACE('',(#7845),#591,.T.);
#8768=ADVANCED_FACE('',(#7846),#8454,.T.);
#8769=ADVANCED_FACE('',(#7847),#8455,.T.);
#8770=ADVANCED_FACE('',(#7848),#8456,.T.);
#8771=ADVANCED_FACE('',(#7849),#8457,.T.);
#8772=ADVANCED_FACE('',(#7850),#8458,.T.);
#8773=ADVANCED_FACE('',(#7851),#8459,.T.);
#8774=ADVANCED_FACE('',(#7852),#8460,.T.);
#8775=ADVANCED_FACE('',(#7853),#8461,.T.);
#8776=ADVANCED_FACE('',(#7854),#8462,.T.);
#8777=ADVANCED_FACE('',(#7855),#8463,.T.);
#8778=ADVANCED_FACE('',(#7856),#8464,.T.);
#8779=ADVANCED_FACE('',(#7857),#592,.T.);
#8780=ADVANCED_FACE('',(#7858),#8465,.T.);
#8781=ADVANCED_FACE('',(#7859),#8466,.T.);
#8782=ADVANCED_FACE('',(#7860),#8467,.F.);
#8783=ADVANCED_FACE('',(#7861),#8468,.F.);
#8784=ADVANCED_FACE('',(#7862,#7863),#593,.T.);
#8785=ADVANCED_FACE('',(#7864),#8469,.T.);
#8786=ADVANCED_FACE('',(#7865),#264,.T.);
#8787=ADVANCED_FACE('',(#7866),#265,.T.);
#8788=ADVANCED_FACE('',(#7867),#266,.T.);
#8789=ADVANCED_FACE('',(#7868),#594,.T.);
#8790=ADVANCED_FACE('',(#7869),#595,.T.);
#8791=ADVANCED_FACE('',(#7870),#8470,.T.);
#8792=ADVANCED_FACE('',(#7871),#267,.T.);
#8793=ADVANCED_FACE('',(#7872),#596,.F.);
#8794=ADVANCED_FACE('',(#7873),#268,.T.);
#8795=ADVANCED_FACE('',(#7874),#269,.T.);
#8796=ADVANCED_FACE('',(#7875),#270,.T.);
#8797=ADVANCED_FACE('',(#7876),#271,.T.);
#8798=ADVANCED_FACE('',(#7877),#8471,.T.);
#8799=ADVANCED_FACE('',(#7878),#8472,.T.);
#8800=ADVANCED_FACE('',(#7879),#8473,.T.);
#8801=ADVANCED_FACE('',(#7880),#272,.T.);
#8802=ADVANCED_FACE('',(#7881),#273,.T.);
#8803=ADVANCED_FACE('',(#7882),#597,.F.);
#8804=ADVANCED_FACE('',(#7883),#598,.F.);
#8805=ADVANCED_FACE('',(#7884),#8474,.T.);
#8806=ADVANCED_FACE('',(#7885),#599,.T.);
#8807=ADVANCED_FACE('',(#7886),#600,.T.);
#8808=ADVANCED_FACE('',(#7887),#274,.T.);
#8809=ADVANCED_FACE('',(#7888),#275,.T.);
#8810=ADVANCED_FACE('',(#7889),#276,.T.);
#8811=ADVANCED_FACE('',(#7890),#277,.T.);
#8812=ADVANCED_FACE('',(#7891),#8475,.T.);
#8813=ADVANCED_FACE('',(#7892),#278,.T.);
#8814=ADVANCED_FACE('',(#7893),#8476,.T.);
#8815=ADVANCED_FACE('',(#7894),#8477,.F.);
#8816=ADVANCED_FACE('',(#7895),#279,.T.);
#8817=ADVANCED_FACE('',(#7896),#280,.T.);
#8818=ADVANCED_FACE('',(#7897),#281,.T.);
#8819=ADVANCED_FACE('',(#7898),#282,.T.);
#8820=ADVANCED_FACE('',(#7899),#283,.T.);
#8821=ADVANCED_FACE('',(#7900),#284,.T.);
#8822=ADVANCED_FACE('',(#7901),#285,.T.);
#8823=ADVANCED_FACE('',(#7902),#286,.T.);
#8824=ADVANCED_FACE('',(#7903),#287,.T.);
#8825=ADVANCED_FACE('',(#7904),#288,.T.);
#8826=ADVANCED_FACE('',(#7905),#289,.T.);
#8827=ADVANCED_FACE('',(#7906),#290,.T.);
#8828=ADVANCED_FACE('',(#7907),#291,.T.);
#8829=ADVANCED_FACE('',(#7908),#292,.T.);
#8830=ADVANCED_FACE('',(#7909),#293,.T.);
#8831=ADVANCED_FACE('',(#7910),#294,.T.);
#8832=ADVANCED_FACE('',(#7911,#7912),#8478,.T.);
#8833=ADVANCED_FACE('',(#7913,#7914),#8479,.F.);
#8834=ADVANCED_FACE('',(#7915),#8480,.F.);
#8835=ADVANCED_FACE('',(#7916,#7917),#601,.T.);
#8836=ADVANCED_FACE('',(#7918),#8481,.T.);
#8837=ADVANCED_FACE('',(#7919),#8482,.T.);
#8838=ADVANCED_FACE('',(#7920),#8483,.F.);
#8839=ADVANCED_FACE('',(#7921),#8484,.T.);
#8840=ADVANCED_FACE('',(#7922),#8485,.F.);
#8841=ADVANCED_FACE('',(#7923),#8486,.T.);
#8842=ADVANCED_FACE('',(#7924),#8487,.T.);
#8843=ADVANCED_FACE('',(#7925),#602,.F.);
#8844=ADVANCED_FACE('',(#7926),#8488,.T.);
#8845=ADVANCED_FACE('',(#7927),#8489,.F.);
#8846=ADVANCED_FACE('',(#7928),#8490,.T.);
#8847=ADVANCED_FACE('',(#7929),#8491,.T.);
#8848=ADVANCED_FACE('',(#7930),#8492,.F.);
#8849=ADVANCED_FACE('',(#7931),#8493,.T.);
#8850=ADVANCED_FACE('',(#7932),#8494,.T.);
#8851=ADVANCED_FACE('',(#7933),#295,.T.);
#8852=ADVANCED_FACE('',(#7934),#603,.F.);
#8853=ADVANCED_FACE('',(#7935),#604,.F.);
#8854=ADVANCED_FACE('',(#7936),#605,.F.);
#8855=ADVANCED_FACE('',(#7937),#606,.F.);
#8856=ADVANCED_FACE('',(#7938),#607,.F.);
#8857=ADVANCED_FACE('',(#7939),#608,.F.);
#8858=ADVANCED_FACE('',(#7940),#296,.T.);
#8859=ADVANCED_FACE('',(#7941),#297,.T.);
#8860=ADVANCED_FACE('',(#7942),#298,.T.);
#8861=ADVANCED_FACE('',(#7943),#299,.T.);
#8862=ADVANCED_FACE('',(#7944),#300,.T.);
#8863=ADVANCED_FACE('',(#7945),#301,.T.);
#8864=ADVANCED_FACE('',(#7946),#302,.T.);
#8865=ADVANCED_FACE('',(#7947),#303,.T.);
#8866=ADVANCED_FACE('',(#7948),#304,.T.);
#8867=ADVANCED_FACE('',(#7949),#305,.T.);
#8868=ADVANCED_FACE('',(#7950),#8495,.T.);
#8869=ADVANCED_FACE('',(#7951),#306,.T.);
#8870=ADVANCED_FACE('',(#7952),#307,.T.);
#8871=ADVANCED_FACE('',(#7953),#609,.F.);
#8872=ADVANCED_FACE('',(#7954),#8496,.T.);
#8873=ADVANCED_FACE('',(#7955),#308,.T.);
#8874=ADVANCED_FACE('',(#7956),#309,.T.);
#8875=ADVANCED_FACE('',(#7957),#310,.T.);
#8876=ADVANCED_FACE('',(#7958,#7959),#8497,.T.);
#8877=ADVANCED_FACE('',(#7960,#7961),#8498,.F.);
#8878=ADVANCED_FACE('',(#7962),#8499,.T.);
#8879=ADVANCED_FACE('',(#7963),#8500,.T.);
#8880=ADVANCED_FACE('',(#7964),#610,.T.);
#8881=ADVANCED_FACE('',(#7965),#611,.T.);
#8882=ADVANCED_FACE('',(#7966),#8501,.T.);
#8883=ADVANCED_FACE('',(#7967),#8502,.T.);
#8884=ADVANCED_FACE('',(#7968),#8503,.T.);
#8885=ADVANCED_FACE('',(#7969),#8504,.T.);
#8886=ADVANCED_FACE('',(#7970),#8505,.T.);
#8887=ADVANCED_FACE('',(#7971),#8506,.T.);
#8888=ADVANCED_FACE('',(#7972),#8507,.F.);
#8889=ADVANCED_FACE('',(#7973),#8508,.T.);
#8890=ADVANCED_FACE('',(#7974),#8509,.T.);
#8891=ADVANCED_FACE('',(#7975),#8510,.T.);
#8892=ADVANCED_FACE('',(#7976),#8511,.F.);
#8893=ADVANCED_FACE('',(#7977,#7978,#7979,#7980),#8512,.F.);
#8894=ADVANCED_FACE('',(#7981),#8513,.T.);
#8895=ADVANCED_FACE('',(#7982),#8514,.T.);
#8896=ADVANCED_FACE('',(#7983),#8515,.F.);
#8897=ADVANCED_FACE('',(#7984),#8516,.F.);
#8898=ADVANCED_FACE('',(#7985),#8517,.T.);
#8899=ADVANCED_FACE('',(#7986),#8518,.T.);
#8900=ADVANCED_FACE('',(#7987),#8519,.T.);
#8901=ADVANCED_FACE('',(#7988),#8520,.F.);
#8902=ADVANCED_FACE('',(#7989),#8521,.F.);
#8903=ADVANCED_FACE('',(#7990),#8522,.T.);
#8904=ADVANCED_FACE('',(#7991),#8523,.T.);
#8905=ADVANCED_FACE('',(#7992,#7993),#612,.F.);
#8906=ADVANCED_FACE('',(#7994,#7995),#613,.F.);
#8907=ADVANCED_FACE('',(#7996,#7997),#8524,.T.);
#8908=ADVANCED_FACE('',(#7998),#8525,.T.);
#8909=ADVANCED_FACE('',(#7999),#8526,.T.);
#8910=ADVANCED_FACE('',(#8000),#8527,.F.);
#8911=ADVANCED_FACE('',(#8001),#8528,.F.);
#8912=ADVANCED_FACE('',(#8002),#8529,.T.);
#8913=ADVANCED_FACE('',(#8003),#8530,.F.);
#8914=ADVANCED_FACE('',(#8004),#8531,.F.);
#8915=ADVANCED_FACE('',(#8005),#8532,.T.);
#8916=ADVANCED_FACE('',(#8006),#8533,.F.);
#8917=ADVANCED_FACE('',(#8007),#8534,.T.);
#8918=ADVANCED_FACE('',(#8008),#8535,.F.);
#8919=ADVANCED_FACE('',(#8009),#8536,.T.);
#8920=ADVANCED_FACE('',(#8010),#8537,.T.);
#8921=ADVANCED_FACE('',(#8011),#8538,.T.);
#8922=ADVANCED_FACE('',(#8012),#8539,.T.);
#8923=ADVANCED_FACE('',(#8013,#8014),#8540,.F.);
#8924=ADVANCED_FACE('',(#8015,#8016,#8017,#8018,#8019,#8020),#8541,.F.);
#8925=ADVANCED_FACE('',(#8021),#8542,.F.);
#8926=ADVANCED_FACE('',(#8022),#8543,.T.);
#8927=ADVANCED_FACE('',(#8023),#8544,.T.);
#8928=ADVANCED_FACE('',(#8024),#311,.T.);
#8929=ADVANCED_FACE('',(#8025),#312,.T.);
#8930=ADVANCED_FACE('',(#8026),#313,.T.);
#8931=ADVANCED_FACE('',(#8027),#314,.T.);
#8932=ADVANCED_FACE('',(#8028),#315,.T.);
#8933=ADVANCED_FACE('',(#8029),#316,.T.);
#8934=ADVANCED_FACE('',(#8030),#317,.T.);
#8935=ADVANCED_FACE('',(#8031),#318,.T.);
#8936=ADVANCED_FACE('',(#8032),#319,.T.);
#8937=ADVANCED_FACE('',(#8033),#320,.T.);
#8938=ADVANCED_FACE('',(#8034),#321,.T.);
#8939=ADVANCED_FACE('',(#8035),#322,.T.);
#8940=ADVANCED_FACE('',(#8036),#323,.T.);
#8941=ADVANCED_FACE('',(#8037),#324,.T.);
#8942=ADVANCED_FACE('',(#8038),#325,.T.);
#8943=ADVANCED_FACE('',(#8039),#326,.T.);
#8944=ADVANCED_FACE('',(#8040,#8041),#8545,.T.);
#8945=ADVANCED_FACE('',(#8042,#8043),#8546,.F.);
#8946=ADVANCED_FACE('',(#8044),#8547,.F.);
#8947=ADVANCED_FACE('',(#8045,#8046),#614,.T.);
#8948=ADVANCED_FACE('',(#8047),#8548,.T.);
#8949=ADVANCED_FACE('',(#8048,#8049,#8050,#8051,#8052,#8053),#8549,.F.);
#8950=ADVANCED_FACE('',(#8054,#8055,#8056,#8057,#8058,#8059),#8550,.T.);
#8951=ADVANCED_FACE('',(#8060),#8551,.T.);
#8952=ADVANCED_FACE('',(#8061,#8062),#8552,.F.);
#8953=ADVANCED_FACE('',(#8063,#8064),#8553,.T.);
#8954=ADVANCED_FACE('',(#8065,#8066),#8554,.T.);
#8955=ADVANCED_FACE('',(#8067,#8068),#8555,.F.);
#8956=ADVANCED_FACE('',(#8069,#8070),#615,.F.);
#8957=ADVANCED_FACE('',(#8071,#8072),#616,.F.);
#8958=ADVANCED_FACE('',(#8073,#8074),#617,.F.);
#8959=ADVANCED_FACE('',(#8075),#8556,.T.);
#8960=ADVANCED_FACE('',(#8076,#8077),#618,.F.);
#8961=ADVANCED_FACE('',(#8078),#8557,.T.);
#8962=ADVANCED_FACE('',(#8079,#8080),#619,.F.);
#8963=ADVANCED_FACE('',(#8081),#8558,.T.);
#8964=ADVANCED_FACE('',(#8082),#8559,.T.);
#8965=ADVANCED_FACE('',(#8083),#8560,.F.);
#8966=ADVANCED_FACE('',(#8084),#8561,.T.);
#8967=ADVANCED_FACE('',(#8085,#8086),#8562,.T.);
#8968=ADVANCED_FACE('',(#8087,#8088),#8563,.F.);
#8969=ADVANCED_FACE('',(#8089),#8564,.T.);
#8970=ADVANCED_FACE('',(#8090,#8091),#620,.F.);
#8971=ADVANCED_FACE('',(#8092,#8093),#621,.F.);
#8972=ADVANCED_FACE('',(#8094),#8565,.T.);
#8973=ADVANCED_FACE('',(#8095,#8096),#8566,.F.);
#8974=ADVANCED_FACE('',(#8097),#8567,.F.);
#8975=ADVANCED_FACE('',(#8098,#8099),#8568,.T.);
#8976=ADVANCED_FACE('',(#8100,#8101),#622,.F.);
#8977=ADVANCED_FACE('',(#8102),#8569,.T.);
#8978=ADVANCED_FACE('',(#8103),#8570,.F.);
#8979=ADVANCED_FACE('',(#8104),#8571,.F.);
#8980=ADVANCED_FACE('',(#8105),#8572,.T.);
#8981=ADVANCED_FACE('',(#8106),#8573,.T.);
#8982=ADVANCED_FACE('',(#8107),#8574,.T.);
#8983=ADVANCED_FACE('',(#8108),#8575,.F.);
#8984=ADVANCED_FACE('',(#8109),#8576,.F.);
#8985=ADVANCED_FACE('',(#8110),#8577,.T.);
#8986=ADVANCED_FACE('',(#8111),#8578,.T.);
#8987=ADVANCED_FACE('',(#8112),#8579,.T.);
#8988=ADVANCED_FACE('',(#8113),#8580,.F.);
#8989=ADVANCED_FACE('',(#8114,#8115),#8581,.F.);
#8990=ADVANCED_FACE('',(#8116),#8582,.T.);
#8991=ADVANCED_FACE('',(#8117),#8583,.T.);
#8992=ADVANCED_FACE('',(#8118),#8584,.F.);
#8993=ADVANCED_FACE('',(#8119),#8585,.F.);
#8994=ADVANCED_FACE('',(#8120,#8121),#623,.F.);
#8995=ADVANCED_FACE('',(#8122,#8123),#8586,.T.);
#8996=ADVANCED_FACE('',(#8124,#8125),#624,.F.);
#8997=ADVANCED_FACE('',(#8126),#8587,.T.);
#8998=ADVANCED_FACE('',(#8127,#8128),#625,.F.);
#8999=ADVANCED_FACE('',(#8129),#8588,.T.);
#9000=ADVANCED_FACE('',(#8130),#8589,.T.);
#9001=ADVANCED_FACE('',(#8131),#8590,.F.);
#9002=ADVANCED_FACE('',(#8132,#8133,#8134,#8135,#8136,#8137),#8591,.F.);
#9003=ADVANCED_FACE('',(#8138),#8592,.T.);
#9004=ADVANCED_FACE('',(#8139),#8593,.T.);
#9005=ADVANCED_FACE('',(#8140),#8594,.F.);
#9006=ADVANCED_FACE('',(#8141),#8595,.F.);
#9007=ADVANCED_FACE('',(#8142),#8596,.T.);
#9008=ADVANCED_FACE('',(#8143),#8597,.T.);
#9009=ADVANCED_FACE('',(#8144),#8598,.T.);
#9010=ADVANCED_FACE('',(#8145),#8599,.F.);
#9011=ADVANCED_FACE('',(#8146),#8600,.F.);
#9012=ADVANCED_FACE('',(#8147),#8601,.T.);
#9013=ADVANCED_FACE('',(#8148),#8602,.T.);
#9014=ADVANCED_FACE('',(#8149),#8603,.T.);
#9015=ADVANCED_FACE('',(#8150),#8604,.T.);
#9016=ADVANCED_FACE('',(#8151),#626,.F.);
#9017=ADVANCED_FACE('',(#8152,#8153),#627,.F.);
#9018=ADVANCED_FACE('',(#8154,#8155),#8605,.T.);
#9019=ADVANCED_FACE('',(#8156),#8606,.T.);
#9020=ADVANCED_FACE('',(#8157),#8607,.T.);
#9021=ADVANCED_FACE('',(#8158),#8608,.F.);
#9022=ADVANCED_FACE('',(#8159),#8609,.F.);
#9023=ADVANCED_FACE('',(#8160),#8610,.T.);
#9024=ADVANCED_FACE('',(#8161),#8611,.F.);
#9025=ADVANCED_FACE('',(#8162),#8612,.F.);
#9026=ADVANCED_FACE('',(#8163),#8613,.T.);
#9027=ADVANCED_FACE('',(#8164),#8614,.T.);
#9028=ADVANCED_FACE('',(#8165),#8615,.F.);
#9029=ADVANCED_FACE('',(#8166),#8616,.F.);
#9030=ADVANCED_FACE('',(#8167),#8617,.T.);
#9031=ADVANCED_FACE('',(#8168),#8618,.F.);
#9032=ADVANCED_FACE('',(#8169),#8619,.T.);
#9033=ADVANCED_FACE('',(#8170),#8620,.T.);
#9034=ADVANCED_FACE('',(#8171),#8621,.T.);
#9035=ADVANCED_FACE('',(#8172),#8622,.T.);
#9036=ADVANCED_FACE('',(#8173,#8174,#8175,#8176),#8623,.F.);
#9037=ADVANCED_FACE('',(#8177),#8624,.F.);
#9038=ADVANCED_FACE('',(#8178,#8179),#8625,.F.);
#9039=ADVANCED_FACE('',(#8180),#628,.F.);
#9040=ADVANCED_FACE('',(#8181),#8626,.F.);
#9041=ADVANCED_FACE('',(#8182,#8183),#629,.T.);
#9042=ADVANCED_FACE('',(#8184),#8627,.T.);
#9043=ADVANCED_FACE('',(#8185,#8186,#8187,#8188,#8189,#8190),#8628,.T.);
#9044=ADVANCED_FACE('',(#8191),#8629,.F.);
#9045=ADVANCED_FACE('',(#8192),#8630,.T.);
#9046=ADVANCED_FACE('',(#8193),#8631,.F.);
#9047=ADVANCED_FACE('',(#8194),#8632,.T.);
#9048=ADVANCED_FACE('',(#8195,#8196),#8633,.T.);
#9049=ADVANCED_FACE('',(#8197,#8198,#8199,#8200,#8201,#8202,#8203,#8204,
#8205,#8206,#8207,#8208,#8209,#8210),#8634,.F.);
#9050=ADVANCED_FACE('',(#8211,#8212),#630,.F.);
#9051=ADVANCED_FACE('',(#8213,#8214),#631,.F.);
#9052=ADVANCED_FACE('',(#8215,#8216,#8217),#632,.F.);
#9053=ADVANCED_FACE('',(#8218),#8635,.T.);
#9054=ADVANCED_FACE('',(#8219,#8220),#8636,.T.);
#9055=ADVANCED_FACE('',(#8221,#8222),#633,.F.);
#9056=ADVANCED_FACE('',(#8223),#8637,.T.);
#9057=ADVANCED_FACE('',(#8224,#8225),#634,.F.);
#9058=ADVANCED_FACE('',(#8226),#8638,.T.);
#9059=ADVANCED_FACE('',(#8227,#8228),#635,.F.);
#9060=ADVANCED_FACE('',(#8229),#8639,.T.);
#9061=ADVANCED_FACE('',(#8230),#8640,.T.);
#9062=ADVANCED_FACE('',(#8231),#8641,.F.);
#9063=ADVANCED_FACE('',(#8232),#8642,.F.);
#9064=ADVANCED_FACE('',(#8233),#8643,.F.);
#9065=ADVANCED_FACE('',(#8234),#8644,.T.);
#9066=ADVANCED_FACE('',(#8235,#8236),#636,.F.);
#9067=ADVANCED_FACE('',(#8237,#8238,#8239,#8240),#637,.F.);
#9068=ADVANCED_FACE('',(#8241),#8645,.T.);
#9069=ADVANCED_FACE('',(#8242),#8646,.F.);
#9070=ADVANCED_FACE('',(#8243),#8647,.F.);
#9071=ADVANCED_FACE('',(#8244),#8648,.T.);
#9072=ADVANCED_FACE('',(#8245),#8649,.T.);
#9073=ADVANCED_FACE('',(#8246),#8650,.T.);
#9074=ADVANCED_FACE('',(#8247),#8651,.F.);
#9075=ADVANCED_FACE('',(#8248),#8652,.F.);
#9076=ADVANCED_FACE('',(#8249),#8653,.T.);
#9077=ADVANCED_FACE('',(#8250),#8654,.T.);
#9078=ADVANCED_FACE('',(#8251),#8655,.T.);
#9079=ADVANCED_FACE('',(#8252),#8656,.F.);
#9080=ADVANCED_FACE('',(#8253,#8254),#8657,.F.);
#9081=ADVANCED_FACE('',(#8255),#8658,.T.);
#9082=ADVANCED_FACE('',(#8256),#8659,.T.);
#9083=ADVANCED_FACE('',(#8257),#8660,.F.);
#9084=ADVANCED_FACE('',(#8258),#8661,.F.);
#9085=ADVANCED_FACE('',(#8259,#8260),#638,.F.);
#9086=ADVANCED_FACE('',(#8261,#8262),#8662,.T.);
#9087=ADVANCED_FACE('',(#8263,#8264),#639,.F.);
#9088=ADVANCED_FACE('',(#8265),#8663,.T.);
#9089=ADVANCED_FACE('',(#8266,#8267),#640,.F.);
#9090=ADVANCED_FACE('',(#8268),#8664,.T.);
#9091=ADVANCED_FACE('',(#8269),#327,.T.);
#9092=ADVANCED_FACE('',(#8270),#328,.T.);
#9093=ADVANCED_FACE('',(#8271),#329,.T.);
#9094=ADVANCED_FACE('',(#8272),#641,.T.);
#9095=ADVANCED_FACE('',(#8273),#642,.T.);
#9096=ADVANCED_FACE('',(#8274),#8665,.T.);
#9097=ADVANCED_FACE('',(#8275),#330,.T.);
#9098=ADVANCED_FACE('',(#8276),#643,.F.);
#9099=ADVANCED_FACE('',(#8277),#331,.T.);
#9100=ADVANCED_FACE('',(#8278),#332,.T.);
#9101=ADVANCED_FACE('',(#8279),#333,.T.);
#9102=ADVANCED_FACE('',(#8280),#334,.T.);
#9103=ADVANCED_FACE('',(#8281),#8666,.T.);
#9104=ADVANCED_FACE('',(#8282),#8667,.T.);
#9105=ADVANCED_FACE('',(#8283),#8668,.T.);
#9106=ADVANCED_FACE('',(#8284),#335,.T.);
#9107=ADVANCED_FACE('',(#8285),#336,.T.);
#9108=ADVANCED_FACE('',(#8286),#644,.F.);
#9109=ADVANCED_FACE('',(#8287),#645,.F.);
#9110=ADVANCED_FACE('',(#8288),#8669,.T.);
#9111=ADVANCED_FACE('',(#8289),#646,.T.);
#9112=ADVANCED_FACE('',(#8290),#647,.T.);
#9113=ADVANCED_FACE('',(#8291),#337,.T.);
#9114=ADVANCED_FACE('',(#8292),#338,.T.);
#9115=ADVANCED_FACE('',(#8293),#339,.T.);
#9116=ADVANCED_FACE('',(#8294),#340,.T.);
#9117=ADVANCED_FACE('',(#8295),#8670,.T.);
#9118=ADVANCED_FACE('',(#8296),#341,.T.);
#9119=ADVANCED_FACE('',(#8297),#8671,.T.);
#9120=ADVANCED_FACE('',(#8298),#8672,.T.);
#9121=ADVANCED_FACE('',(#8299),#8673,.T.);
#9122=ADVANCED_FACE('',(#8300),#8674,.T.);
#9123=ADVANCED_FACE('',(#8301),#8675,.T.);
#9124=ADVANCED_FACE('',(#8302),#648,.T.);
#9125=ADVANCED_FACE('',(#8303),#8676,.T.);
#9126=ADVANCED_FACE('',(#8304),#8677,.T.);
#9127=ADVANCED_FACE('',(#8305),#8678,.T.);
#9128=ADVANCED_FACE('',(#8306),#8679,.T.);
#9129=ADVANCED_FACE('',(#8307),#8680,.T.);
#9130=ADVANCED_FACE('',(#8308),#8681,.T.);
#9131=ADVANCED_FACE('',(#8309),#8682,.T.);
#9132=ADVANCED_FACE('',(#8310),#8683,.T.);
#9133=ADVANCED_FACE('',(#8311),#8684,.T.);
#9134=ADVANCED_FACE('',(#8312),#8685,.T.);
#9135=ADVANCED_FACE('',(#8313),#8686,.T.);
#9136=ADVANCED_FACE('',(#8314),#649,.T.);
#9137=ADVANCED_FACE('',(#8315),#8687,.T.);
#9138=ADVANCED_FACE('',(#8316),#8688,.T.);
#9139=ADVANCED_FACE('',(#8317),#342,.T.);
#9140=ADVANCED_FACE('',(#8318),#343,.T.);
#9141=ADVANCED_FACE('',(#8319),#344,.T.);
#9142=ADVANCED_FACE('',(#8320),#345,.T.);
#9143=ADVANCED_FACE('',(#8321),#346,.T.);
#9144=ADVANCED_FACE('',(#8322),#347,.T.);
#9145=ADVANCED_FACE('',(#8323),#348,.T.);
#9146=ADVANCED_FACE('',(#8324),#349,.T.);
#9147=ADVANCED_FACE('',(#8325),#350,.T.);
#9148=ADVANCED_FACE('',(#8326),#351,.T.);
#9149=ADVANCED_FACE('',(#8327),#352,.T.);
#9150=ADVANCED_FACE('',(#8328),#353,.T.);
#9151=ADVANCED_FACE('',(#8329),#354,.T.);
#9152=ADVANCED_FACE('',(#8330),#355,.T.);
#9153=ADVANCED_FACE('',(#8331),#356,.T.);
#9154=ADVANCED_FACE('',(#8332),#357,.T.);
#9155=ADVANCED_FACE('',(#8333,#8334),#8689,.T.);
#9156=ADVANCED_FACE('',(#8335),#358,.T.);
#9157=ADVANCED_FACE('',(#8336),#359,.T.);
#9158=ADVANCED_FACE('',(#8337),#360,.T.);
#9159=ADVANCED_FACE('',(#8338),#361,.T.);
#9160=ADVANCED_FACE('',(#8339),#362,.T.);
#9161=ADVANCED_FACE('',(#8340),#363,.T.);
#9162=ADVANCED_FACE('',(#8341),#364,.T.);
#9163=ADVANCED_FACE('',(#8342),#365,.T.);
#9164=ADVANCED_FACE('',(#8343),#366,.T.);
#9165=ADVANCED_FACE('',(#8344),#367,.T.);
#9166=ADVANCED_FACE('',(#8345),#368,.T.);
#9167=ADVANCED_FACE('',(#8346),#369,.T.);
#9168=ADVANCED_FACE('',(#8347),#370,.T.);
#9169=ADVANCED_FACE('',(#8348),#371,.T.);
#9170=ADVANCED_FACE('',(#8349),#372,.T.);
#9171=ADVANCED_FACE('',(#8350),#373,.T.);
#9172=ADVANCED_FACE('',(#8351,#8352),#8690,.T.);
#9173=ADVANCED_FACE('',(#8353),#374,.T.);
#9174=ADVANCED_FACE('',(#8354),#650,.F.);
#9175=ADVANCED_FACE('',(#8355),#651,.F.);
#9176=ADVANCED_FACE('',(#8356),#652,.F.);
#9177=ADVANCED_FACE('',(#8357),#653,.F.);
#9178=ADVANCED_FACE('',(#8358),#654,.F.);
#9179=ADVANCED_FACE('',(#8359),#655,.F.);
#9180=ADVANCED_FACE('',(#8360),#375,.T.);
#9181=ADVANCED_FACE('',(#8361),#376,.T.);
#9182=ADVANCED_FACE('',(#8362),#377,.T.);
#9183=ADVANCED_FACE('',(#8363),#378,.T.);
#9184=ADVANCED_FACE('',(#8364),#379,.T.);
#9185=ADVANCED_FACE('',(#8365),#380,.T.);
#9186=ADVANCED_FACE('',(#8366),#381,.T.);
#9187=ADVANCED_FACE('',(#8367),#382,.T.);
#9188=ADVANCED_FACE('',(#8368),#383,.T.);
#9189=ADVANCED_FACE('',(#8369),#384,.T.);
#9190=ADVANCED_FACE('',(#8370),#8691,.T.);
#9191=ADVANCED_FACE('',(#8371),#385,.T.);
#9192=ADVANCED_FACE('',(#8372),#386,.T.);
#9193=ADVANCED_FACE('',(#8373),#656,.F.);
#9194=ADVANCED_FACE('',(#8374),#8692,.T.);
#9195=ADVANCED_FACE('',(#8375),#387,.T.);
#9196=ADVANCED_FACE('',(#8376),#388,.T.);
#9197=ADVANCED_FACE('',(#8377),#389,.T.);
#9198=ADVANCED_FACE('',(#8378,#8379),#8693,.T.);
#9199=ADVANCED_FACE('',(#8380),#8694,.T.);
#9200=ADVANCED_FACE('',(#8381),#8695,.T.);
#9201=ADVANCED_FACE('',(#8382),#8696,.T.);
#9202=ADVANCED_FACE('',(#8383),#8697,.T.);
#9203=ADVANCED_FACE('',(#8384),#8698,.T.);
#9204=ADVANCED_FACE('',(#8385),#8699,.T.);
#9205=ADVANCED_FACE('',(#8386),#8700,.T.);
#9206=ADVANCED_FACE('',(#8387),#8701,.T.);
#9207=ADVANCED_FACE('',(#8388),#8702,.T.);
#9208=ADVANCED_FACE('',(#8389),#8703,.T.);
#9209=ADVANCED_FACE('',(#8390),#8704,.T.);
#9210=ADVANCED_FACE('',(#8391),#8705,.T.);
#9211=ADVANCED_FACE('',(#8392),#8706,.T.);
#9212=ADVANCED_FACE('',(#8393),#8707,.T.);
#9213=ADVANCED_FACE('',(#8394),#8708,.T.);
#9214=ADVANCED_FACE('',(#8395),#8709,.T.);
#9215=ADVANCED_FACE('',(#8396),#8710,.T.);
#9216=ADVANCED_FACE('',(#8397),#8711,.T.);
#9217=ADVANCED_FACE('',(#8398),#8712,.T.);
#9218=ADVANCED_FACE('',(#8399),#8713,.T.);
#9219=ADVANCED_FACE('',(#8400),#8714,.T.);
#9220=ADVANCED_FACE('',(#8401),#8715,.T.);
#9221=ADVANCED_FACE('',(#8402),#657,.T.);
#9222=ADVANCED_FACE('',(#8403),#658,.T.);
#9223=ADVANCED_FACE('',(#8404),#8716,.T.);
#9224=ADVANCED_FACE('',(#8405),#8717,.T.);
#9225=ADVANCED_FACE('',(#8406),#8718,.T.);
#9226=ADVANCED_FACE('',(#8407),#8719,.T.);
#9227=ADVANCED_FACE('',(#8408),#8720,.T.);
#9228=ADVANCED_FACE('',(#8409),#8721,.T.);
#9229=ADVANCED_FACE('',(#8410),#8722,.F.);
#9230=ADVANCED_FACE('',(#8411),#8723,.F.);
#9231=ADVANCED_FACE('',(#8412),#8724,.F.);
#9232=ADVANCED_FACE('',(#8413),#8725,.F.);
#9233=ADVANCED_FACE('',(#8414),#8726,.T.);
#9234=ADVANCED_FACE('',(#8415),#8727,.T.);
#9235=ADVANCED_FACE('',(#8416),#8728,.T.);
#9236=ADVANCED_FACE('',(#8417),#8729,.T.);
#9237=ADVANCED_FACE('',(#8418),#8730,.T.);
#9238=ADVANCED_FACE('',(#8419),#8731,.T.);
#9239=ADVANCED_FACE('',(#8420),#8732,.T.);
#9240=ADVANCED_FACE('',(#8421),#8733,.T.);
#9241=ADVANCED_FACE('',(#8422),#8734,.F.);
#9242=ADVANCED_FACE('',(#8423),#8735,.T.);
#9243=ADVANCED_FACE('',(#8424),#8736,.F.);
#9244=ADVANCED_FACE('',(#8425),#8737,.T.);
#9245=ADVANCED_FACE('',(#8426),#8738,.F.);
#9246=ADVANCED_FACE('',(#8427),#8739,.T.);
#9247=ADVANCED_FACE('',(#8428),#8740,.T.);
#9248=ADVANCED_FACE('',(#8429),#8741,.T.);
#9249=ADVANCED_FACE('',(#8430),#8742,.T.);
#9250=ADVANCED_FACE('',(#8431),#8743,.T.);
#9251=ADVANCED_FACE('',(#8432),#8744,.T.);
#9252=ADVANCED_FACE('',(#8433),#8745,.T.);
#9253=ADVANCED_FACE('',(#8434),#8746,.T.);
#9254=ADVANCED_FACE('',(#8435),#8747,.T.);
#9255=ADVANCED_FACE('',(#8436),#8748,.T.);
#9256=ADVANCED_FACE('',(#8437),#8749,.T.);
#9257=ADVANCED_FACE('',(#8438),#8750,.T.);
#9258=ADVANCED_FACE('',(#8439),#8751,.T.);
#9259=ADVANCED_FACE('',(#8440),#8752,.T.);
#9260=ADVANCED_FACE('',(#8441),#8753,.T.);
#9261=ADVANCED_FACE('',(#8442),#8754,.F.);
#9262=CLOSED_SHELL('',(#8755,#8756,#8757,#8758,#8759,#8760,#8761,#8762));
#9263=CLOSED_SHELL('',(#8763,#8764,#8765,#8766,#8767,#8768,#8769,#8770,
#8771,#8772,#8773,#8774,#8775,#8776,#8777,#8778,#8779,#8780,#8781,#8782));
#9264=CLOSED_SHELL('',(#8783,#8784,#8785));
#9265=CLOSED_SHELL('',(#8786,#8787,#8788,#8789,#8790,#8791,#8792,#8793,
#8794,#8795,#8796,#8797,#8798,#8799,#8800,#8801,#8802,#8803,#8804,#8805,
#8806,#8807,#8808,#8809,#8810,#8811,#8812,#8813,#8814,#8815));
#9266=CLOSED_SHELL('',(#8816,#8817,#8818,#8819,#8820,#8821,#8822,#8823,
#8824,#8825,#8826,#8827,#8828,#8829,#8830,#8831,#8832,#8833));
#9267=CLOSED_SHELL('',(#8834,#8835,#8836));
#9268=CLOSED_SHELL('',(#8837,#8838,#8839,#8840,#8841,#8842,#8843,#8844));
#9269=CLOSED_SHELL('',(#8845,#8846,#8847,#8848,#8849,#8850));
#9270=CLOSED_SHELL('',(#8851,#8852,#8853,#8854,#8855,#8856,#8857,#8858,
#8859,#8860,#8861,#8862,#8863,#8864,#8865,#8866,#8867,#8868,#8869,#8870,
#8871,#8872,#8873,#8874,#8875,#8876,#8877));
#9271=CLOSED_SHELL('',(#8878,#8879,#8880,#8881,#8882,#8883,#8884,#8885,
#8886,#8887,#8888));
#9272=CLOSED_SHELL('',(#8889,#8890,#8891,#8892,#8893,#8894,#8895,#8896,
#8897,#8898,#8899,#8900,#8901,#8902,#8903,#8904,#8905,#8906,#8907,#8908,
#8909,#8910,#8911,#8912,#8913,#8914,#8915,#8916,#8917,#8918,#8919,#8920,
#8921,#8922,#8923,#8924,#8925,#8926,#8927));
#9273=CLOSED_SHELL('',(#8928,#8929,#8930,#8931,#8932,#8933,#8934,#8935,
#8936,#8937,#8938,#8939,#8940,#8941,#8942,#8943,#8944,#8945));
#9274=CLOSED_SHELL('',(#8946,#8947,#8948));
#9275=CLOSED_SHELL('',(#8949,#8950,#8951,#8952,#8953,#8954,#8955,#8956,
#8957,#8958,#8959,#8960,#8961,#8962,#8963,#8964,#8965,#8966,#8967,#8968,
#8969,#8970,#8971,#8972,#8973,#8974,#8975,#8976,#8977,#8978,#8979,#8980,
#8981,#8982,#8983,#8984,#8985,#8986,#8987,#8988,#8989,#8990,#8991,#8992,
#8993,#8994,#8995,#8996,#8997,#8998,#8999,#9000,#9001));
#9276=CLOSED_SHELL('',(#9002,#9003,#9004,#9005,#9006,#9007,#9008,#9009,
#9010,#9011,#9012,#9013,#9014,#9015,#9016,#9017,#9018,#9019,#9020,#9021,
#9022,#9023,#9024,#9025,#9026,#9027,#9028,#9029,#9030,#9031,#9032,#9033,
#9034,#9035,#9036,#9037,#9038,#9039));
#9277=CLOSED_SHELL('',(#9040,#9041,#9042));
#9278=CLOSED_SHELL('',(#9043,#9044,#9045,#9046,#9047,#9048,#9049,#9050,
#9051,#9052,#9053,#9054,#9055,#9056,#9057,#9058,#9059,#9060,#9061,#9062,
#9063,#9064,#9065,#9066,#9067,#9068,#9069,#9070,#9071,#9072,#9073,#9074,
#9075,#9076,#9077,#9078,#9079,#9080,#9081,#9082,#9083,#9084,#9085,#9086,
#9087,#9088,#9089,#9090,#9091,#9092,#9093,#9094,#9095,#9096,#9097,#9098,
#9099,#9100,#9101,#9102,#9103,#9104,#9105,#9106,#9107,#9108,#9109,#9110,
#9111,#9112,#9113,#9114,#9115,#9116,#9117,#9118,#9119,#9120,#9121,#9122,
#9123,#9124,#9125,#9126,#9127,#9128,#9129,#9130,#9131,#9132,#9133,#9134,
#9135,#9136,#9137,#9138,#9139,#9140,#9141,#9142,#9143,#9144,#9145,#9146,
#9147,#9148,#9149,#9150,#9151,#9152,#9153,#9154,#9155,#9156,#9157,#9158,
#9159,#9160,#9161,#9162,#9163,#9164,#9165,#9166,#9167,#9168,#9169,#9170,
#9171,#9172,#9173,#9174,#9175,#9176,#9177,#9178,#9179,#9180,#9181,#9182,
#9183,#9184,#9185,#9186,#9187,#9188,#9189,#9190,#9191,#9192,#9193,#9194,
#9195,#9196,#9197,#9198,#9199,#9200,#9201,#9202,#9203,#9204,#9205,#9206,
#9207,#9208,#9209,#9210,#9211,#9212,#9213,#9214,#9215,#9216,#9217,#9218,
#9219,#9220,#9221,#9222,#9223,#9224,#9225,#9226,#9227,#9228,#9229,#9230,
#9231,#9232,#9233));
#9279=CLOSED_SHELL('',(#9234,#9235,#9236,#9237,#9238,#9239,#9240,#9241));
#9280=CLOSED_SHELL('',(#9242,#9243,#9244,#9245,#9246,#9247));
#9281=CLOSED_SHELL('',(#9248,#9249,#9250,#9251,#9252,#9253,#9254,#9255,
#9256,#9257,#9258,#9259,#9260,#9261));
#9282=STYLED_ITEM('',(#9302),#9430);
#9283=STYLED_ITEM('',(#9303),#9431);
#9284=STYLED_ITEM('',(#9304),#9432);
#9285=STYLED_ITEM('',(#9305),#9433);
#9286=STYLED_ITEM('',(#9306),#9434);
#9287=STYLED_ITEM('',(#9307),#9435);
#9288=STYLED_ITEM('',(#9308),#9436);
#9289=STYLED_ITEM('',(#9309),#9437);
#9290=STYLED_ITEM('',(#9310),#9438);
#9291=STYLED_ITEM('',(#9311),#9439);
#9292=STYLED_ITEM('',(#9312),#9440);
#9293=STYLED_ITEM('',(#9313),#9441);
#9294=STYLED_ITEM('',(#9314),#9442);
#9295=STYLED_ITEM('',(#9315),#9443);
#9296=STYLED_ITEM('',(#9316),#9444);
#9297=STYLED_ITEM('',(#9317),#9445);
#9298=STYLED_ITEM('',(#9318),#9446);
#9299=STYLED_ITEM('',(#9319),#9447);
#9300=STYLED_ITEM('',(#9320),#9448);
#9301=STYLED_ITEM('',(#9321),#9449);
#9302=PRESENTATION_STYLE_ASSIGNMENT((#9322));
#9303=PRESENTATION_STYLE_ASSIGNMENT((#9323));
#9304=PRESENTATION_STYLE_ASSIGNMENT((#9324));
#9305=PRESENTATION_STYLE_ASSIGNMENT((#9325));
#9306=PRESENTATION_STYLE_ASSIGNMENT((#9326));
#9307=PRESENTATION_STYLE_ASSIGNMENT((#9327));
#9308=PRESENTATION_STYLE_ASSIGNMENT((#9328));
#9309=PRESENTATION_STYLE_ASSIGNMENT((#9329));
#9310=PRESENTATION_STYLE_ASSIGNMENT((#9330));
#9311=PRESENTATION_STYLE_ASSIGNMENT((#9331));
#9312=PRESENTATION_STYLE_ASSIGNMENT((#9332));
#9313=PRESENTATION_STYLE_ASSIGNMENT((#9333));
#9314=PRESENTATION_STYLE_ASSIGNMENT((#9334));
#9315=PRESENTATION_STYLE_ASSIGNMENT((#9335));
#9316=PRESENTATION_STYLE_ASSIGNMENT((#9336));
#9317=PRESENTATION_STYLE_ASSIGNMENT((#9337));
#9318=PRESENTATION_STYLE_ASSIGNMENT((#9338));
#9319=PRESENTATION_STYLE_ASSIGNMENT((#9339));
#9320=PRESENTATION_STYLE_ASSIGNMENT((#9340));
#9321=PRESENTATION_STYLE_ASSIGNMENT((#9341));
#9322=SURFACE_STYLE_USAGE(.BOTH.,#9342);
#9323=SURFACE_STYLE_USAGE(.BOTH.,#9343);
#9324=SURFACE_STYLE_USAGE(.BOTH.,#9344);
#9325=SURFACE_STYLE_USAGE(.BOTH.,#9345);
#9326=SURFACE_STYLE_USAGE(.BOTH.,#9346);
#9327=SURFACE_STYLE_USAGE(.BOTH.,#9347);
#9328=SURFACE_STYLE_USAGE(.BOTH.,#9348);
#9329=SURFACE_STYLE_USAGE(.BOTH.,#9349);
#9330=SURFACE_STYLE_USAGE(.BOTH.,#9350);
#9331=SURFACE_STYLE_USAGE(.BOTH.,#9351);
#9332=SURFACE_STYLE_USAGE(.BOTH.,#9352);
#9333=SURFACE_STYLE_USAGE(.BOTH.,#9353);
#9334=SURFACE_STYLE_USAGE(.BOTH.,#9354);
#9335=SURFACE_STYLE_USAGE(.BOTH.,#9355);
#9336=SURFACE_STYLE_USAGE(.BOTH.,#9356);
#9337=SURFACE_STYLE_USAGE(.BOTH.,#9357);
#9338=SURFACE_STYLE_USAGE(.BOTH.,#9358);
#9339=SURFACE_STYLE_USAGE(.BOTH.,#9359);
#9340=SURFACE_STYLE_USAGE(.BOTH.,#9360);
#9341=SURFACE_STYLE_USAGE(.BOTH.,#9361);
#9342=SURFACE_SIDE_STYLE('',(#9362));
#9343=SURFACE_SIDE_STYLE('',(#9363));
#9344=SURFACE_SIDE_STYLE('',(#9364));
#9345=SURFACE_SIDE_STYLE('',(#9365));
#9346=SURFACE_SIDE_STYLE('',(#9366));
#9347=SURFACE_SIDE_STYLE('',(#9367));
#9348=SURFACE_SIDE_STYLE('',(#9368));
#9349=SURFACE_SIDE_STYLE('',(#9369));
#9350=SURFACE_SIDE_STYLE('',(#9370));
#9351=SURFACE_SIDE_STYLE('',(#9371));
#9352=SURFACE_SIDE_STYLE('',(#9372));
#9353=SURFACE_SIDE_STYLE('',(#9373));
#9354=SURFACE_SIDE_STYLE('',(#9374));
#9355=SURFACE_SIDE_STYLE('',(#9375));
#9356=SURFACE_SIDE_STYLE('',(#9376));
#9357=SURFACE_SIDE_STYLE('',(#9377));
#9358=SURFACE_SIDE_STYLE('',(#9378));
#9359=SURFACE_SIDE_STYLE('',(#9379));
#9360=SURFACE_SIDE_STYLE('',(#9380));
#9361=SURFACE_SIDE_STYLE('',(#9381));
#9362=SURFACE_STYLE_FILL_AREA(#9382);
#9363=SURFACE_STYLE_FILL_AREA(#9383);
#9364=SURFACE_STYLE_FILL_AREA(#9384);
#9365=SURFACE_STYLE_FILL_AREA(#9385);
#9366=SURFACE_STYLE_FILL_AREA(#9386);
#9367=SURFACE_STYLE_FILL_AREA(#9387);
#9368=SURFACE_STYLE_FILL_AREA(#9388);
#9369=SURFACE_STYLE_FILL_AREA(#9389);
#9370=SURFACE_STYLE_FILL_AREA(#9390);
#9371=SURFACE_STYLE_FILL_AREA(#9391);
#9372=SURFACE_STYLE_FILL_AREA(#9392);
#9373=SURFACE_STYLE_FILL_AREA(#9393);
#9374=SURFACE_STYLE_FILL_AREA(#9394);
#9375=SURFACE_STYLE_FILL_AREA(#9395);
#9376=SURFACE_STYLE_FILL_AREA(#9396);
#9377=SURFACE_STYLE_FILL_AREA(#9397);
#9378=SURFACE_STYLE_FILL_AREA(#9398);
#9379=SURFACE_STYLE_FILL_AREA(#9399);
#9380=SURFACE_STYLE_FILL_AREA(#9400);
#9381=SURFACE_STYLE_FILL_AREA(#9401);
#9382=FILL_AREA_STYLE('',(#9402));
#9383=FILL_AREA_STYLE('',(#9403));
#9384=FILL_AREA_STYLE('',(#9404));
#9385=FILL_AREA_STYLE('',(#9405));
#9386=FILL_AREA_STYLE('',(#9406));
#9387=FILL_AREA_STYLE('',(#9407));
#9388=FILL_AREA_STYLE('',(#9408));
#9389=FILL_AREA_STYLE('',(#9409));
#9390=FILL_AREA_STYLE('',(#9410));
#9391=FILL_AREA_STYLE('',(#9411));
#9392=FILL_AREA_STYLE('',(#9412));
#9393=FILL_AREA_STYLE('',(#9413));
#9394=FILL_AREA_STYLE('',(#9414));
#9395=FILL_AREA_STYLE('',(#9415));
#9396=FILL_AREA_STYLE('',(#9416));
#9397=FILL_AREA_STYLE('',(#9417));
#9398=FILL_AREA_STYLE('',(#9418));
#9399=FILL_AREA_STYLE('',(#9419));
#9400=FILL_AREA_STYLE('',(#9420));
#9401=FILL_AREA_STYLE('',(#9421));
#9402=FILL_AREA_STYLE_COLOUR('',#9422);
#9403=FILL_AREA_STYLE_COLOUR('',#9423);
#9404=FILL_AREA_STYLE_COLOUR('',#9424);
#9405=FILL_AREA_STYLE_COLOUR('',#9422);
#9406=FILL_AREA_STYLE_COLOUR('',#9425);
#9407=FILL_AREA_STYLE_COLOUR('',#9425);
#9408=FILL_AREA_STYLE_COLOUR('',#9424);
#9409=FILL_AREA_STYLE_COLOUR('',#9425);
#9410=FILL_AREA_STYLE_COLOUR('',#9426);
#9411=FILL_AREA_STYLE_COLOUR('',#9427);
#9412=FILL_AREA_STYLE_COLOUR('',#9425);
#9413=FILL_AREA_STYLE_COLOUR('',#9424);
#9414=FILL_AREA_STYLE_COLOUR('',#9422);
#9415=FILL_AREA_STYLE_COLOUR('',#9425);
#9416=FILL_AREA_STYLE_COLOUR('',#9425);
#9417=FILL_AREA_STYLE_COLOUR('',#9426);
#9418=FILL_AREA_STYLE_COLOUR('',#9425);
#9419=FILL_AREA_STYLE_COLOUR('',#9428);
#9420=FILL_AREA_STYLE_COLOUR('',#9426);
#9421=FILL_AREA_STYLE_COLOUR('',#9429);
#9422=COLOUR_RGB('',0.647058823529412,0.647058823529412,0.647058823529412);
#9423=COLOUR_RGB('',0.972549019607843,0.529411764705882,0.00392156862745098);
#9424=COLOUR_RGB('',0.231372549019608,0.380392156862745,0.705882352941177);
#9425=COLOUR_RGB('',0.615686274509804,0.811764705882353,0.929411764705882);
#9426=COLOUR_RGB('',0.980392156862745,0.713725490196078,0.00392156862745098);
#9427=COLOUR_RGB('',0.917647058823529,0.917647058823529,0.917647058823529);
#9428=COLOUR_RGB('',0.498039215686275,0.498039215686275,0.498039215686275);
#9429=COLOUR_RGB('',0.768627450980392,0.886274509803922,0.952941176470588);
#9430=MANIFOLD_SOLID_BREP('Part 5',#9262);
#9431=MANIFOLD_SOLID_BREP('Part 9',#9263);
#9432=MANIFOLD_SOLID_BREP('Part 6',#9264);
#9433=MANIFOLD_SOLID_BREP('Part 13',#9265);
#9434=MANIFOLD_SOLID_BREP('Part 12',#9266);
#9435=MANIFOLD_SOLID_BREP('Part 4',#9267);
#9436=MANIFOLD_SOLID_BREP('Part 6',#9268);
#9437=MANIFOLD_SOLID_BREP('Part 4',#9269);
#9438=MANIFOLD_SOLID_BREP('Part 11',#9270);
#9439=MANIFOLD_SOLID_BREP('Part 7',#9271);
#9440=MANIFOLD_SOLID_BREP('Part 1',#9272);
#9441=MANIFOLD_SOLID_BREP('Part 14',#9273);
#9442=MANIFOLD_SOLID_BREP('Part 5',#9274);
#9443=MANIFOLD_SOLID_BREP('Part 1',#9275);
#9444=MANIFOLD_SOLID_BREP('Part 1',#9276);
#9445=MANIFOLD_SOLID_BREP('Part 3',#9277);
#9446=MANIFOLD_SOLID_BREP('Part 1',#9278);
#9447=MANIFOLD_SOLID_BREP('Part 10',#9279);
#9448=MANIFOLD_SOLID_BREP('Part 3',#9280);
#9449=MANIFOLD_SOLID_BREP('Part 8',#9281);
#9450=SHAPE_DEFINITION_REPRESENTATION(#16186,#9471);
#9451=SHAPE_DEFINITION_REPRESENTATION(#16187,#9472);
#9452=SHAPE_DEFINITION_REPRESENTATION(#16189,#9473);
#9453=SHAPE_DEFINITION_REPRESENTATION(#16191,#9474);
#9454=SHAPE_DEFINITION_REPRESENTATION(#16193,#9475);
#9455=SHAPE_DEFINITION_REPRESENTATION(#16195,#9476);
#9456=SHAPE_DEFINITION_REPRESENTATION(#16199,#9477);
#9457=SHAPE_DEFINITION_REPRESENTATION(#16201,#9478);
#9458=SHAPE_DEFINITION_REPRESENTATION(#16203,#9479);
#9459=SHAPE_DEFINITION_REPRESENTATION(#16205,#9480);
#9460=SHAPE_DEFINITION_REPRESENTATION(#16207,#9481);
#9461=SHAPE_DEFINITION_REPRESENTATION(#16209,#9482);
#9462=SHAPE_DEFINITION_REPRESENTATION(#16211,#9483);
#9463=SHAPE_DEFINITION_REPRESENTATION(#16217,#9484);
#9464=SHAPE_DEFINITION_REPRESENTATION(#16221,#9485);
#9465=SHAPE_DEFINITION_REPRESENTATION(#16225,#9486);
#9466=SHAPE_DEFINITION_REPRESENTATION(#16227,#9487);
#9467=SHAPE_DEFINITION_REPRESENTATION(#16229,#9488);
#9468=SHAPE_DEFINITION_REPRESENTATION(#16232,#9489);
#9469=SHAPE_DEFINITION_REPRESENTATION(#16238,#9490);
#9470=SHAPE_DEFINITION_REPRESENTATION(#16243,#9491);
#9471=SHAPE_REPRESENTATION('right half',(#9492,#9503,#9528,#9534,#9564,
#9567,#9568,#9569,#9575,#9586,#9593,#9619,#9635,#9679,#9682,#9683,#9684,
#9685,#9686,#9692,#9693,#9694,#9772,#9773,#9774,#9819,#9825,#10012,#10013,
#10022,#10023,#10024,#10025,#10026,#10033,#10034,#10035,#10036,#10051,#10052,
#10053),#16141);
#9472=SHAPE_REPRESENTATION('Part 5',(#9492),#16142);
#9473=SHAPE_REPRESENTATION('Part 9',(#9492),#16143);
#9474=SHAPE_REPRESENTATION('Part 6',(#9492),#16144);
#9475=SHAPE_REPRESENTATION('Part 13',(#9492),#16145);
#9476=SHAPE_REPRESENTATION('Part 12',(#9492),#16146);
#9477=SHAPE_REPRESENTATION('Part 4',(#9492),#16147);
#9478=SHAPE_REPRESENTATION('Part 6',(#9492),#16148);
#9479=SHAPE_REPRESENTATION('Part 4',(#9492),#16149);
#9480=SHAPE_REPRESENTATION('Part 11',(#9492),#16150);
#9481=SHAPE_REPRESENTATION('Part 7',(#9492),#16151);
#9482=SHAPE_REPRESENTATION('Part 1',(#9492),#16152);
#9483=SHAPE_REPRESENTATION('Part 14',(#9492),#16153);
#9484=SHAPE_REPRESENTATION('Part 5',(#9492),#16154);
#9485=SHAPE_REPRESENTATION('Part 1',(#9492),#16155);
#9486=SHAPE_REPRESENTATION('Part 1',(#9492),#16156);
#9487=SHAPE_REPRESENTATION('Part 3',(#9492),#16157);
#9488=SHAPE_REPRESENTATION('Part 1',(#9492),#16158);
#9489=SHAPE_REPRESENTATION('Part 10',(#9492),#16159);
#9490=SHAPE_REPRESENTATION('Part 3',(#9492),#16160);
#9491=SHAPE_REPRESENTATION('Part 8',(#9492),#16161);
#9492=AXIS2_PLACEMENT_3D('',#12054,#10054,#10055);
#9493=AXIS2_PLACEMENT_3D('',#12055,#10056,#10057);
#9494=AXIS2_PLACEMENT_3D('',#12064,#10062,#10063);
#9495=AXIS2_PLACEMENT_3D('',#12065,#10064,#10065);
#9496=AXIS2_PLACEMENT_3D('',#12074,#10070,#10071);
#9497=AXIS2_PLACEMENT_3D('',#12085,#10078,#10079);
#9498=AXIS2_PLACEMENT_3D('',#12088,#10082,#10083);
#9499=AXIS2_PLACEMENT_3D('',#12089,#10084,#10085);
#9500=AXIS2_PLACEMENT_3D('',#12090,#10086,#10087);
#9501=AXIS2_PLACEMENT_3D('',#12091,#10088,#10089);
#9502=AXIS2_PLACEMENT_3D('',#12092,#10090,#10091);
#9503=AXIS2_PLACEMENT_3D('',#12093,#10092,#10093);
#9504=AXIS2_PLACEMENT_3D('',#12094,#10094,#10095);
#9505=AXIS2_PLACEMENT_3D('',#12103,#10100,#10101);
#9506=AXIS2_PLACEMENT_3D('',#12109,#10105,#10106);
#9507=AXIS2_PLACEMENT_3D('',#12115,#10110,#10111);
#9508=AXIS2_PLACEMENT_3D('',#12121,#10115,#10116);
#9509=AXIS2_PLACEMENT_3D('',#12122,#10117,#10118);
#9510=AXIS2_PLACEMENT_3D('',#12126,#10120,#10121);
#9511=AXIS2_PLACEMENT_3D('',#12127,#10122,#10123);
#9512=AXIS2_PLACEMENT_3D('',#12133,#10127,#10128);
#9513=AXIS2_PLACEMENT_3D('',#12139,#10132,#10133);
#9514=AXIS2_PLACEMENT_3D('',#12145,#10137,#10138);
#9515=AXIS2_PLACEMENT_3D('',#12151,#10142,#10143);
#9516=AXIS2_PLACEMENT_3D('',#12157,#10147,#10148);
#9517=AXIS2_PLACEMENT_3D('',#12163,#10152,#10153);
#9518=AXIS2_PLACEMENT_3D('',#12169,#10157,#10158);
#9519=AXIS2_PLACEMENT_3D('',#12175,#10162,#10163);
#9520=AXIS2_PLACEMENT_3D('',#12181,#10167,#10168);
#9521=AXIS2_PLACEMENT_3D('',#12187,#10172,#10173);
#9522=AXIS2_PLACEMENT_3D('',#12193,#10177,#10178);
#9523=AXIS2_PLACEMENT_3D('',#12194,#10179,#10180);
#9524=AXIS2_PLACEMENT_3D('',#12198,#10182,#10183);
#9525=AXIS2_PLACEMENT_3D('',#12199,#10184,#10185);
#9526=AXIS2_PLACEMENT_3D('',#12202,#10188,#10189);
#9527=AXIS2_PLACEMENT_3D('',#12203,#10190,#10191);
#9528=AXIS2_PLACEMENT_3D('',#12204,#10192,#10193);
#9529=AXIS2_PLACEMENT_3D('',#12205,#10194,#10195);
#9530=AXIS2_PLACEMENT_3D('',#12206,#10196,#10197);
#9531=AXIS2_PLACEMENT_3D('',#12208,#10198,#10199);
#9532=AXIS2_PLACEMENT_3D('',#12209,#10200,#10201);
#9533=AXIS2_PLACEMENT_3D('',#12211,#10202,#10203);
#9534=AXIS2_PLACEMENT_3D('',#12212,#10204,#10205);
#9535=AXIS2_PLACEMENT_3D('',#12267,#10210,#10211);
#9536=AXIS2_PLACEMENT_3D('',#12268,#10212,#10213);
#9537=AXIS2_PLACEMENT_3D('',#12272,#10215,#10216);
#9538=AXIS2_PLACEMENT_3D('',#12273,#10217,#10218);
#9539=AXIS2_PLACEMENT_3D('',#12274,#10219,#10220);
#9540=AXIS2_PLACEMENT_3D('',#12278,#10222,#10223);
#9541=AXIS2_PLACEMENT_3D('',#12279,#10224,#10225);
#9542=AXIS2_PLACEMENT_3D('',#12302,#10230,#10231);
#9543=AXIS2_PLACEMENT_3D('',#12303,#10232,#10233);
#9544=AXIS2_PLACEMENT_3D('',#12307,#10235,#10236);
#9545=AXIS2_PLACEMENT_3D('',#12376,#10241,#10242);
#9546=AXIS2_PLACEMENT_3D('',#12382,#10246,#10247);
#9547=AXIS2_PLACEMENT_3D('',#12388,#10251,#10252);
#9548=AXIS2_PLACEMENT_3D('',#12428,#10258,#10259);
#9549=AXIS2_PLACEMENT_3D('',#12429,#10260,#10261);
#9550=AXIS2_PLACEMENT_3D('',#12433,#10263,#10264);
#9551=AXIS2_PLACEMENT_3D('',#12434,#10265,#10266);
#9552=AXIS2_PLACEMENT_3D('',#12435,#10267,#10268);
#9553=AXIS2_PLACEMENT_3D('',#12439,#10270,#10271);
#9554=AXIS2_PLACEMENT_3D('',#12440,#10272,#10273);
#9555=AXIS2_PLACEMENT_3D('',#12446,#10277,#10278);
#9556=AXIS2_PLACEMENT_3D('',#12447,#10279,#10280);
#9557=AXIS2_PLACEMENT_3D('',#12451,#10282,#10283);
#9558=AXIS2_PLACEMENT_3D('',#12452,#10284,#10285);
#9559=AXIS2_PLACEMENT_3D('',#12453,#10286,#10287);
#9560=AXIS2_PLACEMENT_3D('',#12457,#10289,#10290);
#9561=AXIS2_PLACEMENT_3D('',#12526,#10295,#10296);
#9562=AXIS2_PLACEMENT_3D('',#12546,#10300,#10301);
#9563=AXIS2_PLACEMENT_3D('',#12547,#10302,#10303);
#9564=AXIS2_PLACEMENT_3D('',#12548,#10304,#10305);
#9565=AXIS2_PLACEMENT_3D('',#12821,#10322,#10323);
#9566=AXIS2_PLACEMENT_3D('',#12822,#10324,#10325);
#9567=AXIS2_PLACEMENT_3D('',#12823,#10326,#10327);
#9568=AXIS2_PLACEMENT_3D('',#12824,#10328,#10329);
#9569=AXIS2_PLACEMENT_3D('',#12825,#10330,#10331);
#9570=AXIS2_PLACEMENT_3D('',#12826,#10332,#10333);
#9571=AXIS2_PLACEMENT_3D('',#12827,#10334,#10335);
#9572=AXIS2_PLACEMENT_3D('',#12829,#10336,#10337);
#9573=AXIS2_PLACEMENT_3D('',#12830,#10338,#10339);
#9574=AXIS2_PLACEMENT_3D('',#12832,#10340,#10341);
#9575=AXIS2_PLACEMENT_3D('',#12833,#10342,#10343);
#9576=AXIS2_PLACEMENT_3D('',#12834,#10344,#10345);
#9577=AXIS2_PLACEMENT_3D('',#12843,#10350,#10351);
#9578=AXIS2_PLACEMENT_3D('',#12847,#10353,#10354);
#9579=AXIS2_PLACEMENT_3D('',#12853,#10358,#10359);
#9580=AXIS2_PLACEMENT_3D('',#12859,#10363,#10364);
#9581=AXIS2_PLACEMENT_3D('',#12866,#10369,#10370);
#9582=AXIS2_PLACEMENT_3D('',#12868,#10372,#10373);
#9583=AXIS2_PLACEMENT_3D('',#12869,#10374,#10375);
#9584=AXIS2_PLACEMENT_3D('',#12870,#10376,#10377);
#9585=AXIS2_PLACEMENT_3D('',#12871,#10378,#10379);
#9586=AXIS2_PLACEMENT_3D('',#12872,#10380,#10381);
#9587=AXIS2_PLACEMENT_3D('',#12873,#10382,#10383);
#9588=AXIS2_PLACEMENT_3D('',#12882,#10388,#10389);
#9589=AXIS2_PLACEMENT_3D('',#12888,#10393,#10394);
#9590=AXIS2_PLACEMENT_3D('',#12894,#10398,#10399);
#9591=AXIS2_PLACEMENT_3D('',#12897,#10402,#10403);
#9592=AXIS2_PLACEMENT_3D('',#12898,#10404,#10405);
#9593=AXIS2_PLACEMENT_3D('',#12899,#10406,#10407);
#9594=AXIS2_PLACEMENT_3D('',#12920,#10410,#10411);
#9595=AXIS2_PLACEMENT_3D('',#12921,#10412,#10413);
#9596=AXIS2_PLACEMENT_3D('',#12925,#10415,#10416);
#9597=AXIS2_PLACEMENT_3D('',#12926,#10417,#10418);
#9598=AXIS2_PLACEMENT_3D('',#12927,#10419,#10420);
#9599=AXIS2_PLACEMENT_3D('',#12931,#10422,#10423);
#9600=AXIS2_PLACEMENT_3D('',#12932,#10424,#10425);
#9601=AXIS2_PLACEMENT_3D('',#12933,#10426,#10427);
#9602=AXIS2_PLACEMENT_3D('',#12937,#10429,#10430);
#9603=AXIS2_PLACEMENT_3D('',#12938,#10431,#10432);
#9604=AXIS2_PLACEMENT_3D('',#12939,#10433,#10434);
#9605=AXIS2_PLACEMENT_3D('',#12943,#10436,#10437);
#9606=AXIS2_PLACEMENT_3D('',#12944,#10438,#10439);
#9607=AXIS2_PLACEMENT_3D('',#12945,#10440,#10441);
#9608=AXIS2_PLACEMENT_3D('',#12949,#10443,#10444);
#9609=AXIS2_PLACEMENT_3D('',#12950,#10445,#10446);
#9610=AXIS2_PLACEMENT_3D('',#12951,#10447,#10448);
#9611=AXIS2_PLACEMENT_3D('',#12955,#10450,#10451);
#9612=AXIS2_PLACEMENT_3D('',#13129,#10463,#10464);
#9613=AXIS2_PLACEMENT_3D('',#13169,#10470,#10471);
#9614=AXIS2_PLACEMENT_3D('',#13170,#10472,#10473);
#9615=AXIS2_PLACEMENT_3D('',#13174,#10475,#10476);
#9616=AXIS2_PLACEMENT_3D('',#13175,#10477,#10478);
#9617=AXIS2_PLACEMENT_3D('',#13226,#10483,#10484);
#9618=AXIS2_PLACEMENT_3D('',#13227,#10485,#10486);
#9619=AXIS2_PLACEMENT_3D('',#13228,#10487,#10488);
#9620=AXIS2_PLACEMENT_3D('',#13229,#10489,#10490);
#9621=AXIS2_PLACEMENT_3D('',#13238,#10495,#10496);
#9622=AXIS2_PLACEMENT_3D('',#13244,#10500,#10501);
#9623=AXIS2_PLACEMENT_3D('',#13245,#10502,#10503);
#9624=AXIS2_PLACEMENT_3D('',#13249,#10505,#10506);
#9625=AXIS2_PLACEMENT_3D('',#13250,#10507,#10508);
#9626=AXIS2_PLACEMENT_3D('',#13251,#10509,#10510);
#9627=AXIS2_PLACEMENT_3D('',#13255,#10512,#10513);
#9628=AXIS2_PLACEMENT_3D('',#13256,#10514,#10515);
#9629=AXIS2_PLACEMENT_3D('',#13262,#10519,#10520);
#9630=AXIS2_PLACEMENT_3D('',#13268,#10524,#10525);
#9631=AXIS2_PLACEMENT_3D('',#13274,#10529,#10530);
#9632=AXIS2_PLACEMENT_3D('',#13280,#10534,#10535);
#9633=AXIS2_PLACEMENT_3D('',#13283,#10538,#10539);
#9634=AXIS2_PLACEMENT_3D('',#13284,#10540,#10541);
#9635=AXIS2_PLACEMENT_3D('',#13285,#10542,#10543);
#9636=AXIS2_PLACEMENT_3D('',#13286,#10544,#10545);
#9637=AXIS2_PLACEMENT_3D('',#13295,#10550,#10551);
#9638=AXIS2_PLACEMENT_3D('',#13303,#10556,#10557);
#9639=AXIS2_PLACEMENT_3D('',#13312,#10562,#10563);
#9640=AXIS2_PLACEMENT_3D('',#13321,#10568,#10569);
#9641=AXIS2_PLACEMENT_3D('',#13322,#10570,#10571);
#9642=AXIS2_PLACEMENT_3D('',#13324,#10572,#10573);
#9643=AXIS2_PLACEMENT_3D('',#13338,#10581,#10582);
#9644=AXIS2_PLACEMENT_3D('',#13347,#10587,#10588);
#9645=AXIS2_PLACEMENT_3D('',#13353,#10592,#10593);
#9646=AXIS2_PLACEMENT_3D('',#13357,#10596,#10597);
#9647=AXIS2_PLACEMENT_3D('',#13361,#10600,#10601);
#9648=AXIS2_PLACEMENT_3D('',#13363,#10603,#10604);
#9649=AXIS2_PLACEMENT_3D('',#13372,#10609,#10610);
#9650=AXIS2_PLACEMENT_3D('',#13378,#10614,#10615);
#9651=AXIS2_PLACEMENT_3D('',#13382,#10618,#10619);
#9652=AXIS2_PLACEMENT_3D('',#13386,#10622,#10623);
#9653=AXIS2_PLACEMENT_3D('',#13388,#10625,#10626);
#9654=AXIS2_PLACEMENT_3D('',#13396,#10631,#10632);
#9655=AXIS2_PLACEMENT_3D('',#13397,#10633,#10634);
#9656=AXIS2_PLACEMENT_3D('',#13399,#10635,#10636);
#9657=AXIS2_PLACEMENT_3D('',#13400,#10637,#10638);
#9658=AXIS2_PLACEMENT_3D('',#13402,#10639,#10640);
#9659=AXIS2_PLACEMENT_3D('',#13419,#10649,#10650);
#9660=AXIS2_PLACEMENT_3D('',#13425,#10654,#10655);
#9661=AXIS2_PLACEMENT_3D('',#13431,#10659,#10660);
#9662=AXIS2_PLACEMENT_3D('',#13435,#10663,#10664);
#9663=AXIS2_PLACEMENT_3D('',#13439,#10667,#10668);
#9664=AXIS2_PLACEMENT_3D('',#13441,#10670,#10671);
#9665=AXIS2_PLACEMENT_3D('',#13445,#10674,#10675);
#9666=AXIS2_PLACEMENT_3D('',#13449,#10678,#10679);
#9667=AXIS2_PLACEMENT_3D('',#13451,#10681,#10682);
#9668=AXIS2_PLACEMENT_3D('',#13453,#10684,#10685);
#9669=AXIS2_PLACEMENT_3D('',#13455,#10687,#10688);
#9670=AXIS2_PLACEMENT_3D('',#13461,#10692,#10693);
#9671=AXIS2_PLACEMENT_3D('',#13465,#10696,#10697);
#9672=AXIS2_PLACEMENT_3D('',#13469,#10700,#10701);
#9673=AXIS2_PLACEMENT_3D('',#13473,#10704,#10705);
#9674=AXIS2_PLACEMENT_3D('',#13475,#10707,#10708);
#9675=AXIS2_PLACEMENT_3D('',#13476,#10709,#10710);
#9676=AXIS2_PLACEMENT_3D('',#13480,#10714,#10715);
#9677=AXIS2_PLACEMENT_3D('',#13482,#10717,#10718);
#9678=AXIS2_PLACEMENT_3D('',#13483,#10719,#10720);
#9679=AXIS2_PLACEMENT_3D('',#13484,#10721,#10722);
#9680=AXIS2_PLACEMENT_3D('',#13757,#10739,#10740);
#9681=AXIS2_PLACEMENT_3D('',#13758,#10741,#10742);
#9682=AXIS2_PLACEMENT_3D('',#13759,#10743,#10744);
#9683=AXIS2_PLACEMENT_3D('',#13760,#10745,#10746);
#9684=AXIS2_PLACEMENT_3D('',#13761,#10747,#10748);
#9685=AXIS2_PLACEMENT_3D('',#13762,#10749,#10750);
#9686=AXIS2_PLACEMENT_3D('',#13763,#10751,#10752);
#9687=AXIS2_PLACEMENT_3D('',#13764,#10753,#10754);
#9688=AXIS2_PLACEMENT_3D('',#13765,#10755,#10756);
#9689=AXIS2_PLACEMENT_3D('',#13767,#10757,#10758);
#9690=AXIS2_PLACEMENT_3D('',#13768,#10759,#10760);
#9691=AXIS2_PLACEMENT_3D('',#13770,#10761,#10762);
#9692=AXIS2_PLACEMENT_3D('',#13771,#10763,#10764);
#9693=AXIS2_PLACEMENT_3D('',#13772,#10765,#10766);
#9694=AXIS2_PLACEMENT_3D('',#13773,#10767,#10768);
#9695=AXIS2_PLACEMENT_3D('',#13774,#10769,#10770);
#9696=AXIS2_PLACEMENT_3D('',#13775,#10771,#10772);
#9697=AXIS2_PLACEMENT_3D('',#13777,#10773,#10774);
#9698=AXIS2_PLACEMENT_3D('',#13779,#10775,#10776);
#9699=AXIS2_PLACEMENT_3D('',#13781,#10777,#10778);
#9700=AXIS2_PLACEMENT_3D('',#13783,#10779,#10780);
#9701=AXIS2_PLACEMENT_3D('',#13793,#10785,#10786);
#9702=AXIS2_PLACEMENT_3D('',#13802,#10791,#10792);
#9703=AXIS2_PLACEMENT_3D('',#13804,#10793,#10794);
#9704=AXIS2_PLACEMENT_3D('',#13806,#10795,#10796);
#9705=AXIS2_PLACEMENT_3D('',#13808,#10797,#10798);
#9706=AXIS2_PLACEMENT_3D('',#13834,#10811,#10812);
#9707=AXIS2_PLACEMENT_3D('',#13843,#10817,#10818);
#9708=AXIS2_PLACEMENT_3D('',#13844,#10819,#10820);
#9709=AXIS2_PLACEMENT_3D('',#13851,#10824,#10825);
#9710=AXIS2_PLACEMENT_3D('',#13852,#10826,#10827);
#9711=AXIS2_PLACEMENT_3D('',#13860,#10831,#10832);
#9712=AXIS2_PLACEMENT_3D('',#13863,#10834,#10835);
#9713=AXIS2_PLACEMENT_3D('',#13874,#10842,#10843);
#9714=AXIS2_PLACEMENT_3D('',#13887,#10852,#10853);
#9715=AXIS2_PLACEMENT_3D('',#13888,#10854,#10855);
#9716=AXIS2_PLACEMENT_3D('',#13889,#10856,#10857);
#9717=AXIS2_PLACEMENT_3D('',#13891,#10858,#10859);
#9718=AXIS2_PLACEMENT_3D('',#13893,#10860,#10861);
#9719=AXIS2_PLACEMENT_3D('',#13894,#10862,#10863);
#9720=AXIS2_PLACEMENT_3D('',#13896,#10864,#10865);
#9721=AXIS2_PLACEMENT_3D('',#13900,#10867,#10868);
#9722=AXIS2_PLACEMENT_3D('',#13901,#10869,#10870);
#9723=AXIS2_PLACEMENT_3D('',#13904,#10872,#10873);
#9724=AXIS2_PLACEMENT_3D('',#13907,#10875,#10876);
#9725=AXIS2_PLACEMENT_3D('',#13908,#10877,#10878);
#9726=AXIS2_PLACEMENT_3D('',#13912,#10880,#10881);
#9727=AXIS2_PLACEMENT_3D('',#13915,#10884,#10885);
#9728=AXIS2_PLACEMENT_3D('',#13916,#10886,#10887);
#9729=AXIS2_PLACEMENT_3D('',#13925,#10892,#10893);
#9730=AXIS2_PLACEMENT_3D('',#13929,#10897,#10898);
#9731=AXIS2_PLACEMENT_3D('',#13932,#10901,#10902);
#9732=AXIS2_PLACEMENT_3D('',#13933,#10903,#10904);
#9733=AXIS2_PLACEMENT_3D('',#13934,#10905,#10906);
#9734=AXIS2_PLACEMENT_3D('',#13936,#10907,#10908);
#9735=AXIS2_PLACEMENT_3D('',#13945,#10913,#10914);
#9736=AXIS2_PLACEMENT_3D('',#13946,#10915,#10916);
#9737=AXIS2_PLACEMENT_3D('',#13947,#10917,#10918);
#9738=AXIS2_PLACEMENT_3D('',#13949,#10919,#10920);
#9739=AXIS2_PLACEMENT_3D('',#13952,#10923,#10924);
#9740=AXIS2_PLACEMENT_3D('',#13954,#10926,#10927);
#9741=AXIS2_PLACEMENT_3D('',#13956,#10929,#10930);
#9742=AXIS2_PLACEMENT_3D('',#13957,#10931,#10932);
#9743=AXIS2_PLACEMENT_3D('',#13958,#10933,#10934);
#9744=AXIS2_PLACEMENT_3D('',#13966,#10939,#10940);
#9745=AXIS2_PLACEMENT_3D('',#13972,#10944,#10945);
#9746=AXIS2_PLACEMENT_3D('',#13977,#10949,#10950);
#9747=AXIS2_PLACEMENT_3D('',#13979,#10952,#10953);
#9748=AXIS2_PLACEMENT_3D('',#13980,#10954,#10955);
#9749=AXIS2_PLACEMENT_3D('',#13989,#10960,#10961);
#9750=AXIS2_PLACEMENT_3D('',#13994,#10965,#10966);
#9751=AXIS2_PLACEMENT_3D('',#13998,#10969,#10970);
#9752=AXIS2_PLACEMENT_3D('',#14001,#10973,#10974);
#9753=AXIS2_PLACEMENT_3D('',#14002,#10975,#10976);
#9754=AXIS2_PLACEMENT_3D('',#14006,#10979,#10980);
#9755=AXIS2_PLACEMENT_3D('',#14010,#10983,#10984);
#9756=AXIS2_PLACEMENT_3D('',#14011,#10985,#10986);
#9757=AXIS2_PLACEMENT_3D('',#14013,#10987,#10988);
#9758=AXIS2_PLACEMENT_3D('',#14017,#10991,#10992);
#9759=AXIS2_PLACEMENT_3D('',#14021,#10995,#10996);
#9760=AXIS2_PLACEMENT_3D('',#14023,#10998,#10999);
#9761=AXIS2_PLACEMENT_3D('',#14025,#11001,#11002);
#9762=AXIS2_PLACEMENT_3D('',#14026,#11003,#11004);
#9763=AXIS2_PLACEMENT_3D('',#14028,#11005,#11006);
#9764=AXIS2_PLACEMENT_3D('',#14029,#11007,#11008);
#9765=AXIS2_PLACEMENT_3D('',#14030,#11009,#11010);
#9766=AXIS2_PLACEMENT_3D('',#14032,#11011,#11012);
#9767=AXIS2_PLACEMENT_3D('',#14033,#11013,#11014);
#9768=AXIS2_PLACEMENT_3D('',#14034,#11015,#11016);
#9769=AXIS2_PLACEMENT_3D('',#14036,#11017,#11018);
#9770=AXIS2_PLACEMENT_3D('',#14037,#11019,#11020);
#9771=AXIS2_PLACEMENT_3D('',#14038,#11021,#11022);
#9772=AXIS2_PLACEMENT_3D('',#14039,#11023,#11024);
#9773=AXIS2_PLACEMENT_3D('',#14040,#11025,#11026);
#9774=AXIS2_PLACEMENT_3D('',#14041,#11027,#11028);
#9775=AXIS2_PLACEMENT_3D('',#14042,#11029,#11030);
#9776=AXIS2_PLACEMENT_3D('',#14067,#11043,#11044);
#9777=AXIS2_PLACEMENT_3D('',#14077,#11049,#11050);
#9778=AXIS2_PLACEMENT_3D('',#14080,#11051,#11052);
#9779=AXIS2_PLACEMENT_3D('',#14081,#11053,#11054);
#9780=AXIS2_PLACEMENT_3D('',#14090,#11059,#11060);
#9781=AXIS2_PLACEMENT_3D('',#14093,#11063,#11064);
#9782=AXIS2_PLACEMENT_3D('',#14095,#11066,#11067);
#9783=AXIS2_PLACEMENT_3D('',#14097,#11069,#11070);
#9784=AXIS2_PLACEMENT_3D('',#14098,#11071,#11072);
#9785=AXIS2_PLACEMENT_3D('',#14107,#11077,#11078);
#9786=AXIS2_PLACEMENT_3D('',#14110,#11081,#11082);
#9787=AXIS2_PLACEMENT_3D('',#14112,#11084,#11085);
#9788=AXIS2_PLACEMENT_3D('',#14114,#11087,#11088);
#9789=AXIS2_PLACEMENT_3D('',#14115,#11089,#11090);
#9790=AXIS2_PLACEMENT_3D('',#14124,#11095,#11096);
#9791=AXIS2_PLACEMENT_3D('',#14130,#11100,#11101);
#9792=AXIS2_PLACEMENT_3D('',#14133,#11104,#11105);
#9793=AXIS2_PLACEMENT_3D('',#14134,#11106,#11107);
#9794=AXIS2_PLACEMENT_3D('',#14139,#11110,#11111);
#9795=AXIS2_PLACEMENT_3D('',#14140,#11112,#11113);
#9796=AXIS2_PLACEMENT_3D('',#14142,#11114,#11115);
#9797=AXIS2_PLACEMENT_3D('',#14159,#11124,#11125);
#9798=AXIS2_PLACEMENT_3D('',#14162,#11128,#11129);
#9799=AXIS2_PLACEMENT_3D('',#14168,#11133,#11134);
#9800=AXIS2_PLACEMENT_3D('',#14172,#11137,#11138);
#9801=AXIS2_PLACEMENT_3D('',#14176,#11141,#11142);
#9802=AXIS2_PLACEMENT_3D('',#14178,#11144,#11145);
#9803=AXIS2_PLACEMENT_3D('',#14180,#11147,#11148);
#9804=AXIS2_PLACEMENT_3D('',#14182,#11150,#11151);
#9805=AXIS2_PLACEMENT_3D('',#14183,#11152,#11153);
#9806=AXIS2_PLACEMENT_3D('',#14192,#11158,#11159);
#9807=AXIS2_PLACEMENT_3D('',#14197,#11163,#11164);
#9808=AXIS2_PLACEMENT_3D('',#14201,#11167,#11168);
#9809=AXIS2_PLACEMENT_3D('',#14204,#11171,#11172);
#9810=AXIS2_PLACEMENT_3D('',#14213,#11177,#11178);
#9811=AXIS2_PLACEMENT_3D('',#14219,#11182,#11183);
#9812=AXIS2_PLACEMENT_3D('',#14225,#11187,#11188);
#9813=AXIS2_PLACEMENT_3D('',#14231,#11192,#11193);
#9814=AXIS2_PLACEMENT_3D('',#14234,#11196,#11197);
#9815=AXIS2_PLACEMENT_3D('',#14235,#11198,#11199);
#9816=AXIS2_PLACEMENT_3D('',#14236,#11200,#11201);
#9817=AXIS2_PLACEMENT_3D('',#14237,#11202,#11203);
#9818=AXIS2_PLACEMENT_3D('',#14238,#11204,#11205);
#9819=AXIS2_PLACEMENT_3D('',#14239,#11206,#11207);
#9820=AXIS2_PLACEMENT_3D('',#14240,#11208,#11209);
#9821=AXIS2_PLACEMENT_3D('',#14241,#11210,#11211);
#9822=AXIS2_PLACEMENT_3D('',#14243,#11212,#11213);
#9823=AXIS2_PLACEMENT_3D('',#14244,#11214,#11215);
#9824=AXIS2_PLACEMENT_3D('',#14246,#11216,#11217);
#9825=AXIS2_PLACEMENT_3D('',#14247,#11218,#11219);
#9826=AXIS2_PLACEMENT_3D('',#14248,#11220,#11221);
#9827=AXIS2_PLACEMENT_3D('',#14249,#11222,#11223);
#9828=AXIS2_PLACEMENT_3D('',#14251,#11224,#11225);
#9829=AXIS2_PLACEMENT_3D('',#14253,#11226,#11227);
#9830=AXIS2_PLACEMENT_3D('',#14255,#11228,#11229);
#9831=AXIS2_PLACEMENT_3D('',#14289,#11246,#11247);
#9832=AXIS2_PLACEMENT_3D('',#14311,#11259,#11260);
#9833=AXIS2_PLACEMENT_3D('',#14320,#11265,#11266);
#9834=AXIS2_PLACEMENT_3D('',#14323,#11269,#11270);
#9835=AXIS2_PLACEMENT_3D('',#14326,#11273,#11274);
#9836=AXIS2_PLACEMENT_3D('',#14327,#11275,#11276);
#9837=AXIS2_PLACEMENT_3D('',#14334,#11280,#11281);
#9838=AXIS2_PLACEMENT_3D('',#14374,#11285,#11286);
#9839=AXIS2_PLACEMENT_3D('',#14398,#11298,#11299);
#9840=AXIS2_PLACEMENT_3D('',#14434,#11303,#11304);
#9841=AXIS2_PLACEMENT_3D('',#14436,#11305,#11306);
#9842=AXIS2_PLACEMENT_3D('',#14440,#11308,#11309);
#9843=AXIS2_PLACEMENT_3D('',#14442,#11310,#11311);
#9844=AXIS2_PLACEMENT_3D('',#14474,#11315,#11316);
#9845=AXIS2_PLACEMENT_3D('',#14482,#11318,#11319);
#9846=AXIS2_PLACEMENT_3D('',#14484,#11320,#11321);
#9847=AXIS2_PLACEMENT_3D('',#14489,#11322,#11323);
#9848=AXIS2_PLACEMENT_3D('',#14491,#11324,#11325);
#9849=AXIS2_PLACEMENT_3D('',#14493,#11326,#11327);
#9850=AXIS2_PLACEMENT_3D('',#14495,#11328,#11329);
#9851=AXIS2_PLACEMENT_3D('',#14497,#11330,#11331);
#9852=AXIS2_PLACEMENT_3D('',#14550,#11333,#11334);
#9853=AXIS2_PLACEMENT_3D('',#14636,#11361,#11362);
#9854=AXIS2_PLACEMENT_3D('',#14638,#11363,#11364);
#9855=AXIS2_PLACEMENT_3D('',#14641,#11367,#11368);
#9856=AXIS2_PLACEMENT_3D('',#14642,#11369,#11370);
#9857=AXIS2_PLACEMENT_3D('',#14655,#11371,#11372);
#9858=AXIS2_PLACEMENT_3D('',#14657,#11373,#11374);
#9859=AXIS2_PLACEMENT_3D('',#14658,#11375,#11376);
#9860=AXIS2_PLACEMENT_3D('',#14663,#11378,#11379);
#9861=AXIS2_PLACEMENT_3D('',#14666,#11381,#11382);
#9862=AXIS2_PLACEMENT_3D('',#14667,#11383,#11384);
#9863=AXIS2_PLACEMENT_3D('',#14669,#11385,#11386);
#9864=AXIS2_PLACEMENT_3D('',#14670,#11387,#11388);
#9865=AXIS2_PLACEMENT_3D('',#14672,#11389,#11390);
#9866=AXIS2_PLACEMENT_3D('',#14674,#11391,#11392);
#9867=AXIS2_PLACEMENT_3D('',#14675,#11393,#11394);
#9868=AXIS2_PLACEMENT_3D('',#14676,#11395,#11396);
#9869=AXIS2_PLACEMENT_3D('',#14678,#11397,#11398);
#9870=AXIS2_PLACEMENT_3D('',#14679,#11399,#11400);
#9871=AXIS2_PLACEMENT_3D('',#14680,#11401,#11402);
#9872=AXIS2_PLACEMENT_3D('',#14682,#11403,#11404);
#9873=AXIS2_PLACEMENT_3D('',#14683,#11405,#11406);
#9874=AXIS2_PLACEMENT_3D('',#14684,#11407,#11408);
#9875=AXIS2_PLACEMENT_3D('',#14693,#11413,#11414);
#9876=AXIS2_PLACEMENT_3D('',#14697,#11418,#11419);
#9877=AXIS2_PLACEMENT_3D('',#14699,#11421,#11422);
#9878=AXIS2_PLACEMENT_3D('',#14701,#11424,#11425);
#9879=AXIS2_PLACEMENT_3D('',#14703,#11427,#11428);
#9880=AXIS2_PLACEMENT_3D('',#14716,#11429,#11430);
#9881=AXIS2_PLACEMENT_3D('',#14717,#11431,#11432);
#9882=AXIS2_PLACEMENT_3D('',#14725,#11437,#11438);
#9883=AXIS2_PLACEMENT_3D('',#14731,#11442,#11443);
#9884=AXIS2_PLACEMENT_3D('',#14736,#11447,#11448);
#9885=AXIS2_PLACEMENT_3D('',#14738,#11450,#11451);
#9886=AXIS2_PLACEMENT_3D('',#14739,#11452,#11453);
#9887=AXIS2_PLACEMENT_3D('',#14748,#11458,#11459);
#9888=AXIS2_PLACEMENT_3D('',#14753,#11463,#11464);
#9889=AXIS2_PLACEMENT_3D('',#14757,#11467,#11468);
#9890=AXIS2_PLACEMENT_3D('',#14760,#11471,#11472);
#9891=AXIS2_PLACEMENT_3D('',#14761,#11473,#11474);
#9892=AXIS2_PLACEMENT_3D('',#14765,#11477,#11478);
#9893=AXIS2_PLACEMENT_3D('',#14769,#11481,#11482);
#9894=AXIS2_PLACEMENT_3D('',#14770,#11483,#11484);
#9895=AXIS2_PLACEMENT_3D('',#14772,#11485,#11486);
#9896=AXIS2_PLACEMENT_3D('',#14776,#11489,#11490);
#9897=AXIS2_PLACEMENT_3D('',#14780,#11493,#11494);
#9898=AXIS2_PLACEMENT_3D('',#14782,#11496,#11497);
#9899=AXIS2_PLACEMENT_3D('',#14784,#11499,#11500);
#9900=AXIS2_PLACEMENT_3D('',#14785,#11501,#11502);
#9901=AXIS2_PLACEMENT_3D('',#14787,#11503,#11504);
#9902=AXIS2_PLACEMENT_3D('',#14788,#11505,#11506);
#9903=AXIS2_PLACEMENT_3D('',#14789,#11507,#11508);
#9904=AXIS2_PLACEMENT_3D('',#14791,#11509,#11510);
#9905=AXIS2_PLACEMENT_3D('',#14792,#11511,#11512);
#9906=AXIS2_PLACEMENT_3D('',#14793,#11513,#11514);
#9907=AXIS2_PLACEMENT_3D('',#14795,#11515,#11516);
#9908=AXIS2_PLACEMENT_3D('',#14837,#11521,#11522);
#9909=AXIS2_PLACEMENT_3D('',#14840,#11524,#11525);
#9910=AXIS2_PLACEMENT_3D('',#14841,#11526,#11527);
#9911=AXIS2_PLACEMENT_3D('',#14844,#11529,#11530);
#9912=AXIS2_PLACEMENT_3D('',#14845,#11531,#11532);
#9913=AXIS2_PLACEMENT_3D('',#14862,#11536,#11537);
#9914=AXIS2_PLACEMENT_3D('',#14865,#11539,#11540);
#9915=AXIS2_PLACEMENT_3D('',#14918,#11545,#11546);
#9916=AXIS2_PLACEMENT_3D('',#14922,#11549,#11550);
#9917=AXIS2_PLACEMENT_3D('',#14926,#11553,#11554);
#9918=AXIS2_PLACEMENT_3D('',#14956,#11559,#11560);
#9919=AXIS2_PLACEMENT_3D('',#14959,#11562,#11563);
#9920=AXIS2_PLACEMENT_3D('',#14960,#11564,#11565);
#9921=AXIS2_PLACEMENT_3D('',#14963,#11567,#11568);
#9922=AXIS2_PLACEMENT_3D('',#14964,#11569,#11570);
#9923=AXIS2_PLACEMENT_3D('',#14968,#11573,#11574);
#9924=AXIS2_PLACEMENT_3D('',#14971,#11576,#11577);
#9925=AXIS2_PLACEMENT_3D('',#14972,#11578,#11579);
#9926=AXIS2_PLACEMENT_3D('',#14975,#11581,#11582);
#9927=AXIS2_PLACEMENT_3D('',#15028,#11587,#11588);
#9928=AXIS2_PLACEMENT_3D('',#15043,#11591,#11592);
#9929=AXIS2_PLACEMENT_3D('',#15044,#11593,#11594);
#9930=AXIS2_PLACEMENT_3D('',#15050,#11598,#11599);
#9931=AXIS2_PLACEMENT_3D('',#15054,#11602,#11603);
#9932=AXIS2_PLACEMENT_3D('',#15058,#11606,#11607);
#9933=AXIS2_PLACEMENT_3D('',#15062,#11610,#11611);
#9934=AXIS2_PLACEMENT_3D('',#15065,#11613,#11614);
#9935=AXIS2_PLACEMENT_3D('',#15066,#11615,#11616);
#9936=AXIS2_PLACEMENT_3D('',#15070,#11619,#11620);
#9937=AXIS2_PLACEMENT_3D('',#15074,#11623,#11624);
#9938=AXIS2_PLACEMENT_3D('',#15078,#11627,#11628);
#9939=AXIS2_PLACEMENT_3D('',#15082,#11631,#11632);
#9940=AXIS2_PLACEMENT_3D('',#15086,#11635,#11636);
#9941=AXIS2_PLACEMENT_3D('',#15090,#11639,#11640);
#9942=AXIS2_PLACEMENT_3D('',#15094,#11643,#11644);
#9943=AXIS2_PLACEMENT_3D('',#15098,#11647,#11648);
#9944=AXIS2_PLACEMENT_3D('',#15102,#11651,#11652);
#9945=AXIS2_PLACEMENT_3D('',#15106,#11655,#11656);
#9946=AXIS2_PLACEMENT_3D('',#15110,#11659,#11660);
#9947=AXIS2_PLACEMENT_3D('',#15113,#11662,#11663);
#9948=AXIS2_PLACEMENT_3D('',#15114,#11664,#11665);
#9949=AXIS2_PLACEMENT_3D('',#15116,#11667,#11668);
#9950=AXIS2_PLACEMENT_3D('',#15357,#11685,#11686);
#9951=AXIS2_PLACEMENT_3D('',#15598,#11703,#11704);
#9952=AXIS2_PLACEMENT_3D('',#15619,#11707,#11708);
#9953=AXIS2_PLACEMENT_3D('',#15620,#11709,#11710);
#9954=AXIS2_PLACEMENT_3D('',#15624,#11712,#11713);
#9955=AXIS2_PLACEMENT_3D('',#15625,#11714,#11715);
#9956=AXIS2_PLACEMENT_3D('',#15626,#11716,#11717);
#9957=AXIS2_PLACEMENT_3D('',#15630,#11719,#11720);
#9958=AXIS2_PLACEMENT_3D('',#15631,#11721,#11722);
#9959=AXIS2_PLACEMENT_3D('',#15632,#11723,#11724);
#9960=AXIS2_PLACEMENT_3D('',#15636,#11726,#11727);
#9961=AXIS2_PLACEMENT_3D('',#15637,#11728,#11729);
#9962=AXIS2_PLACEMENT_3D('',#15638,#11730,#11731);
#9963=AXIS2_PLACEMENT_3D('',#15642,#11733,#11734);
#9964=AXIS2_PLACEMENT_3D('',#15643,#11735,#11736);
#9965=AXIS2_PLACEMENT_3D('',#15644,#11737,#11738);
#9966=AXIS2_PLACEMENT_3D('',#15648,#11740,#11741);
#9967=AXIS2_PLACEMENT_3D('',#15649,#11742,#11743);
#9968=AXIS2_PLACEMENT_3D('',#15650,#11744,#11745);
#9969=AXIS2_PLACEMENT_3D('',#15654,#11747,#11748);
#9970=AXIS2_PLACEMENT_3D('',#15795,#11760,#11761);
#9971=AXIS2_PLACEMENT_3D('',#15825,#11766,#11767);
#9972=AXIS2_PLACEMENT_3D('',#15828,#11769,#11770);
#9973=AXIS2_PLACEMENT_3D('',#15829,#11771,#11772);
#9974=AXIS2_PLACEMENT_3D('',#15871,#11776,#11777);
#9975=AXIS2_PLACEMENT_3D('',#15872,#11778,#11779);
#9976=AXIS2_PLACEMENT_3D('',#15878,#11783,#11784);
#9977=AXIS2_PLACEMENT_3D('',#15882,#11787,#11788);
#9978=AXIS2_PLACEMENT_3D('',#15886,#11791,#11792);
#9979=AXIS2_PLACEMENT_3D('',#15890,#11795,#11796);
#9980=AXIS2_PLACEMENT_3D('',#15894,#11799,#11800);
#9981=AXIS2_PLACEMENT_3D('',#15896,#11802,#11803);
#9982=AXIS2_PLACEMENT_3D('',#15897,#11804,#11805);
#9983=AXIS2_PLACEMENT_3D('',#15903,#11809,#11810);
#9984=AXIS2_PLACEMENT_3D('',#15907,#11813,#11814);
#9985=AXIS2_PLACEMENT_3D('',#15911,#11817,#11818);
#9986=AXIS2_PLACEMENT_3D('',#15915,#11821,#11822);
#9987=AXIS2_PLACEMENT_3D('',#15919,#11825,#11826);
#9988=AXIS2_PLACEMENT_3D('',#15923,#11829,#11830);
#9989=AXIS2_PLACEMENT_3D('',#15927,#11833,#11834);
#9990=AXIS2_PLACEMENT_3D('',#15931,#11837,#11838);
#9991=AXIS2_PLACEMENT_3D('',#15935,#11841,#11842);
#9992=AXIS2_PLACEMENT_3D('',#15939,#11845,#11846);
#9993=AXIS2_PLACEMENT_3D('',#15943,#11849,#11850);
#9994=AXIS2_PLACEMENT_3D('',#15945,#11852,#11853);
#9995=AXIS2_PLACEMENT_3D('',#15946,#11854,#11855);
#9996=AXIS2_PLACEMENT_3D('',#15952,#11859,#11860);
#9997=AXIS2_PLACEMENT_3D('',#15956,#11863,#11864);
#9998=AXIS2_PLACEMENT_3D('',#15959,#11866,#11867);
#9999=AXIS2_PLACEMENT_3D('',#15960,#11868,#11869);
#10000=AXIS2_PLACEMENT_3D('',#15963,#11871,#11872);
#10001=AXIS2_PLACEMENT_3D('',#15964,#11873,#11874);
#10002=AXIS2_PLACEMENT_3D('',#15968,#11877,#11878);
#10003=AXIS2_PLACEMENT_3D('',#15972,#11881,#11882);
#10004=AXIS2_PLACEMENT_3D('',#15976,#11885,#11886);
#10005=AXIS2_PLACEMENT_3D('',#15980,#11889,#11890);
#10006=AXIS2_PLACEMENT_3D('',#15982,#11892,#11893);
#10007=AXIS2_PLACEMENT_3D('',#15983,#11894,#11895);
#10008=AXIS2_PLACEMENT_3D('',#15984,#11896,#11897);
#10009=AXIS2_PLACEMENT_3D('',#15985,#11898,#11899);
#10010=AXIS2_PLACEMENT_3D('',#15986,#11900,#11901);
#10011=AXIS2_PLACEMENT_3D('',#15987,#11902,#11903);
#10012=AXIS2_PLACEMENT_3D('',#15988,#11904,#11905);
#10013=AXIS2_PLACEMENT_3D('',#15989,#11906,#11907);
#10014=AXIS2_PLACEMENT_3D('',#15990,#11908,#11909);
#10015=AXIS2_PLACEMENT_3D('',#15999,#11914,#11915);
#10016=AXIS2_PLACEMENT_3D('',#16005,#11919,#11920);
#10017=AXIS2_PLACEMENT_3D('',#16011,#11924,#11925);
#10018=AXIS2_PLACEMENT_3D('',#16017,#11929,#11930);
#10019=AXIS2_PLACEMENT_3D('',#16023,#11934,#11935);
#10020=AXIS2_PLACEMENT_3D('',#16026,#11938,#11939);
#10021=AXIS2_PLACEMENT_3D('',#16027,#11940,#11941);
#10022=AXIS2_PLACEMENT_3D('',#16028,#11942,#11943);
#10023=AXIS2_PLACEMENT_3D('',#16029,#11944,#11945);
#10024=AXIS2_PLACEMENT_3D('',#16030,#11946,#11947);
#10025=AXIS2_PLACEMENT_3D('',#16031,#11948,#11949);
#10026=AXIS2_PLACEMENT_3D('',#16032,#11950,#11951);
#10027=AXIS2_PLACEMENT_3D('',#16033,#11952,#11953);
#10028=AXIS2_PLACEMENT_3D('',#16042,#11958,#11959);
#10029=AXIS2_PLACEMENT_3D('',#16048,#11963,#11964);
#10030=AXIS2_PLACEMENT_3D('',#16054,#11968,#11969);
#10031=AXIS2_PLACEMENT_3D('',#16056,#11971,#11972);
#10032=AXIS2_PLACEMENT_3D('',#16058,#11974,#11975);
#10033=AXIS2_PLACEMENT_3D('',#16059,#11976,#11977);
#10034=AXIS2_PLACEMENT_3D('',#16060,#11978,#11979);
#10035=AXIS2_PLACEMENT_3D('',#16061,#11980,#11981);
#10036=AXIS2_PLACEMENT_3D('',#16062,#11982,#11983);
#10037=AXIS2_PLACEMENT_3D('',#16063,#11984,#11985);
#10038=AXIS2_PLACEMENT_3D('',#16072,#11990,#11991);
#10039=AXIS2_PLACEMENT_3D('',#16078,#11995,#11996);
#10040=AXIS2_PLACEMENT_3D('',#16084,#12000,#12001);
#10041=AXIS2_PLACEMENT_3D('',#16090,#12005,#12006);
#10042=AXIS2_PLACEMENT_3D('',#16096,#12010,#12011);
#10043=AXIS2_PLACEMENT_3D('',#16102,#12015,#12016);
#10044=AXIS2_PLACEMENT_3D('',#16108,#12020,#12021);
#10045=AXIS2_PLACEMENT_3D('',#16114,#12025,#12026);
#10046=AXIS2_PLACEMENT_3D('',#16120,#12030,#12031);
#10047=AXIS2_PLACEMENT_3D('',#16126,#12035,#12036);
#10048=AXIS2_PLACEMENT_3D('',#16132,#12040,#12041);
#10049=AXIS2_PLACEMENT_3D('',#16135,#12044,#12045);
#10050=AXIS2_PLACEMENT_3D('',#16136,#12046,#12047);
#10051=AXIS2_PLACEMENT_3D('',#16137,#12048,#12049);
#10052=AXIS2_PLACEMENT_3D('',#16138,#12050,#12051);
#10053=AXIS2_PLACEMENT_3D('',#16139,#12052,#12053);
#10054=DIRECTION('',(0.,0.,1.));
#10055=DIRECTION('',(1.,0.,0.));
#10056=DIRECTION('',(-1.,0.,0.));
#10057=DIRECTION('',(0.,0.,1.));
#10058=DIRECTION('',(0.,1.,0.));
#10059=DIRECTION('',(0.,0.,-1.));
#10060=DIRECTION('',(0.,1.,0.));
#10061=DIRECTION('',(0.,0.,-1.));
#10062=DIRECTION('',(0.,-1.,0.));
#10063=DIRECTION('',(0.,0.,-1.));
#10064=DIRECTION('',(0.,-1.,0.));
#10065=DIRECTION('',(0.,0.,-1.));
#10066=DIRECTION('',(0.,0.,-1.));
#10067=DIRECTION('',(-1.,0.,0.));
#10068=DIRECTION('',(-1.,0.,0.));
#10069=DIRECTION('',(0.,0.,-1.));
#10070=DIRECTION('',(-1.,0.,0.));
#10071=DIRECTION('',(0.,0.,1.));
#10072=DIRECTION('',(0.,-1.,0.));
#10073=DIRECTION('',(0.,0.,1.));
#10074=DIRECTION('',(0.,-1.,0.));
#10075=DIRECTION('',(0.,1.,0.));
#10076=DIRECTION('',(0.,0.,-1.));
#10077=DIRECTION('',(0.,1.,0.));
#10078=DIRECTION('',(0.,-1.,0.));
#10079=DIRECTION('',(0.,0.,-1.));
#10080=DIRECTION('',(-1.,0.,0.));
#10081=DIRECTION('',(-1.,0.,0.));
#10082=DIRECTION('',(0.,0.,-1.));
#10083=DIRECTION('',(1.,0.,0.));
#10084=DIRECTION('',(0.,0.,1.));
#10085=DIRECTION('',(1.,0.,0.));
#10086=DIRECTION('',(0.,-1.,0.));
#10087=DIRECTION('',(0.,0.,-1.));
#10088=DIRECTION('',(0.,-1.,0.));
#10089=DIRECTION('',(0.,0.,-1.));
#10090=DIRECTION('',(0.,-1.,0.));
#10091=DIRECTION('',(1.,0.,0.));
#10092=DIRECTION('',(-2.84675041872796E-9,6.76147443933463E-9,1.));
#10093=DIRECTION('',(1.,1.18430883469575E-9,2.84675041072028E-9));
#10094=DIRECTION('',(-0.93393866241466,0.,-0.357433315245118));
#10095=DIRECTION('',(-0.357433315245118,0.,0.93393866241466));
#10096=DIRECTION('',(-0.357433315245118,0.,0.93393866241466));
#10097=DIRECTION('',(0.,1.,0.));
#10098=DIRECTION('',(-0.357433315245118,0.,0.93393866241466));
#10099=DIRECTION('',(0.,1.,0.));
#10100=DIRECTION('',(0.,0.,-1.));
#10101=DIRECTION('',(-1.,0.,0.));
#10102=DIRECTION('',(-1.,0.,0.));
#10103=DIRECTION('',(0.,1.,0.));
#10104=DIRECTION('',(-1.,0.,0.));
#10105=DIRECTION('',(0.932755833182323,0.,-0.360508745614238));
#10106=DIRECTION('',(-0.360508745614238,0.,-0.932755833182323));
#10107=DIRECTION('',(-0.360508745614238,0.,-0.932755833182323));
#10108=DIRECTION('',(0.,1.,0.));
#10109=DIRECTION('',(-0.360508745614238,0.,-0.932755833182323));
#10110=DIRECTION('',(0.,0.,-1.));
#10111=DIRECTION('',(-1.,0.,0.));
#10112=DIRECTION('',(-1.,0.,0.));
#10113=DIRECTION('',(0.,1.,0.));
#10114=DIRECTION('',(-1.,0.,0.));
#10115=DIRECTION('',(0.,1.,0.));
#10116=DIRECTION('',(-0.999239931362853,0.,0.0389815285739426));
#10117=DIRECTION('',(0.,1.,0.));
#10118=DIRECTION('',(0.,0.,1.));
#10119=DIRECTION('',(0.,1.,0.));
#10120=DIRECTION('',(0.,1.,0.));
#10121=DIRECTION('',(0.,0.,1.));
#10122=DIRECTION('',(-1.,0.,0.));
#10123=DIRECTION('',(0.,0.,1.));
#10124=DIRECTION('',(0.,0.,1.));
#10125=DIRECTION('',(0.,1.,0.));
#10126=DIRECTION('',(0.,0.,1.));
#10127=DIRECTION('',(0.,0.,-1.));
#10128=DIRECTION('',(-1.,0.,0.));
#10129=DIRECTION('',(-1.,0.,0.));
#10130=DIRECTION('',(0.,1.,0.));
#10131=DIRECTION('',(-1.,0.,0.));
#10132=DIRECTION('',(1.,0.,0.));
#10133=DIRECTION('',(0.,0.,-1.));
#10134=DIRECTION('',(0.,0.,-1.));
#10135=DIRECTION('',(0.,1.,0.));
#10136=DIRECTION('',(0.,0.,-1.));
#10137=DIRECTION('',(0.,0.,1.));
#10138=DIRECTION('',(1.,0.,0.));
#10139=DIRECTION('',(1.,0.,0.));
#10140=DIRECTION('',(0.,1.,0.));
#10141=DIRECTION('',(1.,0.,0.));
#10142=DIRECTION('',(-0.932565411220614,0.,0.361001044035786));
#10143=DIRECTION('',(0.361001044035786,0.,0.932565411220614));
#10144=DIRECTION('',(0.361001044035786,0.,0.932565411220614));
#10145=DIRECTION('',(0.,1.,0.));
#10146=DIRECTION('',(0.361001044035786,0.,0.932565411220614));
#10147=DIRECTION('',(0.,0.,1.));
#10148=DIRECTION('',(1.,0.,0.));
#10149=DIRECTION('',(1.,0.,0.));
#10150=DIRECTION('',(0.,1.,0.));
#10151=DIRECTION('',(1.,0.,0.));
#10152=DIRECTION('',(0.933562487920827,0.,0.358414677639011));
#10153=DIRECTION('',(0.358414677639011,0.,-0.933562487920827));
#10154=DIRECTION('',(0.358414677639011,0.,-0.933562487920827));
#10155=DIRECTION('',(0.,1.,0.));
#10156=DIRECTION('',(0.358414677639011,0.,-0.933562487920827));
#10157=DIRECTION('',(0.,0.,1.));
#10158=DIRECTION('',(1.,0.,0.));
#10159=DIRECTION('',(1.,0.,0.));
#10160=DIRECTION('',(0.,1.,0.));
#10161=DIRECTION('',(1.,0.,0.));
#10162=DIRECTION('',(-1.,0.,0.));
#10163=DIRECTION('',(0.,0.,1.));
#10164=DIRECTION('',(0.,0.,1.));
#10165=DIRECTION('',(0.,1.,0.));
#10166=DIRECTION('',(0.,0.,1.));
#10167=DIRECTION('',(0.,0.,-1.));
#10168=DIRECTION('',(-1.,0.,0.));
#10169=DIRECTION('',(-1.,0.,0.));
#10170=DIRECTION('',(0.,1.,0.));
#10171=DIRECTION('',(-1.,0.,0.));
#10172=DIRECTION('',(1.,0.,0.));
#10173=DIRECTION('',(0.,0.,-1.));
#10174=DIRECTION('',(0.,0.,-1.));
#10175=DIRECTION('',(0.,1.,0.));
#10176=DIRECTION('',(0.,0.,-1.));
#10177=DIRECTION('',(0.,1.,0.));
#10178=DIRECTION('',(0.999170132367394,0.,0.0407313955680951));
#10179=DIRECTION('',(0.,1.,0.));
#10180=DIRECTION('',(0.,0.,1.));
#10181=DIRECTION('',(0.,1.,0.));
#10182=DIRECTION('',(0.,1.,0.));
#10183=DIRECTION('',(0.,0.,1.));
#10184=DIRECTION('',(0.,0.,-1.));
#10185=DIRECTION('',(-1.,0.,0.));
#10186=DIRECTION('',(-1.,0.,0.));
#10187=DIRECTION('',(-1.,0.,0.));
#10188=DIRECTION('',(0.,-1.,0.));
#10189=DIRECTION('',(1.,0.,0.));
#10190=DIRECTION('',(0.,-1.,0.));
#10191=DIRECTION('',(1.,0.,0.));
#10192=DIRECTION('',(-2.84675041872795E-9,6.7614744393346E-9,1.));
#10193=DIRECTION('',(1.,1.18430883469575E-9,2.84675041072027E-9));
#10194=DIRECTION('',(0.,1.,0.));
#10195=DIRECTION('',(0.,0.,1.));
#10196=DIRECTION('',(0.,1.,0.));
#10197=DIRECTION('',(0.,0.,1.));
#10198=DIRECTION('',(0.,1.,0.));
#10199=DIRECTION('',(0.,0.,1.));
#10200=DIRECTION('',(0.,1.,0.));
#10201=DIRECTION('',(0.,0.,1.));
#10202=DIRECTION('',(0.,1.,0.));
#10203=DIRECTION('',(-1.,0.,0.));
#10204=DIRECTION('',(-2.84675041872796E-9,6.76147443933464E-9,1.));
#10205=DIRECTION('',(1.,1.18430883469575E-9,2.84675041072029E-9));
#10206=DIRECTION('',(0.,1.,0.));
#10207=DIRECTION('',(0.,1.,0.));
#10208=DIRECTION('',(0.,1.,0.));
#10209=DIRECTION('',(0.,1.,0.));
#10210=DIRECTION('',(0.,1.,0.));
#10211=DIRECTION('',(-0.162615405767952,0.,0.986689530605714));
#10212=DIRECTION('',(0.,1.,0.));
#10213=DIRECTION('',(0.,0.,1.));
#10214=DIRECTION('',(0.,1.,0.));
#10215=DIRECTION('',(0.,1.,0.));
#10216=DIRECTION('',(0.,0.,1.));
#10217=DIRECTION('',(0.,1.,0.));
#10218=DIRECTION('',(-0.475685724612397,0.,0.879615308757174));
#10219=DIRECTION('',(0.,1.,0.));
#10220=DIRECTION('',(0.,0.,1.));
#10221=DIRECTION('',(0.,1.,0.));
#10222=DIRECTION('',(0.,1.,0.));
#10223=DIRECTION('',(0.,0.,1.));
#10224=DIRECTION('',(-0.800548612794034,0.,-0.599267818720101));
#10225=DIRECTION('',(-0.599267818720101,0.,0.800548612794034));
#10226=DIRECTION('',(-0.599267818720101,0.,0.800548612794034));
#10227=DIRECTION('',(0.,1.,0.));
#10228=DIRECTION('',(-0.599267818720101,0.,0.800548612794034));
#10229=DIRECTION('',(0.,1.,0.));
#10230=DIRECTION('',(0.,1.,0.));
#10231=DIRECTION('',(-0.144566761866883,0.,0.98949504868055));
#10232=DIRECTION('',(0.,1.,0.));
#10233=DIRECTION('',(0.,0.,1.));
#10234=DIRECTION('',(0.,1.,0.));
#10235=DIRECTION('',(0.,1.,0.));
#10236=DIRECTION('',(0.,0.,1.));
#10237=DIRECTION('',(0.,1.,0.));
#10238=DIRECTION('',(0.,1.,0.));
#10239=DIRECTION('',(0.,1.,0.));
#10240=DIRECTION('',(0.,1.,0.));
#10241=DIRECTION('',(0.,0.,1.));
#10242=DIRECTION('',(1.,0.,0.));
#10243=DIRECTION('',(1.,0.,0.));
#10244=DIRECTION('',(0.,1.,0.));
#10245=DIRECTION('',(1.,0.,0.));
#10246=DIRECTION('',(-1.,0.,0.));
#10247=DIRECTION('',(0.,0.,1.));
#10248=DIRECTION('',(0.,0.,1.));
#10249=DIRECTION('',(0.,1.,0.));
#10250=DIRECTION('',(0.,0.,1.));
#10251=DIRECTION('',(0.,0.,-1.));
#10252=DIRECTION('',(-1.,0.,0.));
#10253=DIRECTION('',(-1.,0.,0.));
#10254=DIRECTION('',(0.,1.,0.));
#10255=DIRECTION('',(-1.,0.,0.));
#10256=DIRECTION('',(0.,1.,0.));
#10257=DIRECTION('',(0.,1.,0.));
#10258=DIRECTION('',(0.,1.,0.));
#10259=DIRECTION('',(-0.116861226875884,0.,-0.993148253612251));
#10260=DIRECTION('',(0.,1.,0.));
#10261=DIRECTION('',(0.,0.,1.));
#10262=DIRECTION('',(0.,1.,0.));
#10263=DIRECTION('',(0.,1.,0.));
#10264=DIRECTION('',(0.,0.,1.));
#10265=DIRECTION('',(0.,1.,0.));
#10266=DIRECTION('',(-0.333665398600294,0.,-0.942691572984986));
#10267=DIRECTION('',(0.,1.,0.));
#10268=DIRECTION('',(0.,0.,1.));
#10269=DIRECTION('',(0.,1.,0.));
#10270=DIRECTION('',(0.,1.,0.));
#10271=DIRECTION('',(0.,0.,1.));
#10272=DIRECTION('',(-1.,0.,0.));
#10273=DIRECTION('',(0.,0.,1.));
#10274=DIRECTION('',(0.,0.,1.));
#10275=DIRECTION('',(0.,1.,0.));
#10276=DIRECTION('',(0.,0.,1.));
#10277=DIRECTION('',(0.,1.,0.));
#10278=DIRECTION('',(-0.310986091093198,0.,-0.950414462824811));
#10279=DIRECTION('',(0.,1.,0.));
#10280=DIRECTION('',(0.,0.,1.));
#10281=DIRECTION('',(0.,1.,0.));
#10282=DIRECTION('',(0.,1.,0.));
#10283=DIRECTION('',(0.,0.,1.));
#10284=DIRECTION('',(0.,1.,0.));
#10285=DIRECTION('',(-0.0849952268013185,0.,-0.99638135842708));
#10286=DIRECTION('',(0.,1.,0.));
#10287=DIRECTION('',(0.,0.,1.));
#10288=DIRECTION('',(0.,1.,0.));
#10289=DIRECTION('',(0.,1.,0.));
#10290=DIRECTION('',(0.,0.,1.));
#10291=DIRECTION('',(0.,1.,0.));
#10292=DIRECTION('',(0.,1.,0.));
#10293=DIRECTION('',(0.,1.,0.));
#10294=DIRECTION('',(0.,1.,0.));
#10295=DIRECTION('',(1.,0.,0.));
#10296=DIRECTION('',(0.,0.,-1.));
#10297=DIRECTION('',(0.,0.,-1.));
#10298=DIRECTION('',(0.,1.,0.));
#10299=DIRECTION('',(0.,0.,-1.));
#10300=DIRECTION('',(0.,-1.,0.));
#10301=DIRECTION('',(1.,0.,0.));
#10302=DIRECTION('',(0.,-1.,0.));
#10303=DIRECTION('',(1.,0.,0.));
#10304=DIRECTION('',(-2.84675041872796E-9,6.76147443933463E-9,1.));
#10305=DIRECTION('',(1.,1.18430883469575E-9,2.84675041072028E-9));
#10306=DIRECTION('',(0.,1.,0.));
#10307=DIRECTION('',(0.,1.,0.));
#10308=DIRECTION('',(0.,1.,0.));
#10309=DIRECTION('',(0.,1.,0.));
#10310=DIRECTION('',(0.,1.,0.));
#10311=DIRECTION('',(0.,1.,0.));
#10312=DIRECTION('',(0.,1.,0.));
#10313=DIRECTION('',(0.,1.,0.));
#10314=DIRECTION('',(0.,1.,0.));
#10315=DIRECTION('',(0.,1.,0.));
#10316=DIRECTION('',(0.,1.,0.));
#10317=DIRECTION('',(0.,1.,0.));
#10318=DIRECTION('',(0.,1.,0.));
#10319=DIRECTION('',(0.,1.,0.));
#10320=DIRECTION('',(0.,1.,0.));
#10321=DIRECTION('',(0.,1.,0.));
#10322=DIRECTION('',(0.,-1.,0.));
#10323=DIRECTION('',(1.,0.,0.));
#10324=DIRECTION('',(0.,-1.,0.));
#10325=DIRECTION('',(1.,0.,0.));
#10326=DIRECTION('',(-2.84675041872795E-9,6.7614744393346E-9,1.));
#10327=DIRECTION('',(1.,1.18430883469575E-9,2.84675041072027E-9));
#10328=DIRECTION('',(-2.84675041872795E-9,6.7614744393346E-9,1.));
#10329=DIRECTION('',(1.,1.18430883469575E-9,2.84675041072027E-9));
#10330=DIRECTION('',(-2.84675041872796E-9,6.76147443933463E-9,1.));
#10331=DIRECTION('',(1.,1.18430883469575E-9,2.84675041072028E-9));
#10332=DIRECTION('',(0.,1.,0.));
#10333=DIRECTION('',(0.,0.,1.));
#10334=DIRECTION('',(0.,1.,0.));
#10335=DIRECTION('',(0.,0.,1.));
#10336=DIRECTION('',(0.,1.,0.));
#10337=DIRECTION('',(0.,0.,1.));
#10338=DIRECTION('',(0.,1.,0.));
#10339=DIRECTION('',(0.,0.,1.));
#10340=DIRECTION('',(0.,1.,0.));
#10341=DIRECTION('',(-1.,0.,0.));
#10342=DIRECTION('',(-2.84675041872795E-9,6.7614744393346E-9,1.));
#10343=DIRECTION('',(1.,1.18430883469575E-9,2.84675041072027E-9));
#10344=DIRECTION('',(0.,0.,1.));
#10345=DIRECTION('',(1.,0.,0.));
#10346=DIRECTION('',(1.,0.,0.));
#10347=DIRECTION('',(0.,-1.,0.));
#10348=DIRECTION('',(1.,0.,0.));
#10349=DIRECTION('',(0.,1.,0.));
#10350=DIRECTION('',(0.,1.,0.));
#10351=DIRECTION('',(0.,0.,1.));
#10352=DIRECTION('',(0.,0.,-1.));
#10353=DIRECTION('',(0.,1.,0.));
#10354=DIRECTION('',(0.,0.,1.));
#10355=DIRECTION('',(0.,0.,-1.));
#10356=DIRECTION('',(0.,0.,1.));
#10357=DIRECTION('',(1.,0.,0.));
#10358=DIRECTION('',(0.,1.,0.));
#10359=DIRECTION('',(0.,0.,1.));
#10360=DIRECTION('',(1.,0.,0.));
#10361=DIRECTION('',(0.,0.,1.));
#10362=DIRECTION('',(0.,0.,-1.));
#10363=DIRECTION('',(-1.,0.,0.));
#10364=DIRECTION('',(0.,0.,1.));
#10365=DIRECTION('',(0.,0.,1.));
#10366=DIRECTION('',(0.,-1.,0.));
#10367=DIRECTION('',(0.,1.,0.));
#10368=DIRECTION('',(0.,-1.,0.));
#10369=DIRECTION('',(0.,0.,-1.));
#10370=DIRECTION('',(1.,0.,0.));
#10371=DIRECTION('',(0.,-1.,0.));
#10372=DIRECTION('',(-1.,0.,0.));
#10373=DIRECTION('',(0.,0.,1.));
#10374=DIRECTION('',(0.,-1.,0.));
#10375=DIRECTION('',(0.,0.,-1.));
#10376=DIRECTION('',(0.,-1.,0.));
#10377=DIRECTION('',(0.,0.,-1.));
#10378=DIRECTION('',(0.,-1.,0.));
#10379=DIRECTION('',(1.,0.,0.));
#10380=DIRECTION('',(-2.84675041872796E-9,6.76147443933463E-9,1.));
#10381=DIRECTION('',(1.,1.18430883469575E-9,2.84675041072028E-9));
#10382=DIRECTION('',(0.,1.,0.));
#10383=DIRECTION('',(0.,0.,1.));
#10384=DIRECTION('',(1.,0.,0.));
#10385=DIRECTION('',(0.,0.,-1.));
#10386=DIRECTION('',(1.,0.,0.));
#10387=DIRECTION('',(0.,0.,-1.));
#10388=DIRECTION('',(-1.,0.,0.));
#10389=DIRECTION('',(0.,0.,1.));
#10390=DIRECTION('',(0.,1.,0.));
#10391=DIRECTION('',(0.,0.,-1.));
#10392=DIRECTION('',(0.,1.,0.));
#10393=DIRECTION('',(0.,1.,0.));
#10394=DIRECTION('',(0.,0.,1.));
#10395=DIRECTION('',(1.,0.,0.));
#10396=DIRECTION('',(0.,0.,-1.));
#10397=DIRECTION('',(1.,0.,0.));
#10398=DIRECTION('',(-1.,0.,0.));
#10399=DIRECTION('',(0.,0.,1.));
#10400=DIRECTION('',(0.,1.,0.));
#10401=DIRECTION('',(0.,1.,0.));
#10402=DIRECTION('',(0.,0.,-1.));
#10403=DIRECTION('',(1.,0.,0.));
#10404=DIRECTION('',(0.,0.,1.));
#10405=DIRECTION('',(1.,0.,0.));
#10406=DIRECTION('',(-2.84675041872796E-9,6.76147443933464E-9,1.));
#10407=DIRECTION('',(1.,1.18430883469575E-9,2.84675041072029E-9));
#10408=DIRECTION('',(0.,1.,0.));
#10409=DIRECTION('',(0.,1.,0.));
#10410=DIRECTION('',(0.,1.,0.));
#10411=DIRECTION('',(-0.298856359293587,0.,-0.954298106730691));
#10412=DIRECTION('',(0.,1.,0.));
#10413=DIRECTION('',(0.,0.,1.));
#10414=DIRECTION('',(0.,1.,0.));
#10415=DIRECTION('',(0.,1.,0.));
#10416=DIRECTION('',(0.,0.,1.));
#10417=DIRECTION('',(0.,1.,0.));
#10418=DIRECTION('',(-0.776652340298328,0.,-0.629929474075575));
#10419=DIRECTION('',(0.,1.,0.));
#10420=DIRECTION('',(0.,0.,1.));
#10421=DIRECTION('',(0.,1.,0.));
#10422=DIRECTION('',(0.,1.,0.));
#10423=DIRECTION('',(0.,0.,1.));
#10424=DIRECTION('',(0.,1.,0.));
#10425=DIRECTION('',(-0.978568607144607,0.,-0.205921055531151));
#10426=DIRECTION('',(0.,1.,0.));
#10427=DIRECTION('',(0.,0.,1.));
#10428=DIRECTION('',(0.,1.,0.));
#10429=DIRECTION('',(0.,1.,0.));
#10430=DIRECTION('',(0.,0.,1.));
#10431=DIRECTION('',(0.,1.,0.));
#10432=DIRECTION('',(-0.951767278031662,0.,0.306820873586204));
#10433=DIRECTION('',(0.,1.,0.));
#10434=DIRECTION('',(0.,0.,1.));
#10435=DIRECTION('',(0.,1.,0.));
#10436=DIRECTION('',(0.,1.,0.));
#10437=DIRECTION('',(0.,0.,1.));
#10438=DIRECTION('',(0.,1.,0.));
#10439=DIRECTION('',(-0.651563636086823,0.,0.758593981079021));
#10440=DIRECTION('',(0.,1.,0.));
#10441=DIRECTION('',(0.,0.,1.));
#10442=DIRECTION('',(0.,1.,0.));
#10443=DIRECTION('',(0.,1.,0.));
#10444=DIRECTION('',(0.,0.,1.));
#10445=DIRECTION('',(0.,1.,0.));
#10446=DIRECTION('',(-0.22233207183589,0.,0.974970999483144));
#10447=DIRECTION('',(0.,1.,0.));
#10448=DIRECTION('',(0.,0.,1.));
#10449=DIRECTION('',(0.,1.,0.));
#10450=DIRECTION('',(0.,1.,0.));
#10451=DIRECTION('',(0.,0.,1.));
#10452=DIRECTION('',(0.,1.,0.));
#10453=DIRECTION('',(0.,1.,0.));
#10454=DIRECTION('',(0.,1.,0.));
#10455=DIRECTION('',(0.,1.,0.));
#10456=DIRECTION('',(0.,1.,0.));
#10457=DIRECTION('',(0.,1.,0.));
#10458=DIRECTION('',(0.,1.,0.));
#10459=DIRECTION('',(0.,1.,0.));
#10460=DIRECTION('',(0.,1.,0.));
#10461=DIRECTION('',(0.,1.,0.));
#10462=DIRECTION('',(0.,1.,0.));
#10463=DIRECTION('',(0.,0.,1.));
#10464=DIRECTION('',(1.,0.,0.));
#10465=DIRECTION('',(1.,0.,0.));
#10466=DIRECTION('',(0.,1.,0.));
#10467=DIRECTION('',(1.,0.,0.));
#10468=DIRECTION('',(0.,1.,0.));
#10469=DIRECTION('',(0.,1.,0.));
#10470=DIRECTION('',(0.,1.,0.));
#10471=DIRECTION('',(0.145555892550248,0.,0.989350030142972));
#10472=DIRECTION('',(0.,1.,0.));
#10473=DIRECTION('',(0.,0.,1.));
#10474=DIRECTION('',(0.,1.,0.));
#10475=DIRECTION('',(0.,1.,0.));
#10476=DIRECTION('',(0.,0.,1.));
#10477=DIRECTION('',(1.,0.,0.));
#10478=DIRECTION('',(0.,0.,-1.));
#10479=DIRECTION('',(0.,0.,-1.));
#10480=DIRECTION('',(0.,1.,0.));
#10481=DIRECTION('',(0.,0.,-1.));
#10482=DIRECTION('',(0.,1.,0.));
#10483=DIRECTION('',(0.,-1.,0.));
#10484=DIRECTION('',(1.,0.,0.));
#10485=DIRECTION('',(0.,-1.,0.));
#10486=DIRECTION('',(1.,0.,0.));
#10487=DIRECTION('',(-2.84675041872796E-9,6.76147443933463E-9,1.));
#10488=DIRECTION('',(1.,1.18430883469575E-9,2.84675041072028E-9));
#10489=DIRECTION('',(0.,0.,1.));
#10490=DIRECTION('',(1.,0.,0.));
#10491=DIRECTION('',(1.,0.,0.));
#10492=DIRECTION('',(0.,1.,0.));
#10493=DIRECTION('',(1.,0.,0.));
#10494=DIRECTION('',(0.,1.,0.));
#10495=DIRECTION('',(-0.942277664816459,0.,0.334832499002173));
#10496=DIRECTION('',(0.334832499002173,0.,0.942277664816459));
#10497=DIRECTION('',(0.334832499002173,0.,0.942277664816459));
#10498=DIRECTION('',(0.,1.,0.));
#10499=DIRECTION('',(0.334832499002173,0.,0.942277664816459));
#10500=DIRECTION('',(0.,1.,0.));
#10501=DIRECTION('',(-0.960163768363165,0.,0.279437896360973));
#10502=DIRECTION('',(0.,1.,0.));
#10503=DIRECTION('',(0.,0.,1.));
#10504=DIRECTION('',(0.,1.,0.));
#10505=DIRECTION('',(0.,1.,0.));
#10506=DIRECTION('',(0.,0.,1.));
#10507=DIRECTION('',(0.,1.,0.));
#10508=DIRECTION('',(0.960798520019635,0.,0.277247549904558));
#10509=DIRECTION('',(0.,1.,0.));
#10510=DIRECTION('',(0.,0.,1.));
#10511=DIRECTION('',(0.,1.,0.));
#10512=DIRECTION('',(0.,1.,0.));
#10513=DIRECTION('',(0.,0.,1.));
#10514=DIRECTION('',(0.942317505592499,0.,0.33472035888773));
#10515=DIRECTION('',(0.33472035888773,0.,-0.942317505592499));
#10516=DIRECTION('',(0.33472035888773,0.,-0.942317505592499));
#10517=DIRECTION('',(0.,1.,0.));
#10518=DIRECTION('',(0.33472035888773,0.,-0.942317505592499));
#10519=DIRECTION('',(0.,0.,1.));
#10520=DIRECTION('',(1.,0.,0.));
#10521=DIRECTION('',(1.,0.,0.));
#10522=DIRECTION('',(0.,1.,0.));
#10523=DIRECTION('',(1.,0.,0.));
#10524=DIRECTION('',(-0.941335699519529,0.,-0.337471629637335));
#10525=DIRECTION('',(-0.337471629637335,0.,0.941335699519529));
#10526=DIRECTION('',(-0.337471629637335,0.,0.941335699519529));
#10527=DIRECTION('',(0.,1.,0.));
#10528=DIRECTION('',(-0.337471629637335,0.,0.941335699519529));
#10529=DIRECTION('',(0.,0.,-1.));
#10530=DIRECTION('',(-1.,0.,0.));
#10531=DIRECTION('',(-1.,0.,0.));
#10532=DIRECTION('',(0.,1.,0.));
#10533=DIRECTION('',(-1.,0.,0.));
#10534=DIRECTION('',(0.94081126488676,0.,-0.33893091311088));
#10535=DIRECTION('',(-0.33893091311088,0.,-0.94081126488676));
#10536=DIRECTION('',(-0.33893091311088,0.,-0.94081126488676));
#10537=DIRECTION('',(-0.33893091311088,0.,-0.94081126488676));
#10538=DIRECTION('',(0.,-1.,0.));
#10539=DIRECTION('',(1.,0.,0.));
#10540=DIRECTION('',(0.,-1.,0.));
#10541=DIRECTION('',(1.,0.,0.));
#10542=DIRECTION('',(-2.84675041872796E-9,6.76147443933463E-9,1.));
#10543=DIRECTION('',(1.,1.18430883469575E-9,2.84675041072028E-9));
#10544=DIRECTION('',(0.,-1.,0.));
#10545=DIRECTION('',(1.,0.,0.));
#10546=DIRECTION('',(-1.,0.,0.));
#10547=DIRECTION('',(0.,0.,1.));
#10548=DIRECTION('',(1.,0.,0.));
#10549=DIRECTION('',(0.,0.,-1.));
#10550=DIRECTION('',(0.,0.,1.));
#10551=DIRECTION('',(1.,0.,0.));
#10552=DIRECTION('',(0.,1.,0.));
#10553=DIRECTION('',(1.,0.,0.));
#10554=DIRECTION('',(1.,0.,0.));
#10555=DIRECTION('',(0.,1.,0.));
#10556=DIRECTION('',(0.,0.,-1.));
#10557=DIRECTION('',(-1.,0.,0.));
#10558=DIRECTION('',(1.,0.,0.));
#10559=DIRECTION('',(0.,1.,0.));
#10560=DIRECTION('',(1.,0.,0.));
#10561=DIRECTION('',(0.,-1.,0.));
#10562=DIRECTION('',(0.,0.,-1.));
#10563=DIRECTION('',(-1.,0.,0.));
#10564=DIRECTION('',(0.,1.,0.));
#10565=DIRECTION('',(1.,0.,0.));
#10566=DIRECTION('',(0.,-1.,0.));
#10567=DIRECTION('',(1.,0.,0.));
#10568=DIRECTION('',(0.,-1.,0.));
#10569=DIRECTION('',(0.,0.,-1.));
#10570=DIRECTION('',(0.,-1.,0.));
#10571=DIRECTION('',(0.,0.,-1.));
#10572=DIRECTION('',(0.,-1.,0.));
#10573=DIRECTION('',(0.,0.,-1.));
#10574=DIRECTION('',(0.681130167121609,0.,0.732162342269042));
#10575=DIRECTION('',(0.00159345952890571,0.,-0.999998730442559));
#10576=DIRECTION('',(-1.,0.,0.));
#10577=DIRECTION('',(-0.00159345952890753,0.,-0.999998730442559));
#10578=DIRECTION('',(1.,0.,0.));
#10579=DIRECTION('',(0.,0.,-1.));
#10580=DIRECTION('',(0.,0.,-1.));
#10581=DIRECTION('',(0.,-1.,0.));
#10582=DIRECTION('',(1.,0.,0.));
#10583=DIRECTION('',(1.,0.,0.));
#10584=DIRECTION('',(0.,0.,-1.));
#10585=DIRECTION('',(1.,0.,0.));
#10586=DIRECTION('',(0.,0.,-1.));
#10587=DIRECTION('',(1.,0.,0.));
#10588=DIRECTION('',(0.,0.,-1.));
#10589=DIRECTION('',(0.,0.,-1.));
#10590=DIRECTION('',(0.,1.,0.));
#10591=DIRECTION('',(0.,1.,0.));
#10592=DIRECTION('',(0.,0.,1.));
#10593=DIRECTION('',(1.,0.,0.));
#10594=DIRECTION('',(1.,0.,0.));
#10595=DIRECTION('',(0.,1.,0.));
#10596=DIRECTION('',(1.,0.,0.));
#10597=DIRECTION('',(0.,0.,-1.));
#10598=DIRECTION('',(0.,0.,-1.));
#10599=DIRECTION('',(0.,1.,0.));
#10600=DIRECTION('',(0.,0.,1.));
#10601=DIRECTION('',(1.,0.,0.));
#10602=DIRECTION('',(1.,0.,0.));
#10603=DIRECTION('',(0.,-1.,0.));
#10604=DIRECTION('',(1.,0.,0.));
#10605=DIRECTION('',(0.,0.,-1.));
#10606=DIRECTION('',(-1.,0.,0.));
#10607=DIRECTION('',(0.,0.,-1.));
#10608=DIRECTION('',(-1.,0.,0.));
#10609=DIRECTION('',(0.,0.,-1.));
#10610=DIRECTION('',(-1.,0.,0.));
#10611=DIRECTION('',(-1.,0.,0.));
#10612=DIRECTION('',(0.,1.,0.));
#10613=DIRECTION('',(0.,1.,0.));
#10614=DIRECTION('',(1.,0.,0.));
#10615=DIRECTION('',(0.,0.,-1.));
#10616=DIRECTION('',(0.,0.,-1.));
#10617=DIRECTION('',(0.,1.,0.));
#10618=DIRECTION('',(0.,0.,-1.));
#10619=DIRECTION('',(-1.,0.,0.));
#10620=DIRECTION('',(-1.,0.,0.));
#10621=DIRECTION('',(0.,1.,0.));
#10622=DIRECTION('',(1.,0.,0.));
#10623=DIRECTION('',(0.,0.,-1.));
#10624=DIRECTION('',(0.,0.,-1.));
#10625=DIRECTION('',(0.,0.,-1.));
#10626=DIRECTION('',(-1.,0.,0.));
#10627=DIRECTION('',(0.,1.,0.));
#10628=DIRECTION('',(0.,1.,0.));
#10629=DIRECTION('',(-1.,0.,0.));
#10630=DIRECTION('',(-1.,0.,0.));
#10631=DIRECTION('',(0.,-1.,0.));
#10632=DIRECTION('',(0.,0.,-1.));
#10633=DIRECTION('',(0.,-1.,0.));
#10634=DIRECTION('',(0.,0.,-1.));
#10635=DIRECTION('',(0.,-1.,0.));
#10636=DIRECTION('',(0.,0.,-1.));
#10637=DIRECTION('',(0.,-1.,0.));
#10638=DIRECTION('',(0.,0.,-1.));
#10639=DIRECTION('',(0.,-1.,0.));
#10640=DIRECTION('',(1.,0.,0.));
#10641=DIRECTION('',(1.,0.,0.));
#10642=DIRECTION('',(0.,0.,-1.));
#10643=DIRECTION('',(1.,0.,0.));
#10644=DIRECTION('',(0.,0.,-1.));
#10645=DIRECTION('',(0.,0.,-1.));
#10646=DIRECTION('',(1.,0.,0.));
#10647=DIRECTION('',(0.,0.,-1.));
#10648=DIRECTION('',(1.,0.,0.));
#10649=DIRECTION('',(1.,0.,0.));
#10650=DIRECTION('',(0.,0.,-1.));
#10651=DIRECTION('',(0.,0.,-1.));
#10652=DIRECTION('',(0.,1.,0.));
#10653=DIRECTION('',(0.,1.,0.));
#10654=DIRECTION('',(0.,0.,1.));
#10655=DIRECTION('',(1.,0.,0.));
#10656=DIRECTION('',(1.,0.,0.));
#10657=DIRECTION('',(0.,1.,0.));
#10658=DIRECTION('',(0.,1.,0.));
#10659=DIRECTION('',(1.,0.,0.));
#10660=DIRECTION('',(0.,0.,-1.));
#10661=DIRECTION('',(0.,0.,-1.));
#10662=DIRECTION('',(0.,1.,0.));
#10663=DIRECTION('',(0.,0.,1.));
#10664=DIRECTION('',(1.,0.,0.));
#10665=DIRECTION('',(1.,0.,0.));
#10666=DIRECTION('',(0.,1.,0.));
#10667=DIRECTION('',(1.,0.,0.));
#10668=DIRECTION('',(0.,0.,-1.));
#10669=DIRECTION('',(0.,0.,-1.));
#10670=DIRECTION('',(0.,0.,1.));
#10671=DIRECTION('',(1.,0.,0.));
#10672=DIRECTION('',(1.,0.,0.));
#10673=DIRECTION('',(0.,1.,0.));
#10674=DIRECTION('',(1.,0.,0.));
#10675=DIRECTION('',(0.,0.,-1.));
#10676=DIRECTION('',(0.,0.,-1.));
#10677=DIRECTION('',(0.,1.,0.));
#10678=DIRECTION('',(0.,0.,1.));
#10679=DIRECTION('',(1.,0.,0.));
#10680=DIRECTION('',(1.,0.,0.));
#10681=DIRECTION('',(-1.,0.,0.));
#10682=DIRECTION('',(0.,0.,1.));
#10683=DIRECTION('',(0.,0.,-1.));
#10684=DIRECTION('',(-1.,0.,0.));
#10685=DIRECTION('',(0.,0.,1.));
#10686=DIRECTION('',(0.,0.,1.));
#10687=DIRECTION('',(0.999998730442559,0.,0.00159345952890571));
#10688=DIRECTION('',(0.00159345952890571,0.,-0.999998730442559));
#10689=DIRECTION('',(0.,1.,0.));
#10690=DIRECTION('',(0.00159345952890571,0.,-0.999998730442559));
#10691=DIRECTION('',(0.,1.,0.));
#10692=DIRECTION('',(0.,0.,-1.));
#10693=DIRECTION('',(-1.,0.,0.));
#10694=DIRECTION('',(-1.,0.,0.));
#10695=DIRECTION('',(0.,1.,0.));
#10696=DIRECTION('',(0.999998730442559,0.,-0.00159345952890753));
#10697=DIRECTION('',(-0.00159345952890753,0.,-0.999998730442559));
#10698=DIRECTION('',(-0.00159345952890753,0.,-0.999998730442559));
#10699=DIRECTION('',(0.,1.,0.));
#10700=DIRECTION('',(0.,0.,1.));
#10701=DIRECTION('',(1.,0.,0.));
#10702=DIRECTION('',(1.,0.,0.));
#10703=DIRECTION('',(0.,1.,0.));
#10704=DIRECTION('',(-0.732162342269042,0.,0.681130167121609));
#10705=DIRECTION('',(0.681130167121609,0.,0.732162342269042));
#10706=DIRECTION('',(0.681130167121609,0.,0.732162342269042));
#10707=DIRECTION('',(0.,1.,0.));
#10708=DIRECTION('',(0.,0.,1.));
#10709=DIRECTION('',(0.,1.,0.));
#10710=DIRECTION('',(0.,0.,1.));
#10711=DIRECTION('',(0.,0.,-1.));
#10712=DIRECTION('',(0.,0.,-1.));
#10713=DIRECTION('',(0.,0.,-1.));
#10714=DIRECTION('',(0.,-1.,0.));
#10715=DIRECTION('',(1.,0.,0.));
#10716=DIRECTION('',(0.,0.,-1.));
#10717=DIRECTION('',(-1.,0.,0.));
#10718=DIRECTION('',(0.,0.,1.));
#10719=DIRECTION('',(1.,0.,0.));
#10720=DIRECTION('',(0.,0.,-1.));
#10721=DIRECTION('',(-2.84675041872796E-9,6.76147443933464E-9,1.));
#10722=DIRECTION('',(1.,1.18430883469575E-9,2.84675041072029E-9));
#10723=DIRECTION('',(0.,1.,0.));
#10724=DIRECTION('',(0.,1.,0.));
#10725=DIRECTION('',(0.,1.,0.));
#10726=DIRECTION('',(0.,1.,0.));
#10727=DIRECTION('',(0.,1.,0.));
#10728=DIRECTION('',(0.,1.,0.));
#10729=DIRECTION('',(0.,1.,0.));
#10730=DIRECTION('',(0.,1.,0.));
#10731=DIRECTION('',(0.,1.,0.));
#10732=DIRECTION('',(0.,1.,0.));
#10733=DIRECTION('',(0.,1.,0.));
#10734=DIRECTION('',(0.,1.,0.));
#10735=DIRECTION('',(0.,1.,0.));
#10736=DIRECTION('',(0.,1.,0.));
#10737=DIRECTION('',(0.,1.,0.));
#10738=DIRECTION('',(0.,1.,0.));
#10739=DIRECTION('',(0.,-1.,0.));
#10740=DIRECTION('',(1.,0.,0.));
#10741=DIRECTION('',(0.,-1.,0.));
#10742=DIRECTION('',(1.,0.,0.));
#10743=DIRECTION('',(-2.84675041872796E-9,6.76147443933463E-9,1.));
#10744=DIRECTION('',(1.,1.18430883469575E-9,2.84675041072028E-9));
#10745=DIRECTION('',(-2.84675041872795E-9,6.7614744393346E-9,1.));
#10746=DIRECTION('',(1.,1.18430883469575E-9,2.84675041072027E-9));
#10747=DIRECTION('',(-2.84675041872795E-9,6.7614744393346E-9,1.));
#10748=DIRECTION('',(1.,1.18430883469575E-9,2.84675041072027E-9));
#10749=DIRECTION('',(-2.84675041872795E-9,6.7614744393346E-9,1.));
#10750=DIRECTION('',(1.,1.18430883469575E-9,2.84675041072027E-9));
#10751=DIRECTION('',(-2.84675041872796E-9,6.76147443933463E-9,1.));
#10752=DIRECTION('',(1.,1.18430883469575E-9,2.84675041072028E-9));
#10753=DIRECTION('',(0.,1.,0.));
#10754=DIRECTION('',(0.,0.,1.));
#10755=DIRECTION('',(0.,1.,0.));
#10756=DIRECTION('',(0.,0.,1.));
#10757=DIRECTION('',(0.,1.,0.));
#10758=DIRECTION('',(0.,0.,1.));
#10759=DIRECTION('',(0.,1.,0.));
#10760=DIRECTION('',(0.,0.,1.));
#10761=DIRECTION('',(0.,1.,0.));
#10762=DIRECTION('',(-1.,0.,0.));
#10763=DIRECTION('',(-2.84675041872796E-9,6.76147443933464E-9,1.));
#10764=DIRECTION('',(1.,1.18430883469575E-9,2.84675041072029E-9));
#10765=DIRECTION('',(-2.84675041872795E-9,6.7614744393346E-9,1.));
#10766=DIRECTION('',(1.,1.18430883469575E-9,2.84675041072027E-9));
#10767=DIRECTION('',(-2.84675041872795E-9,6.76147443933463E-9,1.));
#10768=DIRECTION('',(1.,1.18430885394398E-9,2.84675041072028E-9));
#10769=DIRECTION('',(0.,1.,0.));
#10770=DIRECTION('',(0.,0.,1.));
#10771=DIRECTION('',(0.,-1.,0.));
#10772=DIRECTION('',(0.,0.,-1.));
#10773=DIRECTION('',(0.,-1.,0.));
#10774=DIRECTION('',(0.,0.,-1.));
#10775=DIRECTION('',(0.,1.,0.));
#10776=DIRECTION('',(0.,0.,1.));
#10777=DIRECTION('',(0.,1.,0.));
#10778=DIRECTION('',(0.,0.,1.));
#10779=DIRECTION('',(0.,1.,0.));
#10780=DIRECTION('',(0.,0.,1.));
#10781=DIRECTION('',(0.,0.,-1.));
#10782=DIRECTION('',(1.,0.,0.));
#10783=DIRECTION('',(0.,0.,-1.));
#10784=DIRECTION('',(1.,0.,0.));
#10785=DIRECTION('',(0.,1.,0.));
#10786=DIRECTION('',(0.,0.,1.));
#10787=DIRECTION('',(0.,0.,1.));
#10788=DIRECTION('',(1.,0.,0.));
#10789=DIRECTION('',(0.,0.,1.));
#10790=DIRECTION('',(1.,0.,0.));
#10791=DIRECTION('',(0.,1.,0.));
#10792=DIRECTION('',(0.,0.,1.));
#10793=DIRECTION('',(0.,1.,0.));
#10794=DIRECTION('',(0.,0.,1.));
#10795=DIRECTION('',(0.,1.,0.));
#10796=DIRECTION('',(0.,0.,1.));
#10797=DIRECTION('',(0.,1.,0.));
#10798=DIRECTION('',(0.,0.,1.));
#10799=DIRECTION('',(1.,0.,0.));
#10800=DIRECTION('',(0.,0.,1.));
#10801=DIRECTION('',(1.,0.,0.));
#10802=DIRECTION('',(0.,0.,1.));
#10803=DIRECTION('',(-1.,0.,0.));
#10804=DIRECTION('',(0.,0.,1.));
#10805=DIRECTION('',(-1.,0.,0.));
#10806=DIRECTION('',(0.,0.,1.));
#10807=DIRECTION('',(1.,0.,0.));
#10808=DIRECTION('',(0.,0.,1.));
#10809=DIRECTION('',(1.,0.,0.));
#10810=DIRECTION('',(0.,0.,1.));
#10811=DIRECTION('',(0.,0.,-1.));
#10812=DIRECTION('',(1.,0.,0.));
#10813=DIRECTION('',(1.,0.,0.));
#10814=DIRECTION('',(0.,1.,0.));
#10815=DIRECTION('',(1.,0.,0.));
#10816=DIRECTION('',(0.,1.,0.));
#10817=DIRECTION('',(0.,1.,0.));
#10818=DIRECTION('',(0.,0.,1.));
#10819=DIRECTION('',(0.,1.,0.));
#10820=DIRECTION('',(0.,0.,1.));
#10821=DIRECTION('',(0.,0.,1.));
#10822=DIRECTION('',(1.,0.,0.));
#10823=DIRECTION('',(0.,0.,-1.));
#10824=DIRECTION('',(0.,1.,0.));
#10825=DIRECTION('',(0.,0.,1.));
#10826=DIRECTION('',(0.,1.,0.));
#10827=DIRECTION('',(0.,0.,1.));
#10828=DIRECTION('',(1.,0.,0.));
#10829=DIRECTION('',(0.,0.,1.));
#10830=DIRECTION('',(0.,0.,-1.));
#10831=DIRECTION('',(0.,1.,0.));
#10832=DIRECTION('',(0.,0.,1.));
#10833=DIRECTION('',(0.,0.,-1.));
#10834=DIRECTION('',(0.,0.,1.));
#10835=DIRECTION('',(1.,0.,0.));
#10836=DIRECTION('',(0.,-1.,0.));
#10837=DIRECTION('',(0.,-1.,0.));
#10838=DIRECTION('',(0.,1.,0.));
#10839=DIRECTION('',(-1.,0.,0.));
#10840=DIRECTION('',(0.,1.,0.));
#10841=DIRECTION('',(-1.,0.,0.));
#10842=DIRECTION('',(0.,0.,1.));
#10843=DIRECTION('',(1.,0.,0.));
#10844=DIRECTION('',(0.,1.,0.));
#10845=DIRECTION('',(-1.,0.,0.));
#10846=DIRECTION('',(0.,1.,0.));
#10847=DIRECTION('',(-1.,0.,0.));
#10848=DIRECTION('',(0.,-1.,0.));
#10849=DIRECTION('',(0.,-1.,0.));
#10850=DIRECTION('',(0.,1.,0.));
#10851=DIRECTION('',(0.,-1.,0.));
#10852=DIRECTION('',(0.,-1.,0.));
#10853=DIRECTION('',(0.,0.,-1.));
#10854=DIRECTION('',(0.,1.,0.));
#10855=DIRECTION('',(0.,0.,1.));
#10856=DIRECTION('',(0.,1.,0.));
#10857=DIRECTION('',(0.,0.,1.));
#10858=DIRECTION('',(0.,1.,0.));
#10859=DIRECTION('',(0.,0.,1.));
#10860=DIRECTION('',(0.,-1.,0.));
#10861=DIRECTION('',(0.,0.,-1.));
#10862=DIRECTION('',(0.,-1.,0.));
#10863=DIRECTION('',(0.,0.,-1.));
#10864=DIRECTION('',(0.,-1.,0.));
#10865=DIRECTION('',(1.,0.,0.));
#10866=DIRECTION('',(0.,0.,1.));
#10867=DIRECTION('',(0.,-1.,0.));
#10868=DIRECTION('',(0.,0.,-1.));
#10869=DIRECTION('',(0.,-1.,0.));
#10870=DIRECTION('',(0.,0.,-1.));
#10871=DIRECTION('',(0.,-1.,0.));
#10872=DIRECTION('',(0.,-1.,0.));
#10873=DIRECTION('',(0.,0.,-1.));
#10874=DIRECTION('',(0.,-1.,0.));
#10875=DIRECTION('',(0.,-1.,0.));
#10876=DIRECTION('',(1.,0.,0.));
#10877=DIRECTION('',(0.,-1.,0.));
#10878=DIRECTION('',(0.,0.,-1.));
#10879=DIRECTION('',(0.,0.,1.));
#10880=DIRECTION('',(0.,-1.,0.));
#10881=DIRECTION('',(0.,0.,-1.));
#10882=DIRECTION('',(0.,-1.,0.));
#10883=DIRECTION('',(0.,-1.,0.));
#10884=DIRECTION('',(-1.,0.,0.));
#10885=DIRECTION('',(0.,0.,1.));
#10886=DIRECTION('',(0.,0.,-1.));
#10887=DIRECTION('',(1.,0.,0.));
#10888=DIRECTION('',(0.,1.,0.));
#10889=DIRECTION('',(-1.,0.,0.));
#10890=DIRECTION('',(0.,1.,0.));
#10891=DIRECTION('',(-1.,0.,0.));
#10892=DIRECTION('',(-1.,0.,0.));
#10893=DIRECTION('',(0.,0.,1.));
#10894=DIRECTION('',(0.,0.,-1.));
#10895=DIRECTION('',(0.,0.,-1.));
#10896=DIRECTION('',(0.,0.,-1.));
#10897=DIRECTION('',(-1.,0.,0.));
#10898=DIRECTION('',(0.,0.,1.));
#10899=DIRECTION('',(0.,0.,-1.));
#10900=DIRECTION('',(0.,0.,-1.));
#10901=DIRECTION('',(0.,-1.,0.));
#10902=DIRECTION('',(0.,0.,-1.));
#10903=DIRECTION('',(0.,-1.,0.));
#10904=DIRECTION('',(0.,0.,-1.));
#10905=DIRECTION('',(0.,-1.,0.));
#10906=DIRECTION('',(0.,0.,-1.));
#10907=DIRECTION('',(0.,0.,1.));
#10908=DIRECTION('',(1.,0.,0.));
#10909=DIRECTION('',(0.,1.,0.));
#10910=DIRECTION('',(-1.,0.,0.));
#10911=DIRECTION('',(0.,1.,0.));
#10912=DIRECTION('',(-1.,0.,0.));
#10913=DIRECTION('',(0.,-1.,0.));
#10914=DIRECTION('',(0.,0.,-1.));
#10915=DIRECTION('',(0.,-1.,0.));
#10916=DIRECTION('',(0.,0.,-1.));
#10917=DIRECTION('',(0.,1.,0.));
#10918=DIRECTION('',(0.,0.,1.));
#10919=DIRECTION('',(1.,0.,0.));
#10920=DIRECTION('',(0.,0.,-1.));
#10921=DIRECTION('',(0.,0.,1.));
#10922=DIRECTION('',(0.,0.,1.));
#10923=DIRECTION('',(0.,1.,0.));
#10924=DIRECTION('',(0.,0.,1.));
#10925=DIRECTION('',(0.,0.,1.));
#10926=DIRECTION('',(1.,0.,0.));
#10927=DIRECTION('',(0.,0.,-1.));
#10928=DIRECTION('',(0.,0.,1.));
#10929=DIRECTION('',(0.,1.,0.));
#10930=DIRECTION('',(0.,0.,1.));
#10931=DIRECTION('',(0.,-1.,0.));
#10932=DIRECTION('',(0.,0.,-1.));
#10933=DIRECTION('',(0.,0.,-1.));
#10934=DIRECTION('',(-1.,0.,0.));
#10935=DIRECTION('',(0.,-1.,0.));
#10936=DIRECTION('',(0.,-1.,0.));
#10937=DIRECTION('',(1.,0.,0.));
#10938=DIRECTION('',(0.,-1.,0.));
#10939=DIRECTION('',(1.,0.,0.));
#10940=DIRECTION('',(0.,0.,-1.));
#10941=DIRECTION('',(0.,0.,1.));
#10942=DIRECTION('',(0.,-1.,0.));
#10943=DIRECTION('',(0.,0.,1.));
#10944=DIRECTION('',(0.,0.,-1.));
#10945=DIRECTION('',(-1.,0.,0.));
#10946=DIRECTION('',(0.,-1.,0.));
#10947=DIRECTION('',(1.,0.,0.));
#10948=DIRECTION('',(0.,-1.,0.));
#10949=DIRECTION('',(1.,0.,0.));
#10950=DIRECTION('',(0.,0.,-1.));
#10951=DIRECTION('',(0.,0.,1.));
#10952=DIRECTION('',(0.,1.,0.));
#10953=DIRECTION('',(-1.,0.,0.));
#10954=DIRECTION('',(1.,0.,0.));
#10955=DIRECTION('',(0.,0.,-1.));
#10956=DIRECTION('',(0.,0.,1.));
#10957=DIRECTION('',(0.,-1.,0.));
#10958=DIRECTION('',(0.,0.,1.));
#10959=DIRECTION('',(0.,-1.,0.));
#10960=DIRECTION('',(0.,0.,1.));
#10961=DIRECTION('',(1.,0.,0.));
#10962=DIRECTION('',(0.,-1.,0.));
#10963=DIRECTION('',(-1.,0.,0.));
#10964=DIRECTION('',(0.,-1.,0.));
#10965=DIRECTION('',(1.,0.,0.));
#10966=DIRECTION('',(0.,0.,-1.));
#10967=DIRECTION('',(0.,-1.,0.));
#10968=DIRECTION('',(0.,0.,1.));
#10969=DIRECTION('',(0.,0.,1.));
#10970=DIRECTION('',(1.,0.,0.));
#10971=DIRECTION('',(0.,-1.,0.));
#10972=DIRECTION('',(-1.,0.,0.));
#10973=DIRECTION('',(0.,1.,0.));
#10974=DIRECTION('',(-1.,0.,0.));
#10975=DIRECTION('',(1.,0.,0.));
#10976=DIRECTION('',(0.,0.,-1.));
#10977=DIRECTION('',(0.,0.,1.));
#10978=DIRECTION('',(0.,-1.,0.));
#10979=DIRECTION('',(1.,0.,0.));
#10980=DIRECTION('',(0.,0.,-1.));
#10981=DIRECTION('',(0.,0.,1.));
#10982=DIRECTION('',(0.,-1.,0.));
#10983=DIRECTION('',(0.,1.,0.));
#10984=DIRECTION('',(-1.,0.,0.));
#10985=DIRECTION('',(0.,1.,0.));
#10986=DIRECTION('',(0.,0.,1.));
#10987=DIRECTION('',(1.,0.,0.));
#10988=DIRECTION('',(0.,0.,-1.));
#10989=DIRECTION('',(0.,0.,1.));
#10990=DIRECTION('',(0.,-1.,0.));
#10991=DIRECTION('',(0.,0.,-1.));
#10992=DIRECTION('',(-1.,0.,0.));
#10993=DIRECTION('',(0.,-1.,0.));
#10994=DIRECTION('',(1.,0.,0.));
#10995=DIRECTION('',(1.,0.,0.));
#10996=DIRECTION('',(0.,0.,-1.));
#10997=DIRECTION('',(0.,0.,1.));
#10998=DIRECTION('',(0.,0.,-1.));
#10999=DIRECTION('',(-1.,0.,0.));
#11000=DIRECTION('',(1.,0.,0.));
#11001=DIRECTION('',(0.,-1.,0.));
#11002=DIRECTION('',(0.,0.,-1.));
#11003=DIRECTION('',(0.,1.,0.));
#11004=DIRECTION('',(0.,0.,1.));
#11005=DIRECTION('',(0.,1.,0.));
#11006=DIRECTION('',(-1.,0.,0.));
#11007=DIRECTION('',(0.,1.,0.));
#11008=DIRECTION('',(0.,0.,1.));
#11009=DIRECTION('',(0.,1.,0.));
#11010=DIRECTION('',(0.,0.,1.));
#11011=DIRECTION('',(0.,1.,0.));
#11012=DIRECTION('',(-1.,0.,0.));
#11013=DIRECTION('',(0.,1.,0.));
#11014=DIRECTION('',(0.,0.,1.));
#11015=DIRECTION('',(0.,1.,0.));
#11016=DIRECTION('',(0.,0.,1.));
#11017=DIRECTION('',(0.,1.,0.));
#11018=DIRECTION('',(-1.,0.,0.));
#11019=DIRECTION('',(-1.,0.,0.));
#11020=DIRECTION('',(0.,0.,1.));
#11021=DIRECTION('',(-1.,0.,0.));
#11022=DIRECTION('',(0.,0.,1.));
#11023=DIRECTION('',(-2.84675041872795E-9,6.7614744393346E-9,1.));
#11024=DIRECTION('',(1.,1.18430883469575E-9,2.84675041072027E-9));
#11025=DIRECTION('',(-2.84675041872795E-9,6.76147443933463E-9,1.));
#11026=DIRECTION('',(1.,1.18430885394398E-9,2.84675041072028E-9));
#11027=DIRECTION('',(-2.84675041872795E-9,6.7614744393346E-9,1.));
#11028=DIRECTION('',(1.,1.18430883469575E-9,2.84675041072027E-9));
#11029=DIRECTION('',(0.,1.,0.));
#11030=DIRECTION('',(0.,0.,1.));
#11031=DIRECTION('',(0.,0.,-1.));
#11032=DIRECTION('',(1.,0.,0.));
#11033=DIRECTION('',(0.,0.,-1.));
#11034=DIRECTION('',(1.,0.,0.));
#11035=DIRECTION('',(-1.,0.,0.));
#11036=DIRECTION('',(0.,0.,-1.));
#11037=DIRECTION('',(-1.,0.,0.));
#11038=DIRECTION('',(0.,0.,-1.));
#11039=DIRECTION('',(0.,0.,-1.));
#11040=DIRECTION('',(1.,0.,0.));
#11041=DIRECTION('',(0.,0.,-1.));
#11042=DIRECTION('',(1.,0.,0.));
#11043=DIRECTION('',(0.,-1.,0.));
#11044=DIRECTION('',(0.,0.,-1.));
#11045=DIRECTION('',(0.,0.,-1.));
#11046=DIRECTION('',(1.,0.,0.));
#11047=DIRECTION('',(0.,0.,-1.));
#11048=DIRECTION('',(1.,0.,0.));
#11049=DIRECTION('',(0.,-1.,0.));
#11050=DIRECTION('',(0.,0.,-1.));
#11051=DIRECTION('',(0.,-1.,0.));
#11052=DIRECTION('',(0.,0.,-1.));
#11053=DIRECTION('',(0.,-1.,0.));
#11054=DIRECTION('',(1.,0.,0.));
#11055=DIRECTION('',(1.,0.,0.));
#11056=DIRECTION('',(0.,0.,-1.));
#11057=DIRECTION('',(1.,0.,0.));
#11058=DIRECTION('',(0.,0.,-1.));
#11059=DIRECTION('',(1.,0.,0.));
#11060=DIRECTION('',(0.,0.,-1.));
#11061=DIRECTION('',(0.,1.,0.));
#11062=DIRECTION('',(0.,1.,0.));
#11063=DIRECTION('',(0.,0.,1.));
#11064=DIRECTION('',(1.,0.,0.));
#11065=DIRECTION('',(0.,1.,0.));
#11066=DIRECTION('',(1.,0.,0.));
#11067=DIRECTION('',(0.,0.,-1.));
#11068=DIRECTION('',(0.,1.,0.));
#11069=DIRECTION('',(0.,0.,1.));
#11070=DIRECTION('',(1.,0.,0.));
#11071=DIRECTION('',(0.,-1.,0.));
#11072=DIRECTION('',(1.,0.,0.));
#11073=DIRECTION('',(0.,0.,-1.));
#11074=DIRECTION('',(-1.,0.,0.));
#11075=DIRECTION('',(0.,0.,-1.));
#11076=DIRECTION('',(-1.,0.,0.));
#11077=DIRECTION('',(0.,0.,-1.));
#11078=DIRECTION('',(-1.,0.,0.));
#11079=DIRECTION('',(0.,1.,0.));
#11080=DIRECTION('',(0.,1.,0.));
#11081=DIRECTION('',(1.,0.,0.));
#11082=DIRECTION('',(0.,0.,-1.));
#11083=DIRECTION('',(0.,1.,0.));
#11084=DIRECTION('',(0.,0.,-1.));
#11085=DIRECTION('',(-1.,0.,0.));
#11086=DIRECTION('',(0.,1.,0.));
#11087=DIRECTION('',(1.,0.,0.));
#11088=DIRECTION('',(0.,0.,-1.));
#11089=DIRECTION('',(0.,-1.,0.));
#11090=DIRECTION('',(1.,0.,0.));
#11091=DIRECTION('',(1.,0.,0.));
#11092=DIRECTION('',(0.,0.,-1.));
#11093=DIRECTION('',(-1.,0.,0.));
#11094=DIRECTION('',(0.,0.,-1.));
#11095=DIRECTION('',(0.,0.,-1.));
#11096=DIRECTION('',(-1.,0.,0.));
#11097=DIRECTION('',(-1.,0.,0.));
#11098=DIRECTION('',(0.,1.,0.));
#11099=DIRECTION('',(0.,1.,0.));
#11100=DIRECTION('',(0.,0.,1.));
#11101=DIRECTION('',(1.,0.,0.));
#11102=DIRECTION('',(0.,1.,0.));
#11103=DIRECTION('',(0.,1.,0.));
#11104=DIRECTION('',(0.,-1.,0.));
#11105=DIRECTION('',(0.,0.,-1.));
#11106=DIRECTION('',(0.,-1.,0.));
#11107=DIRECTION('',(0.,0.,-1.));
#11108=DIRECTION('',(0.,-1.,0.));
#11109=DIRECTION('',(0.,-1.,0.));
#11110=DIRECTION('',(0.,-1.,0.));
#11111=DIRECTION('',(0.,0.,-1.));
#11112=DIRECTION('',(0.,-1.,0.));
#11113=DIRECTION('',(0.,0.,-1.));
#11114=DIRECTION('',(0.,-1.,0.));
#11115=DIRECTION('',(1.,0.,0.));
#11116=DIRECTION('',(1.,0.,0.));
#11117=DIRECTION('',(0.,0.,-1.));
#11118=DIRECTION('',(1.,0.,0.));
#11119=DIRECTION('',(0.,0.,-1.));
#11120=DIRECTION('',(0.,0.,-1.));
#11121=DIRECTION('',(1.,0.,0.));
#11122=DIRECTION('',(0.,0.,-1.));
#11123=DIRECTION('',(1.,0.,0.));
#11124=DIRECTION('',(1.,0.,0.));
#11125=DIRECTION('',(0.,0.,-1.));
#11126=DIRECTION('',(0.,1.,0.));
#11127=DIRECTION('',(0.,1.,0.));
#11128=DIRECTION('',(0.,0.,1.));
#11129=DIRECTION('',(1.,0.,0.));
#11130=DIRECTION('',(1.,0.,0.));
#11131=DIRECTION('',(0.,1.,0.));
#11132=DIRECTION('',(0.,1.,0.));
#11133=DIRECTION('',(1.,0.,0.));
#11134=DIRECTION('',(0.,0.,-1.));
#11135=DIRECTION('',(0.,0.,-1.));
#11136=DIRECTION('',(0.,1.,0.));
#11137=DIRECTION('',(0.,0.,1.));
#11138=DIRECTION('',(1.,0.,0.));
#11139=DIRECTION('',(1.,0.,0.));
#11140=DIRECTION('',(0.,1.,0.));
#11141=DIRECTION('',(1.,0.,0.));
#11142=DIRECTION('',(0.,0.,-1.));
#11143=DIRECTION('',(0.,0.,-1.));
#11144=DIRECTION('',(0.,0.,1.));
#11145=DIRECTION('',(1.,0.,0.));
#11146=DIRECTION('',(0.,1.,0.));
#11147=DIRECTION('',(1.,0.,0.));
#11148=DIRECTION('',(0.,0.,-1.));
#11149=DIRECTION('',(0.,1.,0.));
#11150=DIRECTION('',(0.,0.,1.));
#11151=DIRECTION('',(1.,0.,0.));
#11152=DIRECTION('',(0.,0.,-1.));
#11153=DIRECTION('',(-1.,0.,0.));
#11154=DIRECTION('',(0.,-1.,0.));
#11155=DIRECTION('',(1.,0.,0.));
#11156=DIRECTION('',(0.,-1.,0.));
#11157=DIRECTION('',(1.,0.,0.));
#11158=DIRECTION('',(-1.,0.,0.));
#11159=DIRECTION('',(0.,0.,1.));
#11160=DIRECTION('',(0.,0.,-1.));
#11161=DIRECTION('',(0.,-1.,0.));
#11162=DIRECTION('',(0.,0.,-1.));
#11163=DIRECTION('',(0.,0.,-1.));
#11164=DIRECTION('',(-1.,0.,0.));
#11165=DIRECTION('',(1.,0.,0.));
#11166=DIRECTION('',(0.,-1.,0.));
#11167=DIRECTION('',(-1.,0.,0.));
#11168=DIRECTION('',(0.,0.,1.));
#11169=DIRECTION('',(0.,0.,-1.));
#11170=DIRECTION('',(0.,0.,-1.));
#11171=DIRECTION('',(0.999998730442559,0.,0.00159345952890571));
#11172=DIRECTION('',(0.00159345952890571,0.,-0.999998730442559));
#11173=DIRECTION('',(0.,1.,0.));
#11174=DIRECTION('',(0.00159345952890571,0.,-0.999998730442559));
#11175=DIRECTION('',(0.,1.,0.));
#11176=DIRECTION('',(0.00159345952890571,0.,-0.999998730442559));
#11177=DIRECTION('',(0.,0.,-1.));
#11178=DIRECTION('',(-1.,0.,0.));
#11179=DIRECTION('',(-1.,0.,0.));
#11180=DIRECTION('',(0.,1.,0.));
#11181=DIRECTION('',(-1.,0.,0.));
#11182=DIRECTION('',(0.999998730442559,0.,-0.00159345952890753));
#11183=DIRECTION('',(-0.00159345952890753,0.,-0.999998730442559));
#11184=DIRECTION('',(-0.00159345952890753,0.,-0.999998730442559));
#11185=DIRECTION('',(0.,1.,0.));
#11186=DIRECTION('',(-0.00159345952890753,0.,-0.999998730442559));
#11187=DIRECTION('',(0.,0.,1.));
#11188=DIRECTION('',(1.,0.,0.));
#11189=DIRECTION('',(1.,0.,0.));
#11190=DIRECTION('',(0.,1.,0.));
#11191=DIRECTION('',(1.,0.,0.));
#11192=DIRECTION('',(-0.732162342269042,0.,0.681130167121609));
#11193=DIRECTION('',(0.681130167121609,0.,0.732162342269042));
#11194=DIRECTION('',(0.681130167121609,0.,0.732162342269042));
#11195=DIRECTION('',(0.681130167121609,0.,0.732162342269042));
#11196=DIRECTION('',(0.,-1.,0.));
#11197=DIRECTION('',(0.,0.,-1.));
#11198=DIRECTION('',(0.,-1.,0.));
#11199=DIRECTION('',(0.,0.,-1.));
#11200=DIRECTION('',(0.,1.,0.));
#11201=DIRECTION('',(0.,0.,1.));
#11202=DIRECTION('',(0.,1.,0.));
#11203=DIRECTION('',(0.,0.,1.));
#11204=DIRECTION('',(0.,-1.,0.));
#11205=DIRECTION('',(0.,0.,-1.));
#11206=DIRECTION('',(-2.84675041872795E-9,6.7614744393346E-9,1.));
#11207=DIRECTION('',(1.,1.18430883469575E-9,2.84675041072027E-9));
#11208=DIRECTION('',(0.,1.,0.));
#11209=DIRECTION('',(0.,0.,1.));
#11210=DIRECTION('',(0.,1.,0.));
#11211=DIRECTION('',(0.,0.,1.));
#11212=DIRECTION('',(0.,1.,0.));
#11213=DIRECTION('',(0.,0.,1.));
#11214=DIRECTION('',(0.,1.,0.));
#11215=DIRECTION('',(0.,0.,1.));
#11216=DIRECTION('',(0.,1.,0.));
#11217=DIRECTION('',(-1.,0.,0.));
#11218=DIRECTION('',(-2.84675041872795E-9,6.7614744393346E-9,1.));
#11219=DIRECTION('',(1.,1.18430883469575E-9,2.84675041072027E-9));
#11220=DIRECTION('',(0.,1.,0.));
#11221=DIRECTION('',(0.,0.,1.));
#11222=DIRECTION('',(0.,1.,0.));
#11223=DIRECTION('',(0.,0.,1.));
#11224=DIRECTION('',(0.,1.,0.));
#11225=DIRECTION('',(0.,0.,1.));
#11226=DIRECTION('',(0.,1.,0.));
#11227=DIRECTION('',(0.,0.,1.));
#11228=DIRECTION('',(0.,1.,0.));
#11229=DIRECTION('',(0.,0.,1.));
#11230=DIRECTION('',(1.,0.,0.));
#11231=DIRECTION('',(0.,0.,1.));
#11232=DIRECTION('',(1.,0.,0.));
#11233=DIRECTION('',(0.,0.,1.));
#11234=DIRECTION('',(-1.,0.,0.));
#11235=DIRECTION('',(0.,0.,1.));
#11236=DIRECTION('',(-1.,0.,0.));
#11237=DIRECTION('',(0.,0.,1.));
#11238=DIRECTION('',(1.,0.,0.));
#11239=DIRECTION('',(0.,0.,1.));
#11240=DIRECTION('',(1.,0.,0.));
#11241=DIRECTION('',(0.,0.,1.));
#11242=DIRECTION('',(1.,0.,0.));
#11243=DIRECTION('',(0.,0.,1.));
#11244=DIRECTION('',(1.,0.,0.));
#11245=DIRECTION('',(0.,0.,-1.));
#11246=DIRECTION('',(0.,0.,1.));
#11247=DIRECTION('',(1.,0.,0.));
#11248=DIRECTION('',(0.,-1.,0.));
#11249=DIRECTION('',(0.,1.,0.));
#11250=DIRECTION('',(1.,0.,0.));
#11251=DIRECTION('',(0.,1.,0.));
#11252=DIRECTION('',(1.,0.,0.));
#11253=DIRECTION('',(0.,1.,0.));
#11254=DIRECTION('',(1.,0.,0.));
#11255=DIRECTION('',(0.,-1.,0.));
#11256=DIRECTION('',(1.,0.,0.));
#11257=DIRECTION('',(0.,1.,0.));
#11258=DIRECTION('',(1.,0.,0.));
#11259=DIRECTION('',(0.,0.,-1.));
#11260=DIRECTION('',(1.,0.,0.));
#11261=DIRECTION('',(1.,0.,0.));
#11262=DIRECTION('',(0.,1.,0.));
#11263=DIRECTION('',(1.,0.,0.));
#11264=DIRECTION('',(0.,1.,0.));
#11265=DIRECTION('',(0.,1.,0.));
#11266=DIRECTION('',(0.,0.,1.));
#11267=DIRECTION('',(0.,0.,1.));
#11268=DIRECTION('',(0.,0.,-1.));
#11269=DIRECTION('',(0.,1.,0.));
#11270=DIRECTION('',(0.,0.,1.));
#11271=DIRECTION('',(0.,0.,1.));
#11272=DIRECTION('',(0.,0.,-1.));
#11273=DIRECTION('',(0.,0.,1.));
#11274=DIRECTION('',(1.,0.,0.));
#11275=DIRECTION('',(0.,0.,1.));
#11276=DIRECTION('',(1.,0.,0.));
#11277=DIRECTION('',(0.,-1.,0.));
#11278=DIRECTION('',(1.,0.,0.));
#11279=DIRECTION('',(0.,-1.,0.));
#11280=DIRECTION('',(0.,1.,0.));
#11281=DIRECTION('',(0.,0.,1.));
#11282=DIRECTION('',(-1.,0.,0.));
#11283=DIRECTION('',(-0.357433315245116,0.,0.933938662414661));
#11284=DIRECTION('',(-1.,0.,0.));
#11285=DIRECTION('',(0.,1.,0.));
#11286=DIRECTION('',(0.,0.,1.));
#11287=DIRECTION('',(0.,0.,-1.));
#11288=DIRECTION('',(-1.,0.,0.));
#11289=DIRECTION('',(0.,0.,1.));
#11290=DIRECTION('',(1.,0.,0.));
#11291=DIRECTION('',(0.358414677639013,0.,-0.933562487920826));
#11292=DIRECTION('',(1.,0.,0.));
#11293=DIRECTION('',(0.361001044035786,0.,0.932565411220614));
#11294=DIRECTION('',(1.,0.,0.));
#11295=DIRECTION('',(0.,0.,-1.));
#11296=DIRECTION('',(-1.,0.,0.));
#11297=DIRECTION('',(0.,0.,1.));
#11298=DIRECTION('',(0.,1.,0.));
#11299=DIRECTION('',(0.,0.,1.));
#11300=DIRECTION('',(-1.,0.,0.));
#11301=DIRECTION('',(-0.360508745614234,0.,-0.932755833182324));
#11302=DIRECTION('',(0.,0.,-1.));
#11303=DIRECTION('',(0.,1.,0.));
#11304=DIRECTION('',(0.,0.,1.));
#11305=DIRECTION('',(0.,1.,0.));
#11306=DIRECTION('',(0.,0.,1.));
#11307=DIRECTION('',(0.,0.,1.));
#11308=DIRECTION('',(0.,1.,0.));
#11309=DIRECTION('',(0.,0.,1.));
#11310=DIRECTION('',(0.,1.,0.));
#11311=DIRECTION('',(0.,0.,1.));
#11312=DIRECTION('',(-1.,0.,0.));
#11313=DIRECTION('',(0.,0.,1.));
#11314=DIRECTION('',(1.,0.,0.));
#11315=DIRECTION('',(0.,1.,0.));
#11316=DIRECTION('',(0.,0.,1.));
#11317=DIRECTION('',(-0.599267818720093,0.,0.80054861279404));
#11318=DIRECTION('',(0.,1.,0.));
#11319=DIRECTION('',(0.,0.,1.));
#11320=DIRECTION('',(0.,1.,0.));
#11321=DIRECTION('',(0.,0.,1.));
#11322=DIRECTION('',(0.,1.,0.));
#11323=DIRECTION('',(0.,0.,1.));
#11324=DIRECTION('',(0.,1.,0.));
#11325=DIRECTION('',(0.,0.,1.));
#11326=DIRECTION('',(0.,1.,0.));
#11327=DIRECTION('',(0.,0.,1.));
#11328=DIRECTION('',(0.,-1.,0.));
#11329=DIRECTION('',(0.,0.,-1.));
#11330=DIRECTION('',(0.,-1.,0.));
#11331=DIRECTION('',(0.,0.,-1.));
#11332=DIRECTION('',(0.,0.,-1.));
#11333=DIRECTION('',(0.,1.,0.));
#11334=DIRECTION('',(0.,0.,1.));
#11335=DIRECTION('',(1.,0.,0.));
#11336=DIRECTION('',(-1.,0.,0.));
#11337=DIRECTION('',(0.,0.,1.));
#11338=DIRECTION('',(1.,0.,0.));
#11339=DIRECTION('',(0.,0.,-1.));
#11340=DIRECTION('',(1.,0.,0.));
#11341=DIRECTION('',(0.,0.,-1.));
#11342=DIRECTION('',(0.,0.,-1.));
#11343=DIRECTION('',(-1.,0.,0.));
#11344=DIRECTION('',(0.,0.,1.));
#11345=DIRECTION('',(1.,0.,0.));
#11346=DIRECTION('',(0.,0.,-1.));
#11347=DIRECTION('',(-1.,0.,0.));
#11348=DIRECTION('',(0.,0.,-1.));
#11349=DIRECTION('',(1.,0.,0.));
#11350=DIRECTION('',(0.,0.,-1.));
#11351=DIRECTION('',(-1.,0.,0.));
#11352=DIRECTION('',(0.,0.,-1.));
#11353=DIRECTION('',(1.,0.,0.));
#11354=DIRECTION('',(0.33483249900217,0.,0.94227766481646));
#11355=DIRECTION('',(1.,0.,0.));
#11356=DIRECTION('',(-0.338930913110882,0.,-0.940811264886759));
#11357=DIRECTION('',(-1.,0.,0.));
#11358=DIRECTION('',(-0.337471629637334,0.,0.94133569951953));
#11359=DIRECTION('',(1.,0.,0.));
#11360=DIRECTION('',(0.334720358887725,0.,-0.9423175055925));
#11361=DIRECTION('',(0.,1.,0.));
#11362=DIRECTION('',(0.,0.,1.));
#11363=DIRECTION('',(0.,1.,0.));
#11364=DIRECTION('',(0.,0.,1.));
#11365=DIRECTION('',(0.,0.,-1.));
#11366=DIRECTION('',(0.,0.,-1.));
#11367=DIRECTION('',(0.,-1.,0.));
#11368=DIRECTION('',(0.,0.,-1.));
#11369=DIRECTION('',(0.,1.,0.));
#11370=DIRECTION('',(0.,0.,1.));
#11371=DIRECTION('',(0.,1.,0.));
#11372=DIRECTION('',(0.,0.,1.));
#11373=DIRECTION('',(0.,-1.,0.));
#11374=DIRECTION('',(0.,0.,-1.));
#11375=DIRECTION('',(0.,1.,0.));
#11376=DIRECTION('',(0.,0.,1.));
#11377=DIRECTION('',(0.,-1.,0.));
#11378=DIRECTION('',(0.,1.,0.));
#11379=DIRECTION('',(0.,0.,1.));
#11380=DIRECTION('',(0.,-1.,0.));
#11381=DIRECTION('',(0.,0.,1.));
#11382=DIRECTION('',(1.,0.,0.));
#11383=DIRECTION('',(0.,0.,1.));
#11384=DIRECTION('',(1.,0.,0.));
#11385=DIRECTION('',(0.,0.,1.));
#11386=DIRECTION('',(1.,0.,0.));
#11387=DIRECTION('',(0.,0.,1.));
#11388=DIRECTION('',(1.,0.,0.));
#11389=DIRECTION('',(0.,0.,1.));
#11390=DIRECTION('',(1.,0.,0.));
#11391=DIRECTION('',(0.,0.,-1.));
#11392=DIRECTION('',(-1.,0.,0.));
#11393=DIRECTION('',(0.,-1.,0.));
#11394=DIRECTION('',(1.,0.,0.));
#11395=DIRECTION('',(0.,-1.,0.));
#11396=DIRECTION('',(0.,0.,-1.));
#11397=DIRECTION('',(0.,-1.,0.));
#11398=DIRECTION('',(0.,0.,-1.));
#11399=DIRECTION('',(0.,-1.,0.));
#11400=DIRECTION('',(1.,0.,0.));
#11401=DIRECTION('',(0.,-1.,0.));
#11402=DIRECTION('',(0.,0.,-1.));
#11403=DIRECTION('',(0.,-1.,0.));
#11404=DIRECTION('',(0.,0.,-1.));
#11405=DIRECTION('',(-1.,0.,0.));
#11406=DIRECTION('',(0.,0.,1.));
#11407=DIRECTION('',(0.,0.,-1.));
#11408=DIRECTION('',(1.,0.,0.));
#11409=DIRECTION('',(1.,0.,0.));
#11410=DIRECTION('',(0.,1.,0.));
#11411=DIRECTION('',(1.,0.,0.));
#11412=DIRECTION('',(0.,1.,0.));
#11413=DIRECTION('',(0.,1.,0.));
#11414=DIRECTION('',(0.,0.,1.));
#11415=DIRECTION('',(0.,0.,-1.));
#11416=DIRECTION('',(0.,0.,-1.));
#11417=DIRECTION('',(0.,0.,-1.));
#11418=DIRECTION('',(-1.,0.,0.));
#11419=DIRECTION('',(0.,0.,1.));
#11420=DIRECTION('',(0.,0.,-1.));
#11421=DIRECTION('',(-1.,0.,0.));
#11422=DIRECTION('',(0.,0.,1.));
#11423=DIRECTION('',(0.,0.,-1.));
#11424=DIRECTION('',(0.,1.,0.));
#11425=DIRECTION('',(0.,0.,1.));
#11426=DIRECTION('',(0.,0.,-1.));
#11427=DIRECTION('',(0.,-1.,0.));
#11428=DIRECTION('',(0.,0.,-1.));
#11429=DIRECTION('',(0.,0.,1.));
#11430=DIRECTION('',(1.,0.,0.));
#11431=DIRECTION('',(0.,0.,-1.));
#11432=DIRECTION('',(-1.,0.,0.));
#11433=DIRECTION('',(0.,-1.,0.));
#11434=DIRECTION('',(0.,-1.,0.));
#11435=DIRECTION('',(1.,0.,0.));
#11436=DIRECTION('',(0.,-1.,0.));
#11437=DIRECTION('',(1.,0.,0.));
#11438=DIRECTION('',(0.,0.,-1.));
#11439=DIRECTION('',(0.,0.,1.));
#11440=DIRECTION('',(0.,-1.,0.));
#11441=DIRECTION('',(0.,0.,1.));
#11442=DIRECTION('',(0.,0.,-1.));
#11443=DIRECTION('',(-1.,0.,0.));
#11444=DIRECTION('',(0.,-1.,0.));
#11445=DIRECTION('',(1.,0.,0.));
#11446=DIRECTION('',(0.,-1.,0.));
#11447=DIRECTION('',(1.,0.,0.));
#11448=DIRECTION('',(0.,0.,-1.));
#11449=DIRECTION('',(0.,0.,1.));
#11450=DIRECTION('',(0.,1.,0.));
#11451=DIRECTION('',(-1.,0.,0.));
#11452=DIRECTION('',(1.,0.,0.));
#11453=DIRECTION('',(0.,0.,-1.));
#11454=DIRECTION('',(0.,0.,1.));
#11455=DIRECTION('',(0.,-1.,0.));
#11456=DIRECTION('',(0.,0.,1.));
#11457=DIRECTION('',(0.,-1.,0.));
#11458=DIRECTION('',(0.,0.,1.));
#11459=DIRECTION('',(1.,0.,0.));
#11460=DIRECTION('',(0.,-1.,0.));
#11461=DIRECTION('',(-1.,0.,0.));
#11462=DIRECTION('',(0.,-1.,0.));
#11463=DIRECTION('',(1.,0.,0.));
#11464=DIRECTION('',(0.,0.,-1.));
#11465=DIRECTION('',(0.,-1.,0.));
#11466=DIRECTION('',(0.,0.,1.));
#11467=DIRECTION('',(0.,0.,1.));
#11468=DIRECTION('',(1.,0.,0.));
#11469=DIRECTION('',(0.,-1.,0.));
#11470=DIRECTION('',(-1.,0.,0.));
#11471=DIRECTION('',(0.,1.,0.));
#11472=DIRECTION('',(-1.,0.,0.));
#11473=DIRECTION('',(1.,0.,0.));
#11474=DIRECTION('',(0.,0.,-1.));
#11475=DIRECTION('',(0.,0.,1.));
#11476=DIRECTION('',(0.,-1.,0.));
#11477=DIRECTION('',(1.,0.,0.));
#11478=DIRECTION('',(0.,0.,-1.));
#11479=DIRECTION('',(0.,0.,1.));
#11480=DIRECTION('',(0.,-1.,0.));
#11481=DIRECTION('',(0.,1.,0.));
#11482=DIRECTION('',(-1.,0.,0.));
#11483=DIRECTION('',(0.,1.,0.));
#11484=DIRECTION('',(0.,0.,1.));
#11485=DIRECTION('',(1.,0.,0.));
#11486=DIRECTION('',(0.,0.,-1.));
#11487=DIRECTION('',(0.,0.,1.));
#11488=DIRECTION('',(0.,-1.,0.));
#11489=DIRECTION('',(0.,0.,-1.));
#11490=DIRECTION('',(-1.,0.,0.));
#11491=DIRECTION('',(0.,-1.,0.));
#11492=DIRECTION('',(1.,0.,0.));
#11493=DIRECTION('',(1.,0.,0.));
#11494=DIRECTION('',(0.,0.,-1.));
#11495=DIRECTION('',(0.,0.,1.));
#11496=DIRECTION('',(0.,0.,-1.));
#11497=DIRECTION('',(-1.,0.,0.));
#11498=DIRECTION('',(1.,0.,0.));
#11499=DIRECTION('',(0.,-1.,0.));
#11500=DIRECTION('',(0.,0.,-1.));
#11501=DIRECTION('',(0.,1.,0.));
#11502=DIRECTION('',(0.,0.,1.));
#11503=DIRECTION('',(0.,1.,0.));
#11504=DIRECTION('',(-1.,0.,0.));
#11505=DIRECTION('',(0.,1.,0.));
#11506=DIRECTION('',(0.,0.,1.));
#11507=DIRECTION('',(0.,1.,0.));
#11508=DIRECTION('',(0.,0.,1.));
#11509=DIRECTION('',(0.,1.,0.));
#11510=DIRECTION('',(-1.,0.,0.));
#11511=DIRECTION('',(0.,1.,0.));
#11512=DIRECTION('',(0.,0.,1.));
#11513=DIRECTION('',(0.,1.,0.));
#11514=DIRECTION('',(0.,0.,1.));
#11515=DIRECTION('',(0.,1.,0.));
#11516=DIRECTION('',(-1.,0.,0.));
#11517=DIRECTION('',(0.,1.,0.));
#11518=DIRECTION('',(0.,1.,0.));
#11519=DIRECTION('',(0.,1.,0.));
#11520=DIRECTION('',(0.,1.,0.));
#11521=DIRECTION('',(0.,1.,0.));
#11522=DIRECTION('',(-0.162615405767967,0.,0.986689530605712));
#11523=DIRECTION('',(0.,1.,0.));
#11524=DIRECTION('',(0.,1.,0.));
#11525=DIRECTION('',(0.,0.,1.));
#11526=DIRECTION('',(0.,1.,0.));
#11527=DIRECTION('',(-0.475685724612426,0.,0.879615308757159));
#11528=DIRECTION('',(0.,1.,0.));
#11529=DIRECTION('',(0.,1.,0.));
#11530=DIRECTION('',(0.,0.,1.));
#11531=DIRECTION('',(-0.80054861279404,0.,-0.599267818720093));
#11532=DIRECTION('',(-0.599267818720093,0.,0.80054861279404));
#11533=DIRECTION('',(0.,1.,0.));
#11534=DIRECTION('',(-0.599267818720093,0.,0.80054861279404));
#11535=DIRECTION('',(0.,1.,0.));
#11536=DIRECTION('',(0.,1.,0.));
#11537=DIRECTION('',(-0.144566761866878,0.,0.989495048680551));
#11538=DIRECTION('',(0.,1.,0.));
#11539=DIRECTION('',(0.,1.,0.));
#11540=DIRECTION('',(0.,0.,1.));
#11541=DIRECTION('',(0.,1.,0.));
#11542=DIRECTION('',(0.,1.,0.));
#11543=DIRECTION('',(0.,1.,0.));
#11544=DIRECTION('',(0.,1.,0.));
#11545=DIRECTION('',(0.,0.,1.));
#11546=DIRECTION('',(1.,0.,0.));
#11547=DIRECTION('',(0.,1.,0.));
#11548=DIRECTION('',(1.,0.,0.));
#11549=DIRECTION('',(-1.,0.,0.));
#11550=DIRECTION('',(0.,0.,1.));
#11551=DIRECTION('',(0.,1.,0.));
#11552=DIRECTION('',(0.,0.,1.));
#11553=DIRECTION('',(0.,0.,-1.));
#11554=DIRECTION('',(-1.,0.,0.));
#11555=DIRECTION('',(0.,1.,0.));
#11556=DIRECTION('',(-1.,0.,0.));
#11557=DIRECTION('',(0.,1.,0.));
#11558=DIRECTION('',(0.,1.,0.));
#11559=DIRECTION('',(0.,1.,0.));
#11560=DIRECTION('',(-0.116861226875965,0.,-0.993148253612241));
#11561=DIRECTION('',(0.,1.,0.));
#11562=DIRECTION('',(0.,1.,0.));
#11563=DIRECTION('',(0.,0.,1.));
#11564=DIRECTION('',(0.,1.,0.));
#11565=DIRECTION('',(-0.333665398600333,0.,-0.942691572984972));
#11566=DIRECTION('',(0.,1.,0.));
#11567=DIRECTION('',(0.,1.,0.));
#11568=DIRECTION('',(0.,0.,1.));
#11569=DIRECTION('',(-1.,0.,0.));
#11570=DIRECTION('',(0.,0.,1.));
#11571=DIRECTION('',(0.,1.,0.));
#11572=DIRECTION('',(0.,0.,1.));
#11573=DIRECTION('',(0.,1.,0.));
#11574=DIRECTION('',(-0.310986091093315,0.,-0.950414462824772));
#11575=DIRECTION('',(0.,1.,0.));
#11576=DIRECTION('',(0.,1.,0.));
#11577=DIRECTION('',(0.,0.,1.));
#11578=DIRECTION('',(0.,1.,0.));
#11579=DIRECTION('',(-0.0849952268012793,0.,-0.996381358427083));
#11580=DIRECTION('',(0.,1.,0.));
#11581=DIRECTION('',(0.,1.,0.));
#11582=DIRECTION('',(0.,0.,1.));
#11583=DIRECTION('',(0.,1.,0.));
#11584=DIRECTION('',(0.,1.,0.));
#11585=DIRECTION('',(0.,1.,0.));
#11586=DIRECTION('',(0.,1.,0.));
#11587=DIRECTION('',(1.,0.,0.));
#11588=DIRECTION('',(0.,0.,-1.));
#11589=DIRECTION('',(0.,1.,0.));
#11590=DIRECTION('',(0.,0.,-1.));
#11591=DIRECTION('',(0.,-1.,0.));
#11592=DIRECTION('',(1.,0.,0.));
#11593=DIRECTION('',(-0.933938662414661,0.,-0.357433315245116));
#11594=DIRECTION('',(-0.357433315245116,0.,0.933938662414661));
#11595=DIRECTION('',(0.,1.,0.));
#11596=DIRECTION('',(-0.357433315245116,0.,0.933938662414661));
#11597=DIRECTION('',(0.,1.,0.));
#11598=DIRECTION('',(0.,0.,-1.));
#11599=DIRECTION('',(-1.,0.,0.));
#11600=DIRECTION('',(0.,1.,0.));
#11601=DIRECTION('',(-1.,0.,0.));
#11602=DIRECTION('',(0.932755833182324,0.,-0.360508745614234));
#11603=DIRECTION('',(-0.360508745614234,0.,-0.932755833182324));
#11604=DIRECTION('',(0.,1.,0.));
#11605=DIRECTION('',(-0.360508745614234,0.,-0.932755833182324));
#11606=DIRECTION('',(0.,0.,-1.));
#11607=DIRECTION('',(-1.,0.,0.));
#11608=DIRECTION('',(0.,1.,0.));
#11609=DIRECTION('',(-1.,0.,0.));
#11610=DIRECTION('',(0.,1.,0.));
#11611=DIRECTION('',(-0.999239931362853,0.,0.038981528573931));
#11612=DIRECTION('',(0.,1.,0.));
#11613=DIRECTION('',(0.,1.,0.));
#11614=DIRECTION('',(0.,0.,1.));
#11615=DIRECTION('',(-1.,0.,0.));
#11616=DIRECTION('',(0.,0.,1.));
#11617=DIRECTION('',(0.,1.,0.));
#11618=DIRECTION('',(0.,0.,1.));
#11619=DIRECTION('',(0.,0.,-1.));
#11620=DIRECTION('',(-1.,0.,0.));
#11621=DIRECTION('',(0.,1.,0.));
#11622=DIRECTION('',(-1.,0.,0.));
#11623=DIRECTION('',(1.,0.,0.));
#11624=DIRECTION('',(0.,0.,-1.));
#11625=DIRECTION('',(0.,1.,0.));
#11626=DIRECTION('',(0.,0.,-1.));
#11627=DIRECTION('',(0.,0.,1.));
#11628=DIRECTION('',(1.,0.,0.));
#11629=DIRECTION('',(0.,1.,0.));
#11630=DIRECTION('',(1.,0.,0.));
#11631=DIRECTION('',(-0.932565411220614,0.,0.361001044035785));
#11632=DIRECTION('',(0.361001044035786,0.,0.932565411220614));
#11633=DIRECTION('',(0.,1.,0.));
#11634=DIRECTION('',(0.361001044035786,0.,0.932565411220614));
#11635=DIRECTION('',(0.,0.,1.));
#11636=DIRECTION('',(1.,0.,0.));
#11637=DIRECTION('',(0.,1.,0.));
#11638=DIRECTION('',(1.,0.,0.));
#11639=DIRECTION('',(0.933562487920826,0.,0.358414677639013));
#11640=DIRECTION('',(0.358414677639013,0.,-0.933562487920826));
#11641=DIRECTION('',(0.,1.,0.));
#11642=DIRECTION('',(0.358414677639013,0.,-0.933562487920826));
#11643=DIRECTION('',(0.,0.,1.));
#11644=DIRECTION('',(1.,0.,0.));
#11645=DIRECTION('',(0.,1.,0.));
#11646=DIRECTION('',(1.,0.,0.));
#11647=DIRECTION('',(-1.,0.,0.));
#11648=DIRECTION('',(0.,0.,1.));
#11649=DIRECTION('',(0.,1.,0.));
#11650=DIRECTION('',(0.,0.,1.));
#11651=DIRECTION('',(0.,0.,-1.));
#11652=DIRECTION('',(-1.,0.,0.));
#11653=DIRECTION('',(0.,1.,0.));
#11654=DIRECTION('',(-1.,0.,0.));
#11655=DIRECTION('',(1.,0.,0.));
#11656=DIRECTION('',(0.,0.,-1.));
#11657=DIRECTION('',(0.,1.,0.));
#11658=DIRECTION('',(0.,0.,-1.));
#11659=DIRECTION('',(0.,1.,0.));
#11660=DIRECTION('',(0.999170132367399,0.,0.0407313955679624));
#11661=DIRECTION('',(0.,1.,0.));
#11662=DIRECTION('',(0.,1.,0.));
#11663=DIRECTION('',(0.,0.,1.));
#11664=DIRECTION('',(0.,0.,-1.));
#11665=DIRECTION('',(-1.,0.,0.));
#11666=DIRECTION('',(-1.,0.,0.));
#11667=DIRECTION('',(0.,-1.,0.));
#11668=DIRECTION('',(1.,0.,0.));
#11669=DIRECTION('',(0.,1.,0.));
#11670=DIRECTION('',(0.,1.,0.));
#11671=DIRECTION('',(0.,1.,0.));
#11672=DIRECTION('',(0.,1.,0.));
#11673=DIRECTION('',(0.,1.,0.));
#11674=DIRECTION('',(0.,1.,0.));
#11675=DIRECTION('',(0.,1.,0.));
#11676=DIRECTION('',(0.,1.,0.));
#11677=DIRECTION('',(0.,1.,0.));
#11678=DIRECTION('',(0.,1.,0.));
#11679=DIRECTION('',(0.,1.,0.));
#11680=DIRECTION('',(0.,1.,0.));
#11681=DIRECTION('',(0.,1.,0.));
#11682=DIRECTION('',(0.,1.,0.));
#11683=DIRECTION('',(0.,1.,0.));
#11684=DIRECTION('',(0.,1.,0.));
#11685=DIRECTION('',(0.,-1.,0.));
#11686=DIRECTION('',(1.,0.,0.));
#11687=DIRECTION('',(0.,1.,0.));
#11688=DIRECTION('',(0.,1.,0.));
#11689=DIRECTION('',(0.,1.,0.));
#11690=DIRECTION('',(0.,1.,0.));
#11691=DIRECTION('',(0.,1.,0.));
#11692=DIRECTION('',(0.,1.,0.));
#11693=DIRECTION('',(0.,1.,0.));
#11694=DIRECTION('',(0.,1.,0.));
#11695=DIRECTION('',(0.,1.,0.));
#11696=DIRECTION('',(0.,1.,0.));
#11697=DIRECTION('',(0.,1.,0.));
#11698=DIRECTION('',(0.,1.,0.));
#11699=DIRECTION('',(0.,1.,0.));
#11700=DIRECTION('',(0.,1.,0.));
#11701=DIRECTION('',(0.,1.,0.));
#11702=DIRECTION('',(0.,1.,0.));
#11703=DIRECTION('',(0.,-1.,0.));
#11704=DIRECTION('',(1.,0.,0.));
#11705=DIRECTION('',(0.,1.,0.));
#11706=DIRECTION('',(0.,1.,0.));
#11707=DIRECTION('',(0.,1.,0.));
#11708=DIRECTION('',(-0.298856359294238,0.,-0.954298106730488));
#11709=DIRECTION('',(0.,1.,0.));
#11710=DIRECTION('',(0.,0.,1.));
#11711=DIRECTION('',(0.,1.,0.));
#11712=DIRECTION('',(0.,1.,0.));
#11713=DIRECTION('',(0.,0.,1.));
#11714=DIRECTION('',(0.,1.,0.));
#11715=DIRECTION('',(-0.776652340298326,0.,-0.629929474075577));
#11716=DIRECTION('',(0.,1.,0.));
#11717=DIRECTION('',(0.,0.,1.));
#11718=DIRECTION('',(0.,1.,0.));
#11719=DIRECTION('',(0.,1.,0.));
#11720=DIRECTION('',(0.,0.,1.));
#11721=DIRECTION('',(0.,1.,0.));
#11722=DIRECTION('',(-0.978568607144579,0.,-0.205921055531285));
#11723=DIRECTION('',(0.,1.,0.));
#11724=DIRECTION('',(0.,0.,1.));
#11725=DIRECTION('',(0.,1.,0.));
#11726=DIRECTION('',(0.,1.,0.));
#11727=DIRECTION('',(0.,0.,1.));
#11728=DIRECTION('',(0.,1.,0.));
#11729=DIRECTION('',(-0.95176727803349,0.,0.306820873580532));
#11730=DIRECTION('',(0.,1.,0.));
#11731=DIRECTION('',(0.,0.,1.));
#11732=DIRECTION('',(0.,1.,0.));
#11733=DIRECTION('',(0.,1.,0.));
#11734=DIRECTION('',(0.,0.,1.));
#11735=DIRECTION('',(0.,1.,0.));
#11736=DIRECTION('',(-0.65156363608675,0.,0.758593981079084));
#11737=DIRECTION('',(0.,1.,0.));
#11738=DIRECTION('',(0.,0.,1.));
#11739=DIRECTION('',(0.,1.,0.));
#11740=DIRECTION('',(0.,1.,0.));
#11741=DIRECTION('',(0.,0.,1.));
#11742=DIRECTION('',(0.,1.,0.));
#11743=DIRECTION('',(-0.222332071836236,0.,0.974970999483065));
#11744=DIRECTION('',(0.,1.,0.));
#11745=DIRECTION('',(0.,0.,1.));
#11746=DIRECTION('',(0.,1.,0.));
#11747=DIRECTION('',(0.,1.,0.));
#11748=DIRECTION('',(0.,0.,1.));
#11749=DIRECTION('',(0.,1.,0.));
#11750=DIRECTION('',(0.,1.,0.));
#11751=DIRECTION('',(0.,1.,0.));
#11752=DIRECTION('',(0.,1.,0.));
#11753=DIRECTION('',(0.,1.,0.));
#11754=DIRECTION('',(0.,1.,0.));
#11755=DIRECTION('',(0.,1.,0.));
#11756=DIRECTION('',(0.,1.,0.));
#11757=DIRECTION('',(0.,1.,0.));
#11758=DIRECTION('',(0.,1.,0.));
#11759=DIRECTION('',(0.,1.,0.));
#11760=DIRECTION('',(0.,0.,1.));
#11761=DIRECTION('',(1.,0.,0.));
#11762=DIRECTION('',(0.,1.,0.));
#11763=DIRECTION('',(1.,0.,0.));
#11764=DIRECTION('',(0.,1.,0.));
#11765=DIRECTION('',(0.,1.,0.));
#11766=DIRECTION('',(0.,1.,0.));
#11767=DIRECTION('',(0.145555892550139,0.,0.989350030142989));
#11768=DIRECTION('',(0.,1.,0.));
#11769=DIRECTION('',(0.,1.,0.));
#11770=DIRECTION('',(0.,0.,1.));
#11771=DIRECTION('',(1.,0.,0.));
#11772=DIRECTION('',(0.,0.,-1.));
#11773=DIRECTION('',(0.,1.,0.));
#11774=DIRECTION('',(0.,0.,-1.));
#11775=DIRECTION('',(0.,1.,0.));
#11776=DIRECTION('',(0.,-1.,0.));
#11777=DIRECTION('',(1.,0.,0.));
#11778=DIRECTION('',(-1.,0.,0.));
#11779=DIRECTION('',(0.,0.,1.));
#11780=DIRECTION('',(0.,1.,0.));
#11781=DIRECTION('',(0.,0.,1.));
#11782=DIRECTION('',(0.,1.,0.));
#11783=DIRECTION('',(0.,0.,-1.));
#11784=DIRECTION('',(-1.,0.,0.));
#11785=DIRECTION('',(0.,1.,0.));
#11786=DIRECTION('',(-1.,0.,0.));
#11787=DIRECTION('',(1.,0.,0.));
#11788=DIRECTION('',(0.,0.,-1.));
#11789=DIRECTION('',(0.,1.,0.));
#11790=DIRECTION('',(0.,0.,-1.));
#11791=DIRECTION('',(0.,0.,1.));
#11792=DIRECTION('',(1.,0.,0.));
#11793=DIRECTION('',(0.,1.,0.));
#11794=DIRECTION('',(1.,0.,0.));
#11795=DIRECTION('',(1.,0.,0.));
#11796=DIRECTION('',(0.,0.,-1.));
#11797=DIRECTION('',(0.,1.,0.));
#11798=DIRECTION('',(0.,0.,-1.));
#11799=DIRECTION('',(0.,0.,1.));
#11800=DIRECTION('',(1.,0.,0.));
#11801=DIRECTION('',(1.,0.,0.));
#11802=DIRECTION('',(0.,-1.,0.));
#11803=DIRECTION('',(1.,0.,0.));
#11804=DIRECTION('',(0.,0.,-1.));
#11805=DIRECTION('',(-1.,0.,0.));
#11806=DIRECTION('',(0.,1.,0.));
#11807=DIRECTION('',(-1.,0.,0.));
#11808=DIRECTION('',(0.,1.,0.));
#11809=DIRECTION('',(1.,0.,0.));
#11810=DIRECTION('',(0.,0.,-1.));
#11811=DIRECTION('',(0.,1.,0.));
#11812=DIRECTION('',(0.,0.,-1.));
#11813=DIRECTION('',(0.,0.,1.));
#11814=DIRECTION('',(1.,0.,0.));
#11815=DIRECTION('',(0.,1.,0.));
#11816=DIRECTION('',(1.,0.,0.));
#11817=DIRECTION('',(1.,0.,0.));
#11818=DIRECTION('',(0.,0.,-1.));
#11819=DIRECTION('',(0.,1.,0.));
#11820=DIRECTION('',(0.,0.,-1.));
#11821=DIRECTION('',(0.,0.,-1.));
#11822=DIRECTION('',(-1.,0.,0.));
#11823=DIRECTION('',(0.,1.,0.));
#11824=DIRECTION('',(-1.,0.,0.));
#11825=DIRECTION('',(1.,0.,0.));
#11826=DIRECTION('',(0.,0.,-1.));
#11827=DIRECTION('',(0.,1.,0.));
#11828=DIRECTION('',(0.,0.,-1.));
#11829=DIRECTION('',(0.,0.,1.));
#11830=DIRECTION('',(1.,0.,0.));
#11831=DIRECTION('',(0.,1.,0.));
#11832=DIRECTION('',(1.,0.,0.));
#11833=DIRECTION('',(1.,0.,0.));
#11834=DIRECTION('',(0.,0.,-1.));
#11835=DIRECTION('',(0.,1.,0.));
#11836=DIRECTION('',(0.,0.,-1.));
#11837=DIRECTION('',(0.,0.,-1.));
#11838=DIRECTION('',(-1.,0.,0.));
#11839=DIRECTION('',(0.,1.,0.));
#11840=DIRECTION('',(-1.,0.,0.));
#11841=DIRECTION('',(1.,0.,0.));
#11842=DIRECTION('',(0.,0.,-1.));
#11843=DIRECTION('',(0.,1.,0.));
#11844=DIRECTION('',(0.,0.,-1.));
#11845=DIRECTION('',(0.,0.,1.));
#11846=DIRECTION('',(1.,0.,0.));
#11847=DIRECTION('',(0.,1.,0.));
#11848=DIRECTION('',(1.,0.,0.));
#11849=DIRECTION('',(-1.,0.,0.));
#11850=DIRECTION('',(0.,0.,1.));
#11851=DIRECTION('',(0.,0.,1.));
#11852=DIRECTION('',(0.,-1.,0.));
#11853=DIRECTION('',(1.,0.,0.));
#11854=DIRECTION('',(0.,0.,1.));
#11855=DIRECTION('',(1.,0.,0.));
#11856=DIRECTION('',(0.,1.,0.));
#11857=DIRECTION('',(1.,0.,0.));
#11858=DIRECTION('',(0.,1.,0.));
#11859=DIRECTION('',(-0.94227766481646,0.,0.33483249900217));
#11860=DIRECTION('',(0.33483249900217,0.,0.94227766481646));
#11861=DIRECTION('',(0.,1.,0.));
#11862=DIRECTION('',(0.33483249900217,0.,0.94227766481646));
#11863=DIRECTION('',(0.,1.,0.));
#11864=DIRECTION('',(-0.960163768363166,0.,0.279437896360972));
#11865=DIRECTION('',(0.,1.,0.));
#11866=DIRECTION('',(0.,1.,0.));
#11867=DIRECTION('',(0.,0.,1.));
#11868=DIRECTION('',(0.,1.,0.));
#11869=DIRECTION('',(0.960798520016397,0.,0.277247549915777));
#11870=DIRECTION('',(0.,1.,0.));
#11871=DIRECTION('',(0.,1.,0.));
#11872=DIRECTION('',(0.,0.,1.));
#11873=DIRECTION('',(0.9423175055925,0.,0.334720358887725));
#11874=DIRECTION('',(0.334720358887725,0.,-0.9423175055925));
#11875=DIRECTION('',(0.,1.,0.));
#11876=DIRECTION('',(0.334720358887725,0.,-0.9423175055925));
#11877=DIRECTION('',(0.,0.,1.));
#11878=DIRECTION('',(1.,0.,0.));
#11879=DIRECTION('',(0.,1.,0.));
#11880=DIRECTION('',(1.,0.,0.));
#11881=DIRECTION('',(-0.94133569951953,0.,-0.337471629637334));
#11882=DIRECTION('',(-0.337471629637334,0.,0.94133569951953));
#11883=DIRECTION('',(0.,1.,0.));
#11884=DIRECTION('',(-0.337471629637334,0.,0.94133569951953));
#11885=DIRECTION('',(0.,0.,-1.));
#11886=DIRECTION('',(-1.,0.,0.));
#11887=DIRECTION('',(0.,1.,0.));
#11888=DIRECTION('',(-1.,0.,0.));
#11889=DIRECTION('',(0.940811264886759,0.,-0.338930913110882));
#11890=DIRECTION('',(-0.338930913110882,0.,-0.940811264886759));
#11891=DIRECTION('',(-0.338930913110882,0.,-0.940811264886759));
#11892=DIRECTION('',(0.,-1.,0.));
#11893=DIRECTION('',(1.,0.,0.));
#11894=DIRECTION('',(0.,1.,0.));
#11895=DIRECTION('',(0.,0.,1.));
#11896=DIRECTION('',(0.,1.,0.));
#11897=DIRECTION('',(0.,0.,1.));
#11898=DIRECTION('',(0.,1.,0.));
#11899=DIRECTION('',(0.,0.,1.));
#11900=DIRECTION('',(-1.,0.,0.));
#11901=DIRECTION('',(0.,0.,1.));
#11902=DIRECTION('',(-1.,0.,0.));
#11903=DIRECTION('',(0.,0.,1.));
#11904=DIRECTION('',(-2.84675041872795E-9,6.76147443933463E-9,1.));
#11905=DIRECTION('',(1.,1.18430885394398E-9,2.84675041072028E-9));
#11906=DIRECTION('',(-2.84675041872796E-9,6.76147443933464E-9,1.));
#11907=DIRECTION('',(1.,1.18430883469575E-9,2.84675041072029E-9));
#11908=DIRECTION('',(-1.,0.,0.));
#11909=DIRECTION('',(0.,0.,1.));
#11910=DIRECTION('',(0.,0.,1.));
#11911=DIRECTION('',(0.,1.,0.));
#11912=DIRECTION('',(0.,0.,1.));
#11913=DIRECTION('',(0.,1.,0.));
#11914=DIRECTION('',(0.,0.,-1.));
#11915=DIRECTION('',(-1.,0.,0.));
#11916=DIRECTION('',(-1.,0.,0.));
#11917=DIRECTION('',(0.,1.,0.));
#11918=DIRECTION('',(-1.,0.,0.));
#11919=DIRECTION('',(1.,0.,0.));
#11920=DIRECTION('',(0.,0.,-1.));
#11921=DIRECTION('',(0.,0.,-1.));
#11922=DIRECTION('',(0.,1.,0.));
#11923=DIRECTION('',(0.,0.,-1.));
#11924=DIRECTION('',(0.,0.,1.));
#11925=DIRECTION('',(1.,0.,0.));
#11926=DIRECTION('',(1.,0.,0.));
#11927=DIRECTION('',(0.,1.,0.));
#11928=DIRECTION('',(1.,0.,0.));
#11929=DIRECTION('',(1.,0.,0.));
#11930=DIRECTION('',(0.,0.,-1.));
#11931=DIRECTION('',(0.,0.,-1.));
#11932=DIRECTION('',(0.,1.,0.));
#11933=DIRECTION('',(0.,0.,-1.));
#11934=DIRECTION('',(0.,0.,1.));
#11935=DIRECTION('',(1.,0.,0.));
#11936=DIRECTION('',(1.,0.,0.));
#11937=DIRECTION('',(1.,0.,0.));
#11938=DIRECTION('',(0.,-1.,0.));
#11939=DIRECTION('',(1.,0.,0.));
#11940=DIRECTION('',(0.,-1.,0.));
#11941=DIRECTION('',(1.,0.,0.));
#11942=DIRECTION('',(-2.84675041872795E-9,6.7614744393346E-9,1.));
#11943=DIRECTION('',(1.,1.18430883469575E-9,2.84675041072027E-9));
#11944=DIRECTION('',(-2.84675041872796E-9,6.76147443933463E-9,1.));
#11945=DIRECTION('',(1.,1.18430883469575E-9,2.84675041072028E-9));
#11946=DIRECTION('',(-2.84675041872796E-9,6.76147443933463E-9,1.));
#11947=DIRECTION('',(1.,1.18430883469575E-9,2.84675041072028E-9));
#11948=DIRECTION('',(-2.84675041872795E-9,6.76147443933463E-9,1.));
#11949=DIRECTION('',(1.,1.18430885394398E-9,2.84675041072028E-9));
#11950=DIRECTION('',(-2.84675041872796E-9,6.76147443933463E-9,1.));
#11951=DIRECTION('',(1.,1.18430883469575E-9,2.84675041072028E-9));
#11952=DIRECTION('',(0.,0.,1.));
#11953=DIRECTION('',(1.,0.,0.));
#11954=DIRECTION('',(1.,0.,0.));
#11955=DIRECTION('',(0.,-1.,0.));
#11956=DIRECTION('',(1.,0.,0.));
#11957=DIRECTION('',(0.,1.,0.));
#11958=DIRECTION('',(0.,1.,0.));
#11959=DIRECTION('',(0.,0.,1.));
#11960=DIRECTION('',(0.,0.,1.));
#11961=DIRECTION('',(1.,0.,0.));
#11962=DIRECTION('',(0.,0.,-1.));
#11963=DIRECTION('',(0.,1.,0.));
#11964=DIRECTION('',(0.,0.,1.));
#11965=DIRECTION('',(1.,0.,0.));
#11966=DIRECTION('',(0.,0.,1.));
#11967=DIRECTION('',(0.,0.,-1.));
#11968=DIRECTION('',(-1.,0.,0.));
#11969=DIRECTION('',(0.,0.,1.));
#11970=DIRECTION('',(0.,1.,0.));
#11971=DIRECTION('',(0.,0.,-1.));
#11972=DIRECTION('',(1.,0.,0.));
#11973=DIRECTION('',(0.,-1.,0.));
#11974=DIRECTION('',(-1.,0.,0.));
#11975=DIRECTION('',(0.,0.,1.));
#11976=DIRECTION('',(-2.84675041872796E-9,6.76147443933464E-9,1.));
#11977=DIRECTION('',(1.,1.18430883469575E-9,2.84675041072029E-9));
#11978=DIRECTION('',(-2.84675041872795E-9,6.76147443933463E-9,1.));
#11979=DIRECTION('',(1.,1.18430885394398E-9,2.84675041072028E-9));
#11980=DIRECTION('',(-2.84675041872796E-9,6.76147443933463E-9,1.));
#11981=DIRECTION('',(1.,1.18430883469575E-9,2.84675041072028E-9));
#11982=DIRECTION('',(-2.84675041872796E-9,6.76147443933463E-9,1.));
#11983=DIRECTION('',(1.,1.18430883469575E-9,2.84675041072028E-9));
#11984=DIRECTION('',(0.,0.,-1.));
#11985=DIRECTION('',(-1.,0.,0.));
#11986=DIRECTION('',(-1.,0.,0.));
#11987=DIRECTION('',(0.,1.,0.));
#11988=DIRECTION('',(-1.,0.,0.));
#11989=DIRECTION('',(0.,1.,0.));
#11990=DIRECTION('',(1.,0.,0.));
#11991=DIRECTION('',(0.,0.,-1.));
#11992=DIRECTION('',(0.,0.,-1.));
#11993=DIRECTION('',(0.,1.,0.));
#11994=DIRECTION('',(0.,0.,-1.));
#11995=DIRECTION('',(0.,0.,1.));
#11996=DIRECTION('',(1.,0.,0.));
#11997=DIRECTION('',(1.,0.,0.));
#11998=DIRECTION('',(0.,1.,0.));
#11999=DIRECTION('',(1.,0.,0.));
#12000=DIRECTION('',(1.,0.,0.));
#12001=DIRECTION('',(0.,0.,-1.));
#12002=DIRECTION('',(0.,0.,-1.));
#12003=DIRECTION('',(0.,1.,0.));
#12004=DIRECTION('',(0.,0.,-1.));
#12005=DIRECTION('',(0.,0.,-1.));
#12006=DIRECTION('',(-1.,0.,0.));
#12007=DIRECTION('',(-1.,0.,0.));
#12008=DIRECTION('',(0.,1.,0.));
#12009=DIRECTION('',(-1.,0.,0.));
#12010=DIRECTION('',(1.,0.,0.));
#12011=DIRECTION('',(0.,0.,-1.));
#12012=DIRECTION('',(0.,0.,-1.));
#12013=DIRECTION('',(0.,1.,0.));
#12014=DIRECTION('',(0.,0.,-1.));
#12015=DIRECTION('',(0.,0.,1.));
#12016=DIRECTION('',(1.,0.,0.));
#12017=DIRECTION('',(1.,0.,0.));
#12018=DIRECTION('',(0.,1.,0.));
#12019=DIRECTION('',(1.,0.,0.));
#12020=DIRECTION('',(1.,0.,0.));
#12021=DIRECTION('',(0.,0.,-1.));
#12022=DIRECTION('',(0.,0.,-1.));
#12023=DIRECTION('',(0.,1.,0.));
#12024=DIRECTION('',(0.,0.,-1.));
#12025=DIRECTION('',(0.,0.,-1.));
#12026=DIRECTION('',(-1.,0.,0.));
#12027=DIRECTION('',(-1.,0.,0.));
#12028=DIRECTION('',(0.,1.,0.));
#12029=DIRECTION('',(-1.,0.,0.));
#12030=DIRECTION('',(1.,0.,0.));
#12031=DIRECTION('',(0.,0.,-1.));
#12032=DIRECTION('',(0.,0.,-1.));
#12033=DIRECTION('',(0.,1.,0.));
#12034=DIRECTION('',(0.,0.,-1.));
#12035=DIRECTION('',(0.,0.,1.));
#12036=DIRECTION('',(1.,0.,0.));
#12037=DIRECTION('',(1.,0.,0.));
#12038=DIRECTION('',(0.,1.,0.));
#12039=DIRECTION('',(1.,0.,0.));
#12040=DIRECTION('',(-1.,0.,0.));
#12041=DIRECTION('',(0.,0.,1.));
#12042=DIRECTION('',(0.,0.,1.));
#12043=DIRECTION('',(0.,0.,1.));
#12044=DIRECTION('',(0.,-1.,0.));
#12045=DIRECTION('',(1.,0.,0.));
#12046=DIRECTION('',(0.,-1.,0.));
#12047=DIRECTION('',(1.,0.,0.));
#12048=DIRECTION('',(-2.84675041872796E-9,6.76147443933463E-9,1.));
#12049=DIRECTION('',(1.,1.18430883469575E-9,2.84675041072028E-9));
#12050=DIRECTION('',(-2.84675041872795E-9,6.7614744393346E-9,1.));
#12051=DIRECTION('',(1.,1.18430883469575E-9,2.84675041072027E-9));
#12052=DIRECTION('',(-2.84675041872795E-9,6.76147443933463E-9,1.));
#12053=DIRECTION('',(1.,1.18430885394398E-9,2.84675041072028E-9));
#12054=CARTESIAN_POINT('',(0.,0.,0.));
#12055=CARTESIAN_POINT('',(-0.0318017325060856,0.00150093149851249,0.0844031691510677));
#12056=CARTESIAN_POINT('',(-0.0318017325060856,0.00150093149851249,0.0844011691510677));
#12057=CARTESIAN_POINT('',(-0.0318017325060856,-0.0123326853616984,0.0844011691510677));
#12058=CARTESIAN_POINT('',(-0.0318017325060856,0.0153345483587234,0.0844011691510677));
#12059=CARTESIAN_POINT('',(-0.0318017325060856,-0.0123326853616984,0.0844031691510677));
#12060=CARTESIAN_POINT('',(-0.0318017325060856,-0.0123326853616984,0.00840116915106774));
#12061=CARTESIAN_POINT('',(-0.0318017325060856,0.00150093149851249,0.00840116915106774));
#12062=CARTESIAN_POINT('',(-0.0318017325060856,0.0153345483587234,0.00840116915106774));
#12063=CARTESIAN_POINT('',(-0.0318017325060856,0.0153345483587234,0.0844031691510677));
#12064=CARTESIAN_POINT('',(-0.0367932433890592,-0.0123326853616984,0.0844031691510677));
#12065=CARTESIAN_POINT('',(-0.0412449671500217,-0.0123326853616984,0.0522331691510677));
#12066=CARTESIAN_POINT('',(-0.0417847542720329,-0.0123326853616984,0.0507801963836317));
#12067=CARTESIAN_POINT('',(-0.0417847542720329,-0.0123326853616984,0.0536861419185038));
#12068=CARTESIAN_POINT('',(-0.0417847542720329,-0.0123326853616984,0.0844031691510677));
#12069=CARTESIAN_POINT('',(-0.0417847542720329,-0.0123326853616984,0.00840116915106774));
#12070=CARTESIAN_POINT('',(-0.0367932433890592,-0.0123326853616984,0.00840116915106774));
#12071=CARTESIAN_POINT('',(-0.0367932433890592,-0.0123326853616984,0.0844011691510677));
#12072=CARTESIAN_POINT('',(-0.0417847542720329,-0.0123326853616984,0.0844011691510677));
#12073=CARTESIAN_POINT('',(-0.0417847542720329,-0.0123326853616984,0.0844031691510677));
#12074=CARTESIAN_POINT('',(-0.0417847542720329,0.00150093149851249,0.0844031691510677));
#12075=CARTESIAN_POINT('',(-0.0417847542720329,-0.00828998497463762,0.0507801963836317));
#12076=CARTESIAN_POINT('',(-0.0417847542720329,-0.00828998497463762,0.0507801963836317));
#12077=CARTESIAN_POINT('',(-0.0417847542720329,-0.00828998497463762,0.0844031691510677));
#12078=CARTESIAN_POINT('',(-0.0417847542720329,-0.00828998497463762,0.0536861419185038));
#12079=CARTESIAN_POINT('',(-0.0417847542720329,-0.00828998497463762,0.0536861419185038));
#12080=CARTESIAN_POINT('',(-0.0417847542720329,0.00150093149851249,0.0844011691510677));
#12081=CARTESIAN_POINT('',(-0.0417847542720329,0.0153345483587234,0.0844011691510677));
#12082=CARTESIAN_POINT('',(-0.0417847542720329,0.0153345483587234,0.0844031691510677));
#12083=CARTESIAN_POINT('',(-0.0417847542720329,0.0153345483587234,0.00840116915106774));
#12084=CARTESIAN_POINT('',(-0.0417847542720329,0.00150093149851249,0.00840116915106774));
#12085=CARTESIAN_POINT('',(-0.0367932433890592,0.0153345483587234,0.0844031691510677));
#12086=CARTESIAN_POINT('',(-0.0367932433890592,0.0153345483587234,0.0844011691510677));
#12087=CARTESIAN_POINT('',(-0.0367932433890592,0.0153345483587234,0.00840116915106774));
#12088=CARTESIAN_POINT('',(-0.0539082512259484,0.00136001502536238,0.00840116915106774));
#12089=CARTESIAN_POINT('',(-0.0521599671500217,0.00136001502536238,0.0844011691510677));
#12090=CARTESIAN_POINT('',(-0.0412449671500217,-0.00828998497463762,0.0522331691510677));
#12091=CARTESIAN_POINT('',(-0.0412449671500217,-0.00828998497463762,0.0522331691510677));
#12092=CARTESIAN_POINT('',(-0.0512028432158105,-0.00828998497463762,0.0464011691510677));
#12093=CARTESIAN_POINT('',(0.0775844021658373,-0.150108227183784,-0.372208727003443));
#12094=CARTESIAN_POINT('',(-0.0552071580022352,-0.0151479849746376,0.0215641095725127));
#12095=CARTESIAN_POINT('',(-0.0552071580022352,-0.0146399849746376,0.0215641095725127));
#12096=CARTESIAN_POINT('',(-0.0546450492537429,-0.0146399849746376,0.0200953738103232));
#12097=CARTESIAN_POINT('',(-0.0557692667507274,-0.0146399849746376,0.0230328453347022));
#12098=CARTESIAN_POINT('',(-0.0546450492537429,-0.0151479849746376,0.0200953738103232));
#12099=CARTESIAN_POINT('',(-0.0546450492537429,-0.0151479849746376,0.0200953738103232));
#12100=CARTESIAN_POINT('',(-0.0552071580022352,-0.0151479849746376,0.0215641095725127));
#12101=CARTESIAN_POINT('',(-0.0557692667507274,-0.0151479849746376,0.0230328453347022));
#12102=CARTESIAN_POINT('',(-0.0557692667507274,-0.0151479849746376,0.0230328453347022));
#12103=CARTESIAN_POINT('',(-0.0544898347089979,-0.0151479849746376,0.0200953738103232));
#12104=CARTESIAN_POINT('',(-0.0544898347089979,-0.0146399849746376,0.0200953738103232));
#12105=CARTESIAN_POINT('',(-0.0543346201642529,-0.0146399849746376,0.0200953738103232));
#12106=CARTESIAN_POINT('',(-0.0543346201642529,-0.0151479849746376,0.0200953738103232));
#12107=CARTESIAN_POINT('',(-0.0543346201642529,-0.0151479849746376,0.0200953738103232));
#12108=CARTESIAN_POINT('',(-0.0544898347089979,-0.0151479849746376,0.0200953738103232));
#12109=CARTESIAN_POINT('',(-0.0537677969552895,-0.0151479849746376,0.0215619336676798));
#12110=CARTESIAN_POINT('',(-0.0537677969552895,-0.0146399849746376,0.0215619336676798));
#12111=CARTESIAN_POINT('',(-0.053200973746326,-0.0146399849746376,0.0230284935250364));
#12112=CARTESIAN_POINT('',(-0.053200973746326,-0.0151479849746376,0.0230284935250364));
#12113=CARTESIAN_POINT('',(-0.053200973746326,-0.0151479849746376,0.0230284935250364));
#12114=CARTESIAN_POINT('',(-0.0537677969552895,-0.0151479849746376,0.0215619336676798));
#12115=CARTESIAN_POINT('',(-0.053191907476189,-0.0151479849746376,0.0230284935250364));
#12116=CARTESIAN_POINT('',(-0.053191907476189,-0.0146399849746376,0.0230284935250364));
#12117=CARTESIAN_POINT('',(-0.053182841206052,-0.0146399849746376,0.0230284935250364));
#12118=CARTESIAN_POINT('',(-0.053182644342469,-0.0151479849746376,0.0230284935250364));
#12119=CARTESIAN_POINT('',(-0.053182841206052,-0.0151479849746376,0.0230284935250364));
#12120=CARTESIAN_POINT('',(-0.053191907476189,-0.0151479849746376,0.0230284935250364));
#12121=CARTESIAN_POINT('',(-0.0423322630476557,-0.0151479849746376,0.0221893934178998));
#12122=CARTESIAN_POINT('',(-0.0423322630476557,-0.0146399849746376,0.0221893934178998));
#12123=CARTESIAN_POINT('',(-0.0532148587807154,-0.0146399849746376,0.0222306621485213));
#12124=CARTESIAN_POINT('',(-0.0532147544769342,-0.0151479849746376,0.0222306617529829));
#12125=CARTESIAN_POINT('',(-0.0532148587807155,-0.0151479847246376,0.0222306621485213));
#12126=CARTESIAN_POINT('',(-0.0423322630476557,-0.0151479849746376,0.0221893934178998));
#12127=CARTESIAN_POINT('',(-0.0532147544769342,-0.0151479849746376,0.0211630177816531));
#12128=CARTESIAN_POINT('',(-0.0532147544769342,-0.0146399849746376,0.0211630177816531));
#12129=CARTESIAN_POINT('',(-0.0532147544769342,-0.0146399849746376,0.0200953738103232));
#12130=CARTESIAN_POINT('',(-0.0532147544769342,-0.0151479849746376,0.0200953738103232));
#12131=CARTESIAN_POINT('',(-0.0532147544769342,-0.0151479849746376,0.0200953738103232));
#12132=CARTESIAN_POINT('',(-0.0532147544769342,-0.0151479849746376,0.0211630177816531));
#12133=CARTESIAN_POINT('',(-0.0530221868992249,-0.0151479849746376,0.0200953738103232));
#12134=CARTESIAN_POINT('',(-0.0530221868992249,-0.0146399849746376,0.0200953738103232));
#12135=CARTESIAN_POINT('',(-0.0528296193215156,-0.0146399849746376,0.0200953738103232));
#12136=CARTESIAN_POINT('',(-0.0528296193215156,-0.0151479849746376,0.0200953738103232));
#12137=CARTESIAN_POINT('',(-0.0528296193215156,-0.0151479849746376,0.0200953738103232));
#12138=CARTESIAN_POINT('',(-0.0530221868992249,-0.0151479849746376,0.0200953738103232));
#12139=CARTESIAN_POINT('',(-0.0528296193215156,-0.0151479849746376,0.0217523253405562));
#12140=CARTESIAN_POINT('',(-0.0528296193215156,-0.0146399849746376,0.0217523253405562));
#12141=CARTESIAN_POINT('',(-0.0528296193215156,-0.0146399849746376,0.0234092768707892));
#12142=CARTESIAN_POINT('',(-0.0528296193215156,-0.0151479849746376,0.0234092768707892));
#12143=CARTESIAN_POINT('',(-0.0528296193215156,-0.0151479849746376,0.0234092768707892));
#12144=CARTESIAN_POINT('',(-0.0528296193215156,-0.0151479849746376,0.0217523253405562));
#12145=CARTESIAN_POINT('',(-0.0531175640610658,-0.0151479849746376,0.0234092768707892));
#12146=CARTESIAN_POINT('',(-0.0531175640610658,-0.0146399849746376,0.0234092768707892));
#12147=CARTESIAN_POINT('',(-0.053405508800616,-0.0146399849746376,0.0234092768707892));
#12148=CARTESIAN_POINT('',(-0.053405508800616,-0.0151479849746376,0.0234092768707892));
#12149=CARTESIAN_POINT('',(-0.053405508800616,-0.0151479849746376,0.0234092768707892));
#12150=CARTESIAN_POINT('',(-0.0531175640610658,-0.0151479849746376,0.0234092768707892));
#12151=CARTESIAN_POINT('',(-0.0539346163258097,-0.0151479849746376,0.0220424459849393));
#12152=CARTESIAN_POINT('',(-0.0539346163258097,-0.0146399849746376,0.0220424459849393));
#12153=CARTESIAN_POINT('',(-0.0544637238510034,-0.0146399849746376,0.0206756150990894));
#12154=CARTESIAN_POINT('',(-0.0544637238510034,-0.0151479849746376,0.0206756150990894));
#12155=CARTESIAN_POINT('',(-0.0544637238510034,-0.0151479849746376,0.0206756150990894));
#12156=CARTESIAN_POINT('',(-0.0539346163258097,-0.0151479849746376,0.0220424459849393));
#12157=CARTESIAN_POINT('',(-0.0544727901211404,-0.0151479849746376,0.0206756150990894));
#12158=CARTESIAN_POINT('',(-0.0544727901211404,-0.0146399849746376,0.0206756150990894));
#12159=CARTESIAN_POINT('',(-0.0544818563912774,-0.0146399849746376,0.0206756150990894));
#12160=CARTESIAN_POINT('',(-0.0544818563912774,-0.0151479849746376,0.0206756150990894));
#12161=CARTESIAN_POINT('',(-0.0544818563912774,-0.0151479849746376,0.0206756150990894));
#12162=CARTESIAN_POINT('',(-0.0544727901211404,-0.0151479849746376,0.0206756150990894));
#12163=CARTESIAN_POINT('',(-0.0550066121068053,-0.0151479849746376,0.0220424459849393));
#12164=CARTESIAN_POINT('',(-0.0550066121068053,-0.0146399849746376,0.0220424459849393));
#12165=CARTESIAN_POINT('',(-0.0555313678223333,-0.0146399849746376,0.0234092768707892));
#12166=CARTESIAN_POINT('',(-0.0555313678223333,-0.0151479849746376,0.0234092768707892));
#12167=CARTESIAN_POINT('',(-0.0555313678223333,-0.0151479849746376,0.0234092768707892));
#12168=CARTESIAN_POINT('',(-0.0550066121068053,-0.0151479849746376,0.0220424459849393));
#12169=CARTESIAN_POINT('',(-0.0558214884667164,-0.0151479849746376,0.0234092768707892));
#12170=CARTESIAN_POINT('',(-0.0558214884667164,-0.0146399849746376,0.0234092768707892));
#12171=CARTESIAN_POINT('',(-0.0561116091110995,-0.0146399849746376,0.0234092768707892));
#12172=CARTESIAN_POINT('',(-0.0561116091110995,-0.0151479849746376,0.0234092768707892));
#12173=CARTESIAN_POINT('',(-0.0561116091110995,-0.0151479849746376,0.0234092768707892));
#12174=CARTESIAN_POINT('',(-0.0558214884667164,-0.0151479849746376,0.0234092768707892));
#12175=CARTESIAN_POINT('',(-0.0561116091110995,-0.0151479849746376,0.0217523253405562));
#12176=CARTESIAN_POINT('',(-0.0561116091110995,-0.0146399849746376,0.0217523253405562));
#12177=CARTESIAN_POINT('',(-0.0561116091110995,-0.0146399849746376,0.0200953738103232));
#12178=CARTESIAN_POINT('',(-0.0561116091110995,-0.0151479849746376,0.0200953738103232));
#12179=CARTESIAN_POINT('',(-0.0561116091110995,-0.0151479849746376,0.0200953738103232));
#12180=CARTESIAN_POINT('',(-0.0561116091110995,-0.0151479849746376,0.0217523253405562));
#12181=CARTESIAN_POINT('',(-0.0559335475656094,-0.0151479849746376,0.0200953738103232));
#12182=CARTESIAN_POINT('',(-0.0559335475656094,-0.0146399849746376,0.0200953738103232));
#12183=CARTESIAN_POINT('',(-0.0557554860201192,-0.0146399849746376,0.0200953738103232));
#12184=CARTESIAN_POINT('',(-0.0557554860201192,-0.0151479849746376,0.0200953738103232));
#12185=CARTESIAN_POINT('',(-0.0557554860201192,-0.0151479849746376,0.0200953738103232));
#12186=CARTESIAN_POINT('',(-0.0559335475656094,-0.0151479849746376,0.0200953738103232));
#12187=CARTESIAN_POINT('',(-0.0557554860201192,-0.0151479849746376,0.0211492370510449));
#12188=CARTESIAN_POINT('',(-0.0557554860201192,-0.0146399849746376,0.0211492370510449));
#12189=CARTESIAN_POINT('',(-0.0557557170068856,-0.0146399849746376,0.0222031019198665));
#12190=CARTESIAN_POINT('',(-0.0557554860201192,-0.0151479849746376,0.0222031002917664));
#12191=CARTESIAN_POINT('',(-0.0557557170068856,-0.0151479849746376,0.0222031019198665));
#12192=CARTESIAN_POINT('',(-0.0557554860201192,-0.0151479849746376,0.0211492370510449));
#12193=CARTESIAN_POINT('',(-0.0651293508084833,-0.0151479849746371,0.0222691715643375));
#12194=CARTESIAN_POINT('',(-0.0651293508084833,-0.0146399849746376,0.0222691715643375));
#12195=CARTESIAN_POINT('',(-0.0557868753504298,-0.0146399849746376,0.0230328453347022));
#12196=CARTESIAN_POINT('',(-0.0557868753504298,-0.0151479849746376,0.0230328453347022));
#12197=CARTESIAN_POINT('',(-0.0557868753504298,-0.0151479849746376,0.0230328453347022));
#12198=CARTESIAN_POINT('',(-0.0651293508084833,-0.0151479849746376,0.0222691715643375));
#12199=CARTESIAN_POINT('',(-0.0557783330208644,-0.0151479849746376,0.0230328453347022));
#12200=CARTESIAN_POINT('',(-0.0557783330208644,-0.0146399849746376,0.0230328453347022));
#12201=CARTESIAN_POINT('',(-0.0557783330208644,-0.0151479849746376,0.0230328453347022));
#12202=CARTESIAN_POINT('',(-0.0539082512259484,-0.0151479849746376,0.0464011691510677));
#12203=CARTESIAN_POINT('',(-0.0539082512259484,-0.0146399849746376,0.0464011691510677));
#12204=CARTESIAN_POINT('',(0.111295403971406,-0.15010822714386,-0.372208726907476));
#12205=CARTESIAN_POINT('',(-0.0737567756041269,-0.0241973865483053,0.0651780461338835));
#12206=CARTESIAN_POINT('',(-0.0853067756041269,-0.0241973865483053,0.0212645474360066));
#12207=CARTESIAN_POINT('',(-0.0853067756041269,-0.0241973865483053,0.0229895474360066));
#12208=CARTESIAN_POINT('',(-0.0853067756041269,-0.0241993865483053,0.0212645474360066));
#12209=CARTESIAN_POINT('',(-0.0853067756041269,0.00780261345169471,0.0212645474360066));
#12210=CARTESIAN_POINT('',(-0.0853067756041269,0.00780261345169471,0.0229895474360066));
#12211=CARTESIAN_POINT('',(-0.0755050596800536,0.00780261345169471,0.0271780461338835));
#12212=CARTESIAN_POINT('',(0.166501226114774,-0.140550825374835,-0.352985603797757));
#12213=CARTESIAN_POINT('',(-0.0423787484092251,-0.0151479849746376,0.0226295776390096));
#12214=CARTESIAN_POINT('',(-0.0423787484092251,-0.0146399849746376,0.0226295776390096));
#12215=CARTESIAN_POINT('',(-0.042378748409225,-0.0151479849746376,0.02241778956861));
#12216=CARTESIAN_POINT('',(-0.042378748409225,-0.0146399849746376,0.02241778956861));
#12217=CARTESIAN_POINT('',(-0.0424381022577218,-0.0151479849746376,0.0222446842507947));
#12218=CARTESIAN_POINT('',(-0.0424381022577218,-0.0146399849746376,0.0222446842507947));
#12219=CARTESIAN_POINT('',(-0.0425568099547152,-0.0151479849746376,0.0221102616855639));
#12220=CARTESIAN_POINT('',(-0.0425568099547152,-0.0146399849746376,0.0221102616855639));
#12221=CARTESIAN_POINT('',(-0.0423787484092251,-0.0146399849746376,0.0226295776390096));
#12222=CARTESIAN_POINT('',(-0.0423787484092251,-0.0146399849746376,0.0223118955334102));
#12223=CARTESIAN_POINT('',(-0.0425568099547152,-0.0146399849746376,0.0221102616855639));
#12224=CARTESIAN_POINT('',(-0.0423787484092251,-0.0146399849746376,0.0226295776390096));
#12225=CARTESIAN_POINT('',(-0.0425568099547152,-0.0146399849746376,0.0221102616855639));
#12226=CARTESIAN_POINT('',(-0.0423787484092251,-0.0151479849746376,0.0226295776390096));
#12227=CARTESIAN_POINT('',(-0.0423787484092251,-0.0151479849746376,0.0226295776390096));
#12228=CARTESIAN_POINT('',(-0.0423787484092251,-0.0151479849746376,0.0226295776390096));
#12229=CARTESIAN_POINT('',(-0.0423787484092251,-0.0151479849746376,0.0223118955334102));
#12230=CARTESIAN_POINT('',(-0.0425568099547152,-0.0151479849746376,0.0221102616855639));
#12231=CARTESIAN_POINT('',(-0.0425568099547152,-0.0151479849746376,0.0221102616855639));
#12232=CARTESIAN_POINT('',(-0.0425568099547152,-0.0151479849746376,0.0221102616855639));
#12233=CARTESIAN_POINT('',(-0.0426463847036685,-0.0151479849746376,0.0232355671349649));
#12234=CARTESIAN_POINT('',(-0.0426463847036685,-0.0146399849746376,0.0232355671349649));
#12235=CARTESIAN_POINT('',(-0.0424679605073729,-0.0151479849746376,0.0230883309079404));
#12236=CARTESIAN_POINT('',(-0.0424679605073729,-0.0146399849746376,0.0230883309079404));
#12237=CARTESIAN_POINT('',(-0.042378748409225,-0.0151479849746376,0.0228863344092887));
#12238=CARTESIAN_POINT('',(-0.042378748409225,-0.0146399849746376,0.0228863344092887));
#12239=CARTESIAN_POINT('',(-0.0423787484092251,-0.0151479849746376,0.0226295776390096));
#12240=CARTESIAN_POINT('',(-0.0423787484092251,-0.0146399849746376,0.0226295776390096));
#12241=CARTESIAN_POINT('',(-0.0426463847036685,-0.0146399849746376,0.0232355671349649));
#12242=CARTESIAN_POINT('',(-0.0423787484092251,-0.0146399849746376,0.0230147127944282));
#12243=CARTESIAN_POINT('',(-0.0423787484092251,-0.0146399849746376,0.0226295776390096));
#12244=CARTESIAN_POINT('',(-0.0426463847036685,-0.0146399849746376,0.0232355671349649));
#12245=CARTESIAN_POINT('',(-0.0426463847036685,-0.0151479849746376,0.0232355671349649));
#12246=CARTESIAN_POINT('',(-0.0426463847036685,-0.0151479849746376,0.0232355671349649));
#12247=CARTESIAN_POINT('',(-0.0426463847036685,-0.0151479849746376,0.0232355671349649));
#12248=CARTESIAN_POINT('',(-0.0423787484092251,-0.0151479849746376,0.0230147127944282));
#12249=CARTESIAN_POINT('',(-0.0423787484092251,-0.0151479849746376,0.0226295776390096));
#12250=CARTESIAN_POINT('',(-0.0433963465693988,-0.0151479849746376,0.0234564214755015));
#12251=CARTESIAN_POINT('',(-0.0433963465693988,-0.0146399849746376,0.0234564214755015));
#12252=CARTESIAN_POINT('',(-0.0430747961885409,-0.0151479849746376,0.0234564214755015));
#12253=CARTESIAN_POINT('',(-0.0430747961885409,-0.0146399849746376,0.0234564214755015));
#12254=CARTESIAN_POINT('',(-0.0428248088999641,-0.0151479849746376,0.0233828033619893));
#12255=CARTESIAN_POINT('',(-0.0428248088999641,-0.0146399849746376,0.0233828033619893));
#12256=CARTESIAN_POINT('',(-0.0426463847036685,-0.0151479849746376,0.0232355671349649));
#12257=CARTESIAN_POINT('',(-0.0426463847036685,-0.0146399849746376,0.0232355671349649));
#12258=CARTESIAN_POINT('',(-0.0433963465693988,-0.0146399849746376,0.0234564214755015));
#12259=CARTESIAN_POINT('',(-0.0429140209981119,-0.0146399849746376,0.0234564214755015));
#12260=CARTESIAN_POINT('',(-0.0426463847036685,-0.0146399849746376,0.0232355671349649));
#12261=CARTESIAN_POINT('',(-0.0433963465693988,-0.0146399849746376,0.0234564214755015));
#12262=CARTESIAN_POINT('',(-0.0433963465693988,-0.0151479849746376,0.0234564214755015));
#12263=CARTESIAN_POINT('',(-0.0433963465693988,-0.0151479849746376,0.0234564214755015));
#12264=CARTESIAN_POINT('',(-0.0433963465693988,-0.0151479849746376,0.0234564214755015));
#12265=CARTESIAN_POINT('',(-0.0429140209981119,-0.0151479849746376,0.0234564214755015));
#12266=CARTESIAN_POINT('',(-0.0426463847036685,-0.0151479849746376,0.0232355671349649));
#12267=CARTESIAN_POINT('',(-0.0434061740753061,-0.0151479849746376,0.0217459723403058));
#12268=CARTESIAN_POINT('',(-0.0434061740753061,-0.0146399849746376,0.0217459723403058));
#12269=CARTESIAN_POINT('',(-0.0439577041093022,-0.0146399849746376,0.023364591239341));
#12270=CARTESIAN_POINT('',(-0.0439577300162802,-0.0151479849746376,0.0233646708217153));
#12271=CARTESIAN_POINT('',(-0.0439577041093022,-0.0151479849746376,0.023364591239341));
#12272=CARTESIAN_POINT('',(-0.0434061740753061,-0.0151479849746376,0.0217459723403058));
#12273=CARTESIAN_POINT('',(-0.0434549786156211,-0.0151479849746376,0.021862557520595));
#12274=CARTESIAN_POINT('',(-0.0434549786156211,-0.0146399849746376,0.021862557520595));
#12275=CARTESIAN_POINT('',(-0.044427902207206,-0.0146399849746376,0.0231121393171147));
#12276=CARTESIAN_POINT('',(-0.0444279022118827,-0.0151479849746376,0.0231121393177419));
#12277=CARTESIAN_POINT('',(-0.044427902207206,-0.0151479849746376,0.0231121393171147));
#12278=CARTESIAN_POINT('',(-0.0434549786156211,-0.0151479849746376,0.021862557520595));
#12279=CARTESIAN_POINT('',(-0.0443327109491453,-0.0151479849746376,0.0229849754283789));
#12280=CARTESIAN_POINT('',(-0.0443327109491453,-0.0146399849746376,0.0229849754283789));
#12281=CARTESIAN_POINT('',(-0.0442376964381098,-0.0146399849746376,0.0228580476464613));
#12282=CARTESIAN_POINT('',(-0.0442376964381098,-0.0151479849746376,0.0228580476464613));
#12283=CARTESIAN_POINT('',(-0.0442376964381098,-0.0151479849746376,0.0228580476464613));
#12284=CARTESIAN_POINT('',(-0.0443327109491453,-0.0151479849746376,0.0229849754283789));
#12285=CARTESIAN_POINT('',(-0.0437978010110639,-0.0151479849746376,0.0230760007805542));
#12286=CARTESIAN_POINT('',(-0.0437978010110639,-0.0146399849746376,0.0230760007805542));
#12287=CARTESIAN_POINT('',(-0.0439261793962035,-0.0151479849746376,0.0230365927263588));
#12288=CARTESIAN_POINT('',(-0.0439261793962035,-0.0146399849746376,0.0230365927263588));
#12289=CARTESIAN_POINT('',(-0.0440728112052188,-0.0151479849746376,0.0229639416816612));
#12290=CARTESIAN_POINT('',(-0.0440728112052188,-0.0146399849746376,0.0229639416816612));
#12291=CARTESIAN_POINT('',(-0.0442376964381098,-0.0151479849746376,0.0228580476464613));
#12292=CARTESIAN_POINT('',(-0.0442376964381098,-0.0146399849746376,0.0228580476464613));
#12293=CARTESIAN_POINT('',(-0.0437978010110639,-0.0146399849746376,0.0230760007805542));
#12294=CARTESIAN_POINT('',(-0.0439903685887733,-0.0146399849746376,0.0230168886992611));
#12295=CARTESIAN_POINT('',(-0.0442376964381098,-0.0146399849746376,0.0228580476464613));
#12296=CARTESIAN_POINT('',(-0.0437978010110639,-0.0146399849746376,0.0230760007805542));
#12297=CARTESIAN_POINT('',(-0.0437978010110639,-0.0151479849746376,0.0230760007805542));
#12298=CARTESIAN_POINT('',(-0.0437978010110639,-0.0151479849746376,0.0230760007805542));
#12299=CARTESIAN_POINT('',(-0.0437978010110639,-0.0151479849746376,0.0230760007805542));
#12300=CARTESIAN_POINT('',(-0.0439903685887733,-0.0151479849746376,0.0230168886992611));
#12301=CARTESIAN_POINT('',(-0.0442376964381098,-0.0151479849746376,0.0228580476464613));
#12302=CARTESIAN_POINT('',(-0.0433979093544358,-0.0151479849746376,0.0217441115886828));
#12303=CARTESIAN_POINT('',(-0.0433979093544358,-0.0146399849746376,0.0217441115886828));
#12304=CARTESIAN_POINT('',(-0.0433876429500673,-0.0146399849746376,0.0231351128618472));
#12305=CARTESIAN_POINT('',(-0.0433876429500673,-0.0151479849746376,0.0231351128618472));
#12306=CARTESIAN_POINT('',(-0.0433876429500673,-0.0151479849746376,0.0231351128618472));
#12307=CARTESIAN_POINT('',(-0.0433979093544358,-0.0151479849746376,0.0217441115886828));
#12308=CARTESIAN_POINT('',(-0.0429354173956352,-0.0151479849746376,0.0229965802541543));
#12309=CARTESIAN_POINT('',(-0.0429354173956352,-0.0146399849746376,0.0229965802541543));
#12310=CARTESIAN_POINT('',(-0.0430463885421117,-0.0151479849746376,0.0230889353259496));
#12311=CARTESIAN_POINT('',(-0.0430463885421117,-0.0146399849746376,0.0230889353259496));
#12312=CARTESIAN_POINT('',(-0.0431971303935891,-0.0151479849746376,0.0231351128618472));
#12313=CARTESIAN_POINT('',(-0.0431971303935891,-0.0146399849746376,0.0231351128618472));
#12314=CARTESIAN_POINT('',(-0.0433876429500673,-0.0151479849746376,0.0231351128618472));
#12315=CARTESIAN_POINT('',(-0.0433876429500673,-0.0146399849746376,0.0231351128618472));
#12316=CARTESIAN_POINT('',(-0.0429354173956352,-0.0146399849746376,0.0229965802541543));
#12317=CARTESIAN_POINT('',(-0.04310187411535,-0.0146399849746376,0.0231351128618472));
#12318=CARTESIAN_POINT('',(-0.0433876429500673,-0.0146399849746376,0.0231351128618472));
#12319=CARTESIAN_POINT('',(-0.0429354173956352,-0.0146399849746376,0.0229965802541543));
#12320=CARTESIAN_POINT('',(-0.0429354173956352,-0.0151479849746376,0.0229965802541543));
#12321=CARTESIAN_POINT('',(-0.0429354173956352,-0.0151479849746376,0.0229965802541543));
#12322=CARTESIAN_POINT('',(-0.0429354173956352,-0.0151479849746376,0.0229965802541543));
#12323=CARTESIAN_POINT('',(-0.04310187411535,-0.0151479849746376,0.0231351128618472));
#12324=CARTESIAN_POINT('',(-0.0433876429500673,-0.0151479849746376,0.0231351128618472));
#12325=CARTESIAN_POINT('',(-0.0427689606759204,-0.0151479849746376,0.0226157969084014));
#12326=CARTESIAN_POINT('',(-0.0427689606759204,-0.0146399849746376,0.0226157969084014));
#12327=CARTESIAN_POINT('',(-0.0427689606759204,-0.0151479849746376,0.0227772974004414));
#12328=CARTESIAN_POINT('',(-0.0427689606759204,-0.0146399849746376,0.0227772974004414));
#12329=CARTESIAN_POINT('',(-0.0428244462491586,-0.0151479849746376,0.022904225182359));
#12330=CARTESIAN_POINT('',(-0.0428244462491586,-0.0146399849746376,0.022904225182359));
#12331=CARTESIAN_POINT('',(-0.0429354173956352,-0.0151479849746376,0.0229965802541543));
#12332=CARTESIAN_POINT('',(-0.0429354173956352,-0.0146399849746376,0.0229965802541543));
#12333=CARTESIAN_POINT('',(-0.0427689606759204,-0.0146399849746376,0.0226157969084014));
#12334=CARTESIAN_POINT('',(-0.0427689606759204,-0.0146399849746376,0.0228580476464613));
#12335=CARTESIAN_POINT('',(-0.0429354173956352,-0.0146399849746376,0.0229965802541543));
#12336=CARTESIAN_POINT('',(-0.0427689606759204,-0.0146399849746376,0.0226157969084014));
#12337=CARTESIAN_POINT('',(-0.0427689606759204,-0.0151479849746376,0.0226157969084014));
#12338=CARTESIAN_POINT('',(-0.0427689606759204,-0.0151479849746376,0.0226157969084014));
#12339=CARTESIAN_POINT('',(-0.0427689606759204,-0.0151479849746376,0.0226157969084014));
#12340=CARTESIAN_POINT('',(-0.0427689606759204,-0.0151479849746376,0.0228580476464613));
#12341=CARTESIAN_POINT('',(-0.0429354173956352,-0.0151479849746376,0.0229965802541543));
#12342=CARTESIAN_POINT('',(-0.0429956174293446,-0.0151479849746376,0.0221407243532241));
#12343=CARTESIAN_POINT('',(-0.0429956174293446,-0.0146399849746376,0.0221407243532241));
#12344=CARTESIAN_POINT('',(-0.0428445129270618,-0.0151479849746376,0.0222548384733481));
#12345=CARTESIAN_POINT('',(-0.0428445129270618,-0.0146399849746376,0.0222548384733481));
#12346=CARTESIAN_POINT('',(-0.0427689606759204,-0.0151479849746376,0.0224131959917406));
#12347=CARTESIAN_POINT('',(-0.0427689606759204,-0.0146399849746376,0.0224131959917406));
#12348=CARTESIAN_POINT('',(-0.0427689606759204,-0.0151479849746376,0.0226157969084014));
#12349=CARTESIAN_POINT('',(-0.0427689606759204,-0.0146399849746376,0.0226157969084014));
#12350=CARTESIAN_POINT('',(-0.0429956174293446,-0.0146399849746376,0.0221407243532241));
#12351=CARTESIAN_POINT('',(-0.0427689606759204,-0.0146399849746376,0.0223118955334102));
#12352=CARTESIAN_POINT('',(-0.0427689606759204,-0.0146399849746376,0.0226157969084014));
#12353=CARTESIAN_POINT('',(-0.0429956174293446,-0.0146399849746376,0.0221407243532241));
#12354=CARTESIAN_POINT('',(-0.0429956174293446,-0.0151479849746376,0.0221407243532241));
#12355=CARTESIAN_POINT('',(-0.0429956174293446,-0.0151479849746376,0.0221407243532241));
#12356=CARTESIAN_POINT('',(-0.0429956174293446,-0.0151479849746376,0.0221407243532241));
#12357=CARTESIAN_POINT('',(-0.0427689606759204,-0.0151479849746376,0.0223118955334102));
#12358=CARTESIAN_POINT('',(-0.0427689606759204,-0.0151479849746376,0.0226157969084014));
#12359=CARTESIAN_POINT('',(-0.0436095852430204,-0.0151479849746376,0.0219695531730381));
#12360=CARTESIAN_POINT('',(-0.0436095852430204,-0.0146399849746376,0.0219695531730381));
#12361=CARTESIAN_POINT('',(-0.0433513778695194,-0.0151479849746376,0.021969553173038));
#12362=CARTESIAN_POINT('',(-0.0433513778695194,-0.0146399849746376,0.021969553173038));
#12363=CARTESIAN_POINT('',(-0.0431467219316275,-0.0151479849746376,0.0220266102331001));
#12364=CARTESIAN_POINT('',(-0.0431467219316275,-0.0146399849746376,0.0220266102331001));
#12365=CARTESIAN_POINT('',(-0.0429956174293446,-0.0151479849746376,0.0221407243532241));
#12366=CARTESIAN_POINT('',(-0.0429956174293446,-0.0146399849746376,0.0221407243532241));
#12367=CARTESIAN_POINT('',(-0.0436095852430204,-0.0146399849746376,0.0219695531730381));
#12368=CARTESIAN_POINT('',(-0.043222274182769,-0.0146399849746376,0.0219695531730381));
#12369=CARTESIAN_POINT('',(-0.0429956174293446,-0.0146399849746376,0.0221407243532241));
#12370=CARTESIAN_POINT('',(-0.0436095852430204,-0.0146399849746376,0.0219695531730381));
#12371=CARTESIAN_POINT('',(-0.0436095852430204,-0.0151479849746376,0.0219695531730381));
#12372=CARTESIAN_POINT('',(-0.0436095852430204,-0.0151479849746376,0.0219695531730381));
#12373=CARTESIAN_POINT('',(-0.0436095852430204,-0.0151479849746376,0.0219695531730381));
#12374=CARTESIAN_POINT('',(-0.043222274182769,-0.0151479849746376,0.0219695531730381));
#12375=CARTESIAN_POINT('',(-0.0429956174293446,-0.0151479849746376,0.0221407243532241));
#12376=CARTESIAN_POINT('',(-0.0437749540103188,-0.0151479849746376,0.0219695531730381));
#12377=CARTESIAN_POINT('',(-0.0437749540103188,-0.0146399849746376,0.0219695531730381));
#12378=CARTESIAN_POINT('',(-0.0439403227776171,-0.0146399849746376,0.0219695531730381));
#12379=CARTESIAN_POINT('',(-0.0439403227776171,-0.0151479849746376,0.0219695531730381));
#12380=CARTESIAN_POINT('',(-0.0439403227776171,-0.0151479849746376,0.0219695531730381));
#12381=CARTESIAN_POINT('',(-0.0437749540103188,-0.0151479849746376,0.0219695531730381));
#12382=CARTESIAN_POINT('',(-0.0439403227776171,-0.0151479849746376,0.0218078109137945));
#12383=CARTESIAN_POINT('',(-0.0439403227776171,-0.0146399849746376,0.0218078109137945));
#12384=CARTESIAN_POINT('',(-0.0439403227776171,-0.0146399849746376,0.0216460686545509));
#12385=CARTESIAN_POINT('',(-0.0439403227776171,-0.0151479849746376,0.0216460686545509));
#12386=CARTESIAN_POINT('',(-0.0439403227776171,-0.0151479849746376,0.0216460686545509));
#12387=CARTESIAN_POINT('',(-0.0439403227776171,-0.0151479849746376,0.0218078109137945));
#12388=CARTESIAN_POINT('',(-0.0437771299151517,-0.0151479849746376,0.0216460686545509));
#12389=CARTESIAN_POINT('',(-0.0437771299151517,-0.0146399849746376,0.0216460686545509));
#12390=CARTESIAN_POINT('',(-0.0436139370526861,-0.0146399849746376,0.0216460686545509));
#12391=CARTESIAN_POINT('',(-0.0436139370526861,-0.0151479849746376,0.0216460686545509));
#12392=CARTESIAN_POINT('',(-0.0436139370526861,-0.0151479849746376,0.0216460686545509));
#12393=CARTESIAN_POINT('',(-0.0437771299151517,-0.0151479849746376,0.0216460686545509));
#12394=CARTESIAN_POINT('',(-0.0426666931487753,-0.0151479849746376,0.021042617714234));
#12395=CARTESIAN_POINT('',(-0.0426666931487753,-0.0146399849746376,0.021042617714234));
#12396=CARTESIAN_POINT('',(-0.0426666931487753,-0.0151479849746376,0.021444918341112));
#12397=CARTESIAN_POINT('',(-0.0426666931487753,-0.0146399849746376,0.021444918341112));
#12398=CARTESIAN_POINT('',(-0.0429824411167456,-0.0151479849746376,0.0216460686545509));
#12399=CARTESIAN_POINT('',(-0.0429824411167456,-0.0146399849746376,0.0216460686545509));
#12400=CARTESIAN_POINT('',(-0.0436139370526861,-0.0151479849746376,0.0216460686545509));
#12401=CARTESIAN_POINT('',(-0.0436139370526861,-0.0146399849746376,0.0216460686545509));
#12402=CARTESIAN_POINT('',(-0.0426666931487753,-0.0146399849746376,0.021042617714234));
#12403=CARTESIAN_POINT('',(-0.0426666931487753,-0.0146399849746376,0.0216460686545509));
#12404=CARTESIAN_POINT('',(-0.0436139370526861,-0.0146399849746376,0.0216460686545509));
#12405=CARTESIAN_POINT('',(-0.0426666931487753,-0.0146399849746376,0.021042617714234));
#12406=CARTESIAN_POINT('',(-0.0426666931487753,-0.0151479849746376,0.021042617714234));
#12407=CARTESIAN_POINT('',(-0.0426666931487753,-0.0151479849746376,0.021042617714234));
#12408=CARTESIAN_POINT('',(-0.0426666931487753,-0.0151479849746376,0.021042617714234));
#12409=CARTESIAN_POINT('',(-0.0426666931487753,-0.0151479849746376,0.0216460686545509));
#12410=CARTESIAN_POINT('',(-0.0436139370526861,-0.0151479849746376,0.0216460686545509));
#12411=CARTESIAN_POINT('',(-0.0435254502561493,-0.0151479849746376,0.0203695378192652));
#12412=CARTESIAN_POINT('',(-0.0435254502561493,-0.0146399849746376,0.0203695378192652));
#12413=CARTESIAN_POINT('',(-0.0429529455179,-0.0151479849746376,0.0203695378192652));
#12414=CARTESIAN_POINT('',(-0.0429529455179,-0.0146399849746376,0.0203695378192652));
#12415=CARTESIAN_POINT('',(-0.0426666931487753,-0.0151479849746376,0.0205938977842549));
#12416=CARTESIAN_POINT('',(-0.0426666931487753,-0.0146399849746376,0.0205938977842549));
#12417=CARTESIAN_POINT('',(-0.0426666931487753,-0.0151479849746376,0.021042617714234));
#12418=CARTESIAN_POINT('',(-0.0426666931487753,-0.0146399849746376,0.021042617714234));
#12419=CARTESIAN_POINT('',(-0.0435254502561493,-0.0146399849746376,0.0203695378192652));
#12420=CARTESIAN_POINT('',(-0.0426666931487753,-0.0146399849746376,0.0203695378192652));
#12421=CARTESIAN_POINT('',(-0.0426666931487753,-0.0146399849746376,0.021042617714234));
#12422=CARTESIAN_POINT('',(-0.0435254502561493,-0.0146399849746376,0.0203695378192652));
#12423=CARTESIAN_POINT('',(-0.0435254502561493,-0.0151479849746376,0.0203695378192652));
#12424=CARTESIAN_POINT('',(-0.0435254502561493,-0.0151479849746376,0.0203695378192652));
#12425=CARTESIAN_POINT('',(-0.0435254502561493,-0.0151479849746376,0.0203695378192652));
#12426=CARTESIAN_POINT('',(-0.0426666931487753,-0.0151479849746376,0.0203695378192652));
#12427=CARTESIAN_POINT('',(-0.0426666931487753,-0.0151479849746376,0.021042617714234));
#12428=CARTESIAN_POINT('',(-0.0435059351588768,-0.0151479849746375,0.0224539332689936));
#12429=CARTESIAN_POINT('',(-0.0435059351588768,-0.0146399849746376,0.0224539332689936));
#12430=CARTESIAN_POINT('',(-0.0439867066202868,-0.0146399849746376,0.0204251720855326));
#12431=CARTESIAN_POINT('',(-0.0439867420807185,-0.0151479849746376,0.0204250233925035));
#12432=CARTESIAN_POINT('',(-0.0439867066202868,-0.0151479849746376,0.0204251720855326));
#12433=CARTESIAN_POINT('',(-0.0435059351588768,-0.0151479849746376,0.0224539332689936));
#12434=CARTESIAN_POINT('',(-0.0435348352966342,-0.0151479849746375,0.0224385869962723));
#12435=CARTESIAN_POINT('',(-0.0435348352966342,-0.0146399849746376,0.0224385869962723));
#12436=CARTESIAN_POINT('',(-0.0444458580004547,-0.0146399849746376,0.0205870290569803));
#12437=CARTESIAN_POINT('',(-0.0444458580004547,-0.0151479849746376,0.0205870290569803));
#12438=CARTESIAN_POINT('',(-0.0444458580004547,-0.0151479849746376,0.0205870290569803));
#12439=CARTESIAN_POINT('',(-0.0435348352966342,-0.0151479849746376,0.0224385869962723));
#12440=CARTESIAN_POINT('',(-0.0444458580004547,-0.0151479849746376,0.020407978804646));
#12441=CARTESIAN_POINT('',(-0.0444458580004547,-0.0146399849746376,0.020407978804646));
#12442=CARTESIAN_POINT('',(-0.0444458580004547,-0.0146399849746376,0.0202289234820624));
#12443=CARTESIAN_POINT('',(-0.0444458580004547,-0.0151479849746376,0.0202289234820624));
#12444=CARTESIAN_POINT('',(-0.0444458580004547,-0.0151479849746376,0.0202289234820624));
#12445=CARTESIAN_POINT('',(-0.0444458580004547,-0.0151479849746376,0.020407978804646));
#12446=CARTESIAN_POINT('',(-0.0437208666338875,-0.0151479849746375,0.0217207837877399));
#12447=CARTESIAN_POINT('',(-0.0437208666338875,-0.0146399849746376,0.0217207837877399));
#12448=CARTESIAN_POINT('',(-0.0440212215285021,-0.0146399849746376,0.0200894139763983));
#12449=CARTESIAN_POINT('',(-0.044021193907239,-0.0151479849746376,0.0200895713974356));
#12450=CARTESIAN_POINT('',(-0.0440212215285021,-0.0151479849746376,0.0200894139763983));
#12451=CARTESIAN_POINT('',(-0.0437208666338875,-0.0151479849746376,0.0217207837877399));
#12452=CARTESIAN_POINT('',(-0.0435617958753311,-0.0151479849746375,0.0227508315866272));
#12453=CARTESIAN_POINT('',(-0.0435617958753311,-0.0146399849746376,0.0227508315866272));
#12454=CARTESIAN_POINT('',(-0.0435392309867575,-0.0146399849746376,0.0200496798088329));
#12455=CARTESIAN_POINT('',(-0.0435392309867575,-0.0151479849746376,0.0200496798088329));
#12456=CARTESIAN_POINT('',(-0.0435392309867575,-0.0151479849746376,0.0200496798088329));
#12457=CARTESIAN_POINT('',(-0.0435617958753311,-0.0151479849746376,0.0227508315866272));
#12458=CARTESIAN_POINT('',(-0.0426057678134548,-0.0151479849746376,0.02030498597589));
#12459=CARTESIAN_POINT('',(-0.0426057678134548,-0.0146399849746376,0.02030498597589));
#12460=CARTESIAN_POINT('',(-0.0428248088999641,-0.0151479849746376,0.0201347818645186));
#12461=CARTESIAN_POINT('',(-0.0428248088999641,-0.0146399849746376,0.0201347818645186));
#12462=CARTESIAN_POINT('',(-0.043135963291065,-0.0151479849746376,0.0200496798088329));
#12463=CARTESIAN_POINT('',(-0.043135963291065,-0.0146399849746376,0.0200496798088329));
#12464=CARTESIAN_POINT('',(-0.0435392309867575,-0.0151479849746376,0.0200496798088329));
#12465=CARTESIAN_POINT('',(-0.0435392309867575,-0.0146399849746376,0.0200496798088329));
#12466=CARTESIAN_POINT('',(-0.0426057678134548,-0.0146399849746376,0.02030498597589));
#12467=CARTESIAN_POINT('',(-0.0429343294432187,-0.0146399849746376,0.0200496798088329));
#12468=CARTESIAN_POINT('',(-0.0435392309867575,-0.0146399849746376,0.0200496798088329));
#12469=CARTESIAN_POINT('',(-0.0426057678134548,-0.0146399849746376,0.02030498597589));
#12470=CARTESIAN_POINT('',(-0.0426057678134548,-0.0151479849746376,0.02030498597589));
#12471=CARTESIAN_POINT('',(-0.0426057678134548,-0.0151479849746376,0.02030498597589));
#12472=CARTESIAN_POINT('',(-0.0426057678134548,-0.0151479849746376,0.02030498597589));
#12473=CARTESIAN_POINT('',(-0.0429343294432187,-0.0151479849746376,0.0200496798088329));
#12474=CARTESIAN_POINT('',(-0.0435392309867575,-0.0151479849746376,0.0200496798088329));
#12475=CARTESIAN_POINT('',(-0.042277206183691,-0.0151479849746376,0.0210339140949026));
#12476=CARTESIAN_POINT('',(-0.042277206183691,-0.0146399849746376,0.0210339140949026));
#12477=CARTESIAN_POINT('',(-0.042277206183691,-0.0151479849746376,0.0207181661269323));
#12478=CARTESIAN_POINT('',(-0.042277206183691,-0.0146399849746376,0.0207181661269323));
#12479=CARTESIAN_POINT('',(-0.0423867267269456,-0.0151479849746376,0.0204751900872614));
#12480=CARTESIAN_POINT('',(-0.0423867267269456,-0.0146399849746376,0.0204751900872614));
#12481=CARTESIAN_POINT('',(-0.0426057678134548,-0.0151479849746376,0.02030498597589));
#12482=CARTESIAN_POINT('',(-0.0426057678134548,-0.0146399849746376,0.02030498597589));
#12483=CARTESIAN_POINT('',(-0.042277206183691,-0.0146399849746376,0.0210339140949026));
#12484=CARTESIAN_POINT('',(-0.042277206183691,-0.0146399849746376,0.0205602921429471));
#12485=CARTESIAN_POINT('',(-0.0426057678134548,-0.0146399849746376,0.02030498597589));
#12486=CARTESIAN_POINT('',(-0.042277206183691,-0.0146399849746376,0.0210339140949026));
#12487=CARTESIAN_POINT('',(-0.042277206183691,-0.0151479849746376,0.0210339140949026));
#12488=CARTESIAN_POINT('',(-0.042277206183691,-0.0151479849746376,0.0210339140949026));
#12489=CARTESIAN_POINT('',(-0.042277206183691,-0.0151479849746376,0.0210339140949026));
#12490=CARTESIAN_POINT('',(-0.042277206183691,-0.0151479849746376,0.0205602921429471));
#12491=CARTESIAN_POINT('',(-0.0426057678134548,-0.0151479849746376,0.02030498597589));
#12492=CARTESIAN_POINT('',(-0.0424697737614003,-0.0151479849746376,0.0215688240329839));
#12493=CARTESIAN_POINT('',(-0.0424697737614003,-0.0146399849746376,0.0215688240329839));
#12494=CARTESIAN_POINT('',(-0.0423413953762607,-0.0151479849746376,0.0214327090973275));
#12495=CARTESIAN_POINT('',(-0.0423413953762607,-0.0146399849746376,0.0214327090973275));
#12496=CARTESIAN_POINT('',(-0.042277206183691,-0.0151479849746376,0.0212544057846337));
#12497=CARTESIAN_POINT('',(-0.042277206183691,-0.0146399849746376,0.0212544057846337));
#12498=CARTESIAN_POINT('',(-0.042277206183691,-0.0151479849746376,0.0210339140949026));
#12499=CARTESIAN_POINT('',(-0.042277206183691,-0.0146399849746376,0.0210339140949026));
#12500=CARTESIAN_POINT('',(-0.0424697737614003,-0.0146399849746376,0.0215688240329839));
#12501=CARTESIAN_POINT('',(-0.042277206183691,-0.0146399849746376,0.0213646516294993));
#12502=CARTESIAN_POINT('',(-0.042277206183691,-0.0146399849746376,0.0210339140949026));
#12503=CARTESIAN_POINT('',(-0.0424697737614003,-0.0146399849746376,0.0215688240329839));
#12504=CARTESIAN_POINT('',(-0.0424697737614003,-0.0151479849746376,0.0215688240329839));
#12505=CARTESIAN_POINT('',(-0.0424697737614003,-0.0151479849746376,0.0215688240329839));
#12506=CARTESIAN_POINT('',(-0.0424697737614003,-0.0151479849746376,0.0215688240329839));
#12507=CARTESIAN_POINT('',(-0.042277206183691,-0.0151479849746376,0.0213646516294993));
#12508=CARTESIAN_POINT('',(-0.042277206183691,-0.0151479849746376,0.0210339140949026));
#12509=CARTESIAN_POINT('',(-0.0430612572251364,-0.0151479849746376,0.0218223169460137));
#12510=CARTESIAN_POINT('',(-0.0430612572251364,-0.0146399849746376,0.0218223169460137));
#12511=CARTESIAN_POINT('',(-0.0427953133011185,-0.0151479849746376,0.0217894366063169));
#12512=CARTESIAN_POINT('',(-0.0427953133011185,-0.0146399849746376,0.0217894366063169));
#12513=CARTESIAN_POINT('',(-0.0425981521465398,-0.0151479849746376,0.0217049389686403));
#12514=CARTESIAN_POINT('',(-0.0425981521465398,-0.0146399849746376,0.0217049389686403));
#12515=CARTESIAN_POINT('',(-0.0424697737614003,-0.0151479849746376,0.0215688240329839));
#12516=CARTESIAN_POINT('',(-0.0424697737614003,-0.0146399849746376,0.0215688240329839));
#12517=CARTESIAN_POINT('',(-0.0430612572251364,-0.0146399849746376,0.0218223169460137));
#12518=CARTESIAN_POINT('',(-0.0426623413391096,-0.0146399849746376,0.0217729964364685));
#12519=CARTESIAN_POINT('',(-0.0424697737614003,-0.0146399849746376,0.0215688240329839));
#12520=CARTESIAN_POINT('',(-0.0430612572251364,-0.0146399849746376,0.0218223169460137));
#12521=CARTESIAN_POINT('',(-0.0430612572251364,-0.0151479849746376,0.0218223169460137));
#12522=CARTESIAN_POINT('',(-0.0430612572251364,-0.0151479849746376,0.0218223169460137));
#12523=CARTESIAN_POINT('',(-0.0430612572251364,-0.0151479849746376,0.0218223169460137));
#12524=CARTESIAN_POINT('',(-0.0426623413391096,-0.0151479849746376,0.0217729964364685));
#12525=CARTESIAN_POINT('',(-0.0424697737614003,-0.0151479849746376,0.0215688240329839));
#12526=CARTESIAN_POINT('',(-0.0430612572251364,-0.0151479849746376,0.0218313832161506));
#12527=CARTESIAN_POINT('',(-0.0430612572251364,-0.0146399849746376,0.0218313832161506));
#12528=CARTESIAN_POINT('',(-0.0430612572251364,-0.0146399849746376,0.0218404494862876));
#12529=CARTESIAN_POINT('',(-0.0430612572251364,-0.0151479849746376,0.0218404494862876));
#12530=CARTESIAN_POINT('',(-0.0430612572251364,-0.0151479849746376,0.0218404494862876));
#12531=CARTESIAN_POINT('',(-0.0430612572251364,-0.0151479849746376,0.0218313832161506));
#12532=CARTESIAN_POINT('',(-0.0425568099547152,-0.0151479849746376,0.0221102616855639));
#12533=CARTESIAN_POINT('',(-0.0425568099547152,-0.0146399849746376,0.0221102616855639));
#12534=CARTESIAN_POINT('',(-0.0426755176517086,-0.0151479849746376,0.021975839120333));
#12535=CARTESIAN_POINT('',(-0.0426755176517086,-0.0146399849746376,0.021975839120333));
#12536=CARTESIAN_POINT('',(-0.042843666741849,-0.0151479849746376,0.0218859017205743));
#12537=CARTESIAN_POINT('',(-0.042843666741849,-0.0146399849746376,0.0218859017205743));
#12538=CARTESIAN_POINT('',(-0.0430612572251364,-0.0151479849746376,0.0218404494862876));
#12539=CARTESIAN_POINT('',(-0.0430612572251364,-0.0146399849746376,0.0218404494862876));
#12540=CARTESIAN_POINT('',(-0.0425568099547152,-0.0146399849746376,0.0221102616855639));
#12541=CARTESIAN_POINT('',(-0.0427348715002054,-0.0146399849746376,0.0219086278377176));
#12542=CARTESIAN_POINT('',(-0.0430612572251364,-0.0146399849746376,0.0218404494862876));
#12543=CARTESIAN_POINT('',(-0.0425568099547152,-0.0151479849746376,0.0221102616855639));
#12544=CARTESIAN_POINT('',(-0.0427348715002054,-0.0151479849746376,0.0219086278377176));
#12545=CARTESIAN_POINT('',(-0.0430612572251364,-0.0151479849746376,0.0218404494862876));
#12546=CARTESIAN_POINT('',(-0.0539082512259484,-0.0151479849746376,0.0464011691510677));
#12547=CARTESIAN_POINT('',(-0.0539082512259484,-0.0146399849746376,0.0464011691510677));
#12548=CARTESIAN_POINT('',(0.0775844021658373,-0.150108227183784,-0.372208727003443));
#12549=CARTESIAN_POINT('',(-0.0467008207089224,-0.0151479849746376,0.0217570398010274));
#12550=CARTESIAN_POINT('',(-0.0467008207089224,-0.0146399849746376,0.0217570398010274));
#12551=CARTESIAN_POINT('',(-0.0467008207089224,-0.0151479849746376,0.0212749559969442));
#12552=CARTESIAN_POINT('',(-0.0467008207089224,-0.0146399849746376,0.0212749559969442));
#12553=CARTESIAN_POINT('',(-0.0466441262996659,-0.0151479849746376,0.0209239100172406));
#12554=CARTESIAN_POINT('',(-0.0466441262996659,-0.0146399849746376,0.0209239100172406));
#12555=CARTESIAN_POINT('',(-0.0465307374811528,-0.0151479849746376,0.0207039018619168));
#12556=CARTESIAN_POINT('',(-0.0465307374811528,-0.0146399849746376,0.0207039018619168));
#12557=CARTESIAN_POINT('',(-0.0467008207089224,-0.0146399849746376,0.0217570398010274));
#12558=CARTESIAN_POINT('',(-0.0467008207089224,-0.0146399849746376,0.0210339140949026));
#12559=CARTESIAN_POINT('',(-0.0465307374811528,-0.0146399849746376,0.0207039018619168));
#12560=CARTESIAN_POINT('',(-0.0467008207089224,-0.0146399849746376,0.0217570398010274));
#12561=CARTESIAN_POINT('',(-0.0465307374811528,-0.0146399849746376,0.0207039018619168));
#12562=CARTESIAN_POINT('',(-0.0467008207089224,-0.0151479849746376,0.0217570398010274));
#12563=CARTESIAN_POINT('',(-0.0467008207089224,-0.0151479849746376,0.0217570398010274));
#12564=CARTESIAN_POINT('',(-0.0467008207089224,-0.0151479849746376,0.0217570398010274));
#12565=CARTESIAN_POINT('',(-0.0467008207089224,-0.0151479849746376,0.0210339140949026));
#12566=CARTESIAN_POINT('',(-0.0465307374811528,-0.0151479849746376,0.0207039018619168));
#12567=CARTESIAN_POINT('',(-0.0465307374811528,-0.0151479849746376,0.0207039018619168));
#12568=CARTESIAN_POINT('',(-0.0465307374811528,-0.0151479849746376,0.0207039018619168));
#12569=CARTESIAN_POINT('',(-0.0465307374811528,-0.0151479849746376,0.0228076391844998));
#12570=CARTESIAN_POINT('',(-0.0465307374811528,-0.0146399849746376,0.0228076391844998));
#12571=CARTESIAN_POINT('',(-0.0466441262996659,-0.0151479849746376,0.0225893233996015));
#12572=CARTESIAN_POINT('',(-0.0466441262996659,-0.0146399849746376,0.0225893233996015));
#12573=CARTESIAN_POINT('',(-0.0467008207089224,-0.0151479849746376,0.0222391236051107));
#12574=CARTESIAN_POINT('',(-0.0467008207089224,-0.0146399849746376,0.0222391236051107));
#12575=CARTESIAN_POINT('',(-0.0467008207089224,-0.0151479849746376,0.0217570398010274));
#12576=CARTESIAN_POINT('',(-0.0467008207089224,-0.0146399849746376,0.0217570398010274));
#12577=CARTESIAN_POINT('',(-0.0465307374811528,-0.0146399849746376,0.0228076391844998));
#12578=CARTESIAN_POINT('',(-0.0467008207089224,-0.0146399849746376,0.0224801655071524));
#12579=CARTESIAN_POINT('',(-0.0467008207089224,-0.0146399849746376,0.0217570398010274));
#12580=CARTESIAN_POINT('',(-0.0465307374811528,-0.0146399849746376,0.0228076391844998));
#12581=CARTESIAN_POINT('',(-0.0465307374811528,-0.0151479849746376,0.0228076391844998));
#12582=CARTESIAN_POINT('',(-0.0465307374811528,-0.0151479849746376,0.0228076391844998));
#12583=CARTESIAN_POINT('',(-0.0465307374811528,-0.0151479849746376,0.0228076391844998));
#12584=CARTESIAN_POINT('',(-0.0467008207089224,-0.0151479849746376,0.0224801655071524));
#12585=CARTESIAN_POINT('',(-0.0467008207089224,-0.0151479849746376,0.0217570398010274));
#12586=CARTESIAN_POINT('',(-0.0459892998285729,-0.0151479849746376,0.0231351128618472));
#12587=CARTESIAN_POINT('',(-0.0459892998285729,-0.0146399849746376,0.0231351128618472));
#12588=CARTESIAN_POINT('',(-0.0462368694451131,-0.0151479849746376,0.0231351128618472));
#12589=CARTESIAN_POINT('',(-0.0462368694451131,-0.0146399849746376,0.0231351128618472));
#12590=CARTESIAN_POINT('',(-0.0464173486626397,-0.0151479849746376,0.0230259549693981));
#12591=CARTESIAN_POINT('',(-0.0464173486626397,-0.0146399849746376,0.0230259549693981));
#12592=CARTESIAN_POINT('',(-0.0465307374811528,-0.0151479849746376,0.0228076391844998));
#12593=CARTESIAN_POINT('',(-0.0465307374811528,-0.0146399849746376,0.0228076391844998));
#12594=CARTESIAN_POINT('',(-0.0459892998285729,-0.0146399849746376,0.0231351128618472));
#12595=CARTESIAN_POINT('',(-0.0463606542533832,-0.0146399849746376,0.0231351128618472));
#12596=CARTESIAN_POINT('',(-0.0465307374811528,-0.0146399849746376,0.0228076391844998));
#12597=CARTESIAN_POINT('',(-0.0459892998285729,-0.0146399849746376,0.0231351128618472));
#12598=CARTESIAN_POINT('',(-0.0459892998285729,-0.0151479849746376,0.0231351128618472));
#12599=CARTESIAN_POINT('',(-0.0459892998285729,-0.0151479849746376,0.0231351128618472));
#12600=CARTESIAN_POINT('',(-0.0459892998285729,-0.0151479849746376,0.0231351128618472));
#12601=CARTESIAN_POINT('',(-0.0463606542533832,-0.0151479849746376,0.0231351128618472));
#12602=CARTESIAN_POINT('',(-0.0465307374811528,-0.0151479849746376,0.0228076391844998));
#12603=CARTESIAN_POINT('',(-0.0454442356679381,-0.0151479849746376,0.0228029247240286));
#12604=CARTESIAN_POINT('',(-0.0454442356679381,-0.0146399849746376,0.0228029247240286));
#12605=CARTESIAN_POINT('',(-0.0455566574176366,-0.0151479849746376,0.0230243834825743));
#12606=CARTESIAN_POINT('',(-0.0455566574176366,-0.0146399849746376,0.0230243834825743));
#12607=CARTESIAN_POINT('',(-0.0457383454711815,-0.0151479849746376,0.0231351128618472));
#12608=CARTESIAN_POINT('',(-0.0457383454711815,-0.0146399849746376,0.0231351128618472));
#12609=CARTESIAN_POINT('',(-0.0459892998285729,-0.0151479849746376,0.0231351128618472));
#12610=CARTESIAN_POINT('',(-0.0459892998285729,-0.0146399849746376,0.0231351128618472));
#12611=CARTESIAN_POINT('',(-0.0454442356679381,-0.0146399849746376,0.0228029247240286));
#12612=CARTESIAN_POINT('',(-0.0456128682924858,-0.0146399849746376,0.0231351128618472));
#12613=CARTESIAN_POINT('',(-0.0459892998285729,-0.0146399849746376,0.0231351128618472));
#12614=CARTESIAN_POINT('',(-0.0454442356679381,-0.0146399849746376,0.0228029247240286));
#12615=CARTESIAN_POINT('',(-0.0454442356679381,-0.0151479849746376,0.0228029247240286));
#12616=CARTESIAN_POINT('',(-0.0454442356679381,-0.0151479849746376,0.0228029247240286));
#12617=CARTESIAN_POINT('',(-0.0454442356679381,-0.0151479849746376,0.0228029247240286));
#12618=CARTESIAN_POINT('',(-0.0456128682924858,-0.0151479849746376,0.0231351128618472));
#12619=CARTESIAN_POINT('',(-0.0459892998285729,-0.0151479849746376,0.0231351128618472));
#12620=CARTESIAN_POINT('',(-0.0452756030433904,-0.0151479849746376,0.0217570398010274));
#12621=CARTESIAN_POINT('',(-0.0452756030433904,-0.0146399849746376,0.0217570398010274));
#12622=CARTESIAN_POINT('',(-0.0452756030433904,-0.0151479849746376,0.0222328376578158));
#12623=CARTESIAN_POINT('',(-0.0452756030433904,-0.0146399849746376,0.0222328376578158));
#12624=CARTESIAN_POINT('',(-0.0453318139182396,-0.0151479849746376,0.0225814659654828));
#12625=CARTESIAN_POINT('',(-0.0453318139182396,-0.0146399849746376,0.0225814659654828));
#12626=CARTESIAN_POINT('',(-0.0454442356679381,-0.0151479849746376,0.0228029247240286));
#12627=CARTESIAN_POINT('',(-0.0454442356679381,-0.0146399849746376,0.0228029247240286));
#12628=CARTESIAN_POINT('',(-0.0452756030433904,-0.0146399849746376,0.0217570398010274));
#12629=CARTESIAN_POINT('',(-0.0452756030433904,-0.0146399849746376,0.0224707365862099));
#12630=CARTESIAN_POINT('',(-0.0454442356679381,-0.0146399849746376,0.0228029247240286));
#12631=CARTESIAN_POINT('',(-0.0452756030433904,-0.0146399849746376,0.0217570398010274));
#12632=CARTESIAN_POINT('',(-0.0452756030433904,-0.0151479849746376,0.0217570398010274));
#12633=CARTESIAN_POINT('',(-0.0452756030433904,-0.0151479849746376,0.0217570398010274));
#12634=CARTESIAN_POINT('',(-0.0452756030433904,-0.0151479849746376,0.0217570398010274));
#12635=CARTESIAN_POINT('',(-0.0452756030433904,-0.0151479849746376,0.0224707365862099));
#12636=CARTESIAN_POINT('',(-0.0454442356679381,-0.0151479849746376,0.0228029247240286));
#12637=CARTESIAN_POINT('',(-0.0454442356679381,-0.0151479849746376,0.0207082536715825));
#12638=CARTESIAN_POINT('',(-0.0454442356679381,-0.0146399849746376,0.0207082536715825));
#12639=CARTESIAN_POINT('',(-0.0453318139182396,-0.0151479849746376,0.0209311630333502));
#12640=CARTESIAN_POINT('',(-0.0453318139182396,-0.0146399849746376,0.0209311630333502));
#12641=CARTESIAN_POINT('',(-0.0452756030433904,-0.0151479849746376,0.0212807584098318));
#12642=CARTESIAN_POINT('',(-0.0452756030433904,-0.0146399849746376,0.0212807584098318));
#12643=CARTESIAN_POINT('',(-0.0452756030433904,-0.0151479849746376,0.0217570398010274));
#12644=CARTESIAN_POINT('',(-0.0452756030433904,-0.0146399849746376,0.0217570398010274));
#12645=CARTESIAN_POINT('',(-0.0454442356679381,-0.0146399849746376,0.0207082536715825));
#12646=CARTESIAN_POINT('',(-0.0452756030433904,-0.0146399849746376,0.021042617714234));
#12647=CARTESIAN_POINT('',(-0.0452756030433904,-0.0146399849746376,0.0217570398010274));
#12648=CARTESIAN_POINT('',(-0.0454442356679381,-0.0146399849746376,0.0207082536715825));
#12649=CARTESIAN_POINT('',(-0.0454442356679381,-0.0151479849746376,0.0207082536715825));
#12650=CARTESIAN_POINT('',(-0.0454442356679381,-0.0151479849746376,0.0207082536715825));
#12651=CARTESIAN_POINT('',(-0.0454442356679381,-0.0151479849746376,0.0207082536715825));
#12652=CARTESIAN_POINT('',(-0.0452756030433904,-0.0151479849746376,0.021042617714234));
#12653=CARTESIAN_POINT('',(-0.0452756030433904,-0.0151479849746376,0.0217570398010274));
#12654=CARTESIAN_POINT('',(-0.0459892998285729,-0.0151479849746376,0.020373889628931));
#12655=CARTESIAN_POINT('',(-0.0459892998285729,-0.0146399849746376,0.020373889628931));
#12656=CARTESIAN_POINT('',(-0.0457383454711815,-0.0151479849746376,0.020373889628931));
#12657=CARTESIAN_POINT('',(-0.0457383454711815,-0.0146399849746376,0.020373889628931));
#12658=CARTESIAN_POINT('',(-0.0455566574176366,-0.0151479849746376,0.0204853443098148));
#12659=CARTESIAN_POINT('',(-0.0455566574176366,-0.0146399849746376,0.0204853443098148));
#12660=CARTESIAN_POINT('',(-0.0454442356679381,-0.0151479849746376,0.0207082536715825));
#12661=CARTESIAN_POINT('',(-0.0454442356679381,-0.0146399849746376,0.0207082536715825));
#12662=CARTESIAN_POINT('',(-0.0459892998285729,-0.0146399849746376,0.020373889628931));
#12663=CARTESIAN_POINT('',(-0.0456128682924858,-0.0146399849746376,0.020373889628931));
#12664=CARTESIAN_POINT('',(-0.0454442356679381,-0.0146399849746376,0.0207082536715825));
#12665=CARTESIAN_POINT('',(-0.0459892998285729,-0.0146399849746376,0.020373889628931));
#12666=CARTESIAN_POINT('',(-0.0459892998285729,-0.0151479849746376,0.020373889628931));
#12667=CARTESIAN_POINT('',(-0.0459892998285729,-0.0151479849746376,0.020373889628931));
#12668=CARTESIAN_POINT('',(-0.0459892998285729,-0.0151479849746376,0.020373889628931));
#12669=CARTESIAN_POINT('',(-0.0456128682924858,-0.0151479849746376,0.020373889628931));
#12670=CARTESIAN_POINT('',(-0.0454442356679381,-0.0151479849746376,0.0207082536715825));
#12671=CARTESIAN_POINT('',(-0.0448897425863609,-0.0151479849746376,0.0217570398010274));
#12672=CARTESIAN_POINT('',(-0.0448897425863609,-0.0146399849746376,0.0217570398010274));
#12673=CARTESIAN_POINT('',(-0.0448897425863609,-0.0151479849746376,0.0211840515283708));
#12674=CARTESIAN_POINT('',(-0.0448897425863609,-0.0146399849746376,0.0211840515283708));
#12675=CARTESIAN_POINT('',(-0.0449800426369251,-0.0151479849746376,0.0207562444615076));
#12676=CARTESIAN_POINT('',(-0.0449800426369251,-0.0146399849746376,0.0207562444615076));
#12677=CARTESIAN_POINT('',(-0.0451606427380536,-0.0151479849746376,0.0204736186004376));
#12678=CARTESIAN_POINT('',(-0.0451606427380536,-0.0146399849746376,0.0204736186004376));
#12679=CARTESIAN_POINT('',(-0.0448897425863609,-0.0146399849746376,0.0217570398010274));
#12680=CARTESIAN_POINT('',(-0.0448897425863609,-0.0146399849746376,0.0208975573920425));
#12681=CARTESIAN_POINT('',(-0.0451606427380536,-0.0146399849746376,0.0204736186004376));
#12682=CARTESIAN_POINT('',(-0.0448897425863609,-0.0146399849746376,0.0217570398010274));
#12683=CARTESIAN_POINT('',(-0.0451606427380536,-0.0146399849746376,0.0204736186004376));
#12684=CARTESIAN_POINT('',(-0.0448897425863609,-0.0151479849746376,0.0217570398010274));
#12685=CARTESIAN_POINT('',(-0.0448897425863609,-0.0151479849746376,0.0217570398010274));
#12686=CARTESIAN_POINT('',(-0.0448897425863609,-0.0151479849746376,0.0217570398010274));
#12687=CARTESIAN_POINT('',(-0.0448897425863609,-0.0151479849746376,0.0208975573920425));
#12688=CARTESIAN_POINT('',(-0.0451606427380536,-0.0151479849746376,0.0204736186004376));
#12689=CARTESIAN_POINT('',(-0.0451606427380536,-0.0151479849746376,0.0204736186004376));
#12690=CARTESIAN_POINT('',(-0.0451606427380536,-0.0151479849746376,0.0204736186004376));
#12691=CARTESIAN_POINT('',(-0.0451697090081906,-0.0151479849746376,0.0230237790645652));
#12692=CARTESIAN_POINT('',(-0.0451697090081906,-0.0146399849746376,0.0230237790645652));
#12693=CARTESIAN_POINT('',(-0.0449830647269708,-0.0151479849746376,0.0227319660497565));
#12694=CARTESIAN_POINT('',(-0.0449830647269708,-0.0146399849746376,0.0227319660497565));
#12695=CARTESIAN_POINT('',(-0.0448897425863609,-0.0151479849746376,0.0223097196285773));
#12696=CARTESIAN_POINT('',(-0.0448897425863609,-0.0146399849746376,0.0223097196285773));
#12697=CARTESIAN_POINT('',(-0.0448897425863609,-0.0151479849746376,0.0217570398010274));
#12698=CARTESIAN_POINT('',(-0.0448897425863609,-0.0146399849746376,0.0217570398010274));
#12699=CARTESIAN_POINT('',(-0.0451697090081906,-0.0146399849746376,0.0230237790645652));
#12700=CARTESIAN_POINT('',(-0.0448897425863609,-0.0146399849746376,0.0225860595423522));
#12701=CARTESIAN_POINT('',(-0.0448897425863609,-0.0146399849746376,0.0217570398010274));
#12702=CARTESIAN_POINT('',(-0.0451697090081906,-0.0146399849746376,0.0230237790645652));
#12703=CARTESIAN_POINT('',(-0.0451697090081906,-0.0151479849746376,0.0230237790645652));
#12704=CARTESIAN_POINT('',(-0.0451697090081906,-0.0151479849746376,0.0230237790645652));
#12705=CARTESIAN_POINT('',(-0.0451697090081906,-0.0151479849746376,0.0230237790645652));
#12706=CARTESIAN_POINT('',(-0.0448897425863609,-0.0151479849746376,0.0225860595423522));
#12707=CARTESIAN_POINT('',(-0.0448897425863609,-0.0151479849746376,0.0217570398010274));
#12708=CARTESIAN_POINT('',(-0.0459892998285729,-0.0151479849746376,0.0234614985867782));
#12709=CARTESIAN_POINT('',(-0.0459892998285729,-0.0146399849746376,0.0234614985867782));
#12710=CARTESIAN_POINT('',(-0.0456295502295378,-0.0151479849746376,0.0234614985867782));
#12711=CARTESIAN_POINT('',(-0.0456295502295378,-0.0146399849746376,0.0234614985867782));
#12712=CARTESIAN_POINT('',(-0.0453563532894104,-0.0151479849746376,0.0233155920793739));
#12713=CARTESIAN_POINT('',(-0.0453563532894104,-0.0146399849746376,0.0233155920793739));
#12714=CARTESIAN_POINT('',(-0.0451697090081906,-0.0151479849746376,0.0230237790645652));
#12715=CARTESIAN_POINT('',(-0.0451697090081906,-0.0146399849746376,0.0230237790645652));
#12716=CARTESIAN_POINT('',(-0.0459892998285729,-0.0146399849746376,0.0234614985867782));
#12717=CARTESIAN_POINT('',(-0.0454496754300203,-0.0146399849746376,0.0234614985867782));
#12718=CARTESIAN_POINT('',(-0.0451697090081906,-0.0146399849746376,0.0230237790645652));
#12719=CARTESIAN_POINT('',(-0.0459892998285729,-0.0146399849746376,0.0234614985867782));
#12720=CARTESIAN_POINT('',(-0.0459892998285729,-0.0151479849746376,0.0234614985867782));
#12721=CARTESIAN_POINT('',(-0.0459892998285729,-0.0151479849746376,0.0234614985867782));
#12722=CARTESIAN_POINT('',(-0.0459892998285729,-0.0151479849746376,0.0234614985867782));
#12723=CARTESIAN_POINT('',(-0.0454496754300203,-0.0151479849746376,0.0234614985867782));
#12724=CARTESIAN_POINT('',(-0.0451697090081906,-0.0151479849746376,0.0230237790645652));
#12725=CARTESIAN_POINT('',(-0.046811791855399,-0.0151479849746376,0.0230419116048391));
#12726=CARTESIAN_POINT('',(-0.046811791855399,-0.0146399849746376,0.0230419116048391));
#12727=CARTESIAN_POINT('',(-0.0466319170558815,-0.0151479849746376,0.0233216362594652));
#12728=CARTESIAN_POINT('',(-0.0466319170558815,-0.0146399849746376,0.0233216362594652));
#12729=CARTESIAN_POINT('',(-0.0463577530469394,-0.0151479849746376,0.0234614985867782));
#12730=CARTESIAN_POINT('',(-0.0463577530469394,-0.0146399849746376,0.0234614985867782));
#12731=CARTESIAN_POINT('',(-0.0459892998285729,-0.0151479849746376,0.0234614985867782));
#12732=CARTESIAN_POINT('',(-0.0459892998285729,-0.0146399849746376,0.0234614985867782));
#12733=CARTESIAN_POINT('',(-0.046811791855399,-0.0146399849746376,0.0230419116048391));
#12734=CARTESIAN_POINT('',(-0.0465419796561227,-0.0146399849746376,0.0234614985867782));
#12735=CARTESIAN_POINT('',(-0.0459892998285729,-0.0146399849746376,0.0234614985867782));
#12736=CARTESIAN_POINT('',(-0.046811791855399,-0.0146399849746376,0.0230419116048391));
#12737=CARTESIAN_POINT('',(-0.046811791855399,-0.0151479849746376,0.0230419116048391));
#12738=CARTESIAN_POINT('',(-0.046811791855399,-0.0151479849746376,0.0230419116048391));
#12739=CARTESIAN_POINT('',(-0.046811791855399,-0.0151479849746376,0.0230419116048391));
#12740=CARTESIAN_POINT('',(-0.0465419796561227,-0.0151479849746376,0.0234614985867782));
#12741=CARTESIAN_POINT('',(-0.0459892998285729,-0.0151479849746376,0.0234614985867782));
#12742=CARTESIAN_POINT('',(-0.0470816040546753,-0.0151479849746376,0.0217570398010274));
#12743=CARTESIAN_POINT('',(-0.0470816040546753,-0.0146399849746376,0.0217570398010274));
#12744=CARTESIAN_POINT('',(-0.0470816040546753,-0.0151479849746376,0.0223338963489425));
#12745=CARTESIAN_POINT('',(-0.0470816040546753,-0.0146399849746376,0.0223338963489425));
#12746=CARTESIAN_POINT('',(-0.0469916666549165,-0.0151479849746376,0.0227621869502131));
#12747=CARTESIAN_POINT('',(-0.0469916666549165,-0.0146399849746376,0.0227621869502131));
#12748=CARTESIAN_POINT('',(-0.046811791855399,-0.0151479849746376,0.0230419116048391));
#12749=CARTESIAN_POINT('',(-0.046811791855399,-0.0146399849746376,0.0230419116048391));
#12750=CARTESIAN_POINT('',(-0.0470816040546753,-0.0146399849746376,0.0217570398010274));
#12751=CARTESIAN_POINT('',(-0.0470816040546753,-0.0146399849746376,0.0226223246229001));
#12752=CARTESIAN_POINT('',(-0.046811791855399,-0.0146399849746376,0.0230419116048391));
#12753=CARTESIAN_POINT('',(-0.0470816040546753,-0.0146399849746376,0.0217570398010274));
#12754=CARTESIAN_POINT('',(-0.0470816040546753,-0.0151479849746376,0.0217570398010274));
#12755=CARTESIAN_POINT('',(-0.0470816040546753,-0.0151479849746376,0.0217570398010274));
#12756=CARTESIAN_POINT('',(-0.0470816040546753,-0.0151479849746376,0.0217570398010274));
#12757=CARTESIAN_POINT('',(-0.0470816040546753,-0.0151479849746376,0.0226223246229001));
#12758=CARTESIAN_POINT('',(-0.046811791855399,-0.0151479849746376,0.0230419116048391));
#12759=CARTESIAN_POINT('',(-0.046802725585262,-0.0151479849746376,0.0204837728229911));
#12760=CARTESIAN_POINT('',(-0.046802725585262,-0.0146399849746376,0.0204837728229911));
#12761=CARTESIAN_POINT('',(-0.0469886445648709,-0.0151479849746376,0.0207731681657632));
#12762=CARTESIAN_POINT('',(-0.0469886445648709,-0.0146399849746376,0.0207731681657632));
#12763=CARTESIAN_POINT('',(-0.0470816040546753,-0.0151479849746376,0.0211975904917753));
#12764=CARTESIAN_POINT('',(-0.0470816040546753,-0.0146399849746376,0.0211975904917753));
#12765=CARTESIAN_POINT('',(-0.0470816040546753,-0.0151479849746376,0.0217570398010274));
#12766=CARTESIAN_POINT('',(-0.0470816040546753,-0.0146399849746376,0.0217570398010274));
#12767=CARTESIAN_POINT('',(-0.046802725585262,-0.0146399849746376,0.0204837728229911));
#12768=CARTESIAN_POINT('',(-0.0470816040546753,-0.0146399849746376,0.0209178658371493));
#12769=CARTESIAN_POINT('',(-0.0470816040546753,-0.0146399849746376,0.0217570398010274));
#12770=CARTESIAN_POINT('',(-0.046802725585262,-0.0146399849746376,0.0204837728229911));
#12771=CARTESIAN_POINT('',(-0.046802725585262,-0.0151479849746376,0.0204837728229911));
#12772=CARTESIAN_POINT('',(-0.046802725585262,-0.0151479849746376,0.0204837728229911));
#12773=CARTESIAN_POINT('',(-0.046802725585262,-0.0151479849746376,0.0204837728229911));
#12774=CARTESIAN_POINT('',(-0.0470816040546753,-0.0151479849746376,0.0209178658371493));
#12775=CARTESIAN_POINT('',(-0.0470816040546753,-0.0151479849746376,0.0217570398010274));
#12776=CARTESIAN_POINT('',(-0.0459892998285729,-0.0151479849746376,0.0200496798088329));
#12777=CARTESIAN_POINT('',(-0.0459892998285729,-0.0146399849746376,0.0200496798088329));
#12778=CARTESIAN_POINT('',(-0.0463456646867568,-0.0151479849746376,0.0200496798088329));
#12779=CARTESIAN_POINT('',(-0.0463456646867568,-0.0146399849746376,0.0200496798088329));
#12780=CARTESIAN_POINT('',(-0.0466168066056531,-0.0151479849746376,0.0201943774802189));
#12781=CARTESIAN_POINT('',(-0.0466168066056531,-0.0146399849746376,0.0201943774802189));
#12782=CARTESIAN_POINT('',(-0.046802725585262,-0.0151479849746376,0.0204837728229911));
#12783=CARTESIAN_POINT('',(-0.046802725585262,-0.0146399849746376,0.0204837728229911));
#12784=CARTESIAN_POINT('',(-0.0459892998285729,-0.0146399849746376,0.0200496798088329));
#12785=CARTESIAN_POINT('',(-0.0465238471158487,-0.0146399849746376,0.0200496798088329));
#12786=CARTESIAN_POINT('',(-0.046802725585262,-0.0146399849746376,0.0204837728229911));
#12787=CARTESIAN_POINT('',(-0.0459892998285729,-0.0146399849746376,0.0200496798088329));
#12788=CARTESIAN_POINT('',(-0.0459892998285729,-0.0151479849746376,0.0200496798088329));
#12789=CARTESIAN_POINT('',(-0.0459892998285729,-0.0151479849746376,0.0200496798088329));
#12790=CARTESIAN_POINT('',(-0.0459892998285729,-0.0151479849746376,0.0200496798088329));
#12791=CARTESIAN_POINT('',(-0.0465238471158487,-0.0151479849746376,0.0200496798088329));
#12792=CARTESIAN_POINT('',(-0.046802725585262,-0.0151479849746376,0.0204837728229911));
#12793=CARTESIAN_POINT('',(-0.0451606427380536,-0.0151479849746376,0.0204736186004376));
#12794=CARTESIAN_POINT('',(-0.0451606427380536,-0.0146399849746376,0.0204736186004376));
#12795=CARTESIAN_POINT('',(-0.0453412428391821,-0.0151479849746376,0.0201909927393678));
#12796=CARTESIAN_POINT('',(-0.0453412428391821,-0.0146399849746376,0.0201909927393678));
#12797=CARTESIAN_POINT('',(-0.0456174618693552,-0.0151479849746376,0.0200496798088329));
#12798=CARTESIAN_POINT('',(-0.0456174618693552,-0.0146399849746376,0.0200496798088329));
#12799=CARTESIAN_POINT('',(-0.0459892998285729,-0.0151479849746376,0.0200496798088329));
#12800=CARTESIAN_POINT('',(-0.0459892998285729,-0.0146399849746376,0.0200496798088329));
#12801=CARTESIAN_POINT('',(-0.0451606427380536,-0.0146399849746376,0.0204736186004376));
#12802=CARTESIAN_POINT('',(-0.0454315428897463,-0.0146399849746376,0.0200496798088329));
#12803=CARTESIAN_POINT('',(-0.0459892998285729,-0.0146399849746376,0.0200496798088329));
#12804=CARTESIAN_POINT('',(-0.0451606427380536,-0.0151479849746376,0.0204736186004376));
#12805=CARTESIAN_POINT('',(-0.0454315428897463,-0.0151479849746376,0.0200496798088329));
#12806=CARTESIAN_POINT('',(-0.0459892998285729,-0.0151479849746376,0.0200496798088329));
#12807=CARTESIAN_POINT('',(-0.0465307374811528,-0.0151479849746376,0.0207039018619168));
#12808=CARTESIAN_POINT('',(-0.0465307374811528,-0.0146399849746376,0.0207039018619168));
#12809=CARTESIAN_POINT('',(-0.0464173486626397,-0.0151479849746376,0.0204838937065929));
#12810=CARTESIAN_POINT('',(-0.0464173486626397,-0.0146399849746376,0.0204838937065929));
#12811=CARTESIAN_POINT('',(-0.0462368694451131,-0.0151479849746376,0.020373889628931));
#12812=CARTESIAN_POINT('',(-0.0462368694451131,-0.0146399849746376,0.020373889628931));
#12813=CARTESIAN_POINT('',(-0.0459892998285729,-0.0151479849746376,0.020373889628931));
#12814=CARTESIAN_POINT('',(-0.0459892998285729,-0.0146399849746376,0.020373889628931));
#12815=CARTESIAN_POINT('',(-0.0465307374811528,-0.0146399849746376,0.0207039018619168));
#12816=CARTESIAN_POINT('',(-0.0463606542533832,-0.0146399849746376,0.020373889628931));
#12817=CARTESIAN_POINT('',(-0.0459892998285729,-0.0146399849746376,0.020373889628931));
#12818=CARTESIAN_POINT('',(-0.0465307374811528,-0.0151479849746376,0.0207039018619168));
#12819=CARTESIAN_POINT('',(-0.0463606542533832,-0.0151479849746376,0.020373889628931));
#12820=CARTESIAN_POINT('',(-0.0459892998285729,-0.0151479849746376,0.020373889628931));
#12821=CARTESIAN_POINT('',(-0.0539082512259484,-0.0151479849746376,0.0464011691510677));
#12822=CARTESIAN_POINT('',(-0.0539082512259484,-0.0146399849746376,0.0464011691510677));
#12823=CARTESIAN_POINT('',(0.111295403971406,-0.15010822714386,-0.372208726907476));
#12824=CARTESIAN_POINT('',(0.111295403971406,-0.15010822714386,-0.372208726907476));
#12825=CARTESIAN_POINT('',(0.0775844021658373,-0.150108227183784,-0.372208727003443));
#12826=CARTESIAN_POINT('',(-0.0521599671500217,-0.0146399849746376,0.0844011691510677));
#12827=CARTESIAN_POINT('',(-0.0649599671500217,-0.0146399849746376,0.0404876704531908));
#12828=CARTESIAN_POINT('',(-0.0649599671500217,-0.0146399849746376,0.0422126704531908));
#12829=CARTESIAN_POINT('',(-0.0649599671500217,-0.0146419849746376,0.0404876704531908));
#12830=CARTESIAN_POINT('',(-0.0649599671500217,0.0173600150253624,0.0404876704531908));
#12831=CARTESIAN_POINT('',(-0.0649599671500217,0.0173600150253624,0.0422126704531908));
#12832=CARTESIAN_POINT('',(-0.0539082512259484,0.0173600150253624,0.0464011691510677));
#12833=CARTESIAN_POINT('',(0.111295403971406,-0.15010822714386,-0.372208726907476));
#12834=CARTESIAN_POINT('',(-0.0521599671500217,0.00136001502536238,0.0844011691510677));
#12835=CARTESIAN_POINT('',(-0.0683823770540249,0.0161902363644092,0.0844011691510677));
#12836=CARTESIAN_POINT('',(-0.0707002562907699,0.0161902363644092,0.0844011691510677));
#12837=CARTESIAN_POINT('',(-0.0608951097982418,0.0161902363644092,0.0844011691510677));
#12838=CARTESIAN_POINT('',(-0.0707002562907699,0.083853411105774,0.0844011691510677));
#12839=CARTESIAN_POINT('',(-0.0707002562907699,-0.0124752987875493,0.0844011691510677));
#12840=CARTESIAN_POINT('',(-0.0683823770540249,-0.0124752987875493,0.0844011691510677));
#12841=CARTESIAN_POINT('',(-0.0608951097982418,-0.0124752987875493,0.0844011691510677));
#12842=CARTESIAN_POINT('',(-0.0608951097982418,0.00185746878842996,0.0844011691510677));
#12843=CARTESIAN_POINT('',(-0.0683823770540249,-0.0124752987875493,0.0844031691510677));
#12844=CARTESIAN_POINT('',(-0.0608951097982418,-0.0124752987875493,0.0844031691510677));
#12845=CARTESIAN_POINT('',(-0.0608951097982418,-0.0124752987875493,0.0304603309465781));
#12846=CARTESIAN_POINT('',(-0.0608951097982418,-0.0124752987875493,0.00840116915106774));
#12847=CARTESIAN_POINT('',(-0.0616393777067691,-0.0124752987875493,0.031791074656147));
#12848=CARTESIAN_POINT('',(-0.0608951097982418,-0.0124752987875493,0.0331218183657159));
#12849=CARTESIAN_POINT('',(-0.0608951097982418,-0.0124752987875493,0.0844031691510677));
#12850=CARTESIAN_POINT('',(-0.0707002562907699,-0.0124752987875493,0.0844031691510677));
#12851=CARTESIAN_POINT('',(-0.0707002562907699,-0.0124752987875493,0.00840116915106774));
#12852=CARTESIAN_POINT('',(-0.0683823770540249,-0.0124752987875493,0.00840116915106774));
#12853=CARTESIAN_POINT('',(-0.0683823770540249,0.0161902363644092,0.0844031691510677));
#12854=CARTESIAN_POINT('',(-0.0683823770540249,0.0161902363644092,0.00840116915106774));
#12855=CARTESIAN_POINT('',(-0.0707002562907699,0.0161902363644092,0.00840116915106774));
#12856=CARTESIAN_POINT('',(-0.0608951097982418,0.0161902363644092,0.00840116915106774));
#12857=CARTESIAN_POINT('',(-0.0707002562907699,0.0161902363644092,0.0844031691510677));
#12858=CARTESIAN_POINT('',(-0.0608951097982418,0.0161902363644092,0.0844031691510677));
#12859=CARTESIAN_POINT('',(-0.0608951097982418,0.00185746878842996,0.0844031691510677));
#12860=CARTESIAN_POINT('',(-0.0608951097982418,-0.00828998497463762,0.0844031691510677));
#12861=CARTESIAN_POINT('',(-0.0608951097982418,-0.00828998497463762,0.0304603309465781));
#12862=CARTESIAN_POINT('',(-0.0608951097982418,-0.00828998497463762,0.0331218183657159));
#12863=CARTESIAN_POINT('',(-0.0608951097982418,-0.00828998497463762,0.0304603309465781));
#12864=CARTESIAN_POINT('',(-0.0608951097982418,0.00185746878842996,0.00840116915106774));
#12865=CARTESIAN_POINT('',(-0.0608951097982418,-0.00828998497463762,0.0331218183657159));
#12866=CARTESIAN_POINT('',(-0.0539082512259484,0.00136001502536238,0.00840116915106774));
#12867=CARTESIAN_POINT('',(-0.0707002562907699,0.083853411105774,0.00840116915106774));
#12868=CARTESIAN_POINT('',(-0.0707002562907699,0.083853411105774,0.0464011691510677));
#12869=CARTESIAN_POINT('',(-0.0616393777067691,-0.00828998497463762,0.031791074656147));
#12870=CARTESIAN_POINT('',(-0.0616393777067691,-0.00828998497463762,0.031791074656147));
#12871=CARTESIAN_POINT('',(-0.0512028432158105,-0.00828998497463762,0.0464011691510677));
#12872=CARTESIAN_POINT('',(0.0775844021658373,-0.150108227183784,-0.372208727003443));
#12873=CARTESIAN_POINT('',(-0.0575910176140432,-0.021471566204276,0.0651800461338835));
#12874=CARTESIAN_POINT('',(-0.0575910176140432,-0.021471566204276,0.0651780461338835));
#12875=CARTESIAN_POINT('',(-0.0608338273361608,-0.021471566204276,0.0651780461338835));
#12876=CARTESIAN_POINT('',(-0.0543482078919256,-0.021471566204276,0.0651780461338835));
#12877=CARTESIAN_POINT('',(-0.0608338273361608,-0.021471566204276,0.0651800461338835));
#12878=CARTESIAN_POINT('',(-0.0608338273361608,-0.021471566204276,-0.0108219538661165));
#12879=CARTESIAN_POINT('',(-0.0575910176140432,-0.021471566204276,-0.0108219538661165));
#12880=CARTESIAN_POINT('',(-0.0543482078919256,-0.021471566204276,-0.0108219538661165));
#12881=CARTESIAN_POINT('',(-0.0543482078919256,-0.021471566204276,0.0651800461338835));
#12882=CARTESIAN_POINT('',(-0.0608338273361608,-0.00822319568011059,0.0651800461338835));
#12883=CARTESIAN_POINT('',(-0.0608338273361608,-0.00822319568011059,0.0651780461338835));
#12884=CARTESIAN_POINT('',(-0.0608338273361608,0.00502517484405482,0.0651780461338835));
#12885=CARTESIAN_POINT('',(-0.0608338273361608,0.00502517484405482,0.0651800461338835));
#12886=CARTESIAN_POINT('',(-0.0608338273361608,0.00502517484405482,-0.0108219538661165));
#12887=CARTESIAN_POINT('',(-0.0608338273361608,-0.00822319568011059,-0.0108219538661165));
#12888=CARTESIAN_POINT('',(-0.0575910176140432,0.00502517484405482,0.0651800461338835));
#12889=CARTESIAN_POINT('',(-0.0575910176140432,0.00502517484405482,0.0651780461338835));
#12890=CARTESIAN_POINT('',(-0.0543482078919256,0.00502517484405482,0.0651780461338835));
#12891=CARTESIAN_POINT('',(-0.0543482078919256,0.00502517484405482,0.0651800461338835));
#12892=CARTESIAN_POINT('',(-0.0543482078919256,0.00502517484405482,-0.0108219538661165));
#12893=CARTESIAN_POINT('',(-0.0575910176140432,0.00502517484405482,-0.0108219538661165));
#12894=CARTESIAN_POINT('',(-0.0543482078919256,-0.00822319568011059,0.0651800461338835));
#12895=CARTESIAN_POINT('',(-0.0543482078919256,-0.00822319568011059,0.0651780461338835));
#12896=CARTESIAN_POINT('',(-0.0543482078919256,-0.00822319568011059,-0.0108219538661165));
#12897=CARTESIAN_POINT('',(-0.0755050596800536,-0.00819738654830529,-0.0108219538661165));
#12898=CARTESIAN_POINT('',(-0.0737567756041269,-0.00819738654830529,0.0651780461338835));
#12899=CARTESIAN_POINT('',(0.166501226114774,-0.140550825374835,-0.352985603797757));
#12900=CARTESIAN_POINT('',(-0.0485887808022455,-0.0151479849746376,0.0203695378192652));
#12901=CARTESIAN_POINT('',(-0.0485887808022455,-0.0146399849746376,0.0203695378192652));
#12902=CARTESIAN_POINT('',(-0.048374091525402,-0.0151479849746376,0.0203695378192652));
#12903=CARTESIAN_POINT('',(-0.048374091525402,-0.0146399849746376,0.0203695378192652));
#12904=CARTESIAN_POINT('',(-0.0482075139220854,-0.0151479849746376,0.020437232636288));
#12905=CARTESIAN_POINT('',(-0.0482075139220854,-0.0146399849746376,0.020437232636288));
#12906=CARTESIAN_POINT('',(-0.0480890479922956,-0.0151479849746376,0.0205726222703334));
#12907=CARTESIAN_POINT('',(-0.0480890479922956,-0.0146399849746376,0.0205726222703334));
#12908=CARTESIAN_POINT('',(-0.0485887808022455,-0.0146399849746376,0.0203695378192652));
#12909=CARTESIAN_POINT('',(-0.0482667468869803,-0.0146399849746376,0.0203695378192652));
#12910=CARTESIAN_POINT('',(-0.0480890479922956,-0.0146399849746376,0.0205726222703334));
#12911=CARTESIAN_POINT('',(-0.0485887808022455,-0.0146399849746376,0.0203695378192652));
#12912=CARTESIAN_POINT('',(-0.0480890479922956,-0.0146399849746376,0.0205726222703334));
#12913=CARTESIAN_POINT('',(-0.0485887808022455,-0.0151479849746376,0.0203695378192652));
#12914=CARTESIAN_POINT('',(-0.0485887808022455,-0.0151479849746376,0.0203695378192652));
#12915=CARTESIAN_POINT('',(-0.0485887808022455,-0.0151479849746376,0.0203695378192652));
#12916=CARTESIAN_POINT('',(-0.0482667468869803,-0.0151479849746376,0.0203695378192652));
#12917=CARTESIAN_POINT('',(-0.0480890479922956,-0.0151479849746376,0.0205726222703334));
#12918=CARTESIAN_POINT('',(-0.0480890479922956,-0.0151479849746376,0.0205726222703334));
#12919=CARTESIAN_POINT('',(-0.0480890479922956,-0.0151479849746376,0.0205726222703334));
#12920=CARTESIAN_POINT('',(-0.0485990500359949,-0.0151479849746376,0.0210097727659593));
#12921=CARTESIAN_POINT('',(-0.0485990500359949,-0.0146399849746376,0.0210097727659593));
#12922=CARTESIAN_POINT('',(-0.0489685711402757,-0.0146399849746376,0.0204872665068785));
#12923=CARTESIAN_POINT('',(-0.0489684761955819,-0.0151479849746376,0.0204873993310459));
#12924=CARTESIAN_POINT('',(-0.0489685711402757,-0.0151479849746376,0.0204872665068785));
#12925=CARTESIAN_POINT('',(-0.0485990500359949,-0.0151479849746376,0.0210097727659593));
#12926=CARTESIAN_POINT('',(-0.0485202096489261,-0.0151479849746376,0.0211094266803006));
#12927=CARTESIAN_POINT('',(-0.0485202096489261,-0.0146399849746376,0.0211094266803006));
#12928=CARTESIAN_POINT('',(-0.049225461218256,-0.0146399849746376,0.0208069493524507));
#12929=CARTESIAN_POINT('',(-0.0492255956166664,-0.0151479849746376,0.0208068946906728));
#12930=CARTESIAN_POINT('',(-0.049225461218256,-0.0151479849746376,0.0208069493524507));
#12931=CARTESIAN_POINT('',(-0.0485202096489261,-0.0151479849746376,0.0211094266803006));
#12932=CARTESIAN_POINT('',(-0.0482676034070386,-0.0151479849746376,0.0212324066764741));
#12933=CARTESIAN_POINT('',(-0.0482676034070386,-0.0146399849746376,0.0212324066764741));
#12934=CARTESIAN_POINT('',(-0.0493163448408255,-0.0146399849746376,0.0212420781545935));
#12935=CARTESIAN_POINT('',(-0.0493162583180361,-0.0151479849746376,0.0212420756572475));
#12936=CARTESIAN_POINT('',(-0.0493163448408255,-0.0151479849746376,0.0212420781545935));
#12937=CARTESIAN_POINT('',(-0.0482676034070386,-0.0151479849746376,0.0212324066764741));
#12938=CARTESIAN_POINT('',(-0.0487823311833031,-0.0151479849746376,0.0212340186849006));
#12939=CARTESIAN_POINT('',(-0.0487823311833031,-0.0146399849746376,0.0212340186849006));
#12940=CARTESIAN_POINT('',(-0.0492152781288834,-0.0146399849746376,0.0215480277964007));
#12941=CARTESIAN_POINT('',(-0.049215441394113,-0.0151479849746376,0.0215481529370716));
#12942=CARTESIAN_POINT('',(-0.0492152781288834,-0.0151479849746376,0.0215480277964007));
#12943=CARTESIAN_POINT('',(-0.0487823311833031,-0.0151479849746376,0.0212340186849006));
#12944=CARTESIAN_POINT('',(-0.0486453417692371,-0.0151479849746376,0.0211534046504118));
#12945=CARTESIAN_POINT('',(-0.0486453417692371,-0.0146399849746376,0.0211534046504118));
#12946=CARTESIAN_POINT('',(-0.0489445257733394,-0.0146399849746376,0.0217794887149014));
#12947=CARTESIAN_POINT('',(-0.0489445412424203,-0.0151479849746376,0.0217795241509671));
#12948=CARTESIAN_POINT('',(-0.0489445257733394,-0.0151479849746376,0.0217794887149014));
#12949=CARTESIAN_POINT('',(-0.0486453417692371,-0.0151479849746376,0.0211534046504118));
#12950=CARTESIAN_POINT('',(-0.0485811842746667,-0.0151479849746376,0.0210320554448553));
#12951=CARTESIAN_POINT('',(-0.0485811842746667,-0.0146399849746376,0.0210320554448553));
#12952=CARTESIAN_POINT('',(-0.0485706482619716,-0.0146399849746376,0.0218636591378382));
#12953=CARTESIAN_POINT('',(-0.0485706482619716,-0.0151479849746376,0.0218636591378382));
#12954=CARTESIAN_POINT('',(-0.0485706482619716,-0.0151479849746376,0.0218636591378382));
#12955=CARTESIAN_POINT('',(-0.0485811842746667,-0.0151479849746376,0.0210320554448553));
#12956=CARTESIAN_POINT('',(-0.0480767178649093,-0.0151479849746376,0.0216754433697947));
#12957=CARTESIAN_POINT('',(-0.0480767178649093,-0.0146399849746376,0.0216754433697947));
#12958=CARTESIAN_POINT('',(-0.0481869637097749,-0.0151479849746376,0.0218009205484904));
#12959=CARTESIAN_POINT('',(-0.0481869637097749,-0.0146399849746376,0.0218009205484904));
#12960=CARTESIAN_POINT('',(-0.0483516071754623,-0.0151479849746376,0.0218636591378382));
#12961=CARTESIAN_POINT('',(-0.0483516071754623,-0.0146399849746376,0.0218636591378382));
#12962=CARTESIAN_POINT('',(-0.0485706482619716,-0.0151479849746376,0.0218636591378382));
#12963=CARTESIAN_POINT('',(-0.0485706482619716,-0.0146399849746376,0.0218636591378382));
#12964=CARTESIAN_POINT('',(-0.0480767178649093,-0.0146399849746376,0.0216754433697947));
#12965=CARTESIAN_POINT('',(-0.0482420866322077,-0.0146399849746376,0.0218636591378382));
#12966=CARTESIAN_POINT('',(-0.0485706482619716,-0.0146399849746376,0.0218636591378382));
#12967=CARTESIAN_POINT('',(-0.0480767178649093,-0.0146399849746376,0.0216754433697947));
#12968=CARTESIAN_POINT('',(-0.0480767178649093,-0.0151479849746376,0.0216754433697947));
#12969=CARTESIAN_POINT('',(-0.0480767178649093,-0.0151479849746376,0.0216754433697947));
#12970=CARTESIAN_POINT('',(-0.0480767178649093,-0.0151479849746376,0.0216754433697947));
#12971=CARTESIAN_POINT('',(-0.0482420866322077,-0.0151479849746376,0.0218636591378382));
#12972=CARTESIAN_POINT('',(-0.0485706482619716,-0.0151479849746376,0.0218636591378382));
#12973=CARTESIAN_POINT('',(-0.0479113490976109,-0.0151479849746376,0.0211586659719873));
#12974=CARTESIAN_POINT('',(-0.0479113490976109,-0.0146399849746376,0.0211586659719873));
#12975=CARTESIAN_POINT('',(-0.0479113490976109,-0.0151479849746376,0.0213777070584965));
#12976=CARTESIAN_POINT('',(-0.0479113490976109,-0.0146399849746376,0.0213777070584965));
#12977=CARTESIAN_POINT('',(-0.0479664720200437,-0.0151479849746376,0.021549966191099));
#12978=CARTESIAN_POINT('',(-0.0479664720200437,-0.0146399849746376,0.021549966191099));
#12979=CARTESIAN_POINT('',(-0.0480767178649093,-0.0151479849746376,0.0216754433697947));
#12980=CARTESIAN_POINT('',(-0.0480767178649093,-0.0146399849746376,0.0216754433697947));
#12981=CARTESIAN_POINT('',(-0.0479113490976109,-0.0146399849746376,0.0211586659719873));
#12982=CARTESIAN_POINT('',(-0.0479113490976109,-0.0146399849746376,0.0214872276017512));
#12983=CARTESIAN_POINT('',(-0.0480767178649093,-0.0146399849746376,0.0216754433697947));
#12984=CARTESIAN_POINT('',(-0.0479113490976109,-0.0146399849746376,0.0211586659719873));
#12985=CARTESIAN_POINT('',(-0.0479113490976109,-0.0151479849746376,0.0211586659719873));
#12986=CARTESIAN_POINT('',(-0.0479113490976109,-0.0151479849746376,0.0211586659719873));
#12987=CARTESIAN_POINT('',(-0.0479113490976109,-0.0151479849746376,0.0211586659719873));
#12988=CARTESIAN_POINT('',(-0.0479113490976109,-0.0151479849746376,0.0214872276017512));
#12989=CARTESIAN_POINT('',(-0.0480767178649093,-0.0151479849746376,0.0216754433697947));
#12990=CARTESIAN_POINT('',(-0.0497013934734547,-0.0151479849746376,0.0215118878565237));
#12991=CARTESIAN_POINT('',(-0.0497013934734547,-0.0146399849746376,0.0215118878565237));
#12992=CARTESIAN_POINT('',(-0.0497013934734547,-0.0151479849746376,0.0221632087031638));
#12993=CARTESIAN_POINT('',(-0.0497013934734547,-0.0146399849746376,0.0221632087031638));
#12994=CARTESIAN_POINT('',(-0.0495748283423426,-0.0151479849746376,0.0226501278513201));
#12995=CARTESIAN_POINT('',(-0.0495748283423426,-0.0146399849746376,0.0226501278513201));
#12996=CARTESIAN_POINT('',(-0.0493216980801183,-0.0151479849746376,0.0229726453009927));
#12997=CARTESIAN_POINT('',(-0.0493216980801183,-0.0146399849746376,0.0229726453009927));
#12998=CARTESIAN_POINT('',(-0.0497013934734547,-0.0146399849746376,0.0215118878565237));
#12999=CARTESIAN_POINT('',(-0.0497013934734547,-0.0146399849746376,0.0224888691264838));
#13000=CARTESIAN_POINT('',(-0.0493216980801183,-0.0146399849746376,0.0229726453009927));
#13001=CARTESIAN_POINT('',(-0.0497013934734547,-0.0146399849746376,0.0215118878565237));
#13002=CARTESIAN_POINT('',(-0.0493216980801183,-0.0146399849746376,0.0229726453009927));
#13003=CARTESIAN_POINT('',(-0.0497013934734547,-0.0151479849746376,0.0215118878565237));
#13004=CARTESIAN_POINT('',(-0.0497013934734547,-0.0151479849746376,0.0215118878565237));
#13005=CARTESIAN_POINT('',(-0.0497013934734547,-0.0151479849746376,0.0215118878565237));
#13006=CARTESIAN_POINT('',(-0.0497013934734547,-0.0151479849746376,0.0224888691264838));
#13007=CARTESIAN_POINT('',(-0.0493216980801183,-0.0151479849746376,0.0229726453009927));
#13008=CARTESIAN_POINT('',(-0.0493216980801183,-0.0151479849746376,0.0229726453009927));
#13009=CARTESIAN_POINT('',(-0.0493216980801183,-0.0151479849746376,0.0229726453009927));
#13010=CARTESIAN_POINT('',(-0.0494000306541018,-0.0151479849746376,0.0204362655674733));
#13011=CARTESIAN_POINT('',(-0.0494000306541018,-0.0146399849746376,0.0204362655674733));
#13012=CARTESIAN_POINT('',(-0.0496009392003371,-0.0151479849746376,0.020693989406567));
#13013=CARTESIAN_POINT('',(-0.0496009392003371,-0.0146399849746376,0.020693989406567));
#13014=CARTESIAN_POINT('',(-0.0497013934734547,-0.0151479849746376,0.0210525301695838));
#13015=CARTESIAN_POINT('',(-0.0497013934734547,-0.0146399849746376,0.0210525301695838));
#13016=CARTESIAN_POINT('',(-0.0497013934734547,-0.0151479849746376,0.0215118878565237));
#13017=CARTESIAN_POINT('',(-0.0497013934734547,-0.0146399849746376,0.0215118878565237));
#13018=CARTESIAN_POINT('',(-0.0494000306541018,-0.0146399849746376,0.0204362655674733));
#13019=CARTESIAN_POINT('',(-0.0497013934734547,-0.0146399849746376,0.0208228513261138));
#13020=CARTESIAN_POINT('',(-0.0497013934734547,-0.0146399849746376,0.0215118878565237));
#13021=CARTESIAN_POINT('',(-0.0494000306541018,-0.0146399849746376,0.0204362655674733));
#13022=CARTESIAN_POINT('',(-0.0494000306541018,-0.0151479849746376,0.0204362655674733));
#13023=CARTESIAN_POINT('',(-0.0494000306541018,-0.0151479849746376,0.0204362655674733));
#13024=CARTESIAN_POINT('',(-0.0494000306541018,-0.0151479849746376,0.0204362655674733));
#13025=CARTESIAN_POINT('',(-0.0497013934734547,-0.0151479849746376,0.0208228513261138));
#13026=CARTESIAN_POINT('',(-0.0497013934734547,-0.0151479849746376,0.0215118878565237));
#13027=CARTESIAN_POINT('',(-0.0485844289925798,-0.0151479849746376,0.0200496798088329));
#13028=CARTESIAN_POINT('',(-0.0485844289925798,-0.0146399849746376,0.0200496798088329));
#13029=CARTESIAN_POINT('',(-0.0489272548873591,-0.0151479849746376,0.0200496798088329));
#13030=CARTESIAN_POINT('',(-0.0489272548873591,-0.0146399849746376,0.0200496798088329));
#13031=CARTESIAN_POINT('',(-0.0491991221078665,-0.0151479849746376,0.0201785417283797));
#13032=CARTESIAN_POINT('',(-0.0491991221078665,-0.0146399849746376,0.0201785417283797));
#13033=CARTESIAN_POINT('',(-0.0494000306541018,-0.0151479849746376,0.0204362655674733));
#13034=CARTESIAN_POINT('',(-0.0494000306541018,-0.0146399849746376,0.0204362655674733));
#13035=CARTESIAN_POINT('',(-0.0485844289925798,-0.0146399849746376,0.0200496798088329));
#13036=CARTESIAN_POINT('',(-0.0490986678347488,-0.0146399849746376,0.0200496798088329));
#13037=CARTESIAN_POINT('',(-0.0494000306541018,-0.0146399849746376,0.0204362655674733));
#13038=CARTESIAN_POINT('',(-0.0485844289925798,-0.0146399849746376,0.0200496798088329));
#13039=CARTESIAN_POINT('',(-0.0485844289925798,-0.0151479849746376,0.0200496798088329));
#13040=CARTESIAN_POINT('',(-0.0485844289925798,-0.0151479849746376,0.0200496798088329));
#13041=CARTESIAN_POINT('',(-0.0485844289925798,-0.0151479849746376,0.0200496798088329));
#13042=CARTESIAN_POINT('',(-0.0490986678347488,-0.0151479849746376,0.0200496798088329));
#13043=CARTESIAN_POINT('',(-0.0494000306541018,-0.0151479849746376,0.0204362655674733));
#13044=CARTESIAN_POINT('',(-0.0478214116978522,-0.0151479849746376,0.0203456028661036));
#13045=CARTESIAN_POINT('',(-0.0478214116978522,-0.0146399849746376,0.0203456028661036));
#13046=CARTESIAN_POINT('',(-0.0480095065822939,-0.0151479849746376,0.0201483208279231));
#13047=CARTESIAN_POINT('',(-0.0480095065822939,-0.0146399849746376,0.0201483208279231));
#13048=CARTESIAN_POINT('',(-0.0482638456805364,-0.0151479849746376,0.0200496798088329));
#13049=CARTESIAN_POINT('',(-0.0482638456805364,-0.0146399849746376,0.0200496798088329));
#13050=CARTESIAN_POINT('',(-0.0485844289925798,-0.0151479849746376,0.0200496798088329));
#13051=CARTESIAN_POINT('',(-0.0485844289925798,-0.0146399849746376,0.0200496798088329));
#13052=CARTESIAN_POINT('',(-0.0478214116978522,-0.0146399849746376,0.0203456028661036));
#13053=CARTESIAN_POINT('',(-0.0481035540245147,-0.0146399849746376,0.0200496798088329));
#13054=CARTESIAN_POINT('',(-0.0485844289925798,-0.0146399849746376,0.0200496798088329));
#13055=CARTESIAN_POINT('',(-0.0478214116978522,-0.0146399849746376,0.0203456028661036));
#13056=CARTESIAN_POINT('',(-0.0478214116978522,-0.0151479849746376,0.0203456028661036));
#13057=CARTESIAN_POINT('',(-0.0478214116978522,-0.0151479849746376,0.0203456028661036));
#13058=CARTESIAN_POINT('',(-0.0478214116978522,-0.0151479849746376,0.0203456028661036));
#13059=CARTESIAN_POINT('',(-0.0481035540245147,-0.0151479849746376,0.0200496798088329));
#13060=CARTESIAN_POINT('',(-0.0485844289925798,-0.0151479849746376,0.0200496798088329));
#13061=CARTESIAN_POINT('',(-0.0475392693711896,-0.0151479849746376,0.0211586659719873));
#13062=CARTESIAN_POINT('',(-0.0475392693711896,-0.0146399849746376,0.0211586659719873));
#13063=CARTESIAN_POINT('',(-0.0475392693711896,-0.0151479849746376,0.0208139059395787));
#13064=CARTESIAN_POINT('',(-0.0475392693711896,-0.0146399849746376,0.0208139059395787));
#13065=CARTESIAN_POINT('',(-0.0476333168134105,-0.0151479849746376,0.0205428849042841));
#13066=CARTESIAN_POINT('',(-0.0476333168134105,-0.0146399849746376,0.0205428849042841));
#13067=CARTESIAN_POINT('',(-0.0478214116978522,-0.0151479849746376,0.0203456028661036));
#13068=CARTESIAN_POINT('',(-0.0478214116978522,-0.0146399849746376,0.0203456028661036));
#13069=CARTESIAN_POINT('',(-0.0475392693711896,-0.0146399849746376,0.0211586659719873));
#13070=CARTESIAN_POINT('',(-0.0475392693711896,-0.0146399849746376,0.0206415259233744));
#13071=CARTESIAN_POINT('',(-0.0478214116978522,-0.0146399849746376,0.0203456028661036));
#13072=CARTESIAN_POINT('',(-0.0475392693711896,-0.0146399849746376,0.0211586659719873));
#13073=CARTESIAN_POINT('',(-0.0475392693711896,-0.0151479849746376,0.0211586659719873));
#13074=CARTESIAN_POINT('',(-0.0475392693711896,-0.0151479849746376,0.0211586659719873));
#13075=CARTESIAN_POINT('',(-0.0475392693711896,-0.0151479849746376,0.0211586659719873));
#13076=CARTESIAN_POINT('',(-0.0475392693711896,-0.0151479849746376,0.0206415259233744));
#13077=CARTESIAN_POINT('',(-0.0478214116978522,-0.0151479849746376,0.0203456028661036));
#13078=CARTESIAN_POINT('',(-0.0477963887922741,-0.0151479849746376,0.0218904952974436));
#13079=CARTESIAN_POINT('',(-0.0477963887922741,-0.0146399849746376,0.0218904952974436));
#13080=CARTESIAN_POINT('',(-0.0476249758448844,-0.0151479849746376,0.0217106204979261));
#13081=CARTESIAN_POINT('',(-0.0476249758448844,-0.0146399849746376,0.0217106204979261));
#13082=CARTESIAN_POINT('',(-0.0475392693711896,-0.0151479849746376,0.0214666773894407));
#13083=CARTESIAN_POINT('',(-0.0475392693711896,-0.0146399849746376,0.0214666773894407));
#13084=CARTESIAN_POINT('',(-0.0475392693711896,-0.0151479849746376,0.0211586659719873));
#13085=CARTESIAN_POINT('',(-0.0475392693711896,-0.0146399849746376,0.0211586659719873));
#13086=CARTESIAN_POINT('',(-0.0477963887922741,-0.0146399849746376,0.0218904952974436));
#13087=CARTESIAN_POINT('',(-0.0475392693711896,-0.0146399849746376,0.0216206830981674));
#13088=CARTESIAN_POINT('',(-0.0475392693711896,-0.0146399849746376,0.0211586659719873));
#13089=CARTESIAN_POINT('',(-0.0477963887922741,-0.0146399849746376,0.0218904952974436));
#13090=CARTESIAN_POINT('',(-0.0477963887922741,-0.0151479849746376,0.0218904952974436));
#13091=CARTESIAN_POINT('',(-0.0477963887922741,-0.0151479849746376,0.0218904952974436));
#13092=CARTESIAN_POINT('',(-0.0477963887922741,-0.0151479849746376,0.0218904952974436));
#13093=CARTESIAN_POINT('',(-0.0475392693711896,-0.0151479849746376,0.0216206830981674));
#13094=CARTESIAN_POINT('',(-0.0475392693711896,-0.0151479849746376,0.0211586659719873));
#13095=CARTESIAN_POINT('',(-0.0485002940057087,-0.0151479849746376,0.02216030749672));
#13096=CARTESIAN_POINT('',(-0.0485002940057087,-0.0146399849746376,0.02216030749672));
#13097=CARTESIAN_POINT('',(-0.0482024368108087,-0.0151479849746376,0.02216030749672));
#13098=CARTESIAN_POINT('',(-0.0482024368108087,-0.0146399849746376,0.02216030749672));
#13099=CARTESIAN_POINT('',(-0.0479678017396638,-0.0151479849746376,0.0220703700969612));
#13100=CARTESIAN_POINT('',(-0.0479678017396638,-0.0146399849746376,0.0220703700969612));
#13101=CARTESIAN_POINT('',(-0.0477963887922741,-0.0151479849746376,0.0218904952974436));
#13102=CARTESIAN_POINT('',(-0.0477963887922741,-0.0146399849746376,0.0218904952974436));
#13103=CARTESIAN_POINT('',(-0.0485002940057087,-0.0146399849746376,0.02216030749672));
#13104=CARTESIAN_POINT('',(-0.0480535082133587,-0.0146399849746376,0.02216030749672));
#13105=CARTESIAN_POINT('',(-0.0477963887922741,-0.0146399849746376,0.0218904952974436));
#13106=CARTESIAN_POINT('',(-0.0485002940057087,-0.0146399849746376,0.02216030749672));
#13107=CARTESIAN_POINT('',(-0.0485002940057087,-0.0151479849746376,0.02216030749672));
#13108=CARTESIAN_POINT('',(-0.0485002940057087,-0.0151479849746376,0.02216030749672));
#13109=CARTESIAN_POINT('',(-0.0485002940057087,-0.0151479849746376,0.02216030749672));
#13110=CARTESIAN_POINT('',(-0.0480535082133587,-0.0151479849746376,0.02216030749672));
#13111=CARTESIAN_POINT('',(-0.0477963887922741,-0.0151479849746376,0.0218904952974436));
#13112=CARTESIAN_POINT('',(-0.0492894221584307,-0.0151479849746376,0.0217700952300247));
#13113=CARTESIAN_POINT('',(-0.0492894221584307,-0.0146399849746376,0.0217700952300247));
#13114=CARTESIAN_POINT('',(-0.0491230863223177,-0.0151479849746376,0.0220302367411549));
#13115=CARTESIAN_POINT('',(-0.0491230863223177,-0.0146399849746376,0.0220302367411549));
#13116=CARTESIAN_POINT('',(-0.0488600436047437,-0.0151479849746376,0.02216030749672));
#13117=CARTESIAN_POINT('',(-0.0488600436047437,-0.0146399849746376,0.02216030749672));
#13118=CARTESIAN_POINT('',(-0.0485002940057087,-0.0151479849746376,0.02216030749672));
#13119=CARTESIAN_POINT('',(-0.0485002940057087,-0.0146399849746376,0.02216030749672));
#13120=CARTESIAN_POINT('',(-0.0492894221584307,-0.0146399849746376,0.0217700952300247));
#13121=CARTESIAN_POINT('',(-0.0490399184042612,-0.0146399849746376,0.02216030749672));
#13122=CARTESIAN_POINT('',(-0.0485002940057087,-0.0146399849746376,0.02216030749672));
#13123=CARTESIAN_POINT('',(-0.0492894221584307,-0.0146399849746376,0.0217700952300247));
#13124=CARTESIAN_POINT('',(-0.0492894221584307,-0.0151479849746376,0.0217700952300247));
#13125=CARTESIAN_POINT('',(-0.0492894221584307,-0.0151479849746376,0.0217700952300247));
#13126=CARTESIAN_POINT('',(-0.0492894221584307,-0.0151479849746376,0.0217700952300247));
#13127=CARTESIAN_POINT('',(-0.0490399184042612,-0.0151479849746376,0.02216030749672));
#13128=CARTESIAN_POINT('',(-0.0485002940057087,-0.0151479849746376,0.02216030749672));
#13129=CARTESIAN_POINT('',(-0.0493028402382334,-0.0151479849746376,0.0217700952300247));
#13130=CARTESIAN_POINT('',(-0.0493028402382334,-0.0146399849746376,0.0217700952300247));
#13131=CARTESIAN_POINT('',(-0.0493162583180361,-0.0146399849746376,0.0217700952300247));
#13132=CARTESIAN_POINT('',(-0.0493162583180361,-0.0151479849746376,0.0217700952300247));
#13133=CARTESIAN_POINT('',(-0.0493162583180361,-0.0151479849746376,0.0217700952300247));
#13134=CARTESIAN_POINT('',(-0.0493028402382334,-0.0151479849746376,0.0217700952300247));
#13135=CARTESIAN_POINT('',(-0.0490083677841846,-0.0151479849746376,0.0228141668989984));
#13136=CARTESIAN_POINT('',(-0.0490083677841846,-0.0146399849746376,0.0228141668989984));
#13137=CARTESIAN_POINT('',(-0.0491957373670153,-0.0151479849746376,0.0225929499076563));
#13138=CARTESIAN_POINT('',(-0.0491957373670153,-0.0146399849746376,0.0225929499076563));
#13139=CARTESIAN_POINT('',(-0.0492983675449658,-0.0151479849746376,0.0222449260179984));
#13140=CARTESIAN_POINT('',(-0.0492983675449658,-0.0146399849746376,0.0222449260179984));
#13141=CARTESIAN_POINT('',(-0.0493162583180361,-0.0151479849746376,0.0217700952300247));
#13142=CARTESIAN_POINT('',(-0.0493162583180361,-0.0146399849746376,0.0217700952300247));
#13143=CARTESIAN_POINT('',(-0.0490083677841846,-0.0146399849746376,0.0228141668989984));
#13144=CARTESIAN_POINT('',(-0.0492894221584307,-0.0146399849746376,0.0224823414119852));
#13145=CARTESIAN_POINT('',(-0.0493162583180361,-0.0146399849746376,0.0217700952300247));
#13146=CARTESIAN_POINT('',(-0.0490083677841846,-0.0146399849746376,0.0228141668989984));
#13147=CARTESIAN_POINT('',(-0.0490083677841846,-0.0151479849746376,0.0228141668989984));
#13148=CARTESIAN_POINT('',(-0.0490083677841846,-0.0151479849746376,0.0228141668989984));
#13149=CARTESIAN_POINT('',(-0.0490083677841846,-0.0151479849746376,0.0228141668989984));
#13150=CARTESIAN_POINT('',(-0.0492894221584307,-0.0151479849746376,0.0224823414119852));
#13151=CARTESIAN_POINT('',(-0.0493162583180361,-0.0151479849746376,0.0217700952300247));
#13152=CARTESIAN_POINT('',(-0.0481942167258845,-0.0151479849746376,0.0231459923860116));
#13153=CARTESIAN_POINT('',(-0.0481942167258845,-0.0146399849746376,0.0231459923860116));
#13154=CARTESIAN_POINT('',(-0.0485496145152538,-0.0151479849746376,0.0231459923860116));
#13155=CARTESIAN_POINT('',(-0.0485496145152538,-0.0146399849746376,0.0231459923860116));
#13156=CARTESIAN_POINT('',(-0.0488209982013538,-0.0151479849746376,0.0230353838903405));
#13157=CARTESIAN_POINT('',(-0.0488209982013538,-0.0146399849746376,0.0230353838903405));
#13158=CARTESIAN_POINT('',(-0.0490083677841846,-0.0151479849746376,0.0228141668989984));
#13159=CARTESIAN_POINT('',(-0.0490083677841846,-0.0146399849746376,0.0228141668989984));
#13160=CARTESIAN_POINT('',(-0.0481942167258845,-0.0146399849746376,0.0231459923860116));
#13161=CARTESIAN_POINT('',(-0.0487273134099384,-0.0146399849746376,0.0231459923860116));
#13162=CARTESIAN_POINT('',(-0.0490083677841846,-0.0146399849746376,0.0228141668989984));
#13163=CARTESIAN_POINT('',(-0.0481942167258845,-0.0146399849746376,0.0231459923860116));
#13164=CARTESIAN_POINT('',(-0.0481942167258845,-0.0151479849746376,0.0231459923860116));
#13165=CARTESIAN_POINT('',(-0.0481942167258845,-0.0151479849746376,0.0231459923860116));
#13166=CARTESIAN_POINT('',(-0.0481942167258845,-0.0151479849746376,0.0231459923860116));
#13167=CARTESIAN_POINT('',(-0.0487273134099384,-0.0151479849746376,0.0231459923860116));
#13168=CARTESIAN_POINT('',(-0.0490083677841846,-0.0151479849746376,0.0228141668989984));
#13169=CARTESIAN_POINT('',(-0.0481715688530951,-0.0151479849746376,0.0218462544681733));
#13170=CARTESIAN_POINT('',(-0.0481715688530951,-0.0146399849746376,0.0218462544681733));
#13171=CARTESIAN_POINT('',(-0.0477953008398577,-0.0146399849746376,0.0230899871841829));
#13172=CARTESIAN_POINT('',(-0.0477953008398577,-0.0151479849746376,0.0230899871841829));
#13173=CARTESIAN_POINT('',(-0.0477953008398577,-0.0151479849746376,0.0230899871841829));
#13174=CARTESIAN_POINT('',(-0.0481715688530951,-0.0151479849746376,0.0218462544681733));
#13175=CARTESIAN_POINT('',(-0.0477953008398577,-0.0151479849746376,0.0232515237704059));
#13176=CARTESIAN_POINT('',(-0.0477953008398577,-0.0146399849746376,0.0232515237704059));
#13177=CARTESIAN_POINT('',(-0.0477953008398577,-0.0146399849746376,0.023413628680455));
#13178=CARTESIAN_POINT('',(-0.0477953008398577,-0.0151479849746376,0.023413628680455));
#13179=CARTESIAN_POINT('',(-0.0477953008398577,-0.0151479849746376,0.023413628680455));
#13180=CARTESIAN_POINT('',(-0.0477953008398577,-0.0151479849746376,0.0232515237704059));
#13181=CARTESIAN_POINT('',(-0.0481985685355502,-0.0151479849746376,0.0234564214755015));
#13182=CARTESIAN_POINT('',(-0.0481985685355502,-0.0146399849746376,0.0234564214755015));
#13183=CARTESIAN_POINT('',(-0.0480278808897715,-0.0151479849746376,0.0234564214755015));
#13184=CARTESIAN_POINT('',(-0.0480278808897715,-0.0146399849746376,0.0234564214755015));
#13185=CARTESIAN_POINT('',(-0.0478934583245406,-0.0151479849746376,0.023442157210486));
#13186=CARTESIAN_POINT('',(-0.0478934583245406,-0.0146399849746376,0.023442157210486));
#13187=CARTESIAN_POINT('',(-0.0477953008398577,-0.0151479849746376,0.023413628680455));
#13188=CARTESIAN_POINT('',(-0.0477953008398577,-0.0146399849746376,0.023413628680455));
#13189=CARTESIAN_POINT('',(-0.0481985685355502,-0.0146399849746376,0.0234564214755015));
#13190=CARTESIAN_POINT('',(-0.0479425370668821,-0.0146399849746376,0.0234564214755015));
#13191=CARTESIAN_POINT('',(-0.0477953008398577,-0.0146399849746376,0.023413628680455));
#13192=CARTESIAN_POINT('',(-0.0481985685355502,-0.0146399849746376,0.0234564214755015));
#13193=CARTESIAN_POINT('',(-0.0481985685355502,-0.0151479849746376,0.0234564214755015));
#13194=CARTESIAN_POINT('',(-0.0481985685355502,-0.0151479849746376,0.0234564214755015));
#13195=CARTESIAN_POINT('',(-0.0481985685355502,-0.0151479849746376,0.0234564214755015));
#13196=CARTESIAN_POINT('',(-0.0479425370668821,-0.0151479849746376,0.0234564214755015));
#13197=CARTESIAN_POINT('',(-0.0477953008398577,-0.0151479849746376,0.023413628680455));
#13198=CARTESIAN_POINT('',(-0.0493216980801183,-0.0151479849746376,0.0229726453009927));
#13199=CARTESIAN_POINT('',(-0.0493216980801183,-0.0146399849746376,0.0229726453009927));
#13200=CARTESIAN_POINT('',(-0.049068567817894,-0.0151479849746376,0.0232951627506652));
#13201=CARTESIAN_POINT('',(-0.049068567817894,-0.0146399849746376,0.0232951627506652));
#13202=CARTESIAN_POINT('',(-0.048694191303038,-0.0151479849746376,0.0234564214755015));
#13203=CARTESIAN_POINT('',(-0.048694191303038,-0.0146399849746376,0.0234564214755015));
#13204=CARTESIAN_POINT('',(-0.0481985685355502,-0.0151479849746376,0.0234564214755015));
#13205=CARTESIAN_POINT('',(-0.0481985685355502,-0.0146399849746376,0.0234564214755015));
#13206=CARTESIAN_POINT('',(-0.0493216980801183,-0.0146399849746376,0.0229726453009927));
#13207=CARTESIAN_POINT('',(-0.0489420026867819,-0.0146399849746376,0.0234564214755015));
#13208=CARTESIAN_POINT('',(-0.0481985685355502,-0.0146399849746376,0.0234564214755015));
#13209=CARTESIAN_POINT('',(-0.0493216980801183,-0.0151479849746376,0.0229726453009927));
#13210=CARTESIAN_POINT('',(-0.0489420026867819,-0.0151479849746376,0.0234564214755015));
#13211=CARTESIAN_POINT('',(-0.0481985685355502,-0.0151479849746376,0.0234564214755015));
#13212=CARTESIAN_POINT('',(-0.0480890479922956,-0.0151479849746376,0.0205726222703334));
#13213=CARTESIAN_POINT('',(-0.0480890479922956,-0.0146399849746376,0.0205726222703334));
#13214=CARTESIAN_POINT('',(-0.0479705820625058,-0.0151479849746376,0.0207080119043789));
#13215=CARTESIAN_POINT('',(-0.0479705820625058,-0.0146399849746376,0.0207080119043789));
#13216=CARTESIAN_POINT('',(-0.0479113490976109,-0.0151479849746376,0.0209033598049302));
#13217=CARTESIAN_POINT('',(-0.0479113490976109,-0.0146399849746376,0.0209033598049302));
#13218=CARTESIAN_POINT('',(-0.0479113490976109,-0.0151479849746376,0.0211586659719873));
#13219=CARTESIAN_POINT('',(-0.0479113490976109,-0.0146399849746376,0.0211586659719873));
#13220=CARTESIAN_POINT('',(-0.0480890479922956,-0.0146399849746376,0.0205726222703334));
#13221=CARTESIAN_POINT('',(-0.0479113490976109,-0.0146399849746376,0.0207757067214016));
#13222=CARTESIAN_POINT('',(-0.0479113490976109,-0.0146399849746376,0.0211586659719873));
#13223=CARTESIAN_POINT('',(-0.0480890479922956,-0.0151479849746376,0.0205726222703334));
#13224=CARTESIAN_POINT('',(-0.0479113490976109,-0.0151479849746376,0.0207757067214016));
#13225=CARTESIAN_POINT('',(-0.0479113490976109,-0.0151479849746376,0.0211586659719873));
#13226=CARTESIAN_POINT('',(-0.0539082512259484,-0.0151479849746376,0.0464011691510677));
#13227=CARTESIAN_POINT('',(-0.0539082512259484,-0.0146399849746376,0.0464011691510677));
#13228=CARTESIAN_POINT('',(0.0775844021658373,-0.150108227183784,-0.372208727003443));
#13229=CARTESIAN_POINT('',(-0.0593555205661081,-0.0151479849746376,0.0234092768707892));
#13230=CARTESIAN_POINT('',(-0.0593555205661081,-0.0146399849746376,0.0234092768707892));
#13231=CARTESIAN_POINT('',(-0.0595625941760366,-0.0146399849746376,0.0234092768707892));
#13232=CARTESIAN_POINT('',(-0.0591484469561797,-0.0146399849746376,0.0234092768707892));
#13233=CARTESIAN_POINT('',(-0.0595625941760366,-0.0151479849746376,0.0234092768707892));
#13234=CARTESIAN_POINT('',(-0.0595625941760366,-0.0151479849746376,0.0234092768707892));
#13235=CARTESIAN_POINT('',(-0.0593555205661081,-0.0151479849746376,0.0234092768707892));
#13236=CARTESIAN_POINT('',(-0.0591484469561797,-0.0151479849746376,0.0234092768707892));
#13237=CARTESIAN_POINT('',(-0.0591484469561797,-0.0151479849746376,0.0234092768707892));
#13238=CARTESIAN_POINT('',(-0.0599412016169565,-0.0151479849746376,0.0223438088042923));
#13239=CARTESIAN_POINT('',(-0.0599412016169565,-0.0146399849746376,0.0223438088042923));
#13240=CARTESIAN_POINT('',(-0.0603197789910594,-0.0146399849746376,0.0212783298786176));
#13241=CARTESIAN_POINT('',(-0.0603198090578765,-0.0151479849746376,0.0212783407377953));
#13242=CARTESIAN_POINT('',(-0.0603197789910594,-0.0151479849746376,0.0212783298786176));
#13243=CARTESIAN_POINT('',(-0.0599412016169565,-0.0151479849746376,0.0223438088042923));
#13244=CARTESIAN_POINT('',(-0.0546168205629069,-0.0151479849746374,0.0192186027468029));
#13245=CARTESIAN_POINT('',(-0.0546168205629069,-0.0146399849746376,0.0192186027468029));
#13246=CARTESIAN_POINT('',(-0.060533045007522,-0.0146399849746376,0.020546798147562));
#13247=CARTESIAN_POINT('',(-0.0605330477314981,-0.0151479849746376,0.0205465114123389));
#13248=CARTESIAN_POINT('',(-0.060533045007522,-0.0151479849746376,0.020546798147562));
#13249=CARTESIAN_POINT('',(-0.0546168205629069,-0.0151479849746376,0.0192186027468029));
#13250=CARTESIAN_POINT('',(-0.0664287732759498,-0.0151479849746374,0.0192254815126571));
#13251=CARTESIAN_POINT('',(-0.0664287732759498,-0.0146399849746376,0.0192254815126571));
#13252=CARTESIAN_POINT('',(-0.0607412958264094,-0.0146399849746376,0.0212652542745173));
#13253=CARTESIAN_POINT('',(-0.0607412092938429,-0.0151479849746376,0.0212652853087981));
#13254=CARTESIAN_POINT('',(-0.0607412958264094,-0.0151479847246376,0.0212652542745173));
#13255=CARTESIAN_POINT('',(-0.0664287732759498,-0.0151479849746376,0.0192254815126571));
#13256=CARTESIAN_POINT('',(-0.0611219926395958,-0.0151479849746376,0.0223372810897937));
#13257=CARTESIAN_POINT('',(-0.0611219926395958,-0.0146399849746376,0.0223372810897937));
#13258=CARTESIAN_POINT('',(-0.0615027759853486,-0.0146399849746376,0.0234092768707892));
#13259=CARTESIAN_POINT('',(-0.0615027759853486,-0.0151479849746376,0.0234092768707892));
#13260=CARTESIAN_POINT('',(-0.0615027759853486,-0.0151479849746376,0.0234092768707892));
#13261=CARTESIAN_POINT('',(-0.0611219926395958,-0.0151479849746376,0.0223372810897937));
#13262=CARTESIAN_POINT('',(-0.0617069483888332,-0.0151479849746376,0.0234092768707892));
#13263=CARTESIAN_POINT('',(-0.0617069483888332,-0.0146399849746376,0.0234092768707892));
#13264=CARTESIAN_POINT('',(-0.0619111207923178,-0.0146399849746376,0.0234092768707892));
#13265=CARTESIAN_POINT('',(-0.0619111207923178,-0.0151479849746376,0.0234092768707892));
#13266=CARTESIAN_POINT('',(-0.0619111207923178,-0.0151479849746376,0.0234092768707892));
#13267=CARTESIAN_POINT('',(-0.0617069483888332,-0.0151479849746376,0.0234092768707892));
#13268=CARTESIAN_POINT('',(-0.0613170987729434,-0.0151479849746376,0.0217523253405562));
#13269=CARTESIAN_POINT('',(-0.0613170987729434,-0.0146399849746376,0.0217523253405562));
#13270=CARTESIAN_POINT('',(-0.060723076753569,-0.0146399849746376,0.0200953738103232));
#13271=CARTESIAN_POINT('',(-0.060723076753569,-0.0151479849746376,0.0200953738103232));
#13272=CARTESIAN_POINT('',(-0.060723076753569,-0.0151479849746376,0.0200953738103232));
#13273=CARTESIAN_POINT('',(-0.0613170987729434,-0.0151479849746376,0.0217523253405562));
#13274=CARTESIAN_POINT('',(-0.0605326850806926,-0.0151479849746376,0.0200953738103232));
#13275=CARTESIAN_POINT('',(-0.0605326850806926,-0.0146399849746376,0.0200953738103232));
#13276=CARTESIAN_POINT('',(-0.0603422934078162,-0.0146399849746376,0.0200953738103232));
#13277=CARTESIAN_POINT('',(-0.0603422934078162,-0.0151479849746376,0.0200953738103232));
#13278=CARTESIAN_POINT('',(-0.0603422934078162,-0.0151479849746376,0.0200953738103232));
#13279=CARTESIAN_POINT('',(-0.0605326850806926,-0.0151479849746376,0.0200953738103232));
#13280=CARTESIAN_POINT('',(-0.0597453701819979,-0.0151479849746376,0.0217523253405562));
#13281=CARTESIAN_POINT('',(-0.0597453701819979,-0.0146399849746376,0.0217523253405562));
#13282=CARTESIAN_POINT('',(-0.0597453701819979,-0.0151479849746376,0.0217523253405562));
#13283=CARTESIAN_POINT('',(-0.0539082512259484,-0.0151479849746376,0.0464011691510677));
#13284=CARTESIAN_POINT('',(-0.0539082512259484,-0.0146399849746376,0.0464011691510677));
#13285=CARTESIAN_POINT('',(0.0775844021658373,-0.150108227183784,-0.372208727003443));
#13286=CARTESIAN_POINT('',(-0.0721777915537693,-0.0301973865483053,0.0222259038010705));
#13287=CARTESIAN_POINT('',(-0.0721777915537693,-0.0301973865483053,0.00828265094513751));
#13288=CARTESIAN_POINT('',(-0.0574211382478935,-0.0301973865483053,0.00828265094513751));
#13289=CARTESIAN_POINT('',(-0.0897852539211408,-0.0301973865483053,0.00828265094513751));
#13290=CARTESIAN_POINT('',(-0.0574211382478935,-0.0301973865483053,0.0222259038010705));
#13291=CARTESIAN_POINT('',(-0.0574211382478935,-0.0301973865483053,0.0103425876729186));
#13292=CARTESIAN_POINT('',(-0.0721777915537693,-0.0301973865483053,0.0103425876729186));
#13293=CARTESIAN_POINT('',(-0.0897852539211408,-0.0301973865483053,0.0103425876729186));
#13294=CARTESIAN_POINT('',(-0.0897852539211408,-0.0301973865483053,0.0222259038010705));
#13295=CARTESIAN_POINT('',(-0.0721777915537693,-0.0301973865483053,0.0103425876729186));
#13296=CARTESIAN_POINT('',(-0.0574211382478935,-0.116700875931556,0.0103425876729186));
#13297=CARTESIAN_POINT('',(-0.0574211382478935,-0.0241973865483053,0.0103425876729186));
#13298=CARTESIAN_POINT('',(-0.0721777915537693,-0.0241973865483053,0.0103425876729186));
#13299=CARTESIAN_POINT('',(-0.0882760245889288,-0.0241973865483053,0.0103425876729186));
#13300=CARTESIAN_POINT('',(-0.0721777915537693,-0.0241973865483053,0.0103425876729186));
#13301=CARTESIAN_POINT('',(-0.0897852539211408,-0.0241973865483053,0.0103425876729186));
#13302=CARTESIAN_POINT('',(-0.0897852539211408,-0.0301973865483053,0.0103425876729186));
#13303=CARTESIAN_POINT('',(-0.0721777915537693,0.000802613451694692,0.00468890608404891));
#13304=CARTESIAN_POINT('',(-0.0721777915537693,-0.0241973865483053,0.00468890608404891));
#13305=CARTESIAN_POINT('',(-0.0882760245889288,-0.0241973865483053,0.00468890608404891));
#13306=CARTESIAN_POINT('',(-0.0545703291863977,-0.0241973865483053,0.00468890608404891));
#13307=CARTESIAN_POINT('',(-0.0882760245889288,0.000802613451694692,0.00468890608404891));
#13308=CARTESIAN_POINT('',(-0.0882760245889288,-0.0199766477919101,0.00468890608404891));
#13309=CARTESIAN_POINT('',(-0.0741957634171642,-0.0199766477919101,0.00468890608404891));
#13310=CARTESIAN_POINT('',(-0.0545703291863977,-0.0199766477919101,0.00468890608404891));
#13311=CARTESIAN_POINT('',(-0.0545703291863977,0.000802613451694692,0.00468890608404891));
#13312=CARTESIAN_POINT('',(-0.0721777915537693,0.000802613451694692,0.0397629015180921));
#13313=CARTESIAN_POINT('',(-0.0882760245889288,0.000802613451694692,0.0397629015180921));
#13314=CARTESIAN_POINT('',(-0.0882760245889288,-0.0241973865483053,0.0397629015180921));
#13315=CARTESIAN_POINT('',(-0.0882760245889288,-0.0199766477919101,0.0397629015180921));
#13316=CARTESIAN_POINT('',(-0.0721777915537693,-0.0241973865483053,0.0397629015180921));
#13317=CARTESIAN_POINT('',(-0.0545703291863977,-0.0241973865483053,0.0397629015180921));
#13318=CARTESIAN_POINT('',(-0.0545703291863977,0.000802613451694692,0.0397629015180921));
#13319=CARTESIAN_POINT('',(-0.0545703291863977,-0.0199766477919101,0.0397629015180921));
#13320=CARTESIAN_POINT('',(-0.0741957634171642,-0.0199766477919101,0.0397629015180921));
#13321=CARTESIAN_POINT('',(-0.0741957634171642,-0.0199766477919101,-0.0152353541428342));
#13322=CARTESIAN_POINT('',(-0.0628111162499672,-0.0199766477919101,0.0334868746077523));
#13323=CARTESIAN_POINT('',(-0.0628111162499672,-0.0199766477919101,0.0319368746077523));
#13324=CARTESIAN_POINT('',(-0.0832211162499672,-0.0199766477919101,0.0130424171065793));
#13325=CARTESIAN_POINT('',(-0.0832211162499672,-0.0199766477919101,0.0114924171065793));
#13326=CARTESIAN_POINT('',(-0.0716639577616126,-0.0199766477919101,0.0219440258013574));
#13327=CARTESIAN_POINT('',(-0.0720660079878252,-0.0199766477919101,0.0215118528488987));
#13328=CARTESIAN_POINT('',(-0.0712619075354,-0.0199766477919101,0.0223761987538161));
#13329=CARTESIAN_POINT('',(-0.0712640118926836,-0.0199766477919101,0.0236968188096245));
#13330=CARTESIAN_POINT('',(-0.0712661162499672,-0.0199766477919101,0.0250174388654329));
#13331=CARTESIAN_POINT('',(-0.0730161162499672,-0.0199766477919101,0.0250174388654329));
#13332=CARTESIAN_POINT('',(-0.0747661162499672,-0.0199766477919101,0.0250174388654329));
#13333=CARTESIAN_POINT('',(-0.0747689092582343,-0.0199766477919101,0.0232646458571658));
#13334=CARTESIAN_POINT('',(-0.0747717022665014,-0.0199766477919101,0.0215118528488987));
#13335=CARTESIAN_POINT('',(-0.0734188551271633,-0.0199766477919101,0.0215118528488987));
#13336=CARTESIAN_POINT('',(-0.0882760245889288,-0.0199766477919101,-0.0152353541428342));
#13337=CARTESIAN_POINT('',(-0.0545703291863977,-0.0199766477919101,0.0636646458571658));
#13338=CARTESIAN_POINT('',(-0.0721777915537693,-0.0301973865483053,0.0222259038010705));
#13339=CARTESIAN_POINT('',(-0.0591111162499672,-0.0301973865483053,0.0349300732223588));
#13340=CARTESIAN_POINT('',(-0.0601111162499672,-0.0301973865483053,0.0349300732223588));
#13341=CARTESIAN_POINT('',(-0.0581111162499672,-0.0301973865483053,0.0349300732223588));
#13342=CARTESIAN_POINT('',(-0.0601111162499672,-0.0301973865483053,0.0324300732223588));
#13343=CARTESIAN_POINT('',(-0.0601111162499672,-0.0301973865483053,0.0299300732223588));
#13344=CARTESIAN_POINT('',(-0.0591111162499672,-0.0301973865483053,0.0299300732223588));
#13345=CARTESIAN_POINT('',(-0.0581111162499672,-0.0301973865483053,0.0299300732223588));
#13346=CARTESIAN_POINT('',(-0.0581111162499672,-0.0301973865483053,0.0324300732223588));
#13347=CARTESIAN_POINT('',(-0.0581111162499672,-0.0301973865483053,0.0324300732223588));
#13348=CARTESIAN_POINT('',(-0.0581111162499672,-0.0241973865483053,0.0324300732223588));
#13349=CARTESIAN_POINT('',(-0.0581111162499672,-0.0241973865483053,0.0349300732223588));
#13350=CARTESIAN_POINT('',(-0.0581111162499672,-0.0241973865483053,0.0299300732223588));
#13351=CARTESIAN_POINT('',(-0.0581111162499672,-0.0301973865483053,0.0349300732223588));
#13352=CARTESIAN_POINT('',(-0.0581111162499672,-0.0301973865483053,0.0299300732223588));
#13353=CARTESIAN_POINT('',(-0.0591111162499672,-0.0301973865483053,0.0299300732223588));
#13354=CARTESIAN_POINT('',(-0.0591111162499672,-0.0241973865483053,0.0299300732223588));
#13355=CARTESIAN_POINT('',(-0.0601111162499672,-0.0241973865483053,0.0299300732223588));
#13356=CARTESIAN_POINT('',(-0.0601111162499672,-0.0301973865483053,0.0299300732223588));
#13357=CARTESIAN_POINT('',(-0.0601111162499672,-0.0301973865483053,0.0324300732223588));
#13358=CARTESIAN_POINT('',(-0.0601111162499672,-0.0241973865483053,0.0324300732223588));
#13359=CARTESIAN_POINT('',(-0.0601111162499672,-0.0241973865483053,0.0349300732223588));
#13360=CARTESIAN_POINT('',(-0.0601111162499672,-0.0301973865483053,0.0349300732223588));
#13361=CARTESIAN_POINT('',(-0.0591111162499672,-0.0301973865483053,0.0349300732223588));
#13362=CARTESIAN_POINT('',(-0.0591111162499672,-0.0241973865483053,0.0349300732223588));
#13363=CARTESIAN_POINT('',(-0.0721777915537693,-0.0301973865483053,0.0222259038010705));
#13364=CARTESIAN_POINT('',(-0.0859211162499672,-0.0301973865483053,0.0323569987699557));
#13365=CARTESIAN_POINT('',(-0.0859211162499672,-0.0301973865483053,0.0348569987699557));
#13366=CARTESIAN_POINT('',(-0.0859211162499672,-0.0301973865483053,0.0298569987699557));
#13367=CARTESIAN_POINT('',(-0.0869211162499672,-0.0301973865483053,0.0348569987699557));
#13368=CARTESIAN_POINT('',(-0.0879211162499672,-0.0301973865483053,0.0348569987699557));
#13369=CARTESIAN_POINT('',(-0.0879211162499672,-0.0301973865483053,0.0323569987699557));
#13370=CARTESIAN_POINT('',(-0.0879211162499672,-0.0301973865483053,0.0298569987699557));
#13371=CARTESIAN_POINT('',(-0.0869211162499672,-0.0301973865483053,0.0298569987699557));
#13372=CARTESIAN_POINT('',(-0.0869211162499672,-0.0301973865483053,0.0298569987699557));
#13373=CARTESIAN_POINT('',(-0.0869211162499672,-0.0241973865483053,0.0298569987699557));
#13374=CARTESIAN_POINT('',(-0.0859211162499672,-0.0241973865483053,0.0298569987699557));
#13375=CARTESIAN_POINT('',(-0.0879211162499672,-0.0241973865483053,0.0298569987699557));
#13376=CARTESIAN_POINT('',(-0.0859211162499672,-0.0301973865483053,0.0298569987699557));
#13377=CARTESIAN_POINT('',(-0.0879211162499672,-0.0301973865483053,0.0298569987699557));
#13378=CARTESIAN_POINT('',(-0.0879211162499672,-0.0301973865483053,0.0323569987699557));
#13379=CARTESIAN_POINT('',(-0.0879211162499672,-0.0241973865483053,0.0323569987699557));
#13380=CARTESIAN_POINT('',(-0.0879211162499672,-0.0241973865483053,0.0348569987699557));
#13381=CARTESIAN_POINT('',(-0.0879211162499672,-0.0301973865483053,0.0348569987699557));
#13382=CARTESIAN_POINT('',(-0.0869211162499672,-0.0301973865483053,0.0348569987699557));
#13383=CARTESIAN_POINT('',(-0.0869211162499672,-0.0241973865483053,0.0348569987699557));
#13384=CARTESIAN_POINT('',(-0.0859211162499672,-0.0241973865483053,0.0348569987699557));
#13385=CARTESIAN_POINT('',(-0.0859211162499672,-0.0301973865483053,0.0348569987699557));
#13386=CARTESIAN_POINT('',(-0.0859211162499672,-0.0301973865483053,0.0323569987699557));
#13387=CARTESIAN_POINT('',(-0.0859211162499672,-0.0241973865483053,0.0323569987699557));
#13388=CARTESIAN_POINT('',(-0.0721777915537693,-0.0301973865483053,0.00828265094513751));
#13389=CARTESIAN_POINT('',(-0.0574211382478935,-0.116700875931556,0.00828265094513751));
#13390=CARTESIAN_POINT('',(-0.0574211382478935,-0.0241973865483053,0.00828265094513751));
#13391=CARTESIAN_POINT('',(-0.0897852539211408,-0.0301973865483053,0.00828265094513751));
#13392=CARTESIAN_POINT('',(-0.0897852539211408,-0.0241973865483053,0.00828265094513751));
#13393=CARTESIAN_POINT('',(-0.0721777915537693,-0.0241973865483053,0.00828265094513751));
#13394=CARTESIAN_POINT('',(-0.0882760245889288,-0.0241973865483053,0.00828265094513751));
#13395=CARTESIAN_POINT('',(-0.0721777915537693,-0.0241973865483053,0.00828265094513751));
#13396=CARTESIAN_POINT('',(-0.0628111162499672,0.000802613451694692,0.0334868746077523));
#13397=CARTESIAN_POINT('',(-0.0628111162499672,-0.0241973865483053,0.0334868746077523));
#13398=CARTESIAN_POINT('',(-0.0628111162499672,-0.0241973865483053,0.0319368746077523));
#13399=CARTESIAN_POINT('',(-0.0832211162499672,0.000802613451694692,0.0130424171065793));
#13400=CARTESIAN_POINT('',(-0.0832211162499672,-0.0241973865483053,0.0130424171065793));
#13401=CARTESIAN_POINT('',(-0.0832211162499672,-0.0241973865483053,0.0114924171065793));
#13402=CARTESIAN_POINT('',(-0.0721777915537693,-0.0278973865483053,0.0222259038010705));
#13403=CARTESIAN_POINT('',(-0.072554212604093,-0.0278973865483053,0.0310983351591276));
#13404=CARTESIAN_POINT('',(-0.080199919978063,-0.0278973865483053,0.0310983351591276));
#13405=CARTESIAN_POINT('',(-0.0649085052301229,-0.0278973865483053,0.0310983351591276));
#13406=CARTESIAN_POINT('',(-0.080199919978063,-0.0278973865483053,0.0230983351591276));
#13407=CARTESIAN_POINT('',(-0.080199919978063,-0.0278973865483053,0.0150983351591276));
#13408=CARTESIAN_POINT('',(-0.072554212604093,-0.0278973865483053,0.0150983351591276));
#13409=CARTESIAN_POINT('',(-0.0649085052301229,-0.0278973865483053,0.0150983351591276));
#13410=CARTESIAN_POINT('',(-0.0649085052301229,-0.0278973865483053,0.0230983351591276));
#13411=CARTESIAN_POINT('',(-0.0794783514904466,-0.0278973865483053,0.0230708523743177));
#13412=CARTESIAN_POINT('',(-0.0794783514904466,-0.0278973865483053,0.0304053624909378));
#13413=CARTESIAN_POINT('',(-0.0794783514904466,-0.0278973865483053,0.0157363422576977));
#13414=CARTESIAN_POINT('',(-0.0725392708129263,-0.0278973865483053,0.0304053624909378));
#13415=CARTESIAN_POINT('',(-0.0656001901354061,-0.0278973865483053,0.0304053624909378));
#13416=CARTESIAN_POINT('',(-0.0656001901354061,-0.0278973865483053,0.0230708523743177));
#13417=CARTESIAN_POINT('',(-0.0656001901354061,-0.0278973865483053,0.0157363422576977));
#13418=CARTESIAN_POINT('',(-0.0725392708129263,-0.0278973865483053,0.0157363422576977));
#13419=CARTESIAN_POINT('',(-0.0649085052301229,-0.0278973865483053,0.0230983351591276));
#13420=CARTESIAN_POINT('',(-0.0649085052301229,-0.0241973865483053,0.0230983351591276));
#13421=CARTESIAN_POINT('',(-0.0649085052301229,-0.0241973865483053,0.0310983351591276));
#13422=CARTESIAN_POINT('',(-0.0649085052301229,-0.0241973865483053,0.0150983351591276));
#13423=CARTESIAN_POINT('',(-0.0649085052301229,-0.0278973865483053,0.0310983351591276));
#13424=CARTESIAN_POINT('',(-0.0649085052301229,-0.0278973865483053,0.0150983351591276));
#13425=CARTESIAN_POINT('',(-0.0725392708129263,-0.0278973865483053,0.0157363422576977));
#13426=CARTESIAN_POINT('',(-0.0725392708129263,-0.0241973865483053,0.0157363422576977));
#13427=CARTESIAN_POINT('',(-0.0794783514904466,-0.0241973865483053,0.0157363422576977));
#13428=CARTESIAN_POINT('',(-0.0656001901354061,-0.0241973865483053,0.0157363422576977));
#13429=CARTESIAN_POINT('',(-0.0794783514904466,-0.0278973865483053,0.0157363422576977));
#13430=CARTESIAN_POINT('',(-0.0656001901354061,-0.0278973865483053,0.0157363422576977));
#13431=CARTESIAN_POINT('',(-0.0656001901354061,-0.0278973865483053,0.0230708523743177));
#13432=CARTESIAN_POINT('',(-0.0656001901354061,-0.0241973865483053,0.0230708523743177));
#13433=CARTESIAN_POINT('',(-0.0656001901354061,-0.0241973865483053,0.0304053624909378));
#13434=CARTESIAN_POINT('',(-0.0656001901354061,-0.0278973865483053,0.0304053624909378));
#13435=CARTESIAN_POINT('',(-0.0725392708129263,-0.0278973865483053,0.0304053624909378));
#13436=CARTESIAN_POINT('',(-0.0725392708129263,-0.0241973865483053,0.0304053624909378));
#13437=CARTESIAN_POINT('',(-0.0794783514904466,-0.0241973865483053,0.0304053624909378));
#13438=CARTESIAN_POINT('',(-0.0794783514904466,-0.0278973865483053,0.0304053624909378));
#13439=CARTESIAN_POINT('',(-0.0794783514904466,-0.0278973865483053,0.0230708523743177));
#13440=CARTESIAN_POINT('',(-0.0794783514904466,-0.0241973865483053,0.0230708523743177));
#13441=CARTESIAN_POINT('',(-0.072554212604093,-0.0278973865483053,0.0150983351591276));
#13442=CARTESIAN_POINT('',(-0.072554212604093,-0.0241973865483053,0.0150983351591276));
#13443=CARTESIAN_POINT('',(-0.080199919978063,-0.0241973865483053,0.0150983351591276));
#13444=CARTESIAN_POINT('',(-0.080199919978063,-0.0278973865483053,0.0150983351591276));
#13445=CARTESIAN_POINT('',(-0.080199919978063,-0.0278973865483053,0.0230983351591276));
#13446=CARTESIAN_POINT('',(-0.080199919978063,-0.0241973865483053,0.0230983351591276));
#13447=CARTESIAN_POINT('',(-0.080199919978063,-0.0241973865483053,0.0310983351591276));
#13448=CARTESIAN_POINT('',(-0.080199919978063,-0.0278973865483053,0.0310983351591276));
#13449=CARTESIAN_POINT('',(-0.072554212604093,-0.0278973865483053,0.0310983351591276));
#13450=CARTESIAN_POINT('',(-0.072554212604093,-0.0241973865483053,0.0310983351591276));
#13451=CARTESIAN_POINT('',(-0.0545703291863977,0.000802613451694692,0.0222259038010705));
#13452=CARTESIAN_POINT('',(-0.0545703291863977,-0.0241973865483053,0.0222259038010705));
#13453=CARTESIAN_POINT('',(-0.0897852539211408,0.000802613451694692,0.0222259038010705));
#13454=CARTESIAN_POINT('',(-0.0897852539211408,-0.0241973865483053,0.0222259038010705));
#13455=CARTESIAN_POINT('',(-0.0712640118926836,-0.0273173865483053,0.0236968188096245));
#13456=CARTESIAN_POINT('',(-0.0712619075354,-0.0273173865483053,0.0223761987538161));
#13457=CARTESIAN_POINT('',(-0.0712619075354,-0.0241973865483053,0.0223761987538161));
#13458=CARTESIAN_POINT('',(-0.0712640118926836,-0.0241973865483053,0.0236968188096245));
#13459=CARTESIAN_POINT('',(-0.0712661162499672,-0.0241973865483053,0.0250174388654329));
#13460=CARTESIAN_POINT('',(-0.0712661162499672,-0.0273173865483053,0.0250174388654329));
#13461=CARTESIAN_POINT('',(-0.0730161162499672,-0.0273173865483053,0.0250174388654329));
#13462=CARTESIAN_POINT('',(-0.0730161162499672,-0.0241973865483053,0.0250174388654329));
#13463=CARTESIAN_POINT('',(-0.0747661162499672,-0.0241973865483053,0.0250174388654329));
#13464=CARTESIAN_POINT('',(-0.0747661162499672,-0.0273173865483053,0.0250174388654329));
#13465=CARTESIAN_POINT('',(-0.0747689092582343,-0.0273173865483053,0.0232646458571658));
#13466=CARTESIAN_POINT('',(-0.0747689092582343,-0.0241973865483053,0.0232646458571658));
#13467=CARTESIAN_POINT('',(-0.0747717022665014,-0.0241973865483053,0.0215118528488987));
#13468=CARTESIAN_POINT('',(-0.0747717022665014,-0.0273173865483053,0.0215118528488987));
#13469=CARTESIAN_POINT('',(-0.0734188551271633,-0.0273173865483053,0.0215118528488987));
#13470=CARTESIAN_POINT('',(-0.0734188551271633,-0.0241973865483053,0.0215118528488987));
#13471=CARTESIAN_POINT('',(-0.0720660079878252,-0.0241973865483053,0.0215118528488987));
#13472=CARTESIAN_POINT('',(-0.0720660079878252,-0.0273173865483053,0.0215118528488987));
#13473=CARTESIAN_POINT('',(-0.0716639577616126,-0.0273173865483053,0.0219440258013574));
#13474=CARTESIAN_POINT('',(-0.0716639577616126,-0.0241973865483053,0.0219440258013574));
#13475=CARTESIAN_POINT('',(-0.0730161162499672,-0.0241973865483053,0.0682646458571658));
#13476=CARTESIAN_POINT('',(-0.0730161162499672,-0.0241973865483053,0.0682646458571658));
#13477=CARTESIAN_POINT('',(-0.0882760245889288,-0.0241973865483053,0.0271780461338835));
#13478=CARTESIAN_POINT('',(-0.0574211382478935,-0.0241973865483053,0.00931261930902806));
#13479=CARTESIAN_POINT('',(-0.0882760245889288,-0.0241973865483053,0.0271780461338835));
#13480=CARTESIAN_POINT('',(-0.0755050596800536,-0.0241973865483053,0.0271780461338835));
#13481=CARTESIAN_POINT('',(-0.0882760245889288,-0.0241973865483053,0.0271780461338835));
#13482=CARTESIAN_POINT('',(-0.0882760245889288,0.0726806135012253,0.0271780461338835));
#13483=CARTESIAN_POINT('',(-0.0574211382478935,-0.116700875931556,0.00931261930902806));
#13484=CARTESIAN_POINT('',(0.166501226114774,-0.140550825374835,-0.352985603797757));
#13485=CARTESIAN_POINT('',(-0.0413930635199335,-0.0151479849746376,0.0217570398010274));
#13486=CARTESIAN_POINT('',(-0.0413930635199335,-0.0146399849746376,0.0217570398010274));
#13487=CARTESIAN_POINT('',(-0.0413930635199335,-0.0151479849746376,0.0212749559969442));
#13488=CARTESIAN_POINT('',(-0.0413930635199335,-0.0146399849746376,0.0212749559969442));
#13489=CARTESIAN_POINT('',(-0.0413363691106769,-0.0151479849746376,0.0209239100172406));
#13490=CARTESIAN_POINT('',(-0.0413363691106769,-0.0146399849746376,0.0209239100172406));
#13491=CARTESIAN_POINT('',(-0.0412229802921639,-0.0151479849746376,0.0207039018619168));
#13492=CARTESIAN_POINT('',(-0.0412229802921639,-0.0146399849746376,0.0207039018619168));
#13493=CARTESIAN_POINT('',(-0.0413930635199335,-0.0146399849746376,0.0217570398010274));
#13494=CARTESIAN_POINT('',(-0.0413930635199335,-0.0146399849746376,0.0210339140949026));
#13495=CARTESIAN_POINT('',(-0.0412229802921639,-0.0146399849746376,0.0207039018619168));
#13496=CARTESIAN_POINT('',(-0.0413930635199335,-0.0146399849746376,0.0217570398010274));
#13497=CARTESIAN_POINT('',(-0.0412229802921639,-0.0146399849746376,0.0207039018619168));
#13498=CARTESIAN_POINT('',(-0.0413930635199335,-0.0151479849746376,0.0217570398010274));
#13499=CARTESIAN_POINT('',(-0.0413930635199335,-0.0151479849746376,0.0217570398010274));
#13500=CARTESIAN_POINT('',(-0.0413930635199335,-0.0151479849746376,0.0217570398010274));
#13501=CARTESIAN_POINT('',(-0.0413930635199335,-0.0151479849746376,0.0210339140949026));
#13502=CARTESIAN_POINT('',(-0.0412229802921639,-0.0151479849746376,0.0207039018619168));
#13503=CARTESIAN_POINT('',(-0.0412229802921639,-0.0151479849746376,0.0207039018619168));
#13504=CARTESIAN_POINT('',(-0.0412229802921639,-0.0151479849746376,0.0207039018619168));
#13505=CARTESIAN_POINT('',(-0.0412229802921639,-0.0151479849746376,0.0228076391844998));
#13506=CARTESIAN_POINT('',(-0.0412229802921639,-0.0146399849746376,0.0228076391844998));
#13507=CARTESIAN_POINT('',(-0.0413363691106769,-0.0151479849746376,0.0225893233996015));
#13508=CARTESIAN_POINT('',(-0.0413363691106769,-0.0146399849746376,0.0225893233996015));
#13509=CARTESIAN_POINT('',(-0.0413930635199335,-0.0151479849746376,0.0222391236051107));
#13510=CARTESIAN_POINT('',(-0.0413930635199335,-0.0146399849746376,0.0222391236051107));
#13511=CARTESIAN_POINT('',(-0.0413930635199335,-0.0151479849746376,0.0217570398010274));
#13512=CARTESIAN_POINT('',(-0.0413930635199335,-0.0146399849746376,0.0217570398010274));
#13513=CARTESIAN_POINT('',(-0.0412229802921639,-0.0146399849746376,0.0228076391844998));
#13514=CARTESIAN_POINT('',(-0.0413930635199335,-0.0146399849746376,0.0224801655071524));
#13515=CARTESIAN_POINT('',(-0.0413930635199335,-0.0146399849746376,0.0217570398010274));
#13516=CARTESIAN_POINT('',(-0.0412229802921639,-0.0146399849746376,0.0228076391844998));
#13517=CARTESIAN_POINT('',(-0.0412229802921639,-0.0151479849746376,0.0228076391844998));
#13518=CARTESIAN_POINT('',(-0.0412229802921639,-0.0151479849746376,0.0228076391844998));
#13519=CARTESIAN_POINT('',(-0.0412229802921639,-0.0151479849746376,0.0228076391844998));
#13520=CARTESIAN_POINT('',(-0.0413930635199335,-0.0151479849746376,0.0224801655071524));
#13521=CARTESIAN_POINT('',(-0.0413930635199335,-0.0151479849746376,0.0217570398010274));
#13522=CARTESIAN_POINT('',(-0.0406815426395839,-0.0151479849746376,0.0231351128618472));
#13523=CARTESIAN_POINT('',(-0.0406815426395839,-0.0146399849746376,0.0231351128618472));
#13524=CARTESIAN_POINT('',(-0.0409291122561241,-0.0151479849746376,0.0231351128618472));
#13525=CARTESIAN_POINT('',(-0.0409291122561241,-0.0146399849746376,0.0231351128618472));
#13526=CARTESIAN_POINT('',(-0.0411095914736508,-0.0151479849746376,0.0230259549693981));
#13527=CARTESIAN_POINT('',(-0.0411095914736508,-0.0146399849746376,0.0230259549693981));
#13528=CARTESIAN_POINT('',(-0.0412229802921639,-0.0151479849746376,0.0228076391844998));
#13529=CARTESIAN_POINT('',(-0.0412229802921639,-0.0146399849746376,0.0228076391844998));
#13530=CARTESIAN_POINT('',(-0.0406815426395839,-0.0146399849746376,0.0231351128618472));
#13531=CARTESIAN_POINT('',(-0.0410528970643942,-0.0146399849746376,0.0231351128618472));
#13532=CARTESIAN_POINT('',(-0.0412229802921639,-0.0146399849746376,0.0228076391844998));
#13533=CARTESIAN_POINT('',(-0.0406815426395839,-0.0146399849746376,0.0231351128618472));
#13534=CARTESIAN_POINT('',(-0.0406815426395839,-0.0151479849746376,0.0231351128618472));
#13535=CARTESIAN_POINT('',(-0.0406815426395839,-0.0151479849746376,0.0231351128618472));
#13536=CARTESIAN_POINT('',(-0.0406815426395839,-0.0151479849746376,0.0231351128618472));
#13537=CARTESIAN_POINT('',(-0.0410528970643942,-0.0151479849746376,0.0231351128618472));
#13538=CARTESIAN_POINT('',(-0.0412229802921639,-0.0151479849746376,0.0228076391844998));
#13539=CARTESIAN_POINT('',(-0.0401364784789491,-0.0151479849746376,0.0228029247240286));
#13540=CARTESIAN_POINT('',(-0.0401364784789491,-0.0146399849746376,0.0228029247240286));
#13541=CARTESIAN_POINT('',(-0.0402489002286476,-0.0151479849746376,0.0230243834825743));
#13542=CARTESIAN_POINT('',(-0.0402489002286476,-0.0146399849746376,0.0230243834825743));
#13543=CARTESIAN_POINT('',(-0.0404305882821925,-0.0151479849746376,0.0231351128618472));
#13544=CARTESIAN_POINT('',(-0.0404305882821925,-0.0146399849746376,0.0231351128618472));
#13545=CARTESIAN_POINT('',(-0.0406815426395839,-0.0151479849746376,0.0231351128618472));
#13546=CARTESIAN_POINT('',(-0.0406815426395839,-0.0146399849746376,0.0231351128618472));
#13547=CARTESIAN_POINT('',(-0.0401364784789491,-0.0146399849746376,0.0228029247240286));
#13548=CARTESIAN_POINT('',(-0.0403051111034968,-0.0146399849746376,0.0231351128618472));
#13549=CARTESIAN_POINT('',(-0.0406815426395839,-0.0146399849746376,0.0231351128618472));
#13550=CARTESIAN_POINT('',(-0.0401364784789491,-0.0146399849746376,0.0228029247240286));
#13551=CARTESIAN_POINT('',(-0.0401364784789491,-0.0151479849746376,0.0228029247240286));
#13552=CARTESIAN_POINT('',(-0.0401364784789491,-0.0151479849746376,0.0228029247240286));
#13553=CARTESIAN_POINT('',(-0.0401364784789491,-0.0151479849746376,0.0228029247240286));
#13554=CARTESIAN_POINT('',(-0.0403051111034968,-0.0151479849746376,0.0231351128618472));
#13555=CARTESIAN_POINT('',(-0.0406815426395839,-0.0151479849746376,0.0231351128618472));
#13556=CARTESIAN_POINT('',(-0.0399678458544014,-0.0151479849746376,0.0217570398010274));
#13557=CARTESIAN_POINT('',(-0.0399678458544014,-0.0146399849746376,0.0217570398010274));
#13558=CARTESIAN_POINT('',(-0.0399678458544014,-0.0151479849746376,0.0222328376578158));
#13559=CARTESIAN_POINT('',(-0.0399678458544014,-0.0146399849746376,0.0222328376578158));
#13560=CARTESIAN_POINT('',(-0.0400240567292507,-0.0151479849746376,0.0225814659654828));
#13561=CARTESIAN_POINT('',(-0.0400240567292507,-0.0146399849746376,0.0225814659654828));
#13562=CARTESIAN_POINT('',(-0.0401364784789491,-0.0151479849746376,0.0228029247240286));
#13563=CARTESIAN_POINT('',(-0.0401364784789491,-0.0146399849746376,0.0228029247240286));
#13564=CARTESIAN_POINT('',(-0.0399678458544014,-0.0146399849746376,0.0217570398010274));
#13565=CARTESIAN_POINT('',(-0.0399678458544014,-0.0146399849746376,0.0224707365862099));
#13566=CARTESIAN_POINT('',(-0.0401364784789491,-0.0146399849746376,0.0228029247240286));
#13567=CARTESIAN_POINT('',(-0.0399678458544014,-0.0146399849746376,0.0217570398010274));
#13568=CARTESIAN_POINT('',(-0.0399678458544014,-0.0151479849746376,0.0217570398010274));
#13569=CARTESIAN_POINT('',(-0.0399678458544014,-0.0151479849746376,0.0217570398010274));
#13570=CARTESIAN_POINT('',(-0.0399678458544014,-0.0151479849746376,0.0217570398010274));
#13571=CARTESIAN_POINT('',(-0.0399678458544014,-0.0151479849746376,0.0224707365862099));
#13572=CARTESIAN_POINT('',(-0.0401364784789491,-0.0151479849746376,0.0228029247240286));
#13573=CARTESIAN_POINT('',(-0.0401364784789491,-0.0151479849746376,0.0207082536715825));
#13574=CARTESIAN_POINT('',(-0.0401364784789491,-0.0146399849746376,0.0207082536715825));
#13575=CARTESIAN_POINT('',(-0.0400240567292507,-0.0151479849746376,0.0209311630333502));
#13576=CARTESIAN_POINT('',(-0.0400240567292507,-0.0146399849746376,0.0209311630333502));
#13577=CARTESIAN_POINT('',(-0.0399678458544014,-0.0151479849746376,0.0212807584098318));
#13578=CARTESIAN_POINT('',(-0.0399678458544014,-0.0146399849746376,0.0212807584098318));
#13579=CARTESIAN_POINT('',(-0.0399678458544014,-0.0151479849746376,0.0217570398010274));
#13580=CARTESIAN_POINT('',(-0.0399678458544014,-0.0146399849746376,0.0217570398010274));
#13581=CARTESIAN_POINT('',(-0.0401364784789491,-0.0146399849746376,0.0207082536715825));
#13582=CARTESIAN_POINT('',(-0.0399678458544014,-0.0146399849746376,0.021042617714234));
#13583=CARTESIAN_POINT('',(-0.0399678458544014,-0.0146399849746376,0.0217570398010274));
#13584=CARTESIAN_POINT('',(-0.0401364784789491,-0.0146399849746376,0.0207082536715825));
#13585=CARTESIAN_POINT('',(-0.0401364784789491,-0.0151479849746376,0.0207082536715825));
#13586=CARTESIAN_POINT('',(-0.0401364784789491,-0.0151479849746376,0.0207082536715825));
#13587=CARTESIAN_POINT('',(-0.0401364784789491,-0.0151479849746376,0.0207082536715825));
#13588=CARTESIAN_POINT('',(-0.0399678458544014,-0.0151479849746376,0.021042617714234));
#13589=CARTESIAN_POINT('',(-0.0399678458544014,-0.0151479849746376,0.0217570398010274));
#13590=CARTESIAN_POINT('',(-0.0406815426395839,-0.0151479849746376,0.020373889628931));
#13591=CARTESIAN_POINT('',(-0.0406815426395839,-0.0146399849746376,0.020373889628931));
#13592=CARTESIAN_POINT('',(-0.0404305882821925,-0.0151479849746376,0.020373889628931));
#13593=CARTESIAN_POINT('',(-0.0404305882821925,-0.0146399849746376,0.020373889628931));
#13594=CARTESIAN_POINT('',(-0.0402489002286476,-0.0151479849746376,0.0204853443098148));
#13595=CARTESIAN_POINT('',(-0.0402489002286476,-0.0146399849746376,0.0204853443098148));
#13596=CARTESIAN_POINT('',(-0.0401364784789491,-0.0151479849746376,0.0207082536715825));
#13597=CARTESIAN_POINT('',(-0.0401364784789491,-0.0146399849746376,0.0207082536715825));
#13598=CARTESIAN_POINT('',(-0.0406815426395839,-0.0146399849746376,0.020373889628931));
#13599=CARTESIAN_POINT('',(-0.0403051111034968,-0.0146399849746376,0.020373889628931));
#13600=CARTESIAN_POINT('',(-0.0401364784789491,-0.0146399849746376,0.0207082536715825));
#13601=CARTESIAN_POINT('',(-0.0406815426395839,-0.0146399849746376,0.020373889628931));
#13602=CARTESIAN_POINT('',(-0.0406815426395839,-0.0151479849746376,0.020373889628931));
#13603=CARTESIAN_POINT('',(-0.0406815426395839,-0.0151479849746376,0.020373889628931));
#13604=CARTESIAN_POINT('',(-0.0406815426395839,-0.0151479849746376,0.020373889628931));
#13605=CARTESIAN_POINT('',(-0.0403051111034968,-0.0151479849746376,0.020373889628931));
#13606=CARTESIAN_POINT('',(-0.0401364784789491,-0.0151479849746376,0.0207082536715825));
#13607=CARTESIAN_POINT('',(-0.0395819853973719,-0.0151479849746376,0.0217570398010274));
#13608=CARTESIAN_POINT('',(-0.0395819853973719,-0.0146399849746376,0.0217570398010274));
#13609=CARTESIAN_POINT('',(-0.0395819853973719,-0.0151479849746376,0.0211840515283708));
#13610=CARTESIAN_POINT('',(-0.0395819853973719,-0.0146399849746376,0.0211840515283708));
#13611=CARTESIAN_POINT('',(-0.0396722854479361,-0.0151479849746376,0.0207562444615076));
#13612=CARTESIAN_POINT('',(-0.0396722854479361,-0.0146399849746376,0.0207562444615076));
#13613=CARTESIAN_POINT('',(-0.0398528855490646,-0.0151479849746376,0.0204736186004376));
#13614=CARTESIAN_POINT('',(-0.0398528855490646,-0.0146399849746376,0.0204736186004376));
#13615=CARTESIAN_POINT('',(-0.0395819853973719,-0.0146399849746376,0.0217570398010274));
#13616=CARTESIAN_POINT('',(-0.0395819853973719,-0.0146399849746376,0.0208975573920425));
#13617=CARTESIAN_POINT('',(-0.0398528855490646,-0.0146399849746376,0.0204736186004376));
#13618=CARTESIAN_POINT('',(-0.0395819853973719,-0.0146399849746376,0.0217570398010274));
#13619=CARTESIAN_POINT('',(-0.0398528855490646,-0.0146399849746376,0.0204736186004376));
#13620=CARTESIAN_POINT('',(-0.0395819853973719,-0.0151479849746376,0.0217570398010274));
#13621=CARTESIAN_POINT('',(-0.0395819853973719,-0.0151479849746376,0.0217570398010274));
#13622=CARTESIAN_POINT('',(-0.0395819853973719,-0.0151479849746376,0.0217570398010274));
#13623=CARTESIAN_POINT('',(-0.0395819853973719,-0.0151479849746376,0.0208975573920425));
#13624=CARTESIAN_POINT('',(-0.0398528855490646,-0.0151479849746376,0.0204736186004376));
#13625=CARTESIAN_POINT('',(-0.0398528855490646,-0.0151479849746376,0.0204736186004376));
#13626=CARTESIAN_POINT('',(-0.0398528855490646,-0.0151479849746376,0.0204736186004376));
#13627=CARTESIAN_POINT('',(-0.0398619518192016,-0.0151479849746376,0.0230237790645652));
#13628=CARTESIAN_POINT('',(-0.0398619518192016,-0.0146399849746376,0.0230237790645652));
#13629=CARTESIAN_POINT('',(-0.0396753075379818,-0.0151479849746376,0.0227319660497565));
#13630=CARTESIAN_POINT('',(-0.0396753075379818,-0.0146399849746376,0.0227319660497565));
#13631=CARTESIAN_POINT('',(-0.0395819853973719,-0.0151479849746376,0.0223097196285773));
#13632=CARTESIAN_POINT('',(-0.0395819853973719,-0.0146399849746376,0.0223097196285773));
#13633=CARTESIAN_POINT('',(-0.0395819853973719,-0.0151479849746376,0.0217570398010274));
#13634=CARTESIAN_POINT('',(-0.0395819853973719,-0.0146399849746376,0.0217570398010274));
#13635=CARTESIAN_POINT('',(-0.0398619518192016,-0.0146399849746376,0.0230237790645652));
#13636=CARTESIAN_POINT('',(-0.0395819853973719,-0.0146399849746376,0.0225860595423522));
#13637=CARTESIAN_POINT('',(-0.0395819853973719,-0.0146399849746376,0.0217570398010274));
#13638=CARTESIAN_POINT('',(-0.0398619518192016,-0.0146399849746376,0.0230237790645652));
#13639=CARTESIAN_POINT('',(-0.0398619518192016,-0.0151479849746376,0.0230237790645652));
#13640=CARTESIAN_POINT('',(-0.0398619518192016,-0.0151479849746376,0.0230237790645652));
#13641=CARTESIAN_POINT('',(-0.0398619518192016,-0.0151479849746376,0.0230237790645652));
#13642=CARTESIAN_POINT('',(-0.0395819853973719,-0.0151479849746376,0.0225860595423522));
#13643=CARTESIAN_POINT('',(-0.0395819853973719,-0.0151479849746376,0.0217570398010274));
#13644=CARTESIAN_POINT('',(-0.0406815426395839,-0.0151479849746376,0.0234614985867782));
#13645=CARTESIAN_POINT('',(-0.0406815426395839,-0.0146399849746376,0.0234614985867782));
#13646=CARTESIAN_POINT('',(-0.0403217930405488,-0.0151479849746376,0.0234614985867782));
#13647=CARTESIAN_POINT('',(-0.0403217930405488,-0.0146399849746376,0.0234614985867782));
#13648=CARTESIAN_POINT('',(-0.0400485961004214,-0.0151479849746376,0.0233155920793739));
#13649=CARTESIAN_POINT('',(-0.0400485961004214,-0.0146399849746376,0.0233155920793739));
#13650=CARTESIAN_POINT('',(-0.0398619518192016,-0.0151479849746376,0.0230237790645652));
#13651=CARTESIAN_POINT('',(-0.0398619518192016,-0.0146399849746376,0.0230237790645652));
#13652=CARTESIAN_POINT('',(-0.0406815426395839,-0.0146399849746376,0.0234614985867782));
#13653=CARTESIAN_POINT('',(-0.0401419182410313,-0.0146399849746376,0.0234614985867782));
#13654=CARTESIAN_POINT('',(-0.0398619518192016,-0.0146399849746376,0.0230237790645652));
#13655=CARTESIAN_POINT('',(-0.0406815426395839,-0.0146399849746376,0.0234614985867782));
#13656=CARTESIAN_POINT('',(-0.0406815426395839,-0.0151479849746376,0.0234614985867782));
#13657=CARTESIAN_POINT('',(-0.0406815426395839,-0.0151479849746376,0.0234614985867782));
#13658=CARTESIAN_POINT('',(-0.0406815426395839,-0.0151479849746376,0.0234614985867782));
#13659=CARTESIAN_POINT('',(-0.0401419182410313,-0.0151479849746376,0.0234614985867782));
#13660=CARTESIAN_POINT('',(-0.0398619518192016,-0.0151479849746376,0.0230237790645652));
#13661=CARTESIAN_POINT('',(-0.04150403466641,-0.0151479849746376,0.0230419116048391));
#13662=CARTESIAN_POINT('',(-0.04150403466641,-0.0146399849746376,0.0230419116048391));
#13663=CARTESIAN_POINT('',(-0.0413241598668925,-0.0151479849746376,0.0233216362594652));
#13664=CARTESIAN_POINT('',(-0.0413241598668925,-0.0146399849746376,0.0233216362594652));
#13665=CARTESIAN_POINT('',(-0.0410499958579504,-0.0151479849746376,0.0234614985867782));
#13666=CARTESIAN_POINT('',(-0.0410499958579504,-0.0146399849746376,0.0234614985867782));
#13667=CARTESIAN_POINT('',(-0.0406815426395839,-0.0151479849746376,0.0234614985867782));
#13668=CARTESIAN_POINT('',(-0.0406815426395839,-0.0146399849746376,0.0234614985867782));
#13669=CARTESIAN_POINT('',(-0.04150403466641,-0.0146399849746376,0.0230419116048391));
#13670=CARTESIAN_POINT('',(-0.0412342224671337,-0.0146399849746376,0.0234614985867782));
#13671=CARTESIAN_POINT('',(-0.0406815426395839,-0.0146399849746376,0.0234614985867782));
#13672=CARTESIAN_POINT('',(-0.04150403466641,-0.0146399849746376,0.0230419116048391));
#13673=CARTESIAN_POINT('',(-0.04150403466641,-0.0151479849746376,0.0230419116048391));
#13674=CARTESIAN_POINT('',(-0.04150403466641,-0.0151479849746376,0.0230419116048391));
#13675=CARTESIAN_POINT('',(-0.04150403466641,-0.0151479849746376,0.0230419116048391));
#13676=CARTESIAN_POINT('',(-0.0412342224671337,-0.0151479849746376,0.0234614985867782));
#13677=CARTESIAN_POINT('',(-0.0406815426395839,-0.0151479849746376,0.0234614985867782));
#13678=CARTESIAN_POINT('',(-0.0417738468656863,-0.0151479849746376,0.0217570398010274));
#13679=CARTESIAN_POINT('',(-0.0417738468656863,-0.0146399849746376,0.0217570398010274));
#13680=CARTESIAN_POINT('',(-0.0417738468656863,-0.0151479849746376,0.0223338963489425));
#13681=CARTESIAN_POINT('',(-0.0417738468656863,-0.0146399849746376,0.0223338963489425));
#13682=CARTESIAN_POINT('',(-0.0416839094659275,-0.0151479849746376,0.0227621869502131));
#13683=CARTESIAN_POINT('',(-0.0416839094659275,-0.0146399849746376,0.0227621869502131));
#13684=CARTESIAN_POINT('',(-0.04150403466641,-0.0151479849746376,0.0230419116048391));
#13685=CARTESIAN_POINT('',(-0.04150403466641,-0.0146399849746376,0.0230419116048391));
#13686=CARTESIAN_POINT('',(-0.0417738468656863,-0.0146399849746376,0.0217570398010274));
#13687=CARTESIAN_POINT('',(-0.0417738468656863,-0.0146399849746376,0.0226223246229001));
#13688=CARTESIAN_POINT('',(-0.04150403466641,-0.0146399849746376,0.0230419116048391));
#13689=CARTESIAN_POINT('',(-0.0417738468656863,-0.0146399849746376,0.0217570398010274));
#13690=CARTESIAN_POINT('',(-0.0417738468656863,-0.0151479849746376,0.0217570398010274));
#13691=CARTESIAN_POINT('',(-0.0417738468656863,-0.0151479849746376,0.0217570398010274));
#13692=CARTESIAN_POINT('',(-0.0417738468656863,-0.0151479849746376,0.0217570398010274));
#13693=CARTESIAN_POINT('',(-0.0417738468656863,-0.0151479849746376,0.0226223246229001));
#13694=CARTESIAN_POINT('',(-0.04150403466641,-0.0151479849746376,0.0230419116048391));
#13695=CARTESIAN_POINT('',(-0.041494968396273,-0.0151479849746376,0.0204837728229911));
#13696=CARTESIAN_POINT('',(-0.041494968396273,-0.0146399849746376,0.0204837728229911));
#13697=CARTESIAN_POINT('',(-0.0416808873758819,-0.0151479849746376,0.0207731681657632));
#13698=CARTESIAN_POINT('',(-0.0416808873758819,-0.0146399849746376,0.0207731681657632));
#13699=CARTESIAN_POINT('',(-0.0417738468656863,-0.0151479849746376,0.0211975904917753));
#13700=CARTESIAN_POINT('',(-0.0417738468656863,-0.0146399849746376,0.0211975904917753));
#13701=CARTESIAN_POINT('',(-0.0417738468656863,-0.0151479849746376,0.0217570398010274));
#13702=CARTESIAN_POINT('',(-0.0417738468656863,-0.0146399849746376,0.0217570398010274));
#13703=CARTESIAN_POINT('',(-0.041494968396273,-0.0146399849746376,0.0204837728229911));
#13704=CARTESIAN_POINT('',(-0.0417738468656863,-0.0146399849746376,0.0209178658371493));
#13705=CARTESIAN_POINT('',(-0.0417738468656863,-0.0146399849746376,0.0217570398010274));
#13706=CARTESIAN_POINT('',(-0.041494968396273,-0.0146399849746376,0.0204837728229911));
#13707=CARTESIAN_POINT('',(-0.041494968396273,-0.0151479849746376,0.0204837728229911));
#13708=CARTESIAN_POINT('',(-0.041494968396273,-0.0151479849746376,0.0204837728229911));
#13709=CARTESIAN_POINT('',(-0.041494968396273,-0.0151479849746376,0.0204837728229911));
#13710=CARTESIAN_POINT('',(-0.0417738468656863,-0.0151479849746376,0.0209178658371493));
#13711=CARTESIAN_POINT('',(-0.0417738468656863,-0.0151479849746376,0.0217570398010274));
#13712=CARTESIAN_POINT('',(-0.0406815426395839,-0.0151479849746376,0.0200496798088329));
#13713=CARTESIAN_POINT('',(-0.0406815426395839,-0.0146399849746376,0.0200496798088329));
#13714=CARTESIAN_POINT('',(-0.0410379074977678,-0.0151479849746376,0.0200496798088329));
#13715=CARTESIAN_POINT('',(-0.0410379074977678,-0.0146399849746376,0.0200496798088329));
#13716=CARTESIAN_POINT('',(-0.0413090494166642,-0.0151479849746376,0.0201943774802189));
#13717=CARTESIAN_POINT('',(-0.0413090494166642,-0.0146399849746376,0.0201943774802189));
#13718=CARTESIAN_POINT('',(-0.041494968396273,-0.0151479849746376,0.0204837728229911));
#13719=CARTESIAN_POINT('',(-0.041494968396273,-0.0146399849746376,0.0204837728229911));
#13720=CARTESIAN_POINT('',(-0.0406815426395839,-0.0146399849746376,0.0200496798088329));
#13721=CARTESIAN_POINT('',(-0.0412160899268598,-0.0146399849746376,0.0200496798088329));
#13722=CARTESIAN_POINT('',(-0.041494968396273,-0.0146399849746376,0.0204837728229911));
#13723=CARTESIAN_POINT('',(-0.0406815426395839,-0.0146399849746376,0.0200496798088329));
#13724=CARTESIAN_POINT('',(-0.0406815426395839,-0.0151479849746376,0.0200496798088329));
#13725=CARTESIAN_POINT('',(-0.0406815426395839,-0.0151479849746376,0.0200496798088329));
#13726=CARTESIAN_POINT('',(-0.0406815426395839,-0.0151479849746376,0.0200496798088329));
#13727=CARTESIAN_POINT('',(-0.0412160899268598,-0.0151479849746376,0.0200496798088329));
#13728=CARTESIAN_POINT('',(-0.041494968396273,-0.0151479849746376,0.0204837728229911));
#13729=CARTESIAN_POINT('',(-0.0398528855490646,-0.0151479849746376,0.0204736186004376));
#13730=CARTESIAN_POINT('',(-0.0398528855490646,-0.0146399849746376,0.0204736186004376));
#13731=CARTESIAN_POINT('',(-0.0400334856501931,-0.0151479849746376,0.0201909927393678));
#13732=CARTESIAN_POINT('',(-0.0400334856501931,-0.0146399849746376,0.0201909927393678));
#13733=CARTESIAN_POINT('',(-0.0403097046803662,-0.0151479849746376,0.0200496798088329));
#13734=CARTESIAN_POINT('',(-0.0403097046803662,-0.0146399849746376,0.0200496798088329));
#13735=CARTESIAN_POINT('',(-0.0406815426395839,-0.0151479849746376,0.0200496798088329));
#13736=CARTESIAN_POINT('',(-0.0406815426395839,-0.0146399849746376,0.0200496798088329));
#13737=CARTESIAN_POINT('',(-0.0398528855490646,-0.0146399849746376,0.0204736186004376));
#13738=CARTESIAN_POINT('',(-0.0401237857007574,-0.0146399849746376,0.0200496798088329));
#13739=CARTESIAN_POINT('',(-0.0406815426395839,-0.0146399849746376,0.0200496798088329));
#13740=CARTESIAN_POINT('',(-0.0398528855490646,-0.0151479849746376,0.0204736186004376));
#13741=CARTESIAN_POINT('',(-0.0401237857007574,-0.0151479849746376,0.0200496798088329));
#13742=CARTESIAN_POINT('',(-0.0406815426395839,-0.0151479849746376,0.0200496798088329));
#13743=CARTESIAN_POINT('',(-0.0412229802921639,-0.0151479849746376,0.0207039018619168));
#13744=CARTESIAN_POINT('',(-0.0412229802921639,-0.0146399849746376,0.0207039018619168));
#13745=CARTESIAN_POINT('',(-0.0411095914736508,-0.0151479849746376,0.0204838937065929));
#13746=CARTESIAN_POINT('',(-0.0411095914736508,-0.0146399849746376,0.0204838937065929));
#13747=CARTESIAN_POINT('',(-0.0409291122561241,-0.0151479849746376,0.020373889628931));
#13748=CARTESIAN_POINT('',(-0.0409291122561241,-0.0146399849746376,0.020373889628931));
#13749=CARTESIAN_POINT('',(-0.0406815426395839,-0.0151479849746376,0.020373889628931));
#13750=CARTESIAN_POINT('',(-0.0406815426395839,-0.0146399849746376,0.020373889628931));
#13751=CARTESIAN_POINT('',(-0.0412229802921639,-0.0146399849746376,0.0207039018619168));
#13752=CARTESIAN_POINT('',(-0.0410528970643942,-0.0146399849746376,0.020373889628931));
#13753=CARTESIAN_POINT('',(-0.0406815426395839,-0.0146399849746376,0.020373889628931));
#13754=CARTESIAN_POINT('',(-0.0412229802921639,-0.0151479849746376,0.0207039018619168));
#13755=CARTESIAN_POINT('',(-0.0410528970643942,-0.0151479849746376,0.020373889628931));
#13756=CARTESIAN_POINT('',(-0.0406815426395839,-0.0151479849746376,0.020373889628931));
#13757=CARTESIAN_POINT('',(-0.0539082512259484,-0.0151479849746376,0.0464011691510677));
#13758=CARTESIAN_POINT('',(-0.0539082512259484,-0.0146399849746376,0.0464011691510677));
#13759=CARTESIAN_POINT('',(0.0775844021658373,-0.150108227183784,-0.372208727003443));
#13760=CARTESIAN_POINT('',(0.111295403971406,-0.15010822714386,-0.372208726907476));
#13761=CARTESIAN_POINT('',(0.111295403971406,-0.15010822714386,-0.372208726907476));
#13762=CARTESIAN_POINT('',(0.111295403971406,-0.15010822714386,-0.372208726907476));
#13763=CARTESIAN_POINT('',(0.0775844021658373,-0.150108227183784,-0.372208727003443));
#13764=CARTESIAN_POINT('',(-0.0737567756041269,-0.0241973865483053,0.0651780461338835));
#13765=CARTESIAN_POINT('',(-0.0622067756041269,-0.0241973865483053,0.0212645474360066));
#13766=CARTESIAN_POINT('',(-0.0622067756041269,-0.0241973865483053,0.0229895474360066));
#13767=CARTESIAN_POINT('',(-0.0622067756041269,-0.0241993865483053,0.0212645474360066));
#13768=CARTESIAN_POINT('',(-0.0622067756041269,0.00780261345169471,0.0212645474360066));
#13769=CARTESIAN_POINT('',(-0.0622067756041269,0.00780261345169471,0.0229895474360066));
#13770=CARTESIAN_POINT('',(-0.0755050596800536,0.00780261345169471,0.0271780461338835));
#13771=CARTESIAN_POINT('',(0.166501226114774,-0.140550825374835,-0.352985603797757));
#13772=CARTESIAN_POINT('',(0.111295403971406,-0.15010822714386,-0.372208726907476));
#13773=CARTESIAN_POINT('',(0.199106314007573,-0.140550825336221,-0.352985603704938));
#13774=CARTESIAN_POINT('',(-0.0521599671500217,-0.0146399849746376,0.0844011691510677));
#13775=CARTESIAN_POINT('',(-0.0616549671500217,-0.0146399849746376,0.0317731691510677));
#13776=CARTESIAN_POINT('',(-0.0616549671500217,-0.0146399849746376,0.0302231691510677));
#13777=CARTESIAN_POINT('',(-0.0412449671500217,-0.0146399849746376,0.0522331691510677));
#13778=CARTESIAN_POINT('',(-0.0412449671500217,-0.0146399849746376,0.0506831691510677));
#13779=CARTESIAN_POINT('',(-0.0514499671500217,-0.0146399849746376,0.0420111691510677));
#13780=CARTESIAN_POINT('',(-0.0514499671500217,-0.0146399849746376,0.0433111691510678));
#13781=CARTESIAN_POINT('',(-0.0393599671500217,-0.0146399849746376,0.0404876704531908));
#13782=CARTESIAN_POINT('',(-0.0393599671500217,-0.0146399849746376,0.0422126704531908));
#13783=CARTESIAN_POINT('',(-0.0649599671500217,-0.0146399849746376,0.0404876704531908));
#13784=CARTESIAN_POINT('',(-0.0649599671500217,-0.0146399849746376,0.0422126704531908));
#13785=CARTESIAN_POINT('',(-0.0317054301408511,-0.0146399849746376,0.0464011691510677));
#13786=CARTESIAN_POINT('',(-0.0317054301408511,-0.0146399849746376,0.0844011691510677));
#13787=CARTESIAN_POINT('',(-0.0317054301408511,-0.0146399849746376,0.00840116915106774));
#13788=CARTESIAN_POINT('',(-0.0521599671500217,-0.0146399849746376,0.0844011691510677));
#13789=CARTESIAN_POINT('',(-0.0707002562907699,-0.0146399849746376,0.0844011691510677));
#13790=CARTESIAN_POINT('',(-0.0707002562907699,-0.0146399849746376,0.0464011691510677));
#13791=CARTESIAN_POINT('',(-0.0707002562907699,-0.0146399849746376,0.00840116915106774));
#13792=CARTESIAN_POINT('',(-0.0521599671500217,-0.0146399849746376,0.00840116915106774));
#13793=CARTESIAN_POINT('',(-0.0521599671500217,0.0173600150253624,0.0844011691510677));
#13794=CARTESIAN_POINT('',(-0.0317054301408511,0.0173600150253624,0.0844011691510677));
#13795=CARTESIAN_POINT('',(-0.0317054301408511,0.0173600150253624,0.00840116915106774));
#13796=CARTESIAN_POINT('',(-0.0317054301408511,0.0173600150253624,0.0844011691510677));
#13797=CARTESIAN_POINT('',(-0.0521599671500217,0.0173600150253624,0.00840116915106774));
#13798=CARTESIAN_POINT('',(-0.0707002562907699,0.0173600150253624,0.00840116915106774));
#13799=CARTESIAN_POINT('',(-0.0707002562907699,0.0173600150253624,0.0844011691510677));
#13800=CARTESIAN_POINT('',(-0.0707002562907699,0.0173600150253624,0.0844011691510677));
#13801=CARTESIAN_POINT('',(-0.0521599671500217,0.0173600150253624,0.0844011691510677));
#13802=CARTESIAN_POINT('',(-0.0514146908054672,0.0173600150253624,0.0458033793695043));
#13803=CARTESIAN_POINT('',(-0.0514146908054672,0.0173600150253624,0.0466923793695043));
#13804=CARTESIAN_POINT('',(-0.0514146908054672,0.0173600150253624,0.0381833793695043));
#13805=CARTESIAN_POINT('',(-0.0514146908054672,0.0173600150253624,0.0390723793695043));
#13806=CARTESIAN_POINT('',(-0.0649599671500217,0.0173600150253624,0.0404876704531908));
#13807=CARTESIAN_POINT('',(-0.0649599671500217,0.0173600150253624,0.0422126704531908));
#13808=CARTESIAN_POINT('',(-0.0393599671500217,0.0173600150253624,0.0404876704531908));
#13809=CARTESIAN_POINT('',(-0.0393599671500217,0.0173600150253624,0.0422126704531908));
#13810=CARTESIAN_POINT('',(-0.0482970763797484,0.0173600150253624,0.0433249080331518));
#13811=CARTESIAN_POINT('',(-0.0487476908054672,0.0173600150253624,0.0433249080331518));
#13812=CARTESIAN_POINT('',(-0.0478464619540297,0.0173600150253624,0.0433249080331518));
#13813=CARTESIAN_POINT('',(-0.0487476908054672,0.0173600150253624,0.043997871222396));
#13814=CARTESIAN_POINT('',(-0.0487476908054672,0.0173600150253624,0.0446708344116403));
#13815=CARTESIAN_POINT('',(-0.0514146908054672,0.0173600150253624,0.0446708344116403));
#13816=CARTESIAN_POINT('',(-0.0540816908054672,0.0173600150253624,0.0446708344116403));
#13817=CARTESIAN_POINT('',(-0.0540816908054672,0.0173600150253624,0.0400097976008846));
#13818=CARTESIAN_POINT('',(-0.0540816908054672,0.0173600150253624,0.0433249080331518));
#13819=CARTESIAN_POINT('',(-0.054532305231186,0.0173600150253624,0.0433249080331518));
#13820=CARTESIAN_POINT('',(-0.0549829196569048,0.0173600150253624,0.0433249080331518));
#13821=CARTESIAN_POINT('',(-0.0549829196569048,0.0173600150253624,0.0420038344116403));
#13822=CARTESIAN_POINT('',(-0.0549829196569048,0.0173600150253624,0.0406827607901288));
#13823=CARTESIAN_POINT('',(-0.054532305231186,0.0173600150253624,0.0406827607901288));
#13824=CARTESIAN_POINT('',(-0.0540816908054672,0.0173600150253624,0.0406827607901288));
#13825=CARTESIAN_POINT('',(-0.0540816908054672,0.0173600150253624,0.0400097976008846));
#13826=CARTESIAN_POINT('',(-0.0540816908054672,0.0173600150253624,0.0393368344116403));
#13827=CARTESIAN_POINT('',(-0.0514146908054672,0.0173600150253624,0.0393368344116403));
#13828=CARTESIAN_POINT('',(-0.0487476908054672,0.0173600150253624,0.0393368344116403));
#13829=CARTESIAN_POINT('',(-0.0487476908054672,0.0173600150253624,0.043997871222396));
#13830=CARTESIAN_POINT('',(-0.0487476908054672,0.0173600150253624,0.0406827607901288));
#13831=CARTESIAN_POINT('',(-0.0482970763797484,0.0173600150253624,0.0406827607901288));
#13832=CARTESIAN_POINT('',(-0.0478464619540297,0.0173600150253624,0.0406827607901288));
#13833=CARTESIAN_POINT('',(-0.0478464619540297,0.0173600150253624,0.0420038344116403));
#13834=CARTESIAN_POINT('',(-0.0539082512259483,0.00136001502536238,0.0786011691510677));
#13835=CARTESIAN_POINT('',(-0.0683823770540249,-0.0124752987875493,0.0786011691510677));
#13836=CARTESIAN_POINT('',(-0.0707002562907699,-0.0124752987875493,0.0786011691510677));
#13837=CARTESIAN_POINT('',(-0.0608951097982418,-0.0124752987875493,0.0786011691510677));
#13838=CARTESIAN_POINT('',(-0.0707002562907699,0.00136001502536238,0.0786011691510677));
#13839=CARTESIAN_POINT('',(-0.0707002562907699,0.0161902363644092,0.0786011691510677));
#13840=CARTESIAN_POINT('',(-0.0683823770540249,0.0161902363644092,0.0786011691510677));
#13841=CARTESIAN_POINT('',(-0.0608951097982418,0.0161902363644092,0.0786011691510677));
#13842=CARTESIAN_POINT('',(-0.0608951097982418,0.00185746878842996,0.0786011691510677));
#13843=CARTESIAN_POINT('',(-0.0683823770540249,0.0161902363644092,0.0786011691510677));
#13844=CARTESIAN_POINT('',(-0.0649599671500217,0.0161902363644092,0.0404876704531908));
#13845=CARTESIAN_POINT('',(-0.0649599671500217,0.0161902363644092,0.0422126704531908));
#13846=CARTESIAN_POINT('',(-0.0707002562907699,0.0161902363644092,0.0786011691510677));
#13847=CARTESIAN_POINT('',(-0.0707002562907699,0.0161902363644092,0.00840116915106774));
#13848=CARTESIAN_POINT('',(-0.0683823770540249,0.0161902363644092,0.00840116915106774));
#13849=CARTESIAN_POINT('',(-0.0608951097982418,0.0161902363644092,0.00840116915106774));
#13850=CARTESIAN_POINT('',(-0.0608951097982418,0.0161902363644092,0.0786011691510677));
#13851=CARTESIAN_POINT('',(-0.0683823770540249,-0.0124752987875493,0.0786011691510677));
#13852=CARTESIAN_POINT('',(-0.0649599671500217,-0.0124752987875493,0.0404876704531908));
#13853=CARTESIAN_POINT('',(-0.0649599671500217,-0.0124752987875493,0.0422126704531908));
#13854=CARTESIAN_POINT('',(-0.0683823770540249,-0.0124752987875493,0.00840116915106774));
#13855=CARTESIAN_POINT('',(-0.0707002562907699,-0.0124752987875493,0.00840116915106774));
#13856=CARTESIAN_POINT('',(-0.0608951097982418,-0.0124752987875493,0.00840116915106774));
#13857=CARTESIAN_POINT('',(-0.0707002562907699,-0.0124752987875493,0.0786011691510677));
#13858=CARTESIAN_POINT('',(-0.0608951097982418,-0.0124752987875493,0.0786011691510677));
#13859=CARTESIAN_POINT('',(-0.0608951097982418,-0.0124752987875493,0.0331241379904368));
#13860=CARTESIAN_POINT('',(-0.0616549671500217,-0.0124752987875493,0.0317731691510677));
#13861=CARTESIAN_POINT('',(-0.0608951097982418,-0.0124752987875493,0.0304222003116989));
#13862=CARTESIAN_POINT('',(-0.0608951097982418,-0.0124752987875493,0.0786011691510677));
#13863=CARTESIAN_POINT('',(-0.0521599671500217,0.00136001502536238,0.0844011691510677));
#13864=CARTESIAN_POINT('',(-0.0317054301408511,0.08025794540383,0.0844011691510677));
#13865=CARTESIAN_POINT('',(-0.0707002562907699,0.083853411105774,0.0844011691510677));
#13866=CARTESIAN_POINT('',(-0.0459099671500217,0.00136001502536236,0.0844011691510677));
#13867=CARTESIAN_POINT('',(-0.0459099671500217,-0.00488998497463762,0.0844011691510677));
#13868=CARTESIAN_POINT('',(-0.0459099671500217,0.00761001502536236,0.0844011691510677));
#13869=CARTESIAN_POINT('',(-0.0521599671500217,-0.00488998497463762,0.0844011691510677));
#13870=CARTESIAN_POINT('',(-0.0584099671500217,-0.00488998497463762,0.0844011691510677));
#13871=CARTESIAN_POINT('',(-0.0584099671500217,0.00136001502536236,0.0844011691510677));
#13872=CARTESIAN_POINT('',(-0.0584099671500217,0.00761001502536236,0.0844011691510677));
#13873=CARTESIAN_POINT('',(-0.0521599671500217,0.00761001502536236,0.0844011691510677));
#13874=CARTESIAN_POINT('',(-0.0521599671500217,0.00136001502536238,0.00840116915106774));
#13875=CARTESIAN_POINT('',(-0.0318017325060856,0.00150093149851249,0.00840116915106774));
#13876=CARTESIAN_POINT('',(-0.0318017325060856,-0.0123326853616984,0.00840116915106774));
#13877=CARTESIAN_POINT('',(-0.0318017325060856,0.0153345483587234,0.00840116915106774));
#13878=CARTESIAN_POINT('',(-0.0367932433890592,0.0153345483587234,0.00840116915106774));
#13879=CARTESIAN_POINT('',(-0.0417847542720329,0.0153345483587234,0.00840116915106774));
#13880=CARTESIAN_POINT('',(-0.0417847542720329,0.00150093149851249,0.00840116915106774));
#13881=CARTESIAN_POINT('',(-0.0417847542720329,-0.0123326853616984,0.00840116915106774));
#13882=CARTESIAN_POINT('',(-0.0367932433890592,-0.0123326853616984,0.00840116915106774));
#13883=CARTESIAN_POINT('',(-0.0317054301408511,0.08025794540383,0.00840116915106774));
#13884=CARTESIAN_POINT('',(-0.0707002562907699,0.083853411105774,0.00840116915106774));
#13885=CARTESIAN_POINT('',(-0.0608951097982418,0.00185746878842996,0.00840116915106774));
#13886=CARTESIAN_POINT('',(-0.0707002562907699,0.083853411105774,0.00840116915106774));
#13887=CARTESIAN_POINT('',(-0.0649599671500217,0.0203600150253624,0.0404876704531908));
#13888=CARTESIAN_POINT('',(-0.0514499671500217,0.00306001502536238,0.0420111691510677));
#13889=CARTESIAN_POINT('',(-0.0514499671500217,0.00761001502536236,0.0420111691510677));
#13890=CARTESIAN_POINT('',(-0.0514499671500217,0.00761001502536236,0.0445111691510678));
#13891=CARTESIAN_POINT('',(-0.0514499671500217,0.0173600150253624,0.0420111691510677));
#13892=CARTESIAN_POINT('',(-0.0514499671500217,0.0173600150253624,0.0445111691510678));
#13893=CARTESIAN_POINT('',(-0.0393599671500217,0.0203600150253624,0.0404876704531908));
#13894=CARTESIAN_POINT('',(-0.0393599671500217,0.0153345483587234,0.0404876704531908));
#13895=CARTESIAN_POINT('',(-0.0393599671500217,0.0153345483587234,0.0387626704531909));
#13896=CARTESIAN_POINT('',(-0.0539082512259483,-0.00703998497463762,0.0464011691510677));
#13897=CARTESIAN_POINT('',(-0.0417847542720329,-0.00703998497463762,0.0754011691510678));
#13898=CARTESIAN_POINT('',(-0.0417847542720329,-0.00703998497463762,0.0507801963836317));
#13899=CARTESIAN_POINT('',(-0.0417847542720329,-0.00703998497463762,0.0536861419185038));
#13900=CARTESIAN_POINT('',(-0.0412449671500217,-0.00703998497463762,0.0522331691510677));
#13901=CARTESIAN_POINT('',(-0.0412449671500217,-0.00703998497463762,0.0522331691510677));
#13902=CARTESIAN_POINT('',(-0.0417847542720329,-0.00703998497463762,0.0536861419185038));
#13903=CARTESIAN_POINT('',(-0.0417847542720329,-0.0123326853616984,0.0536861419185038));
#13904=CARTESIAN_POINT('',(-0.0412449671500217,-0.0123326853616984,0.0522331691510677));
#13905=CARTESIAN_POINT('',(-0.0417847542720329,-0.0123326853616984,0.0507801963836317));
#13906=CARTESIAN_POINT('',(-0.0417847542720329,-0.00703998497463762,0.0507801963836317));
#13907=CARTESIAN_POINT('',(-0.0539082512259483,-0.00703998497463762,0.0464011691510677));
#13908=CARTESIAN_POINT('',(-0.0616549671500217,-0.00703998497463762,0.0317731691510677));
#13909=CARTESIAN_POINT('',(-0.0608951097982418,-0.00703998497463762,0.0304222003116989));
#13910=CARTESIAN_POINT('',(-0.0608951097982418,-0.00703998497463762,0.0331241379904368));
#13911=CARTESIAN_POINT('',(-0.0608951097982418,-0.00703998497463762,0.0786011691510677));
#13912=CARTESIAN_POINT('',(-0.0616549671500217,-0.00703998497463762,0.0317731691510677));
#13913=CARTESIAN_POINT('',(-0.0608951097982418,-0.00703998497463762,0.0304222003116989));
#13914=CARTESIAN_POINT('',(-0.0608951097982418,-0.00703998497463762,0.0331241379904368));
#13915=CARTESIAN_POINT('',(-0.0608951097982418,0.00185746878842996,0.0786011691510677));
#13916=CARTESIAN_POINT('',(-0.0539082512259483,0.00136001502536238,0.0754011691510678));
#13917=CARTESIAN_POINT('',(-0.0318017325060856,0.00150093149851249,0.0754011691510678));
#13918=CARTESIAN_POINT('',(-0.0318017325060856,-0.0123326853616984,0.0754011691510678));
#13919=CARTESIAN_POINT('',(-0.0318017325060856,0.0153345483587234,0.0754011691510678));
#13920=CARTESIAN_POINT('',(-0.0367932433890592,-0.0123326853616984,0.0754011691510678));
#13921=CARTESIAN_POINT('',(-0.0417847542720329,-0.0123326853616984,0.0754011691510678));
#13922=CARTESIAN_POINT('',(-0.0417847542720329,0.00150093149851249,0.0754011691510678));
#13923=CARTESIAN_POINT('',(-0.0417847542720329,0.0153345483587234,0.0754011691510678));
#13924=CARTESIAN_POINT('',(-0.0367932433890592,0.0153345483587234,0.0754011691510678));
#13925=CARTESIAN_POINT('',(-0.0417847542720329,0.00150093149851249,0.0754011691510678));
#13926=CARTESIAN_POINT('',(-0.0417847542720329,-0.0123326853616984,0.0754011691510678));
#13927=CARTESIAN_POINT('',(-0.0417847542720329,0.0153345483587234,0.0754011691510678));
#13928=CARTESIAN_POINT('',(-0.0417847542720329,-0.0123326853616984,0.0754011691510678));
#13929=CARTESIAN_POINT('',(-0.0318017325060856,0.00150093149851249,0.0754011691510678));
#13930=CARTESIAN_POINT('',(-0.0318017325060856,-0.0123326853616984,0.0754011691510678));
#13931=CARTESIAN_POINT('',(-0.0318017325060856,0.0153345483587234,0.0754011691510678));
#13932=CARTESIAN_POINT('',(-0.0367932433890592,0.0153345483587234,0.0754011691510678));
#13933=CARTESIAN_POINT('',(-0.0367932433890592,-0.0123326853616984,0.0754011691510678));
#13934=CARTESIAN_POINT('',(-0.0393599671500217,-0.0123326853616984,0.0404876704531908));
#13935=CARTESIAN_POINT('',(-0.0393599671500217,-0.0123326853616984,0.0387626704531909));
#13936=CARTESIAN_POINT('',(-0.0521599671500217,0.00136001502536238,0.0294011691510677));
#13937=CARTESIAN_POINT('',(-0.0459099671500217,0.00136001502536236,0.0294011691510677));
#13938=CARTESIAN_POINT('',(-0.0459099671500217,-0.00488998497463762,0.0294011691510677));
#13939=CARTESIAN_POINT('',(-0.0459099671500217,0.00761001502536236,0.0294011691510677));
#13940=CARTESIAN_POINT('',(-0.0521599671500217,0.00761001502536236,0.0294011691510677));
#13941=CARTESIAN_POINT('',(-0.0584099671500217,0.00761001502536236,0.0294011691510677));
#13942=CARTESIAN_POINT('',(-0.0584099671500217,0.00136001502536236,0.0294011691510677));
#13943=CARTESIAN_POINT('',(-0.0584099671500217,-0.00488998497463762,0.0294011691510677));
#13944=CARTESIAN_POINT('',(-0.0521599671500217,-0.00488998497463762,0.0294011691510677));
#13945=CARTESIAN_POINT('',(-0.0393599671500217,0.0203600150253624,0.0404876704531908));
#13946=CARTESIAN_POINT('',(-0.0514499671500217,0.0241100150253624,0.0420111691510677));
#13947=CARTESIAN_POINT('',(-0.0514499671500217,-0.00488998497463762,0.0420111691510677));
#13948=CARTESIAN_POINT('',(-0.0514499671500217,-0.00488998497463762,0.0433111691510678));
#13949=CARTESIAN_POINT('',(-0.0584099671500217,0.00136001502536236,0.0264011691510678));
#13950=CARTESIAN_POINT('',(-0.0584099671500217,-0.00488998497463762,0.0264011691510678));
#13951=CARTESIAN_POINT('',(-0.0584099671500217,0.00761001502536236,0.0264011691510678));
#13952=CARTESIAN_POINT('',(-0.0521599671500217,0.00761001502536236,0.0264011691510678));
#13953=CARTESIAN_POINT('',(-0.0459099671500217,0.00761001502536236,0.0264011691510678));
#13954=CARTESIAN_POINT('',(-0.0459099671500217,0.00136001502536236,0.0264011691510678));
#13955=CARTESIAN_POINT('',(-0.0459099671500217,-0.00488998497463762,0.0264011691510678));
#13956=CARTESIAN_POINT('',(-0.0521599671500217,-0.00488998497463762,0.0264011691510678));
#13957=CARTESIAN_POINT('',(-0.0649599671500217,0.0203600150253624,0.0404876704531908));
#13958=CARTESIAN_POINT('',(-0.0482970763797484,0.0183760150253624,0.0406827607901288));
#13959=CARTESIAN_POINT('',(-0.0487476908054672,0.0183760150253624,0.0406827607901288));
#13960=CARTESIAN_POINT('',(-0.0487476908054672,0.0178680150253624,0.0406827607901288));
#13961=CARTESIAN_POINT('',(-0.0487476908054672,0.0183760150253624,0.0406827607901288));
#13962=CARTESIAN_POINT('',(-0.0487476908054672,0.0183760150253624,0.0406827607901288));
#13963=CARTESIAN_POINT('',(-0.0482970763797484,0.0183760150253624,0.0406827607901288));
#13964=CARTESIAN_POINT('',(-0.0478464619540297,0.0183760150253624,0.0406827607901288));
#13965=CARTESIAN_POINT('',(-0.0478464619540297,0.0183760150253624,0.0406827607901288));
#13966=CARTESIAN_POINT('',(-0.0487476908054672,0.0183760150253624,0.0420038344116403));
#13967=CARTESIAN_POINT('',(-0.0487476908054672,0.0178680150253624,0.043997871222396));
#13968=CARTESIAN_POINT('',(-0.0487476908054672,0.0178680150253624,0.0433249080331518));
#13969=CARTESIAN_POINT('',(-0.0487476908054672,0.0183760150253624,0.0433249080331518));
#13970=CARTESIAN_POINT('',(-0.0487476908054672,0.0183760150253624,0.0433249080331518));
#13971=CARTESIAN_POINT('',(-0.0487476908054672,0.0183760150253624,0.0420038344116403));
#13972=CARTESIAN_POINT('',(-0.0482970763797484,0.0183760150253624,0.0433249080331518));
#13973=CARTESIAN_POINT('',(-0.0478464619540297,0.0183760150253624,0.0433249080331518));
#13974=CARTESIAN_POINT('',(-0.0478464619540297,0.0183760150253624,0.0433249080331518));
#13975=CARTESIAN_POINT('',(-0.0482970763797484,0.0183760150253624,0.0433249080331518));
#13976=CARTESIAN_POINT('',(-0.0487476908054672,0.0183760150253624,0.0433249080331518));
#13977=CARTESIAN_POINT('',(-0.0478464619540297,0.0183760150253624,0.0420038344116403));
#13978=CARTESIAN_POINT('',(-0.0478464619540297,0.0183760150253624,0.0420038344116403));
#13979=CARTESIAN_POINT('',(-0.0539082512259484,0.0183760150253624,0.0464011691510677));
#13980=CARTESIAN_POINT('',(-0.0540816908054672,0.0183760150253624,0.0420038344116403));
#13981=CARTESIAN_POINT('',(-0.0540816908054672,0.0178680150253624,0.0400097976008846));
#13982=CARTESIAN_POINT('',(-0.0540816908054672,0.0178680150253624,0.0406827607901288));
#13983=CARTESIAN_POINT('',(-0.0540816908054672,0.0178680150253624,0.0433249080331518));
#13984=CARTESIAN_POINT('',(-0.0540816908054672,0.0183760150253624,0.0406827607901288));
#13985=CARTESIAN_POINT('',(-0.0540816908054672,0.0183760150253624,0.0406827607901288));
#13986=CARTESIAN_POINT('',(-0.0540816908054672,0.0183760150253624,0.0420038344116403));
#13987=CARTESIAN_POINT('',(-0.0540816908054672,0.0183760150253624,0.0433249080331518));
#13988=CARTESIAN_POINT('',(-0.0540816908054672,0.0183760150253624,0.0433249080331518));
#13989=CARTESIAN_POINT('',(-0.054532305231186,0.0183760150253624,0.0406827607901288));
#13990=CARTESIAN_POINT('',(-0.0549829196569048,0.0183760150253624,0.0406827607901288));
#13991=CARTESIAN_POINT('',(-0.0549829196569048,0.0183760150253624,0.0406827607901288));
#13992=CARTESIAN_POINT('',(-0.054532305231186,0.0183760150253624,0.0406827607901288));
#13993=CARTESIAN_POINT('',(-0.0540816908054672,0.0183760150253624,0.0406827607901288));
#13994=CARTESIAN_POINT('',(-0.0549829196569048,0.0183760150253624,0.0420038344116403));
#13995=CARTESIAN_POINT('',(-0.0549829196569048,0.0183760150253624,0.0433249080331518));
#13996=CARTESIAN_POINT('',(-0.0549829196569048,0.0183760150253624,0.0433249080331518));
#13997=CARTESIAN_POINT('',(-0.0549829196569048,0.0183760150253624,0.0420038344116403));
#13998=CARTESIAN_POINT('',(-0.054532305231186,0.0183760150253624,0.0433249080331518));
#13999=CARTESIAN_POINT('',(-0.0540816908054672,0.0183760150253624,0.0433249080331518));
#14000=CARTESIAN_POINT('',(-0.054532305231186,0.0183760150253624,0.0433249080331518));
#14001=CARTESIAN_POINT('',(-0.0539082512259484,0.0183760150253624,0.0464011691510677));
#14002=CARTESIAN_POINT('',(-0.0487476908054672,0.0178680150253624,0.043997871222396));
#14003=CARTESIAN_POINT('',(-0.0487476908054672,0.0178680150253624,0.043997871222396));
#14004=CARTESIAN_POINT('',(-0.0487476908054672,0.0178680150253624,0.0446708344116403));
#14005=CARTESIAN_POINT('',(-0.0487476908054672,0.0178680150253624,0.0446708344116403));
#14006=CARTESIAN_POINT('',(-0.0540816908054672,0.0178680150253624,0.0400097976008846));
#14007=CARTESIAN_POINT('',(-0.0540816908054672,0.0178680150253624,0.0400097976008846));
#14008=CARTESIAN_POINT('',(-0.0540816908054672,0.0178680150253624,0.0446708344116403));
#14009=CARTESIAN_POINT('',(-0.0540816908054672,0.0178680150253624,0.0446708344116403));
#14010=CARTESIAN_POINT('',(-0.0539082512259484,0.0173600150253624,0.0464011691510677));
#14011=CARTESIAN_POINT('',(-0.0514146908054672,0.0173600150253624,0.0420038344116403));
#14012=CARTESIAN_POINT('',(-0.0514146908054672,0.0173600150253624,0.0440612344116403));
#14013=CARTESIAN_POINT('',(-0.0487476908054672,0.0178680150253624,0.043997871222396));
#14014=CARTESIAN_POINT('',(-0.0487476908054672,0.0178680150253624,0.043997871222396));
#14015=CARTESIAN_POINT('',(-0.0487476908054672,0.0178680150253624,0.0393368344116403));
#14016=CARTESIAN_POINT('',(-0.0487476908054672,0.0178680150253624,0.0393368344116403));
#14017=CARTESIAN_POINT('',(-0.0514146908054672,0.0178680150253624,0.0393368344116403));
#14018=CARTESIAN_POINT('',(-0.0540816908054672,0.0178680150253624,0.0393368344116403));
#14019=CARTESIAN_POINT('',(-0.0540816908054672,0.0178680150253624,0.0393368344116403));
#14020=CARTESIAN_POINT('',(-0.0514146908054672,0.0178680150253624,0.0393368344116403));
#14021=CARTESIAN_POINT('',(-0.0540816908054672,0.0178680150253624,0.0400097976008846));
#14022=CARTESIAN_POINT('',(-0.0540816908054672,0.0178680150253624,0.0400097976008846));
#14023=CARTESIAN_POINT('',(-0.0514146908054672,0.0178680150253624,0.0446708344116403));
#14024=CARTESIAN_POINT('',(-0.0514146908054672,0.0178680150253624,0.0446708344116403));
#14025=CARTESIAN_POINT('',(-0.0514146908054672,0.0178680150253624,0.0420038344116403));
#14026=CARTESIAN_POINT('',(-0.0514146908054672,0.0178680150253624,0.0420038344116403));
#14027=CARTESIAN_POINT('',(-0.0514146908054672,0.0178680150253624,0.0440612344116403));
#14028=CARTESIAN_POINT('',(-0.0539082512259484,0.0178680150253624,0.0464011691510677));
#14029=CARTESIAN_POINT('',(-0.0514146908054672,0.0125975150253624,0.0381833793695043));
#14030=CARTESIAN_POINT('',(-0.0514146908054672,0.0125975150253624,0.0381833793695043));
#14031=CARTESIAN_POINT('',(-0.0514146908054672,0.0125975150253624,0.0390723793695043));
#14032=CARTESIAN_POINT('',(-0.0539082512259484,0.0125975150253624,0.0464011691510677));
#14033=CARTESIAN_POINT('',(-0.0514146908054672,0.0125975150253624,0.0458033793695043));
#14034=CARTESIAN_POINT('',(-0.0514146908054672,0.0125975150253624,0.0458033793695043));
#14035=CARTESIAN_POINT('',(-0.0514146908054672,0.0125975150253624,0.0466923793695043));
#14036=CARTESIAN_POINT('',(-0.0539082512259484,0.0125975150253624,0.0464011691510677));
#14037=CARTESIAN_POINT('',(-0.0707002562907699,0.083853411105774,0.0464011691510677));
#14038=CARTESIAN_POINT('',(-0.0317054301408511,0.08025794540383,0.0464011691510677));
#14039=CARTESIAN_POINT('',(0.111295403971406,-0.15010822714386,-0.372208726907476));
#14040=CARTESIAN_POINT('',(0.199106314007573,-0.140550825336221,-0.352985603704938));
#14041=CARTESIAN_POINT('',(0.111295403971406,-0.15010822714386,-0.372208726907476));
#14042=CARTESIAN_POINT('',(-0.0514343777067691,-0.0146399849746376,0.0870133034067335));
#14043=CARTESIAN_POINT('',(-0.0385293777067691,-0.0146399849746376,0.0511787307719265));
#14044=CARTESIAN_POINT('',(-0.0385293777067691,-0.0146399849746376,0.0536787307719265));
#14045=CARTESIAN_POINT('',(-0.0385293777067691,-0.0146399849746376,0.0486787307719265));
#14046=CARTESIAN_POINT('',(-0.0375293777067691,-0.0146399849746376,0.0536787307719265));
#14047=CARTESIAN_POINT('',(-0.0365293777067691,-0.0146399849746376,0.0536787307719265));
#14048=CARTESIAN_POINT('',(-0.0365293777067691,-0.0146399849746376,0.0511787307719265));
#14049=CARTESIAN_POINT('',(-0.0365293777067691,-0.0146399849746376,0.0486787307719265));
#14050=CARTESIAN_POINT('',(-0.0375293777067691,-0.0146399849746376,0.0486787307719265));
#14051=CARTESIAN_POINT('',(-0.0653393777067691,-0.0146399849746376,0.0536056563195234));
#14052=CARTESIAN_POINT('',(-0.0643393777067691,-0.0146399849746376,0.0536056563195234));
#14053=CARTESIAN_POINT('',(-0.0663393777067691,-0.0146399849746376,0.0536056563195234));
#14054=CARTESIAN_POINT('',(-0.0643393777067691,-0.0146399849746376,0.0511056563195234));
#14055=CARTESIAN_POINT('',(-0.0643393777067691,-0.0146399849746376,0.0486056563195234));
#14056=CARTESIAN_POINT('',(-0.0653393777067691,-0.0146399849746376,0.0486056563195234));
#14057=CARTESIAN_POINT('',(-0.0663393777067691,-0.0146399849746376,0.0486056563195234));
#14058=CARTESIAN_POINT('',(-0.0663393777067691,-0.0146399849746376,0.0511056563195234));
#14059=CARTESIAN_POINT('',(-0.0586181814348649,-0.0146399849746376,0.0418469927086953));
#14060=CARTESIAN_POINT('',(-0.0586181814348649,-0.0146399849746376,0.0498469927086953));
#14061=CARTESIAN_POINT('',(-0.0586181814348649,-0.0146399849746376,0.0338469927086953));
#14062=CARTESIAN_POINT('',(-0.0509724740608949,-0.0146399849746376,0.0498469927086953));
#14063=CARTESIAN_POINT('',(-0.0433267666869248,-0.0146399849746376,0.0498469927086953));
#14064=CARTESIAN_POINT('',(-0.0433267666869248,-0.0146399849746376,0.0418469927086953));
#14065=CARTESIAN_POINT('',(-0.0433267666869248,-0.0146399849746376,0.0338469927086953));
#14066=CARTESIAN_POINT('',(-0.0509724740608949,-0.0146399849746376,0.0338469927086953));
#14067=CARTESIAN_POINT('',(-0.0616393777067691,-0.0146399849746376,0.031791074656147));
#14068=CARTESIAN_POINT('',(-0.0616393777067691,-0.0146399849746376,0.030241074656147));
#14069=CARTESIAN_POINT('',(-0.0682035153779427,-0.0146399849746376,0.0409745613506382));
#14070=CARTESIAN_POINT('',(-0.0682035153779427,-0.0146399849746376,0.0585115590676598));
#14071=CARTESIAN_POINT('',(-0.0682035153779427,-0.0146399849746376,0.0290912452224863));
#14072=CARTESIAN_POINT('',(-0.0505960530105712,-0.0146399849746376,0.0290912452224863));
#14073=CARTESIAN_POINT('',(-0.0329885906431996,-0.0146399849746376,0.0290912452224863));
#14074=CARTESIAN_POINT('',(-0.0329885906431996,-0.0146399849746376,0.0409745613506382));
#14075=CARTESIAN_POINT('',(-0.0329885906431996,-0.0146399849746376,0.0585115590676598));
#14076=CARTESIAN_POINT('',(-0.0505960530105712,-0.0146399849746376,0.0585115590676598));
#14077=CARTESIAN_POINT('',(-0.0412449671500217,-0.0146399849746376,0.0522331691510677));
#14078=CARTESIAN_POINT('',(-0.04146946091763,-0.0146399849746376,0.053766825745063));
#14079=CARTESIAN_POINT('',(-0.0410048839391608,-0.0146399849746376,0.0507018755633248));
#14080=CARTESIAN_POINT('',(-0.0412293777067691,-0.0146399849746376,0.05223553215732));
#14081=CARTESIAN_POINT('',(-0.0505960530105712,-0.0206399849746376,0.0409745613506382));
#14082=CARTESIAN_POINT('',(-0.0375293777067691,-0.0206399849746376,0.0536787307719265));
#14083=CARTESIAN_POINT('',(-0.0385293777067691,-0.0206399849746376,0.0536787307719265));
#14084=CARTESIAN_POINT('',(-0.0365293777067691,-0.0206399849746376,0.0536787307719265));
#14085=CARTESIAN_POINT('',(-0.0385293777067691,-0.0206399849746376,0.0511787307719265));
#14086=CARTESIAN_POINT('',(-0.0385293777067691,-0.0206399849746376,0.0486787307719265));
#14087=CARTESIAN_POINT('',(-0.0375293777067691,-0.0206399849746376,0.0486787307719265));
#14088=CARTESIAN_POINT('',(-0.0365293777067691,-0.0206399849746376,0.0486787307719265));
#14089=CARTESIAN_POINT('',(-0.0365293777067691,-0.0206399849746376,0.0511787307719265));
#14090=CARTESIAN_POINT('',(-0.0365293777067691,-0.0206399849746376,0.0511787307719265));
#14091=CARTESIAN_POINT('',(-0.0365293777067691,-0.0206399849746376,0.0536787307719265));
#14092=CARTESIAN_POINT('',(-0.0365293777067691,-0.0206399849746376,0.0486787307719265));
#14093=CARTESIAN_POINT('',(-0.0375293777067691,-0.0206399849746376,0.0486787307719265));
#14094=CARTESIAN_POINT('',(-0.0385293777067691,-0.0206399849746376,0.0486787307719265));
#14095=CARTESIAN_POINT('',(-0.0385293777067691,-0.0206399849746376,0.0511787307719265));
#14096=CARTESIAN_POINT('',(-0.0385293777067691,-0.0206399849746376,0.0536787307719265));
#14097=CARTESIAN_POINT('',(-0.0375293777067691,-0.0206399849746376,0.0536787307719265));
#14098=CARTESIAN_POINT('',(-0.0505960530105712,-0.0206399849746376,0.0409745613506382));
#14099=CARTESIAN_POINT('',(-0.0643393777067691,-0.0206399849746376,0.0511056563195234));
#14100=CARTESIAN_POINT('',(-0.0643393777067691,-0.0206399849746376,0.0536056563195234));
#14101=CARTESIAN_POINT('',(-0.0643393777067691,-0.0206399849746376,0.0486056563195234));
#14102=CARTESIAN_POINT('',(-0.0653393777067691,-0.0206399849746376,0.0536056563195234));
#14103=CARTESIAN_POINT('',(-0.0663393777067691,-0.0206399849746376,0.0536056563195234));
#14104=CARTESIAN_POINT('',(-0.0663393777067691,-0.0206399849746376,0.0511056563195234));
#14105=CARTESIAN_POINT('',(-0.0663393777067691,-0.0206399849746376,0.0486056563195234));
#14106=CARTESIAN_POINT('',(-0.0653393777067691,-0.0206399849746376,0.0486056563195234));
#14107=CARTESIAN_POINT('',(-0.0653393777067691,-0.0206399849746376,0.0486056563195234));
#14108=CARTESIAN_POINT('',(-0.0643393777067691,-0.0206399849746376,0.0486056563195234));
#14109=CARTESIAN_POINT('',(-0.0663393777067691,-0.0206399849746376,0.0486056563195234));
#14110=CARTESIAN_POINT('',(-0.0663393777067691,-0.0206399849746376,0.0511056563195234));
#14111=CARTESIAN_POINT('',(-0.0663393777067691,-0.0206399849746376,0.0536056563195234));
#14112=CARTESIAN_POINT('',(-0.0653393777067691,-0.0206399849746376,0.0536056563195234));
#14113=CARTESIAN_POINT('',(-0.0643393777067691,-0.0206399849746376,0.0536056563195234));
#14114=CARTESIAN_POINT('',(-0.0643393777067691,-0.0206399849746376,0.0511056563195234));
#14115=CARTESIAN_POINT('',(-0.0505960530105712,-0.0206399849746376,0.0409745613506382));
#14116=CARTESIAN_POINT('',(-0.0505960530105712,-0.0206399849746376,0.0290912452224863));
#14117=CARTESIAN_POINT('',(-0.0682035153779427,-0.0206399849746376,0.0290912452224863));
#14118=CARTESIAN_POINT('',(-0.0329885906431996,-0.0206399849746376,0.0290912452224863));
#14119=CARTESIAN_POINT('',(-0.0682035153779427,-0.0206399849746376,0.0409745613506382));
#14120=CARTESIAN_POINT('',(-0.0682035153779427,-0.0206399849746376,0.0270313084947052));
#14121=CARTESIAN_POINT('',(-0.0505960530105712,-0.0206399849746376,0.0270313084947052));
#14122=CARTESIAN_POINT('',(-0.0329885906431996,-0.0206399849746376,0.0270313084947052));
#14123=CARTESIAN_POINT('',(-0.0329885906431996,-0.0206399849746376,0.0409745613506382));
#14124=CARTESIAN_POINT('',(-0.0505960530105712,-0.0206399849746376,0.0270313084947052));
#14125=CARTESIAN_POINT('',(-0.0505960530105712,-0.0146399849746376,0.0270313084947052));
#14126=CARTESIAN_POINT('',(-0.0329885906431996,-0.0146399849746376,0.0270313084947052));
#14127=CARTESIAN_POINT('',(-0.0682035153779427,-0.0146399849746376,0.0270313084947052));
#14128=CARTESIAN_POINT('',(-0.0329885906431996,-0.0206399849746376,0.0270313084947052));
#14129=CARTESIAN_POINT('',(-0.0682035153779427,-0.0206399849746376,0.0270313084947052));
#14130=CARTESIAN_POINT('',(-0.0505960530105712,-0.0206399849746376,0.0290912452224863));
#14131=CARTESIAN_POINT('',(-0.0682035153779427,-0.0206399849746376,0.0290912452224863));
#14132=CARTESIAN_POINT('',(-0.0329885906431996,-0.0206399849746376,0.0290912452224863));
#14133=CARTESIAN_POINT('',(-0.0412293777067691,0.0103600150253624,0.05223553215732));
#14134=CARTESIAN_POINT('',(-0.0412293777067691,-0.0104192462182424,0.05223553215732));
#14135=CARTESIAN_POINT('',(-0.0410048839391608,-0.0104192462182424,0.0507018755633248));
#14136=CARTESIAN_POINT('',(-0.04146946091763,-0.0104192462182424,0.053766825745063));
#14137=CARTESIAN_POINT('',(-0.0410048839391608,-0.0114649849746376,0.0507018755633248));
#14138=CARTESIAN_POINT('',(-0.04146946091763,-0.0114649849746376,0.053766825745063));
#14139=CARTESIAN_POINT('',(-0.0616393777067691,0.0103600150253624,0.031791074656147));
#14140=CARTESIAN_POINT('',(-0.0616393777067691,-0.0104192462182424,0.031791074656147));
#14141=CARTESIAN_POINT('',(-0.0616393777067691,-0.0104192462182424,0.030241074656147));
#14142=CARTESIAN_POINT('',(-0.0505960530105712,-0.0183399849746377,0.0409745613506382));
#14143=CARTESIAN_POINT('',(-0.0509724740608949,-0.0183399849746377,0.0498469927086953));
#14144=CARTESIAN_POINT('',(-0.0586181814348649,-0.0183399849746377,0.0498469927086953));
#14145=CARTESIAN_POINT('',(-0.0433267666869248,-0.0183399849746377,0.0498469927086953));
#14146=CARTESIAN_POINT('',(-0.0586181814348649,-0.0183399849746377,0.0418469927086953));
#14147=CARTESIAN_POINT('',(-0.0586181814348649,-0.0183399849746377,0.0338469927086953));
#14148=CARTESIAN_POINT('',(-0.0509724740608949,-0.0183399849746377,0.0338469927086953));
#14149=CARTESIAN_POINT('',(-0.0433267666869248,-0.0183399849746377,0.0338469927086953));
#14150=CARTESIAN_POINT('',(-0.0433267666869248,-0.0183399849746377,0.0418469927086953));
#14151=CARTESIAN_POINT('',(-0.0578966129472485,-0.0183399849746377,0.0418195099238854));
#14152=CARTESIAN_POINT('',(-0.0578966129472485,-0.0183399849746377,0.0491540200405055));
#14153=CARTESIAN_POINT('',(-0.0578966129472485,-0.0183399849746377,0.0344849998072654));
#14154=CARTESIAN_POINT('',(-0.0509575322697282,-0.0183399849746377,0.0491540200405055));
#14155=CARTESIAN_POINT('',(-0.044018451592208,-0.0183399849746377,0.0491540200405055));
#14156=CARTESIAN_POINT('',(-0.044018451592208,-0.0183399849746377,0.0418195099238854));
#14157=CARTESIAN_POINT('',(-0.044018451592208,-0.0183399849746377,0.0344849998072654));
#14158=CARTESIAN_POINT('',(-0.0509575322697282,-0.0183399849746377,0.0344849998072654));
#14159=CARTESIAN_POINT('',(-0.0433267666869248,-0.0183399849746377,0.0418469927086953));
#14160=CARTESIAN_POINT('',(-0.0433267666869248,-0.0183399849746377,0.0498469927086953));
#14161=CARTESIAN_POINT('',(-0.0433267666869248,-0.0183399849746377,0.0338469927086953));
#14162=CARTESIAN_POINT('',(-0.0509575322697282,-0.0183399849746377,0.0344849998072654));
#14163=CARTESIAN_POINT('',(-0.0509575322697282,-0.0146399849746376,0.0344849998072654));
#14164=CARTESIAN_POINT('',(-0.0578966129472485,-0.0146399849746376,0.0344849998072654));
#14165=CARTESIAN_POINT('',(-0.044018451592208,-0.0146399849746376,0.0344849998072654));
#14166=CARTESIAN_POINT('',(-0.0578966129472485,-0.0183399849746377,0.0344849998072654));
#14167=CARTESIAN_POINT('',(-0.044018451592208,-0.0183399849746377,0.0344849998072654));
#14168=CARTESIAN_POINT('',(-0.044018451592208,-0.0183399849746377,0.0418195099238854));
#14169=CARTESIAN_POINT('',(-0.044018451592208,-0.0146399849746376,0.0418195099238854));
#14170=CARTESIAN_POINT('',(-0.044018451592208,-0.0146399849746376,0.0491540200405055));
#14171=CARTESIAN_POINT('',(-0.044018451592208,-0.0183399849746377,0.0491540200405055));
#14172=CARTESIAN_POINT('',(-0.0509575322697282,-0.0183399849746377,0.0491540200405055));
#14173=CARTESIAN_POINT('',(-0.0509575322697282,-0.0146399849746376,0.0491540200405055));
#14174=CARTESIAN_POINT('',(-0.0578966129472485,-0.0146399849746376,0.0491540200405055));
#14175=CARTESIAN_POINT('',(-0.0578966129472485,-0.0183399849746377,0.0491540200405055));
#14176=CARTESIAN_POINT('',(-0.0578966129472485,-0.0183399849746377,0.0418195099238854));
#14177=CARTESIAN_POINT('',(-0.0578966129472485,-0.0146399849746376,0.0418195099238854));
#14178=CARTESIAN_POINT('',(-0.0509724740608949,-0.0183399849746377,0.0338469927086953));
#14179=CARTESIAN_POINT('',(-0.0586181814348649,-0.0183399849746377,0.0338469927086953));
#14180=CARTESIAN_POINT('',(-0.0586181814348649,-0.0183399849746377,0.0418469927086953));
#14181=CARTESIAN_POINT('',(-0.0586181814348649,-0.0183399849746377,0.0498469927086953));
#14182=CARTESIAN_POINT('',(-0.0509724740608949,-0.0183399849746377,0.0498469927086953));
#14183=CARTESIAN_POINT('',(-0.0505960530105712,0.0103600150253624,0.0234375636336166));
#14184=CARTESIAN_POINT('',(-0.0329885906431996,0.0103600150253624,0.0234375636336166));
#14185=CARTESIAN_POINT('',(-0.0329885906431996,-0.0104192462182424,0.0234375636336166));
#14186=CARTESIAN_POINT('',(-0.0329885906431996,-0.0146399849746376,0.0234375636336166));
#14187=CARTESIAN_POINT('',(-0.0505960530105712,-0.0146399849746376,0.0234375636336166));
#14188=CARTESIAN_POINT('',(-0.0682035153779427,-0.0146399849746376,0.0234375636336166));
#14189=CARTESIAN_POINT('',(-0.0682035153779427,0.0103600150253624,0.0234375636336166));
#14190=CARTESIAN_POINT('',(-0.0682035153779427,-0.0104192462182424,0.0234375636336166));
#14191=CARTESIAN_POINT('',(-0.0526140248739661,-0.0104192462182424,0.0234375636336166));
#14192=CARTESIAN_POINT('',(-0.0329885906431996,0.0103600150253624,0.0409745613506382));
#14193=CARTESIAN_POINT('',(-0.0329885906431996,-0.0104192462182424,0.0824133034067335));
#14194=CARTESIAN_POINT('',(-0.0329885906431996,-0.0104192462182424,0.0585115590676598));
#14195=CARTESIAN_POINT('',(-0.0329885906431996,0.0103600150253624,0.0585115590676598));
#14196=CARTESIAN_POINT('',(-0.0329885906431996,-0.0146399849746376,0.0409745613506382));
#14197=CARTESIAN_POINT('',(-0.0505960530105712,0.0103600150253624,0.0585115590676598));
#14198=CARTESIAN_POINT('',(-0.0526140248739661,-0.0104192462182424,0.0585115590676598));
#14199=CARTESIAN_POINT('',(-0.0682035153779427,-0.0104192462182424,0.0585115590676598));
#14200=CARTESIAN_POINT('',(-0.0682035153779427,0.0103600150253624,0.0585115590676598));
#14201=CARTESIAN_POINT('',(-0.0682035153779427,0.0103600150253624,0.0409745613506382));
#14202=CARTESIAN_POINT('',(-0.0682035153779427,-0.0146399849746376,0.0409745613506382));
#14203=CARTESIAN_POINT('',(-0.0682035153779427,-0.0104192462182424,0.0824133034067335));
#14204=CARTESIAN_POINT('',(-0.0496822733494855,-0.0177599849746376,0.0424454763591922));
#14205=CARTESIAN_POINT('',(-0.0496801689922019,-0.0177599849746376,0.0411248563033838));
#14206=CARTESIAN_POINT('',(-0.0496801689922019,-0.0146399849746376,0.0411248563033838));
#14207=CARTESIAN_POINT('',(-0.0496801689922019,-0.0104192462182424,0.0411248563033838));
#14208=CARTESIAN_POINT('',(-0.0496822733494855,-0.0146399849746376,0.0424454763591922));
#14209=CARTESIAN_POINT('',(-0.0496843777067691,-0.0146399849746376,0.0437660964150006));
#14210=CARTESIAN_POINT('',(-0.0496843777067691,-0.0177599849746376,0.0437660964150006));
#14211=CARTESIAN_POINT('',(-0.0496843777067691,-0.0104192462182424,0.0437660964150006));
#14212=CARTESIAN_POINT('',(-0.0496822733494855,-0.0104192462182424,0.0424454763591922));
#14213=CARTESIAN_POINT('',(-0.0514343777067691,-0.0177599849746376,0.0437660964150006));
#14214=CARTESIAN_POINT('',(-0.0514343777067691,-0.0146399849746376,0.0437660964150006));
#14215=CARTESIAN_POINT('',(-0.0531843777067691,-0.0146399849746376,0.0437660964150006));
#14216=CARTESIAN_POINT('',(-0.0531843777067691,-0.0177599849746376,0.0437660964150006));
#14217=CARTESIAN_POINT('',(-0.0531843777067691,-0.0104192462182424,0.0437660964150006));
#14218=CARTESIAN_POINT('',(-0.0514343777067691,-0.0104192462182424,0.0437660964150006));
#14219=CARTESIAN_POINT('',(-0.0531871707150362,-0.0177599849746376,0.0420133034067335));
#14220=CARTESIAN_POINT('',(-0.0531871707150362,-0.0146399849746376,0.0420133034067335));
#14221=CARTESIAN_POINT('',(-0.0531899637233033,-0.0146399849746376,0.0402605103984664));
#14222=CARTESIAN_POINT('',(-0.0531899637233033,-0.0177599849746376,0.0402605103984664));
#14223=CARTESIAN_POINT('',(-0.0531899637233033,-0.0104192462182424,0.0402605103984664));
#14224=CARTESIAN_POINT('',(-0.0531871707150362,-0.0104192462182424,0.0420133034067335));
#14225=CARTESIAN_POINT('',(-0.0518371165839652,-0.0177599849746376,0.0402605103984664));
#14226=CARTESIAN_POINT('',(-0.0518371165839652,-0.0146399849746376,0.0402605103984664));
#14227=CARTESIAN_POINT('',(-0.0504842694446271,-0.0146399849746376,0.0402605103984664));
#14228=CARTESIAN_POINT('',(-0.0504842694446271,-0.0177599849746376,0.0402605103984664));
#14229=CARTESIAN_POINT('',(-0.0504842694446271,-0.0104192462182424,0.0402605103984664));
#14230=CARTESIAN_POINT('',(-0.0518371165839652,-0.0104192462182424,0.0402605103984664));
#14231=CARTESIAN_POINT('',(-0.0500822192184145,-0.0177599849746376,0.0406926833509251));
#14232=CARTESIAN_POINT('',(-0.0500822192184145,-0.0146399849746376,0.0406926833509251));
#14233=CARTESIAN_POINT('',(-0.0500822192184145,-0.0104192462182424,0.0406926833509251));
#14234=CARTESIAN_POINT('',(-0.0526140248739661,-0.0104192462182424,0.0035133034067335));
#14235=CARTESIAN_POINT('',(-0.0412449671500217,-0.0104192462182424,0.0522331691510677));
#14236=CARTESIAN_POINT('',(-0.0514343777067691,-0.0146399849746376,0.0870133034067335));
#14237=CARTESIAN_POINT('',(-0.0514343777067691,-0.0146399849746376,0.0870133034067335));
#14238=CARTESIAN_POINT('',(-0.0412449671500217,-0.00828998497463762,0.0522331691510677));
#14239=CARTESIAN_POINT('',(0.111295403971406,-0.15010822714386,-0.372208726907476));
#14240=CARTESIAN_POINT('',(-0.0521599671500217,-0.0146399849746376,0.0844011691510677));
#14241=CARTESIAN_POINT('',(-0.0393599671500217,-0.0146399849746376,0.0404876704531908));
#14242=CARTESIAN_POINT('',(-0.0393599671500217,-0.0146399849746376,0.0422126704531908));
#14243=CARTESIAN_POINT('',(-0.0393599671500217,-0.0146419849746376,0.0404876704531908));
#14244=CARTESIAN_POINT('',(-0.0393599671500217,0.0173600150253624,0.0404876704531908));
#14245=CARTESIAN_POINT('',(-0.0393599671500217,0.0173600150253624,0.0422126704531908));
#14246=CARTESIAN_POINT('',(-0.0539082512259484,0.0173600150253624,0.0464011691510677));
#14247=CARTESIAN_POINT('',(0.111295403971406,-0.15010822714386,-0.372208726907476));
#14248=CARTESIAN_POINT('',(-0.0737567756041269,0.00780261345169471,0.0651780461338835));
#14249=CARTESIAN_POINT('',(-0.0730439057431541,0.00780261345169471,0.0270320252699239));
#14250=CARTESIAN_POINT('',(-0.0730439057431541,0.00780261345169471,0.0279210252699239));
#14251=CARTESIAN_POINT('',(-0.0730439057431541,0.00780261345169471,0.0194120252699239));
#14252=CARTESIAN_POINT('',(-0.0730439057431541,0.00780261345169471,0.0203010252699239));
#14253=CARTESIAN_POINT('',(-0.0853067756041269,0.00780261345169471,0.0212645474360066));
#14254=CARTESIAN_POINT('',(-0.0853067756041269,0.00780261345169471,0.0229895474360066));
#14255=CARTESIAN_POINT('',(-0.0622067756041269,0.00780261345169471,0.0212645474360066));
#14256=CARTESIAN_POINT('',(-0.0622067756041269,0.00780261345169471,0.0229895474360066));
#14257=CARTESIAN_POINT('',(-0.0699262913174354,0.00780261345169471,0.0245535539335713));
#14258=CARTESIAN_POINT('',(-0.0703769057431542,0.00780261345169471,0.0245535539335713));
#14259=CARTESIAN_POINT('',(-0.0694756768917166,0.00780261345169471,0.0245535539335713));
#14260=CARTESIAN_POINT('',(-0.0703769057431542,0.00780261345169471,0.0252265171228156));
#14261=CARTESIAN_POINT('',(-0.0703769057431542,0.00780261345169471,0.0258994803120598));
#14262=CARTESIAN_POINT('',(-0.0730439057431542,0.00780261345169471,0.0258994803120598));
#14263=CARTESIAN_POINT('',(-0.0757109057431541,0.00780261345169471,0.0258994803120598));
#14264=CARTESIAN_POINT('',(-0.0757109057431541,0.00780261345169471,0.0212384435013041));
#14265=CARTESIAN_POINT('',(-0.0757109057431541,0.00780261345169471,0.0245535539335713));
#14266=CARTESIAN_POINT('',(-0.0761615201688729,0.00780261345169471,0.0245535539335713));
#14267=CARTESIAN_POINT('',(-0.0766121345945917,0.00780261345169471,0.0245535539335713));
#14268=CARTESIAN_POINT('',(-0.0766121345945917,0.00780261345169471,0.0232324803120598));
#14269=CARTESIAN_POINT('',(-0.0766121345945917,0.00780261345169471,0.0219114066905484));
#14270=CARTESIAN_POINT('',(-0.0761615201688729,0.00780261345169471,0.0219114066905484));
#14271=CARTESIAN_POINT('',(-0.0757109057431541,0.00780261345169471,0.0219114066905484));
#14272=CARTESIAN_POINT('',(-0.0757109057431541,0.00780261345169471,0.0212384435013041));
#14273=CARTESIAN_POINT('',(-0.0757109057431541,0.00780261345169471,0.0205654803120598));
#14274=CARTESIAN_POINT('',(-0.0730439057431541,0.00780261345169471,0.0205654803120598));
#14275=CARTESIAN_POINT('',(-0.0703769057431542,0.00780261345169471,0.0205654803120598));
#14276=CARTESIAN_POINT('',(-0.0703769057431542,0.00780261345169471,0.0252265171228156));
#14277=CARTESIAN_POINT('',(-0.0703769057431542,0.00780261345169471,0.0219114066905484));
#14278=CARTESIAN_POINT('',(-0.0699262913174354,0.00780261345169471,0.0219114066905484));
#14279=CARTESIAN_POINT('',(-0.0694756768917166,0.00780261345169471,0.0219114066905484));
#14280=CARTESIAN_POINT('',(-0.0694756768917166,0.00780261345169471,0.0232324803120598));
#14281=CARTESIAN_POINT('',(-0.0737567756041269,0.00780261345169471,-0.0108219538661165));
#14282=CARTESIAN_POINT('',(-0.0882760245889288,0.00780261345169471,-0.0108219538661165));
#14283=CARTESIAN_POINT('',(-0.0543482078919256,0.00780261345169471,-0.0108219538661165));
#14284=CARTESIAN_POINT('',(-0.0882760245889288,0.00780261345169471,0.0651780461338835));
#14285=CARTESIAN_POINT('',(-0.0882760245889288,0.00780261345169471,0.0651780461338835));
#14286=CARTESIAN_POINT('',(-0.0737567756041269,0.00780261345169471,0.0651780461338835));
#14287=CARTESIAN_POINT('',(-0.0543482078919256,0.00780261345169471,0.0651780461338835));
#14288=CARTESIAN_POINT('',(-0.0543482078919256,0.00780261345169471,0.0876714422142951));
#14289=CARTESIAN_POINT('',(-0.0737567756041269,-0.00819738654830529,-0.0108219538661165));
#14290=CARTESIAN_POINT('',(-0.0882760245889288,0.0726806135012253,-0.0108219538661165));
#14291=CARTESIAN_POINT('',(-0.0882760245889288,0.00502517484405482,-0.0108219538661165));
#14292=CARTESIAN_POINT('',(-0.0543482078919256,-0.00822319568011059,-0.0108219538661165));
#14293=CARTESIAN_POINT('',(-0.0543482078919256,0.00502517484405482,-0.0108219538661165));
#14294=CARTESIAN_POINT('',(-0.0575910176140432,0.00502517484405482,-0.0108219538661165));
#14295=CARTESIAN_POINT('',(-0.0608338273361608,0.00502517484405482,-0.0108219538661165));
#14296=CARTESIAN_POINT('',(-0.0608338273361608,-0.00822319568011059,-0.0108219538661165));
#14297=CARTESIAN_POINT('',(-0.0608338273361608,-0.021471566204276,-0.0108219538661165));
#14298=CARTESIAN_POINT('',(-0.0575910176140432,-0.021471566204276,-0.0108219538661165));
#14299=CARTESIAN_POINT('',(-0.0543482078919256,-0.021471566204276,-0.0108219538661165));
#14300=CARTESIAN_POINT('',(-0.0543482078919256,-0.00822319568011059,-0.0108219538661165));
#14301=CARTESIAN_POINT('',(-0.0543482078919256,-0.0241973865483053,-0.0108219538661165));
#14302=CARTESIAN_POINT('',(-0.0737567756041269,-0.0241973865483053,-0.0108219538661165));
#14303=CARTESIAN_POINT('',(-0.0882760245889288,-0.0241973865483053,-0.0108219538661165));
#14304=CARTESIAN_POINT('',(-0.0882760245889288,0.0726806135012253,-0.0108219538661165));
#14305=CARTESIAN_POINT('',(-0.0882760245889288,-0.0216329826489782,-0.0108219538661165));
#14306=CARTESIAN_POINT('',(-0.0918687861846089,-0.0216329826489782,-0.0108219538661165));
#14307=CARTESIAN_POINT('',(-0.0877306175475014,-0.0216329826489782,-0.0108219538661165));
#14308=CARTESIAN_POINT('',(-0.0877306175475014,-0.00830390390246165,-0.0108219538661165));
#14309=CARTESIAN_POINT('',(-0.0877306175475014,0.00502517484405482,-0.0108219538661165));
#14310=CARTESIAN_POINT('',(-0.0918687861846089,0.00502517484405482,-0.0108219538661165));
#14311=CARTESIAN_POINT('',(-0.0755050596800535,-0.00819738654830529,0.0605780461338835));
#14312=CARTESIAN_POINT('',(-0.0918687861846089,-0.0216329826489782,0.0605780461338835));
#14313=CARTESIAN_POINT('',(-0.0882760245889288,-0.0216329826489782,0.0605780461338835));
#14314=CARTESIAN_POINT('',(-0.0877306175475014,-0.0216329826489782,0.0605780461338835));
#14315=CARTESIAN_POINT('',(-0.0882760245889288,-0.00819738654830529,0.0605780461338835));
#14316=CARTESIAN_POINT('',(-0.0882760245889288,0.00502517484405482,0.0605780461338835));
#14317=CARTESIAN_POINT('',(-0.0918687861846089,0.00502517484405482,0.0605780461338835));
#14318=CARTESIAN_POINT('',(-0.0877306175475014,0.00502517484405482,0.0605780461338835));
#14319=CARTESIAN_POINT('',(-0.0877306175475014,-0.00830390390246165,0.0605780461338835));
#14320=CARTESIAN_POINT('',(-0.0918687861846089,0.00502517484405482,0.0605780461338835));
#14321=CARTESIAN_POINT('',(-0.0882760245889288,0.00502517484405482,0.0605780461338835));
#14322=CARTESIAN_POINT('',(-0.0877306175475014,0.00502517484405482,0.0605780461338835));
#14323=CARTESIAN_POINT('',(-0.0918687861846089,-0.0216329826489782,0.0605780461338835));
#14324=CARTESIAN_POINT('',(-0.0882760245889288,-0.0216329826489782,0.0605780461338835));
#14325=CARTESIAN_POINT('',(-0.0877306175475014,-0.0216329826489782,0.0605780461338835));
#14326=CARTESIAN_POINT('',(-0.0737567756041269,-0.00819738654830529,0.0651780461338835));
#14327=CARTESIAN_POINT('',(-0.0737567756041269,-0.00819738654830529,0.0651780461338835));
#14328=CARTESIAN_POINT('',(-0.0660817756041269,-0.00819738654830529,0.0651780461338835));
#14329=CARTESIAN_POINT('',(-0.0882760245889288,0.0726806135012253,0.0651780461338835));
#14330=CARTESIAN_POINT('',(-0.0882760245889288,-0.0241973865483053,0.0651780461338835));
#14331=CARTESIAN_POINT('',(-0.0737567756041269,-0.0241973865483053,0.0651780461338835));
#14332=CARTESIAN_POINT('',(-0.0543482078919256,-0.0241973865483053,0.0651780461338835));
#14333=CARTESIAN_POINT('',(-0.0543482078919256,-0.00819738654830529,0.0651780461338835));
#14334=CARTESIAN_POINT('',(-0.0737567756041269,-0.0241973865483053,0.0651780461338835));
#14335=CARTESIAN_POINT('',(-0.068601442129751,-0.0241973865483053,0.00429603872270001));
#14336=CARTESIAN_POINT('',(-0.0683356282796534,-0.0241973865483053,0.00388044634307853));
#14337=CARTESIAN_POINT('',(-0.0683356282796534,-0.0241973865483053,0.00309333434654604));
#14338=CARTESIAN_POINT('',(-0.068601442129751,-0.0241973865483053,0.00429603872270001));
#14339=CARTESIAN_POINT('',(-0.0683356282796534,-0.0241973865483053,0.00309333434654604));
#14340=CARTESIAN_POINT('',(-0.0683356282796534,-0.0241973865483053,0.00309333434654604));
#14341=CARTESIAN_POINT('',(-0.0683356282796534,-0.0241973865483053,0.00227729959948479));
#14342=CARTESIAN_POINT('',(-0.0685928341682841,-0.0241973865483053,0.00187479132129298));
#14343=CARTESIAN_POINT('',(-0.0685928341682841,-0.0241973865483053,0.00187479132129298));
#14344=CARTESIAN_POINT('',(-0.0685928341682841,-0.0241973865483053,0.00187479132129298));
#14345=CARTESIAN_POINT('',(-0.0688500400569148,-0.0241973865483053,0.00147228304310116));
#14346=CARTESIAN_POINT('',(-0.0693796018463579,-0.0241973865483053,0.00147228304310116));
#14347=CARTESIAN_POINT('',(-0.0693796018463579,-0.0241973865483053,0.00147228304310116));
#14348=CARTESIAN_POINT('',(-0.0693796018463579,-0.0241973865483053,0.00147228304310116));
#14349=CARTESIAN_POINT('',(-0.0698871272544458,-0.0241973865483053,0.00147228304310116));
#14350=CARTESIAN_POINT('',(-0.0701519081491673,-0.0241973865483053,0.0018844322381359));
#14351=CARTESIAN_POINT('',(-0.0701519081491673,-0.0241973865483053,0.0018844322381359));
#14352=CARTESIAN_POINT('',(-0.0701519081491673,-0.0241973865483053,0.0018844322381359));
#14353=CARTESIAN_POINT('',(-0.0704166890438889,-0.0241973865483053,0.00229658143317062));
#14354=CARTESIAN_POINT('',(-0.0704166890438889,-0.0241973865483053,0.00309333434654604));
#14355=CARTESIAN_POINT('',(-0.0704166890438889,-0.0241973865483053,0.00309333434654604));
#14356=CARTESIAN_POINT('',(-0.0704166890438889,-0.0241973865483053,0.00309333434654604));
#14357=CARTESIAN_POINT('',(-0.0704166890438889,-0.0241973865483053,0.00391487818894609));
#14358=CARTESIAN_POINT('',(-0.0701605161106342,-0.0241973865483053,0.00431325464563379));
#14359=CARTESIAN_POINT('',(-0.0701605161106342,-0.0241973865483053,0.00431325464563379));
#14360=CARTESIAN_POINT('',(-0.0701605161106342,-0.0241973865483053,0.00431325464563379));
#14361=CARTESIAN_POINT('',(-0.0699043431773796,-0.0241973865483053,0.0047116311023215));
#14362=CARTESIAN_POINT('',(-0.0693796018463579,-0.0241973865483053,0.0047116311023215));
#14363=CARTESIAN_POINT('',(-0.0693796018463579,-0.0241973865483053,0.0047116311023215));
#14364=CARTESIAN_POINT('',(-0.0693796018463579,-0.0241973865483053,0.0047116311023215));
#14365=CARTESIAN_POINT('',(-0.0688672559798486,-0.0241973865483053,0.0047116311023215));
#14366=CARTESIAN_POINT('',(-0.068601442129751,-0.0241973865483053,0.00429603872270001));
#14367=CARTESIAN_POINT('',(-0.0774504265177147,-0.0241973865483053,0.0015156671688943));
#14368=CARTESIAN_POINT('',(-0.0773030582174015,-0.0241973865483053,0.0015156671688943));
#14369=CARTESIAN_POINT('',(-0.0775977948180279,-0.0241973865483053,0.0015156671688943));
#14370=CARTESIAN_POINT('',(-0.0781314884289751,-0.0241973865483053,0.0029101569265306));
#14371=CARTESIAN_POINT('',(-0.0786651820399223,-0.0241973865483053,0.00430464668416691));
#14372=CARTESIAN_POINT('',(-0.0786737900013892,-0.0241973865483053,0.00430464668416691));
#14373=CARTESIAN_POINT('',(-0.078681900507984,-0.0241973865483053,0.00430464668416691));
#14374=CARTESIAN_POINT('',(-0.0875521048515135,-0.0241973865483053,0.00357957735695069));
#14375=CARTESIAN_POINT('',(-0.078652317248656,-0.0241973865483053,0.00351684759651507));
#14376=CARTESIAN_POINT('',(-0.0786520979384927,-0.0241973865483053,0.00251625660980568));
#14377=CARTESIAN_POINT('',(-0.0786520979384927,-0.0241973865483053,0.0015156671688943));
#14378=CARTESIAN_POINT('',(-0.0788211583017024,-0.0241973865483053,0.0015156671688943));
#14379=CARTESIAN_POINT('',(-0.0789902186649121,-0.0241973865483053,0.0015156671688943));
#14380=CARTESIAN_POINT('',(-0.0789902186649121,-0.0241973865483053,0.00308885820658325));
#14381=CARTESIAN_POINT('',(-0.0789902186649121,-0.0241973865483053,0.00466204924427221));
#14382=CARTESIAN_POINT('',(-0.0787147638979716,-0.0241973865483053,0.00466204924427221));
#14383=CARTESIAN_POINT('',(-0.0784393091310311,-0.0241973865483053,0.00466204924427221));
#14384=CARTESIAN_POINT('',(-0.0779410803213275,-0.0241973865483053,0.00336431297352376));
#14385=CARTESIAN_POINT('',(-0.0774428515116238,-0.0241973865483053,0.00206657670277531));
#14386=CARTESIAN_POINT('',(-0.0774342435501569,-0.0241973865483053,0.00206657670277531));
#14387=CARTESIAN_POINT('',(-0.0774256355886901,-0.0241973865483053,0.00206657670277531));
#14388=CARTESIAN_POINT('',(-0.0769232749574823,-0.0241973865483053,0.00336431297352376));
#14389=CARTESIAN_POINT('',(-0.0764209143262746,-0.0241973865483053,0.00466204924427221));
#14390=CARTESIAN_POINT('',(-0.0761475254700861,-0.0241973865483053,0.00466204924427221));
#14391=CARTESIAN_POINT('',(-0.0758741366138977,-0.0241973865483053,0.00466204924427221));
#14392=CARTESIAN_POINT('',(-0.0758741366138977,-0.0241973865483053,0.00308885820658325));
#14393=CARTESIAN_POINT('',(-0.0758741366138977,-0.0241973865483053,0.0015156671688943));
#14394=CARTESIAN_POINT('',(-0.0760569697154544,-0.0241973865483053,0.0015156671688943));
#14395=CARTESIAN_POINT('',(-0.0762398028170112,-0.0241973865483053,0.0015156671688943));
#14396=CARTESIAN_POINT('',(-0.0762398028170112,-0.0241973865483053,0.00252934071123535));
#14397=CARTESIAN_POINT('',(-0.076239901848136,-0.0241973865483053,0.00354301462911998));
#14398=CARTESIAN_POINT('',(-0.0659074317899336,-0.0241973865483053,0.00350383207250012));
#14399=CARTESIAN_POINT('',(-0.0762095027926477,-0.0241973865483053,0.0043005148626628));
#14400=CARTESIAN_POINT('',(-0.0762181107541146,-0.0241973865483053,0.0043005148626628));
#14401=CARTESIAN_POINT('',(-0.0762267187155815,-0.0241973865483053,0.0043005148626628));
#14402=CARTESIAN_POINT('',(-0.0767648884664915,-0.0241973865483053,0.00290809101577855));
#14403=CARTESIAN_POINT('',(-0.0662056742942859,-0.0241973865483053,0.00449712070256659));
#14404=CARTESIAN_POINT('',(-0.0659515672717833,-0.0241973865483053,0.00428743076123312));
#14405=CARTESIAN_POINT('',(-0.0659515672717833,-0.0241973865483053,0.0039217645581196));
#14406=CARTESIAN_POINT('',(-0.0662056742942859,-0.0241973865483053,0.00449712070256659));
#14407=CARTESIAN_POINT('',(-0.0659515672717833,-0.0241973865483053,0.0039217645581196));
#14408=CARTESIAN_POINT('',(-0.0659515672717833,-0.0241973865483053,0.0039217645581196));
#14409=CARTESIAN_POINT('',(-0.0659515672717833,-0.0241973865483053,0.00362014158831975));
#14410=CARTESIAN_POINT('',(-0.0661206276349931,-0.0241973865483053,0.0034287005252961));
#14411=CARTESIAN_POINT('',(-0.0661206276349931,-0.0241973865483053,0.0034287005252961));
#14412=CARTESIAN_POINT('',(-0.0661206276349931,-0.0241973865483053,0.0034287005252961));
#14413=CARTESIAN_POINT('',(-0.0662896879982028,-0.0241973865483053,0.00323725946227245));
#14414=CARTESIAN_POINT('',(-0.0665995746110109,-0.0241973865483053,0.00317252759204143));
#14415=CARTESIAN_POINT('',(-0.0665995746110109,-0.0241973865483053,0.00317252759204143));
#14416=CARTESIAN_POINT('',(-0.0665995746110109,-0.0241973865483053,0.00316391963057454));
#14417=CARTESIAN_POINT('',(-0.0665995746110109,-0.0241973865483053,0.00315531166910765));
#14418=CARTESIAN_POINT('',(-0.0665995746110109,-0.0241973865483053,0.00315531166910765));
#14419=CARTESIAN_POINT('',(-0.0662208243064677,-0.0241973865483053,0.00310848435872776));
#14420=CARTESIAN_POINT('',(-0.0660379912049109,-0.0241973865483053,0.00291463306649338));
#14421=CARTESIAN_POINT('',(-0.0660379912049109,-0.0241973865483053,0.00291463306649338));
#14422=CARTESIAN_POINT('',(-0.0660379912049109,-0.0241973865483053,0.00291463306649338));
#14423=CARTESIAN_POINT('',(-0.0658551581033541,-0.0241973865483053,0.00272078177425901));
#14424=CARTESIAN_POINT('',(-0.0658551581033541,-0.0241973865483053,0.00240676333994683));
#14425=CARTESIAN_POINT('',(-0.0658551581033541,-0.0241973865483053,0.00240676333994683));
#14426=CARTESIAN_POINT('',(-0.0658551581033541,-0.0241973865483053,0.00240676333994683));
#14427=CARTESIAN_POINT('',(-0.0658551581033541,-0.0241973865483053,0.00195708343291645));
#14428=CARTESIAN_POINT('',(-0.0661671106269143,-0.0241973865483053,0.00171468323800881));
#14429=CARTESIAN_POINT('',(-0.0661671106269143,-0.0241973865483053,0.00171468323800881));
#14430=CARTESIAN_POINT('',(-0.0661671106269143,-0.0241973865483053,0.00171468323800881));
#14431=CARTESIAN_POINT('',(-0.0664790631504744,-0.0241973865483053,0.00147228304310116));
#14432=CARTESIAN_POINT('',(-0.0670533863395453,-0.0241973865483053,0.00147228304310116));
#14433=CARTESIAN_POINT('',(-0.0670533863395453,-0.0241973865483053,0.00147228304310116));
#14434=CARTESIAN_POINT('',(-0.0670748105513118,-0.0241973865483053,0.00403688900213534));
#14435=CARTESIAN_POINT('',(-0.0675110117961071,-0.0241973865483053,0.00151000861030301));
#14436=CARTESIAN_POINT('',(-0.0672258401301215,-0.0241973865483053,0.0030589111095798));
#14437=CARTESIAN_POINT('',(-0.0679141824862344,-0.0241973865483053,0.00164246577635679));
#14438=CARTESIAN_POINT('',(-0.0679141824862344,-0.0241973865483053,0.00181246968027269));
#14439=CARTESIAN_POINT('',(-0.0679141824862344,-0.0241973865483053,0.0019824687702453));
#14440=CARTESIAN_POINT('',(-0.0670492128557829,-0.0241973865483053,0.00374042867595614));
#14441=CARTESIAN_POINT('',(-0.0674782416496783,-0.0241973865483053,0.00182879382428402));
#14442=CARTESIAN_POINT('',(-0.0670217736477685,-0.0241973865483053,0.00375499917983918));
#14443=CARTESIAN_POINT('',(-0.0670403022381157,-0.0241973865483053,0.00177597192365307));
#14444=CARTESIAN_POINT('',(-0.0670403022381157,-0.0241973865483053,0.00177597192365307));
#14445=CARTESIAN_POINT('',(-0.0662249561279718,-0.0241973865483053,0.00177597192365307));
#14446=CARTESIAN_POINT('',(-0.0662249561279718,-0.0241973865483053,0.00241502698295504));
#14447=CARTESIAN_POINT('',(-0.0662249561279718,-0.0241973865483053,0.00241502698295504));
#14448=CARTESIAN_POINT('',(-0.0662249561279718,-0.0241973865483053,0.00241502698295504));
#14449=CARTESIAN_POINT('',(-0.0662249561279718,-0.0241973865483053,0.00298797289819129));
#14450=CARTESIAN_POINT('',(-0.0671243159420325,-0.0241973865483053,0.00298797289819129));
#14451=CARTESIAN_POINT('',(-0.0671243159420325,-0.0241973865483053,0.00298797289819129));
#14452=CARTESIAN_POINT('',(-0.0672792592484366,-0.0241973865483053,0.00298797289819129));
#14453=CARTESIAN_POINT('',(-0.0674342025548406,-0.0241973865483053,0.00298797289819129));
#14454=CARTESIAN_POINT('',(-0.0674342025548406,-0.0241973865483053,0.00314153893076062));
#14455=CARTESIAN_POINT('',(-0.0674342025548406,-0.0241973865483053,0.00329510496332995));
#14456=CARTESIAN_POINT('',(-0.0672771933376845,-0.0241973865483053,0.00329510496332995));
#14457=CARTESIAN_POINT('',(-0.0671201841205284,-0.0241973865483053,0.00329510496332995));
#14458=CARTESIAN_POINT('',(-0.0671201841205284,-0.0241973865483053,0.00329510496332995));
#14459=CARTESIAN_POINT('',(-0.0667524520066628,-0.0241973865483053,0.00329510496332995));
#14460=CARTESIAN_POINT('',(-0.0665372529699906,-0.0241973865483053,0.00345762327582486));
#14461=CARTESIAN_POINT('',(-0.0665372529699906,-0.0241973865483053,0.00345762327582486));
#14462=CARTESIAN_POINT('',(-0.0665372529699906,-0.0241973865483053,0.00345762327582486));
#14463=CARTESIAN_POINT('',(-0.0663220539333183,-0.0241973865483053,0.00362014158831975));
#14464=CARTESIAN_POINT('',(-0.0663220539333183,-0.0241973865483053,0.00390868045668993));
#14465=CARTESIAN_POINT('',(-0.0663220539333183,-0.0241973865483053,0.00390868045668993));
#14466=CARTESIAN_POINT('',(-0.0663220539333183,-0.0241973865483053,0.00390868045668993));
#14467=CARTESIAN_POINT('',(-0.0663220539333183,-0.0241973865483053,0.00413868518708525));
#14468=CARTESIAN_POINT('',(-0.0664800961058504,-0.0241973865483053,0.00427021483829934));
#14469=CARTESIAN_POINT('',(-0.0664800961058504,-0.0241973865483053,0.00427021483829934));
#14470=CARTESIAN_POINT('',(-0.0664800961058504,-0.0241973865483053,0.00427021483829934));
#14471=CARTESIAN_POINT('',(-0.0666381382783825,-0.0241973865483053,0.00440174448951343));
#14472=CARTESIAN_POINT('',(-0.0669094612238189,-0.0241973865483053,0.00440174448951343));
#14473=CARTESIAN_POINT('',(-0.0669094612238189,-0.0241973865483053,0.00440174448951343));
#14474=CARTESIAN_POINT('',(-0.0669192086515784,-0.0241973865483053,0.00308105966776223));
#14475=CARTESIAN_POINT('',(-0.0672988854005811,-0.0241973865483053,0.00434562058074931));
#14476=CARTESIAN_POINT('',(-0.0672988854005811,-0.0241973865483053,0.00434562058074931));
#14477=CARTESIAN_POINT('',(-0.0674817185021378,-0.0241973865483053,0.00428949667198518));
#14478=CARTESIAN_POINT('',(-0.0677165436909546,-0.0241973865483053,0.00413868518708525));
#14479=CARTESIAN_POINT('',(-0.0677165436909546,-0.0241973865483053,0.00413868518708526));
#14480=CARTESIAN_POINT('',(-0.0678067551271276,-0.0241973865483053,0.00425919664762172));
#14481=CARTESIAN_POINT('',(-0.0678971343755939,-0.0241973865483053,0.00437993227954968));
#14482=CARTESIAN_POINT('',(-0.0669733930067532,-0.0241973865483053,0.00319351804396119));
#14483=CARTESIAN_POINT('',(-0.0674507052435017,-0.0241973865483053,0.00461962251444629));
#14484=CARTESIAN_POINT('',(-0.0669270555828644,-0.0241973865483053,0.00308282635660249));
#14485=CARTESIAN_POINT('',(-0.0669177248668272,-0.0241973865483053,0.00470681064390004));
#14486=CARTESIAN_POINT('',(-0.0669177248668272,-0.0241973865483053,0.00470681064390004));
#14487=CARTESIAN_POINT('',(-0.0664597813167886,-0.0241973865483053,0.00470681064390004));
#14488=CARTESIAN_POINT('',(-0.0662056742942859,-0.0241973865483053,0.00449712070256659));
#14489=CARTESIAN_POINT('',(-0.0622067756041269,-0.0241973865483053,0.0212645474360066));
#14490=CARTESIAN_POINT('',(-0.0622067756041269,-0.0241973865483053,0.0229895474360066));
#14491=CARTESIAN_POINT('',(-0.0853067756041269,-0.0241973865483053,0.0212645474360066));
#14492=CARTESIAN_POINT('',(-0.0853067756041269,-0.0241973865483053,0.0229895474360066));
#14493=CARTESIAN_POINT('',(-0.0730467756041269,-0.0241973865483053,0.0232075461338835));
#14494=CARTESIAN_POINT('',(-0.0730467756041269,-0.0241973865483053,0.0246270461338835));
#14495=CARTESIAN_POINT('',(-0.083268275604127,-0.0241973865483053,0.0129855461338835));
#14496=CARTESIAN_POINT('',(-0.083268275604127,-0.0241973865483053,0.0114355461338835));
#14497=CARTESIAN_POINT('',(-0.0628392756041269,-0.0241973865483053,0.0334295461338835));
#14498=CARTESIAN_POINT('',(-0.0628392756041269,-0.0241973865483053,0.0318795461338835));
#14499=CARTESIAN_POINT('',(-0.0635619971685744,-0.0241973865483053,0.00429603872270001));
#14500=CARTESIAN_POINT('',(-0.0632961833184769,-0.0241973865483053,0.00388044634307853));
#14501=CARTESIAN_POINT('',(-0.0632961833184769,-0.0241973865483053,0.00309333434654604));
#14502=CARTESIAN_POINT('',(-0.0635619971685744,-0.0241973865483053,0.00429603872270001));
#14503=CARTESIAN_POINT('',(-0.0632961833184769,-0.0241973865483053,0.00309333434654604));
#14504=CARTESIAN_POINT('',(-0.0632961833184769,-0.0241973865483053,0.00309333434654604));
#14505=CARTESIAN_POINT('',(-0.0632961833184769,-0.0241973865483053,0.00227729959948479));
#14506=CARTESIAN_POINT('',(-0.0635533892071076,-0.0241973865483053,0.00187479132129298));
#14507=CARTESIAN_POINT('',(-0.0635533892071076,-0.0241973865483053,0.00187479132129298));
#14508=CARTESIAN_POINT('',(-0.0635533892071076,-0.0241973865483053,0.00187479132129298));
#14509=CARTESIAN_POINT('',(-0.0638105950957383,-0.0241973865483053,0.00147228304310116));
#14510=CARTESIAN_POINT('',(-0.0643401568851814,-0.0241973865483053,0.00147228304310116));
#14511=CARTESIAN_POINT('',(-0.0643401568851814,-0.0241973865483053,0.00147228304310116));
#14512=CARTESIAN_POINT('',(-0.0643401568851814,-0.0241973865483053,0.00147228304310116));
#14513=CARTESIAN_POINT('',(-0.0648476822932693,-0.0241973865483053,0.00147228304310116));
#14514=CARTESIAN_POINT('',(-0.0651124631879908,-0.0241973865483053,0.0018844322381359));
#14515=CARTESIAN_POINT('',(-0.0651124631879908,-0.0241973865483053,0.0018844322381359));
#14516=CARTESIAN_POINT('',(-0.0651124631879908,-0.0241973865483053,0.0018844322381359));
#14517=CARTESIAN_POINT('',(-0.0653772440827124,-0.0241973865483053,0.00229658143317062));
#14518=CARTESIAN_POINT('',(-0.0653772440827124,-0.0241973865483053,0.00309333434654604));
#14519=CARTESIAN_POINT('',(-0.0653772440827124,-0.0241973865483053,0.00309333434654604));
#14520=CARTESIAN_POINT('',(-0.0653772440827124,-0.0241973865483053,0.00309333434654604));
#14521=CARTESIAN_POINT('',(-0.0653772440827124,-0.0241973865483053,0.00391487818894609));
#14522=CARTESIAN_POINT('',(-0.0651210711494577,-0.0241973865483053,0.00431325464563379));
#14523=CARTESIAN_POINT('',(-0.0651210711494577,-0.0241973865483053,0.00431325464563379));
#14524=CARTESIAN_POINT('',(-0.0651210711494577,-0.0241973865483053,0.00431325464563379));
#14525=CARTESIAN_POINT('',(-0.064864898216203,-0.0241973865483053,0.0047116311023215));
#14526=CARTESIAN_POINT('',(-0.0643401568851814,-0.0241973865483053,0.0047116311023215));
#14527=CARTESIAN_POINT('',(-0.0643401568851814,-0.0241973865483053,0.0047116311023215));
#14528=CARTESIAN_POINT('',(-0.0643401568851814,-0.0241973865483053,0.0047116311023215));
#14529=CARTESIAN_POINT('',(-0.063827811018672,-0.0241973865483053,0.0047116311023215));
#14530=CARTESIAN_POINT('',(-0.0635619971685744,-0.0241973865483053,0.00429603872270001));
#14531=CARTESIAN_POINT('',(-0.0726179169502022,-0.0241973865483053,0.00183932652004939));
#14532=CARTESIAN_POINT('',(-0.0729040455893617,-0.0241973865483053,0.00220636999699761));
#14533=CARTESIAN_POINT('',(-0.0729040455893617,-0.0241973865483053,0.00286057506848131));
#14534=CARTESIAN_POINT('',(-0.0726179169502022,-0.0241973865483053,0.00183932652004939));
#14535=CARTESIAN_POINT('',(-0.0729040455893617,-0.0241973865483053,0.00286057506848131));
#14536=CARTESIAN_POINT('',(-0.0729040455893617,-0.0241973865483053,0.00286057506848131));
#14537=CARTESIAN_POINT('',(-0.0729040455893617,-0.0241973865483053,0.00378816899615346));
#14538=CARTESIAN_POINT('',(-0.0725435441631283,-0.0241973865483053,0.00424748982002675));
#14539=CARTESIAN_POINT('',(-0.0725435441631283,-0.0241973865483053,0.00424748982002675));
#14540=CARTESIAN_POINT('',(-0.0725435441631283,-0.0241973865483053,0.00424748982002675));
#14541=CARTESIAN_POINT('',(-0.0721830427368949,-0.0241973865483053,0.00470681064390004));
#14542=CARTESIAN_POINT('',(-0.0714771898966099,-0.0241973865483053,0.00470681064390004));
#14543=CARTESIAN_POINT('',(-0.0714771898966099,-0.0241973865483053,0.00470681064390004));
#14544=CARTESIAN_POINT('',(-0.0714771898966099,-0.0241973865483053,0.00470681064390004));
#14545=CARTESIAN_POINT('',(-0.0712341010647849,-0.0241973865483053,0.00470681064390004));
#14546=CARTESIAN_POINT('',(-0.0710943077705625,-0.0241973865483053,0.00466618106577632));
#14547=CARTESIAN_POINT('',(-0.0710943077705625,-0.0241973865483053,0.00466618106577632));
#14548=CARTESIAN_POINT('',(-0.0710943077705625,-0.0241973865483053,0.00451227071474831));
#14549=CARTESIAN_POINT('',(-0.0710943077705625,-0.0241973865483053,0.00435889995823066));
#14550=CARTESIAN_POINT('',(-0.0714515550740554,-0.0241973865483053,0.00317803912651178));
#14551=CARTESIAN_POINT('',(-0.0714730580751057,-0.0241973865483053,0.00441207404327371));
#14552=CARTESIAN_POINT('',(-0.0714730580751057,-0.0241973865483053,0.00441207404327371));
#14553=CARTESIAN_POINT('',(-0.0719792062093589,-0.0241973865483053,0.00441207404327371));
#14554=CARTESIAN_POINT('',(-0.0722460530148325,-0.0241973865483053,0.0040970226535855));
#14555=CARTESIAN_POINT('',(-0.0722460530148325,-0.0241973865483053,0.0040970226535855));
#14556=CARTESIAN_POINT('',(-0.0722460530148325,-0.0241973865483053,0.0040970226535855));
#14557=CARTESIAN_POINT('',(-0.0725128998203062,-0.0241973865483053,0.0037819712638973));
#14558=CARTESIAN_POINT('',(-0.0725383793862481,-0.0241973865483053,0.00310572981105836));
#14559=CARTESIAN_POINT('',(-0.0725383793862481,-0.0241973865483053,0.00310572981105836));
#14560=CARTESIAN_POINT('',(-0.0725256396032771,-0.0241973865483053,0.00310572981105836));
#14561=CARTESIAN_POINT('',(-0.0725128998203062,-0.0241973865483053,0.00310572981105836));
#14562=CARTESIAN_POINT('',(-0.0725128998203062,-0.0241973865483053,0.00310572981105836));
#14563=CARTESIAN_POINT('',(-0.0722760087207373,-0.0241973865483053,0.00347621647259333));
#14564=CARTESIAN_POINT('',(-0.071763662854228,-0.0241973865483053,0.00347621647259333));
#14565=CARTESIAN_POINT('',(-0.071763662854228,-0.0241973865483053,0.00347621647259333));
#14566=CARTESIAN_POINT('',(-0.071763662854228,-0.0241973865483053,0.00347621647259333));
#14567=CARTESIAN_POINT('',(-0.0713394625131396,-0.0241973865483053,0.00347621647259333));
#14568=CARTESIAN_POINT('',(-0.0710953407259386,-0.0241973865483053,0.00322004353933867));
#14569=CARTESIAN_POINT('',(-0.0710953407259386,-0.0241973865483053,0.00322004353933867));
#14570=CARTESIAN_POINT('',(-0.0710953407259386,-0.0241973865483053,0.00322004353933867));
#14571=CARTESIAN_POINT('',(-0.0708512189387376,-0.0241973865483053,0.002963870606084));
#14572=CARTESIAN_POINT('',(-0.0708512189387376,-0.0241973865483053,0.00252520888973124));
#14573=CARTESIAN_POINT('',(-0.0708512189387376,-0.0241973865483053,0.00252520888973124));
#14574=CARTESIAN_POINT('',(-0.0708512189387376,-0.0241973865483053,0.00252520888973124));
#14575=CARTESIAN_POINT('',(-0.0708512189387376,-0.0241973865483053,0.00203421076765979));
#14576=CARTESIAN_POINT('',(-0.0711190986995872,-0.0241973865483053,0.00175324690538048));
#14577=CARTESIAN_POINT('',(-0.0711190986995872,-0.0241973865483053,0.00175324690538048));
#14578=CARTESIAN_POINT('',(-0.0711190986995872,-0.0241973865483053,0.00175324690538048));
#14579=CARTESIAN_POINT('',(-0.0713869784604368,-0.0241973865483053,0.00147228304310116));
#14580=CARTESIAN_POINT('',(-0.0718435447366407,-0.0241973865483053,0.00147228304310116));
#14581=CARTESIAN_POINT('',(-0.0718435447366407,-0.0241973865483053,0.00147228304310116));
#14582=CARTESIAN_POINT('',(-0.0718435447366407,-0.0241973865483053,0.00147228304310116));
#14583=CARTESIAN_POINT('',(-0.0723317883110428,-0.0241973865483053,0.00147228304310116));
#14584=CARTESIAN_POINT('',(-0.0726179169502022,-0.0241973865483053,0.00183932652004939));
#14585=CARTESIAN_POINT('',(-0.0741342954422097,-0.0241973865483053,0.0015156671688943));
#14586=CARTESIAN_POINT('',(-0.0732573163279629,-0.0241973865483053,0.0015156671688943));
#14587=CARTESIAN_POINT('',(-0.0750112745564565,-0.0241973865483053,0.0015156671688943));
#14588=CARTESIAN_POINT('',(-0.0750112745564565,-0.0241973865483053,0.00308885820658325));
#14589=CARTESIAN_POINT('',(-0.0750112745564565,-0.0241973865483053,0.00466204924427221));
#14590=CARTESIAN_POINT('',(-0.0748284414548998,-0.0241973865483053,0.00466204924427221));
#14591=CARTESIAN_POINT('',(-0.074645608353343,-0.0241973865483053,0.00466204924427221));
#14592=CARTESIAN_POINT('',(-0.074645608353343,-0.0241973865483053,0.00325447538520623));
#14593=CARTESIAN_POINT('',(-0.074645608353343,-0.0241973865483053,0.00184690152614025));
#14594=CARTESIAN_POINT('',(-0.0739514623406529,-0.0241973865483053,0.00184690152614025));
#14595=CARTESIAN_POINT('',(-0.0732573163279629,-0.0241973865483053,0.00184690152614025));
#14596=CARTESIAN_POINT('',(-0.0732573163279629,-0.0241973865483053,0.00168128434751728));
#14597=CARTESIAN_POINT('',(-0.0796871192252716,-0.0241973865483053,0.00167921843676522));
#14598=CARTESIAN_POINT('',(-0.0796871192252716,-0.0241973865483053,0.00184276970463614));
#14599=CARTESIAN_POINT('',(-0.0796871192252716,-0.0241973865483053,0.0015156671688943));
#14600=CARTESIAN_POINT('',(-0.0805640983395184,-0.0241973865483053,0.0015156671688943));
#14601=CARTESIAN_POINT('',(-0.0814410774537653,-0.0241973865483053,0.0015156671688943));
#14602=CARTESIAN_POINT('',(-0.0814410774537653,-0.0241973865483053,0.00308885820658325));
#14603=CARTESIAN_POINT('',(-0.0814410774537653,-0.0241973865483053,0.00466204924427221));
#14604=CARTESIAN_POINT('',(-0.0805640983395184,-0.0241973865483053,0.00466204924427221));
#14605=CARTESIAN_POINT('',(-0.0796871192252716,-0.0241973865483053,0.00466204924427221));
#14606=CARTESIAN_POINT('',(-0.0796871192252716,-0.0241973865483053,0.00449953093177731));
#14607=CARTESIAN_POINT('',(-0.0796871192252716,-0.0241973865483053,0.00433701261928241));
#14608=CARTESIAN_POINT('',(-0.0803812652379617,-0.0241973865483053,0.00433701261928241));
#14609=CARTESIAN_POINT('',(-0.0810754112506517,-0.0241973865483053,0.00433701261928241));
#14610=CARTESIAN_POINT('',(-0.0810754112506517,-0.0241973865483053,0.00383017584811188));
#14611=CARTESIAN_POINT('',(-0.0810754112506517,-0.0241973865483053,0.00332333907694136));
#14612=CARTESIAN_POINT('',(-0.0804232720899201,-0.0241973865483053,0.00332333907694136));
#14613=CARTESIAN_POINT('',(-0.0797711329291884,-0.0241973865483053,0.00332333907694136));
#14614=CARTESIAN_POINT('',(-0.0797711329291884,-0.0241973865483053,0.00316185371982248));
#14615=CARTESIAN_POINT('',(-0.0797711329291884,-0.0241973865483053,0.00300036836270362));
#14616=CARTESIAN_POINT('',(-0.0804232720899201,-0.0241973865483053,0.00300036836270362));
#14617=CARTESIAN_POINT('',(-0.0810754112506517,-0.0241973865483053,0.00300036836270362));
#14618=CARTESIAN_POINT('',(-0.0810754112506517,-0.0241973865483053,0.00242156903366988));
#14619=CARTESIAN_POINT('',(-0.0810754112506517,-0.0241973865483053,0.00184276970463614));
#14620=CARTESIAN_POINT('',(-0.0803812652379617,-0.0241973865483053,0.00184276970463614));
#14621=CARTESIAN_POINT('',(-0.0826262215885268,-0.0241973865483053,0.0036504416126832));
#14622=CARTESIAN_POINT('',(-0.0829856615124735,-0.0241973865483053,0.00263882367085838));
#14623=CARTESIAN_POINT('',(-0.0822667531176694,-0.0241973865483053,0.00466204924427221));
#14624=CARTESIAN_POINT('',(-0.0820701472777656,-0.0241973865483053,0.00466204924427221));
#14625=CARTESIAN_POINT('',(-0.0818735414378618,-0.0241973865483053,0.00466204924427222));
#14626=CARTESIAN_POINT('',(-0.0824402896208419,-0.0241973865483053,0.00308885820658325));
#14627=CARTESIAN_POINT('',(-0.083007037803822,-0.0241973865483053,0.0015156671688943));
#14628=CARTESIAN_POINT('',(-0.0831878049946267,-0.0241973865483053,0.0015156671688943));
#14629=CARTESIAN_POINT('',(-0.0833685721854315,-0.0241973865483053,0.0015156671688943));
#14630=CARTESIAN_POINT('',(-0.0839325658207421,-0.0241973865483053,0.00308885820658326));
#14631=CARTESIAN_POINT('',(-0.0844965594560528,-0.0241973865483053,0.00466204924427221));
#14632=CARTESIAN_POINT('',(-0.0843027081638184,-0.0241973865483053,0.00466204924427221));
#14633=CARTESIAN_POINT('',(-0.084108856871584,-0.0241973865483053,0.00466204924427221));
#14634=CARTESIAN_POINT('',(-0.0837473224899746,-0.0241973865483053,0.00364424388042705));
#14635=CARTESIAN_POINT('',(-0.0833858702666566,-0.0241973865483053,0.00262640905110329));
#14636=CARTESIAN_POINT('',(-0.0887858402448427,-0.0241973865483053,0.000689748768544175));
#14637=CARTESIAN_POINT('',(-0.0831881467268217,-0.0241973865483053,0.00194427157191055));
#14638=CARTESIAN_POINT('',(-0.0775709931146716,-0.0241973865483053,0.00068321772540961));
#14639=CARTESIAN_POINT('',(-0.0882760245889288,-0.0241973865483053,0.0271780461338835));
#14640=CARTESIAN_POINT('',(-0.0543482078919256,-0.0241973865483053,0.0876714422142951));
#14641=CARTESIAN_POINT('',(-0.0853067756041269,0.0108026134516947,0.0212645474360066));
#14642=CARTESIAN_POINT('',(-0.0730467756041269,-0.00649738654830529,0.0232075461338835));
#14643=CARTESIAN_POINT('',(-0.0750249291994294,-0.000578888169849806,0.0251573624178894));
#14644=CARTESIAN_POINT('',(-0.0730362486044998,-0.000453591487986141,0.0259776020483086));
#14645=CARTESIAN_POINT('',(-0.0711107300073329,-0.000938530886931353,0.025177506192177));
#14646=CARTESIAN_POINT('',(-0.0702754928781938,-0.00136494368905916,0.0232442532839937));
#14647=CARTESIAN_POINT('',(-0.0710690996568104,-0.000956608888859446,0.0212762978961964));
#14648=CARTESIAN_POINT('',(-0.0729729512464008,-0.0004598730292314,0.0204405685487493));
#14649=CARTESIAN_POINT('',(-0.0749782275261498,-0.000568697331857007,0.0212105931129308));
#14650=CARTESIAN_POINT('',(-0.0758191301942367,-0.000814106777595234,0.0231765498361154));
#14651=CARTESIAN_POINT('',(-0.0750249291994294,-0.000578888169849806,0.0251573624178894));
#14652=CARTESIAN_POINT('',(-0.0730362486044998,-0.000453591487986141,0.0259776020483086));
#14653=CARTESIAN_POINT('',(-0.0711107300073329,-0.000938530886931353,0.025177506192177));
#14654=CARTESIAN_POINT('',(-0.0730467756041269,-0.000555297501454287,0.0257075461338835));
#14655=CARTESIAN_POINT('',(-0.0730467756041269,0.00780261345169471,0.0232075461338835));
#14656=CARTESIAN_POINT('',(-0.0730467756041269,0.00780261345169471,0.0257075461338835));
#14657=CARTESIAN_POINT('',(-0.0622067756041269,0.0108026134516947,0.0212645474360066));
#14658=CARTESIAN_POINT('',(-0.0622067756041269,-0.021471566204276,0.0212645474360066));
#14659=CARTESIAN_POINT('',(-0.0608338273361608,-0.021471566204276,0.022308883614394));
#14660=CARTESIAN_POINT('',(-0.0608338273361608,-0.021471566204276,0.0202202112576192));
#14661=CARTESIAN_POINT('',(-0.0608338273361608,0.0108026134516947,0.0202202112576192));
#14662=CARTESIAN_POINT('',(-0.0608338273361608,0.00502517484405482,0.0202202112576192));
#14663=CARTESIAN_POINT('',(-0.0622067756041269,0.00502517484405482,0.0212645474360066));
#14664=CARTESIAN_POINT('',(-0.0608338273361608,0.00502517484405482,0.022308883614394));
#14665=CARTESIAN_POINT('',(-0.0608338273361608,0.0108026134516947,0.022308883614394));
#14666=CARTESIAN_POINT('',(-0.0737567756041269,-0.00819738654830529,0.0071780461338835));
#14667=CARTESIAN_POINT('',(-0.0737567756041269,-0.00819738654830529,0.0071780461338835));
#14668=CARTESIAN_POINT('',(-0.0662017756041269,-0.00819738654830529,0.0071780461338835));
#14669=CARTESIAN_POINT('',(-0.0737567756041269,-0.00819738654830529,0.0201780461338835));
#14670=CARTESIAN_POINT('',(-0.0737567756041269,-0.00819738654830529,0.0201780461338835));
#14671=CARTESIAN_POINT('',(-0.0660817756041269,-0.00819738654830529,0.0201780461338835));
#14672=CARTESIAN_POINT('',(-0.0737567756041269,-0.00819738654830529,0.0201780461338835));
#14673=CARTESIAN_POINT('',(-0.0662017756041269,-0.00819738654830529,0.0201780461338835));
#14674=CARTESIAN_POINT('',(-0.0737567756041269,-0.00819738654830529,0.0201780461338835));
#14675=CARTESIAN_POINT('',(-0.0755050596800535,-0.0181973865483053,0.0271780461338835));
#14676=CARTESIAN_POINT('',(-0.0628392756041269,-0.0181973865483053,0.0334295461338835));
#14677=CARTESIAN_POINT('',(-0.0628392756041269,-0.0181973865483053,0.0318795461338835));
#14678=CARTESIAN_POINT('',(-0.0628392756041269,-0.0181973865483053,0.0334295461338835));
#14679=CARTESIAN_POINT('',(-0.0755050596800535,-0.0181973865483053,0.0271780461338835));
#14680=CARTESIAN_POINT('',(-0.083268275604127,-0.0181973865483053,0.0129855461338835));
#14681=CARTESIAN_POINT('',(-0.083268275604127,-0.0181973865483053,0.0114355461338835));
#14682=CARTESIAN_POINT('',(-0.083268275604127,-0.0181973865483053,0.0129855461338835));
#14683=CARTESIAN_POINT('',(-0.0877306175475014,-0.00830390390246165,0.0605780461338835));
#14684=CARTESIAN_POINT('',(-0.0755050596800535,-0.00819738654830529,0.0605780461338835));
#14685=CARTESIAN_POINT('',(-0.0575910176140432,-0.021471566204276,0.0605780461338835));
#14686=CARTESIAN_POINT('',(-0.0608338273361608,-0.021471566204276,0.0605780461338835));
#14687=CARTESIAN_POINT('',(-0.0543482078919256,-0.021471566204276,0.0605780461338835));
#14688=CARTESIAN_POINT('',(-0.0608338273361608,-0.00822319568011059,0.0605780461338835));
#14689=CARTESIAN_POINT('',(-0.0608338273361608,0.00502517484405482,0.0605780461338835));
#14690=CARTESIAN_POINT('',(-0.0575910176140432,0.00502517484405482,0.0605780461338835));
#14691=CARTESIAN_POINT('',(-0.0543482078919256,0.00502517484405482,0.0605780461338835));
#14692=CARTESIAN_POINT('',(-0.0543482078919256,-0.00822319568011059,0.0605780461338835));
#14693=CARTESIAN_POINT('',(-0.0918687861846089,0.00502517484405482,0.0605780461338835));
#14694=CARTESIAN_POINT('',(-0.0608338273361608,0.00502517484405482,0.0605780461338835));
#14695=CARTESIAN_POINT('',(-0.0543482078919256,0.00502517484405482,0.0605780461338835));
#14696=CARTESIAN_POINT('',(-0.0608338273361608,0.00502517484405482,0.0605780461338835));
#14697=CARTESIAN_POINT('',(-0.0608338273361608,-0.00822319568011059,0.0605780461338835));
#14698=CARTESIAN_POINT('',(-0.0608338273361608,-0.021471566204276,0.0605780461338835));
#14699=CARTESIAN_POINT('',(-0.0608338273361608,-0.00822319568011059,0.0605780461338835));
#14700=CARTESIAN_POINT('',(-0.0608338273361608,-0.021471566204276,0.0605780461338835));
#14701=CARTESIAN_POINT('',(-0.0575910176140432,-0.021471566204276,0.0605780461338835));
#14702=CARTESIAN_POINT('',(-0.0543482078919256,-0.021471566204276,0.0605780461338835));
#14703=CARTESIAN_POINT('',(-0.0730467756041269,0.0145526134516947,0.0232075461338835));
#14704=CARTESIAN_POINT('',(-0.0741650541956056,-0.0158767133833923,0.0220977719821714));
#14705=CARTESIAN_POINT('',(-0.0730432364743435,-0.0158722909311033,0.0216349213022114));
#14706=CARTESIAN_POINT('',(-0.0719426535317815,-0.0156709764631322,0.0220908196122841));
#14707=CARTESIAN_POINT('',(-0.0714729930452681,-0.0155220183154805,0.0231961654720881));
#14708=CARTESIAN_POINT('',(-0.0719292237491538,-0.0156672832552351,0.0243120384563132));
#14709=CARTESIAN_POINT('',(-0.0730244447243706,-0.0158704405702617,0.0247791713062215));
#14710=CARTESIAN_POINT('',(-0.0741489760273737,-0.0158779625116745,0.0243329098639654));
#14711=CARTESIAN_POINT('',(-0.0746208565245513,-0.0158206186534566,0.0232181419062209));
#14712=CARTESIAN_POINT('',(-0.0741650541956056,-0.0158767133833923,0.0220977719821714));
#14713=CARTESIAN_POINT('',(-0.0730432364743435,-0.0158722909311033,0.0216349213022114));
#14714=CARTESIAN_POINT('',(-0.0719426535317815,-0.0156709764631322,0.0220908196122841));
#14715=CARTESIAN_POINT('',(-0.0730467756041269,-0.0158394755951563,0.0217880461338835));
#14716=CARTESIAN_POINT('',(-0.0737567756041269,-0.00819738654830529,0.0071780461338835));
#14717=CARTESIAN_POINT('',(-0.0699262913174354,0.00881861345169471,0.0219114066905484));
#14718=CARTESIAN_POINT('',(-0.0703769057431542,0.00881861345169471,0.0219114066905484));
#14719=CARTESIAN_POINT('',(-0.0703769057431542,0.00831061345169471,0.0219114066905484));
#14720=CARTESIAN_POINT('',(-0.0703769057431542,0.00881861345169471,0.0219114066905484));
#14721=CARTESIAN_POINT('',(-0.0703769057431542,0.00881861345169471,0.0219114066905484));
#14722=CARTESIAN_POINT('',(-0.0699262913174354,0.00881861345169471,0.0219114066905484));
#14723=CARTESIAN_POINT('',(-0.0694756768917166,0.00881861345169471,0.0219114066905484));
#14724=CARTESIAN_POINT('',(-0.0694756768917166,0.00881861345169471,0.0219114066905484));
#14725=CARTESIAN_POINT('',(-0.0703769057431542,0.00881861345169471,0.0232324803120598));
#14726=CARTESIAN_POINT('',(-0.0703769057431542,0.00831061345169471,0.0252265171228156));
#14727=CARTESIAN_POINT('',(-0.0703769057431542,0.00831061345169471,0.0245535539335713));
#14728=CARTESIAN_POINT('',(-0.0703769057431542,0.00881861345169471,0.0245535539335713));
#14729=CARTESIAN_POINT('',(-0.0703769057431542,0.00881861345169471,0.0245535539335713));
#14730=CARTESIAN_POINT('',(-0.0703769057431542,0.00881861345169471,0.0232324803120598));
#14731=CARTESIAN_POINT('',(-0.0699262913174354,0.00881861345169471,0.0245535539335713));
#14732=CARTESIAN_POINT('',(-0.0694756768917166,0.00881861345169471,0.0245535539335713));
#14733=CARTESIAN_POINT('',(-0.0694756768917166,0.00881861345169471,0.0245535539335713));
#14734=CARTESIAN_POINT('',(-0.0699262913174354,0.00881861345169471,0.0245535539335713));
#14735=CARTESIAN_POINT('',(-0.0703769057431542,0.00881861345169471,0.0245535539335713));
#14736=CARTESIAN_POINT('',(-0.0694756768917166,0.00881861345169471,0.0232324803120598));
#14737=CARTESIAN_POINT('',(-0.0694756768917166,0.00881861345169471,0.0232324803120598));
#14738=CARTESIAN_POINT('',(-0.0755050596800536,0.00881861345169471,0.0271780461338835));
#14739=CARTESIAN_POINT('',(-0.0757109057431541,0.00881861345169471,0.0232324803120598));
#14740=CARTESIAN_POINT('',(-0.0757109057431541,0.00831061345169471,0.0212384435013041));
#14741=CARTESIAN_POINT('',(-0.0757109057431541,0.00831061345169471,0.0219114066905484));
#14742=CARTESIAN_POINT('',(-0.0757109057431541,0.00831061345169471,0.0245535539335713));
#14743=CARTESIAN_POINT('',(-0.0757109057431541,0.00881861345169471,0.0219114066905484));
#14744=CARTESIAN_POINT('',(-0.0757109057431541,0.00881861345169471,0.0219114066905484));
#14745=CARTESIAN_POINT('',(-0.0757109057431541,0.00881861345169471,0.0232324803120598));
#14746=CARTESIAN_POINT('',(-0.0757109057431541,0.00881861345169471,0.0245535539335713));
#14747=CARTESIAN_POINT('',(-0.0757109057431541,0.00881861345169471,0.0245535539335713));
#14748=CARTESIAN_POINT('',(-0.0761615201688729,0.00881861345169471,0.0219114066905484));
#14749=CARTESIAN_POINT('',(-0.0766121345945917,0.00881861345169471,0.0219114066905484));
#14750=CARTESIAN_POINT('',(-0.0766121345945917,0.00881861345169471,0.0219114066905484));
#14751=CARTESIAN_POINT('',(-0.0761615201688729,0.00881861345169471,0.0219114066905484));
#14752=CARTESIAN_POINT('',(-0.0757109057431541,0.00881861345169471,0.0219114066905484));
#14753=CARTESIAN_POINT('',(-0.0766121345945917,0.00881861345169471,0.0232324803120598));
#14754=CARTESIAN_POINT('',(-0.0766121345945917,0.00881861345169471,0.0245535539335713));
#14755=CARTESIAN_POINT('',(-0.0766121345945917,0.00881861345169471,0.0245535539335713));
#14756=CARTESIAN_POINT('',(-0.0766121345945917,0.00881861345169471,0.0232324803120598));
#14757=CARTESIAN_POINT('',(-0.0761615201688729,0.00881861345169471,0.0245535539335713));
#14758=CARTESIAN_POINT('',(-0.0757109057431541,0.00881861345169471,0.0245535539335713));
#14759=CARTESIAN_POINT('',(-0.0761615201688729,0.00881861345169471,0.0245535539335713));
#14760=CARTESIAN_POINT('',(-0.0755050596800536,0.00881861345169471,0.0271780461338835));
#14761=CARTESIAN_POINT('',(-0.0703769057431542,0.00831061345169471,0.0252265171228156));
#14762=CARTESIAN_POINT('',(-0.0703769057431542,0.00831061345169471,0.0252265171228156));
#14763=CARTESIAN_POINT('',(-0.0703769057431542,0.00831061345169471,0.0258994803120598));
#14764=CARTESIAN_POINT('',(-0.0703769057431542,0.00831061345169471,0.0258994803120598));
#14765=CARTESIAN_POINT('',(-0.0757109057431541,0.00831061345169471,0.0212384435013041));
#14766=CARTESIAN_POINT('',(-0.0757109057431541,0.00831061345169471,0.0212384435013041));
#14767=CARTESIAN_POINT('',(-0.0757109057431541,0.00831061345169471,0.0258994803120598));
#14768=CARTESIAN_POINT('',(-0.0757109057431541,0.00831061345169471,0.0258994803120598));
#14769=CARTESIAN_POINT('',(-0.0755050596800536,0.00780261345169471,0.0271780461338835));
#14770=CARTESIAN_POINT('',(-0.0730439057431541,0.00780261345169471,0.0232324803120598));
#14771=CARTESIAN_POINT('',(-0.0730439057431541,0.00780261345169471,0.0252898803120599));
#14772=CARTESIAN_POINT('',(-0.0703769057431542,0.00831061345169471,0.0252265171228156));
#14773=CARTESIAN_POINT('',(-0.0703769057431542,0.00831061345169471,0.0252265171228156));
#14774=CARTESIAN_POINT('',(-0.0703769057431542,0.00831061345169471,0.0205654803120598));
#14775=CARTESIAN_POINT('',(-0.0703769057431542,0.00831061345169471,0.0205654803120598));
#14776=CARTESIAN_POINT('',(-0.0730439057431541,0.00831061345169471,0.0205654803120598));
#14777=CARTESIAN_POINT('',(-0.0757109057431541,0.00831061345169471,0.0205654803120598));
#14778=CARTESIAN_POINT('',(-0.0757109057431541,0.00831061345169471,0.0205654803120598));
#14779=CARTESIAN_POINT('',(-0.0730439057431541,0.00831061345169471,0.0205654803120598));
#14780=CARTESIAN_POINT('',(-0.0757109057431541,0.00831061345169471,0.0212384435013041));
#14781=CARTESIAN_POINT('',(-0.0757109057431541,0.00831061345169471,0.0212384435013041));
#14782=CARTESIAN_POINT('',(-0.0730439057431542,0.00831061345169471,0.0258994803120598));
#14783=CARTESIAN_POINT('',(-0.0730439057431542,0.00831061345169471,0.0258994803120598));
#14784=CARTESIAN_POINT('',(-0.0730439057431541,0.00831061345169471,0.0232324803120598));
#14785=CARTESIAN_POINT('',(-0.0730439057431541,0.00831061345169471,0.0232324803120598));
#14786=CARTESIAN_POINT('',(-0.0730439057431541,0.00831061345169471,0.0252898803120599));
#14787=CARTESIAN_POINT('',(-0.0755050596800536,0.00831061345169471,0.0271780461338835));
#14788=CARTESIAN_POINT('',(-0.0730439057431541,0.00304011345169472,0.0194120252699239));
#14789=CARTESIAN_POINT('',(-0.0730439057431541,0.00304011345169472,0.0194120252699239));
#14790=CARTESIAN_POINT('',(-0.0730439057431541,0.00304011345169472,0.0203010252699239));
#14791=CARTESIAN_POINT('',(-0.0755050596800536,0.00304011345169472,0.0271780461338835));
#14792=CARTESIAN_POINT('',(-0.0730439057431541,0.00304011345169472,0.0270320252699239));
#14793=CARTESIAN_POINT('',(-0.0730439057431541,0.00304011345169472,0.0270320252699239));
#14794=CARTESIAN_POINT('',(-0.0730439057431541,0.00304011345169472,0.0279210252699239));
#14795=CARTESIAN_POINT('',(-0.0755050596800536,0.00304011345169472,0.0271780461338835));
#14796=CARTESIAN_POINT('',(-0.0659515672717833,-0.0247053865483053,0.0039217645581196));
#14797=CARTESIAN_POINT('',(-0.0659515672717833,-0.0241973865483053,0.0039217645581196));
#14798=CARTESIAN_POINT('',(-0.0659515672717833,-0.0247053865483053,0.00372068257825304));
#14799=CARTESIAN_POINT('',(-0.0659515672717833,-0.0241973865483053,0.00372068257825304));
#14800=CARTESIAN_POINT('',(-0.0660079207261866,-0.0247053865483053,0.0035563279006452));
#14801=CARTESIAN_POINT('',(-0.0660079207261866,-0.0241973865483053,0.0035563279006452));
#14802=CARTESIAN_POINT('',(-0.0661206276349931,-0.0247053865483053,0.0034287005252961));
#14803=CARTESIAN_POINT('',(-0.0661206276349931,-0.0241973865483053,0.0034287005252961));
#14804=CARTESIAN_POINT('',(-0.0659515672717833,-0.0247053865483053,0.0039217645581196));
#14805=CARTESIAN_POINT('',(-0.0659515672717833,-0.0247053865483053,0.0039217645581196));
#14806=CARTESIAN_POINT('',(-0.0659515672717833,-0.0247053865483053,0.0039217645581196));
#14807=CARTESIAN_POINT('',(-0.0659515672717833,-0.0247053865483053,0.00362014158831975));
#14808=CARTESIAN_POINT('',(-0.0661206276349931,-0.0247053865483053,0.0034287005252961));
#14809=CARTESIAN_POINT('',(-0.0661206276349931,-0.0247053865483053,0.0034287005252961));
#14810=CARTESIAN_POINT('',(-0.0661206276349931,-0.0247053865483053,0.0034287005252961));
#14811=CARTESIAN_POINT('',(-0.0662056742942859,-0.0247053865483053,0.00449712070256659));
#14812=CARTESIAN_POINT('',(-0.0662056742942859,-0.0241973865483053,0.00449712070256659));
#14813=CARTESIAN_POINT('',(-0.0660362696126175,-0.0247053865483053,0.00435732740834428));
#14814=CARTESIAN_POINT('',(-0.0660362696126175,-0.0241973865483053,0.00435732740834428));
#14815=CARTESIAN_POINT('',(-0.0659515672717833,-0.0247053865483053,0.00416554202686195));
#14816=CARTESIAN_POINT('',(-0.0659515672717833,-0.0241973865483053,0.00416554202686195));
#14817=CARTESIAN_POINT('',(-0.0659515672717833,-0.0247053865483053,0.0039217645581196));
#14818=CARTESIAN_POINT('',(-0.0659515672717833,-0.0241973865483053,0.0039217645581196));
#14819=CARTESIAN_POINT('',(-0.0662056742942859,-0.0247053865483053,0.00449712070256659));
#14820=CARTESIAN_POINT('',(-0.0662056742942859,-0.0247053865483053,0.00449712070256659));
#14821=CARTESIAN_POINT('',(-0.0662056742942859,-0.0247053865483053,0.00449712070256659));
#14822=CARTESIAN_POINT('',(-0.0659515672717833,-0.0247053865483053,0.00428743076123312));
#14823=CARTESIAN_POINT('',(-0.0659515672717833,-0.0247053865483053,0.0039217645581196));
#14824=CARTESIAN_POINT('',(-0.0669177248668272,-0.0247053865483053,0.00470681064390004));
#14825=CARTESIAN_POINT('',(-0.0669177248668272,-0.0241973865483053,0.00470681064390004));
#14826=CARTESIAN_POINT('',(-0.0666124291668015,-0.0247053865483053,0.00470681064390004));
#14827=CARTESIAN_POINT('',(-0.0666124291668015,-0.0241973865483053,0.00470681064390004));
#14828=CARTESIAN_POINT('',(-0.0663750789759544,-0.0247053865483053,0.00463691399678889));
#14829=CARTESIAN_POINT('',(-0.0663750789759544,-0.0241973865483053,0.00463691399678889));
#14830=CARTESIAN_POINT('',(-0.0662056742942859,-0.0247053865483053,0.00449712070256659));
#14831=CARTESIAN_POINT('',(-0.0662056742942859,-0.0241973865483053,0.00449712070256659));
#14832=CARTESIAN_POINT('',(-0.0669177248668272,-0.0247053865483053,0.00470681064390004));
#14833=CARTESIAN_POINT('',(-0.0669177248668272,-0.0247053865483053,0.00470681064390004));
#14834=CARTESIAN_POINT('',(-0.0669177248668272,-0.0247053865483053,0.00470681064390004));
#14835=CARTESIAN_POINT('',(-0.0664597813167886,-0.0247053865483053,0.00470681064390004));
#14836=CARTESIAN_POINT('',(-0.0662056742942859,-0.0247053865483053,0.00449712070256659));
#14837=CARTESIAN_POINT('',(-0.0669270555828644,-0.0247053865483053,0.00308282635660249));
#14838=CARTESIAN_POINT('',(-0.067450729840857,-0.0247053865483053,0.00461969807385511));
#14839=CARTESIAN_POINT('',(-0.0674507052435017,-0.0247053865483053,0.00461962251444629));
#14840=CARTESIAN_POINT('',(-0.0669270555828644,-0.0247053865483053,0.00308282635660249));
#14841=CARTESIAN_POINT('',(-0.0669733930067532,-0.0247053865483053,0.00319351804396119));
#14842=CARTESIAN_POINT('',(-0.0678971343800341,-0.0247053865483053,0.00437993228014523));
#14843=CARTESIAN_POINT('',(-0.0678971343755939,-0.0247053865483053,0.00437993227954968));
#14844=CARTESIAN_POINT('',(-0.0669733930067532,-0.0247053865483053,0.00319351804396119));
#14845=CARTESIAN_POINT('',(-0.0678067551271276,-0.0247053865483053,0.00425919664762172));
#14846=CARTESIAN_POINT('',(-0.0677165436909546,-0.0247053865483053,0.00413868518708526));
#14847=CARTESIAN_POINT('',(-0.0677165436909546,-0.0247053865483053,0.00413868518708526));
#14848=CARTESIAN_POINT('',(-0.0678067551271276,-0.0247053865483053,0.00425919664762172));
#14849=CARTESIAN_POINT('',(-0.0672988854005811,-0.0247053865483053,0.00434562058074931));
#14850=CARTESIAN_POINT('',(-0.0672988854005811,-0.0241973865483053,0.00434562058074931));
#14851=CARTESIAN_POINT('',(-0.0674207741349522,-0.0247053865483053,0.00430820464157322));
#14852=CARTESIAN_POINT('',(-0.0674207741349522,-0.0241973865483053,0.00430820464157322));
#14853=CARTESIAN_POINT('',(-0.0675599935650767,-0.0247053865483053,0.00423922617701854));
#14854=CARTESIAN_POINT('',(-0.0675599935650767,-0.0241973865483053,0.00423922617701854));
#14855=CARTESIAN_POINT('',(-0.0677165436909546,-0.0247053865483053,0.00413868518708525));
#14856=CARTESIAN_POINT('',(-0.0677165436909546,-0.0241973865483053,0.00413868518708525));
#14857=CARTESIAN_POINT('',(-0.0672988854005811,-0.0247053865483053,0.00434562058074931));
#14858=CARTESIAN_POINT('',(-0.0672988854005811,-0.0247053865483053,0.00434562058074931));
#14859=CARTESIAN_POINT('',(-0.0672988854005811,-0.0247053865483053,0.00434562058074931));
#14860=CARTESIAN_POINT('',(-0.0674817185021378,-0.0247053865483053,0.00428949667198518));
#14861=CARTESIAN_POINT('',(-0.0677165436909546,-0.0247053865483053,0.00413868518708525));
#14862=CARTESIAN_POINT('',(-0.0669192086515784,-0.0247053865483053,0.00308105966776223));
#14863=CARTESIAN_POINT('',(-0.0669094612238189,-0.0247053865483053,0.00440174448951343));
#14864=CARTESIAN_POINT('',(-0.0669094612238189,-0.0247053865483053,0.00440174448951343));
#14865=CARTESIAN_POINT('',(-0.0669192086515784,-0.0247053865483053,0.00308105966776223));
#14866=CARTESIAN_POINT('',(-0.0664800961058504,-0.0247053865483053,0.00427021483829934));
#14867=CARTESIAN_POINT('',(-0.0664800961058504,-0.0241973865483053,0.00427021483829934));
#14868=CARTESIAN_POINT('',(-0.0665854575542051,-0.0247053865483053,0.00435790127244207));
#14869=CARTESIAN_POINT('',(-0.0665854575542051,-0.0241973865483053,0.00435790127244207));
#14870=CARTESIAN_POINT('',(-0.0667285792601946,-0.0247053865483053,0.00440174448951343));
#14871=CARTESIAN_POINT('',(-0.0667285792601946,-0.0241973865483053,0.00440174448951343));
#14872=CARTESIAN_POINT('',(-0.0669094612238189,-0.0247053865483053,0.00440174448951343));
#14873=CARTESIAN_POINT('',(-0.0669094612238189,-0.0241973865483053,0.00440174448951343));
#14874=CARTESIAN_POINT('',(-0.0664800961058504,-0.0247053865483053,0.00427021483829934));
#14875=CARTESIAN_POINT('',(-0.0664800961058504,-0.0247053865483053,0.00427021483829934));
#14876=CARTESIAN_POINT('',(-0.0664800961058504,-0.0247053865483053,0.00427021483829934));
#14877=CARTESIAN_POINT('',(-0.0666381382783825,-0.0247053865483053,0.00440174448951343));
#14878=CARTESIAN_POINT('',(-0.0669094612238189,-0.0247053865483053,0.00440174448951343));
#14879=CARTESIAN_POINT('',(-0.0663220539333183,-0.0247053865483053,0.00390868045668993));
#14880=CARTESIAN_POINT('',(-0.0663220539333183,-0.0241973865483053,0.00390868045668993));
#14881=CARTESIAN_POINT('',(-0.0663220539333183,-0.0247053865483053,0.00406201694362014));
#14882=CARTESIAN_POINT('',(-0.0663220539333183,-0.0241973865483053,0.00406201694362014));
#14883=CARTESIAN_POINT('',(-0.0663747346574957,-0.0247053865483053,0.00418252840415661));
#14884=CARTESIAN_POINT('',(-0.0663747346574957,-0.0241973865483053,0.00418252840415661));
#14885=CARTESIAN_POINT('',(-0.0664800961058504,-0.0247053865483053,0.00427021483829934));
#14886=CARTESIAN_POINT('',(-0.0664800961058504,-0.0241973865483053,0.00427021483829934));
#14887=CARTESIAN_POINT('',(-0.0663220539333183,-0.0247053865483053,0.00390868045668993));
#14888=CARTESIAN_POINT('',(-0.0663220539333183,-0.0247053865483053,0.00390868045668993));
#14889=CARTESIAN_POINT('',(-0.0663220539333183,-0.0247053865483053,0.00390868045668993));
#14890=CARTESIAN_POINT('',(-0.0663220539333183,-0.0247053865483053,0.00413868518708525));
#14891=CARTESIAN_POINT('',(-0.0664800961058504,-0.0247053865483053,0.00427021483829934));
#14892=CARTESIAN_POINT('',(-0.0665372529699906,-0.0247053865483053,0.00345762327582486));
#14893=CARTESIAN_POINT('',(-0.0665372529699906,-0.0241973865483053,0.00345762327582486));
#14894=CARTESIAN_POINT('',(-0.0663937869455424,-0.0247053865483053,0.00356596881748812));
#14895=CARTESIAN_POINT('',(-0.0663937869455424,-0.0241973865483053,0.00356596881748812));
#14896=CARTESIAN_POINT('',(-0.0663220539333183,-0.0247053865483053,0.00371632121110981));
#14897=CARTESIAN_POINT('',(-0.0663220539333183,-0.0241973865483053,0.00371632121110981));
#14898=CARTESIAN_POINT('',(-0.0663220539333183,-0.0247053865483053,0.00390868045668993));
#14899=CARTESIAN_POINT('',(-0.0663220539333183,-0.0241973865483053,0.00390868045668993));
#14900=CARTESIAN_POINT('',(-0.0665372529699906,-0.0247053865483053,0.00345762327582486));
#14901=CARTESIAN_POINT('',(-0.0665372529699906,-0.0247053865483053,0.00345762327582486));
#14902=CARTESIAN_POINT('',(-0.0665372529699906,-0.0247053865483053,0.00345762327582486));
#14903=CARTESIAN_POINT('',(-0.0663220539333183,-0.0247053865483053,0.00362014158831975));
#14904=CARTESIAN_POINT('',(-0.0663220539333183,-0.0247053865483053,0.00390868045668993));
#14905=CARTESIAN_POINT('',(-0.0671201841205284,-0.0247053865483053,0.00329510496332995));
#14906=CARTESIAN_POINT('',(-0.0671201841205284,-0.0241973865483053,0.00329510496332995));
#14907=CARTESIAN_POINT('',(-0.0668750293779513,-0.0247053865483053,0.00329510496332996));
#14908=CARTESIAN_POINT('',(-0.0668750293779513,-0.0241973865483053,0.00329510496332996));
#14909=CARTESIAN_POINT('',(-0.0666807189944387,-0.0247053865483053,0.00334927773416159));
#14910=CARTESIAN_POINT('',(-0.0666807189944387,-0.0241973865483053,0.00334927773416159));
#14911=CARTESIAN_POINT('',(-0.0665372529699906,-0.0247053865483053,0.00345762327582486));
#14912=CARTESIAN_POINT('',(-0.0665372529699906,-0.0241973865483053,0.00345762327582486));
#14913=CARTESIAN_POINT('',(-0.0671201841205284,-0.0247053865483053,0.00329510496332995));
#14914=CARTESIAN_POINT('',(-0.0671201841205284,-0.0247053865483053,0.00329510496332995));
#14915=CARTESIAN_POINT('',(-0.0671201841205284,-0.0247053865483053,0.00329510496332995));
#14916=CARTESIAN_POINT('',(-0.0667524520066628,-0.0247053865483053,0.00329510496332995));
#14917=CARTESIAN_POINT('',(-0.0665372529699906,-0.0247053865483053,0.00345762327582486));
#14918=CARTESIAN_POINT('',(-0.0672771933376845,-0.0247053865483053,0.00329510496332995));
#14919=CARTESIAN_POINT('',(-0.0674342025548406,-0.0247053865483053,0.00329510496332995));
#14920=CARTESIAN_POINT('',(-0.0674342025548406,-0.0247053865483053,0.00329510496332995));
#14921=CARTESIAN_POINT('',(-0.0672771933376845,-0.0247053865483053,0.00329510496332995));
#14922=CARTESIAN_POINT('',(-0.0674342025548406,-0.0247053865483053,0.00314153893076062));
#14923=CARTESIAN_POINT('',(-0.0674342025548406,-0.0247053865483053,0.00298797289819129));
#14924=CARTESIAN_POINT('',(-0.0674342025548406,-0.0247053865483053,0.00298797289819129));
#14925=CARTESIAN_POINT('',(-0.0674342025548406,-0.0247053865483053,0.00314153893076062));
#14926=CARTESIAN_POINT('',(-0.0672792592484366,-0.0247053865483053,0.00298797289819129));
#14927=CARTESIAN_POINT('',(-0.0671243159420325,-0.0247053865483053,0.00298797289819129));
#14928=CARTESIAN_POINT('',(-0.0671243159420325,-0.0247053865483053,0.00298797289819129));
#14929=CARTESIAN_POINT('',(-0.0672792592484366,-0.0247053865483053,0.00298797289819129));
#14930=CARTESIAN_POINT('',(-0.0662249561279718,-0.0247053865483053,0.00241502698295504));
#14931=CARTESIAN_POINT('',(-0.0662249561279718,-0.0241973865483053,0.00241502698295504));
#14932=CARTESIAN_POINT('',(-0.0662249561279718,-0.0247053865483053,0.00279699092644588));
#14933=CARTESIAN_POINT('',(-0.0662249561279718,-0.0241973865483053,0.00279699092644588));
#14934=CARTESIAN_POINT('',(-0.0665247427326587,-0.0247053865483053,0.0029879728981913));
#14935=CARTESIAN_POINT('',(-0.0665247427326587,-0.0241973865483053,0.0029879728981913));
#14936=CARTESIAN_POINT('',(-0.0671243159420325,-0.0247053865483053,0.00298797289819129));
#14937=CARTESIAN_POINT('',(-0.0671243159420325,-0.0241973865483053,0.00298797289819129));
#14938=CARTESIAN_POINT('',(-0.0662249561279718,-0.0247053865483053,0.00241502698295504));
#14939=CARTESIAN_POINT('',(-0.0662249561279718,-0.0247053865483053,0.00241502698295504));
#14940=CARTESIAN_POINT('',(-0.0662249561279718,-0.0247053865483053,0.00241502698295504));
#14941=CARTESIAN_POINT('',(-0.0662249561279718,-0.0247053865483053,0.00298797289819129));
#14942=CARTESIAN_POINT('',(-0.0671243159420325,-0.0247053865483053,0.00298797289819129));
#14943=CARTESIAN_POINT('',(-0.0670403022381157,-0.0247053865483053,0.00177597192365307));
#14944=CARTESIAN_POINT('',(-0.0670403022381157,-0.0241973865483053,0.00177597192365307));
#14945=CARTESIAN_POINT('',(-0.0664967381646864,-0.0247053865483053,0.00177597192365307));
#14946=CARTESIAN_POINT('',(-0.0664967381646864,-0.0241973865483053,0.00177597192365307));
#14947=CARTESIAN_POINT('',(-0.0662249561279718,-0.0247053865483053,0.00198899027675373));
#14948=CARTESIAN_POINT('',(-0.0662249561279718,-0.0241973865483053,0.00198899027675373));
#14949=CARTESIAN_POINT('',(-0.0662249561279718,-0.0247053865483053,0.00241502698295504));
#14950=CARTESIAN_POINT('',(-0.0662249561279718,-0.0241973865483053,0.00241502698295504));
#14951=CARTESIAN_POINT('',(-0.0670403022381157,-0.0247053865483053,0.00177597192365307));
#14952=CARTESIAN_POINT('',(-0.0670403022381157,-0.0247053865483053,0.00177597192365307));
#14953=CARTESIAN_POINT('',(-0.0670403022381157,-0.0247053865483053,0.00177597192365307));
#14954=CARTESIAN_POINT('',(-0.0662249561279718,-0.0247053865483053,0.00177597192365307));
#14955=CARTESIAN_POINT('',(-0.0662249561279718,-0.0247053865483053,0.00241502698295504));
#14956=CARTESIAN_POINT('',(-0.0670217736477685,-0.0247053865483054,0.00375499917983918));
#14957=CARTESIAN_POINT('',(-0.0674782753175511,-0.0247053865483053,0.00182865264783045));
#14958=CARTESIAN_POINT('',(-0.0674782416496783,-0.0247053865483053,0.00182879382428402));
#14959=CARTESIAN_POINT('',(-0.0670217736477685,-0.0247053865483053,0.00375499917983918));
#14960=CARTESIAN_POINT('',(-0.0670492128557829,-0.0247053865483054,0.00374042867595614));
#14961=CARTESIAN_POINT('',(-0.0679141824862344,-0.0247053865483053,0.0019824687702453));
#14962=CARTESIAN_POINT('',(-0.0679141824862344,-0.0247053865483053,0.0019824687702453));
#14963=CARTESIAN_POINT('',(-0.0670492128557829,-0.0247053865483053,0.00374042867595614));
#14964=CARTESIAN_POINT('',(-0.0679141824862344,-0.0247053865483053,0.00181246968027269));
#14965=CARTESIAN_POINT('',(-0.0679141824862344,-0.0247053865483053,0.00164246577635679));
#14966=CARTESIAN_POINT('',(-0.0679141824862344,-0.0247053865483053,0.00164246577635679));
#14967=CARTESIAN_POINT('',(-0.0679141824862344,-0.0247053865483053,0.00181246968027269));
#14968=CARTESIAN_POINT('',(-0.0672258401301215,-0.0247053865483053,0.0030589111095798));
#14969=CARTESIAN_POINT('',(-0.0675109855711253,-0.0247053865483053,0.00151015807355548));
#14970=CARTESIAN_POINT('',(-0.0675110117961071,-0.0247053865483053,0.00151000861030301));
#14971=CARTESIAN_POINT('',(-0.0672258401301215,-0.0247053865483053,0.0030589111095798));
#14972=CARTESIAN_POINT('',(-0.0670748105513118,-0.0247053865483053,0.00403688900213534));
#14973=CARTESIAN_POINT('',(-0.0670533863395453,-0.0247053865483053,0.00147228304310116));
#14974=CARTESIAN_POINT('',(-0.0670533863395453,-0.0247053865483053,0.00147228304310116));
#14975=CARTESIAN_POINT('',(-0.0670748105513118,-0.0247053865483053,0.00403688900213534));
#14976=CARTESIAN_POINT('',(-0.0661671106269143,-0.0247053865483053,0.00171468323800881));
#14977=CARTESIAN_POINT('',(-0.0661671106269143,-0.0241973865483053,0.00171468323800881));
#14978=CARTESIAN_POINT('',(-0.0663750789759544,-0.0247053865483053,0.00155308310807038));
#14979=CARTESIAN_POINT('',(-0.0663750789759544,-0.0241973865483053,0.00155308310807038));
#14980=CARTESIAN_POINT('',(-0.066670504213498,-0.0247053865483053,0.00147228304310116));
#14981=CARTESIAN_POINT('',(-0.066670504213498,-0.0241973865483053,0.00147228304310116));
#14982=CARTESIAN_POINT('',(-0.0670533863395453,-0.0247053865483053,0.00147228304310116));
#14983=CARTESIAN_POINT('',(-0.0670533863395453,-0.0241973865483053,0.00147228304310116));
#14984=CARTESIAN_POINT('',(-0.0661671106269143,-0.0247053865483053,0.00171468323800881));
#14985=CARTESIAN_POINT('',(-0.0661671106269143,-0.0247053865483053,0.00171468323800881));
#14986=CARTESIAN_POINT('',(-0.0661671106269143,-0.0247053865483053,0.00171468323800881));
#14987=CARTESIAN_POINT('',(-0.0664790631504744,-0.0247053865483053,0.00147228304310116));
#14988=CARTESIAN_POINT('',(-0.0670533863395453,-0.0247053865483053,0.00147228304310116));
#14989=CARTESIAN_POINT('',(-0.0658551581033541,-0.0247053865483053,0.00240676333994683));
#14990=CARTESIAN_POINT('',(-0.0658551581033541,-0.0241973865483053,0.00240676333994683));
#14991=CARTESIAN_POINT('',(-0.0658551581033541,-0.0247053865483053,0.00210697673525991));
#14992=CARTESIAN_POINT('',(-0.0658551581033541,-0.0241973865483053,0.00210697673525991));
#14993=CARTESIAN_POINT('',(-0.0659591422778742,-0.0247053865483053,0.00187628336794724));
#14994=CARTESIAN_POINT('',(-0.0659591422778742,-0.0241973865483053,0.00187628336794724));
#14995=CARTESIAN_POINT('',(-0.0661671106269143,-0.0247053865483053,0.00171468323800881));
#14996=CARTESIAN_POINT('',(-0.0661671106269143,-0.0241973865483053,0.00171468323800881));
#14997=CARTESIAN_POINT('',(-0.0658551581033541,-0.0247053865483053,0.00240676333994683));
#14998=CARTESIAN_POINT('',(-0.0658551581033541,-0.0247053865483053,0.00240676333994683));
#14999=CARTESIAN_POINT('',(-0.0658551581033541,-0.0247053865483053,0.00240676333994683));
#15000=CARTESIAN_POINT('',(-0.0658551581033541,-0.0247053865483053,0.00195708343291645));
#15001=CARTESIAN_POINT('',(-0.0661671106269143,-0.0247053865483053,0.00171468323800881));
#15002=CARTESIAN_POINT('',(-0.0660379912049109,-0.0247053865483053,0.00291463306649338));
#15003=CARTESIAN_POINT('',(-0.0660379912049109,-0.0241973865483053,0.00291463306649338));
#15004=CARTESIAN_POINT('',(-0.0659161024705397,-0.0247053865483053,0.00278539887167047));
#15005=CARTESIAN_POINT('',(-0.0659161024705397,-0.0241973865483053,0.00278539887167047));
#15006=CARTESIAN_POINT('',(-0.0658551581033541,-0.0247053865483053,0.00261610896282161));
#15007=CARTESIAN_POINT('',(-0.0658551581033541,-0.0241973865483053,0.00261610896282161));
#15008=CARTESIAN_POINT('',(-0.0658551581033541,-0.0247053865483053,0.00240676333994683));
#15009=CARTESIAN_POINT('',(-0.0658551581033541,-0.0241973865483053,0.00240676333994683));
#15010=CARTESIAN_POINT('',(-0.0660379912049109,-0.0247053865483053,0.00291463306649338));
#15011=CARTESIAN_POINT('',(-0.0660379912049109,-0.0247053865483053,0.00291463306649338));
#15012=CARTESIAN_POINT('',(-0.0660379912049109,-0.0247053865483053,0.00291463306649338));
#15013=CARTESIAN_POINT('',(-0.0658551581033541,-0.0247053865483053,0.00272078177425901));
#15014=CARTESIAN_POINT('',(-0.0658551581033541,-0.0247053865483053,0.00240676333994683));
#15015=CARTESIAN_POINT('',(-0.0665995746110109,-0.0247053865483053,0.00315531166910765));
#15016=CARTESIAN_POINT('',(-0.0665995746110109,-0.0241973865483053,0.00315531166910765));
#15017=CARTESIAN_POINT('',(-0.0663470744079821,-0.0247053865483053,0.00312409346218773));
#15018=CARTESIAN_POINT('',(-0.0663470744079821,-0.0241973865483053,0.00312409346218773));
#15019=CARTESIAN_POINT('',(-0.0661598799392821,-0.0247053865483053,0.0030438672613163));
#15020=CARTESIAN_POINT('',(-0.0661598799392821,-0.0241973865483053,0.0030438672613163));
#15021=CARTESIAN_POINT('',(-0.0660379912049109,-0.0247053865483053,0.00291463306649338));
#15022=CARTESIAN_POINT('',(-0.0660379912049109,-0.0241973865483053,0.00291463306649338));
#15023=CARTESIAN_POINT('',(-0.0665995746110109,-0.0247053865483053,0.00315531166910765));
#15024=CARTESIAN_POINT('',(-0.0665995746110109,-0.0247053865483053,0.00315531166910765));
#15025=CARTESIAN_POINT('',(-0.0665995746110109,-0.0247053865483053,0.00315531166910765));
#15026=CARTESIAN_POINT('',(-0.0662208243064677,-0.0247053865483053,0.00310848435872776));
#15027=CARTESIAN_POINT('',(-0.0660379912049109,-0.0247053865483053,0.00291463306649338));
#15028=CARTESIAN_POINT('',(-0.0665995746110109,-0.0247053865483053,0.00316391963057454));
#15029=CARTESIAN_POINT('',(-0.0665995746110109,-0.0247053865483053,0.00317252759204143));
#15030=CARTESIAN_POINT('',(-0.0665995746110109,-0.0247053865483053,0.00317252759204143));
#15031=CARTESIAN_POINT('',(-0.0665995746110109,-0.0247053865483053,0.00316391963057454));
#15032=CARTESIAN_POINT('',(-0.0661206276349931,-0.0247053865483053,0.0034287005252961));
#15033=CARTESIAN_POINT('',(-0.0661206276349931,-0.0241973865483053,0.0034287005252961));
#15034=CARTESIAN_POINT('',(-0.0662333345437996,-0.0247053865483053,0.003301073149947));
#15035=CARTESIAN_POINT('',(-0.0662333345437996,-0.0241973865483053,0.003301073149947));
#15036=CARTESIAN_POINT('',(-0.0663929835358055,-0.0247053865483053,0.00321568217219544));
#15037=CARTESIAN_POINT('',(-0.0663929835358055,-0.0241973865483053,0.00321568217219544));
#15038=CARTESIAN_POINT('',(-0.0665995746110109,-0.0247053865483053,0.00317252759204143));
#15039=CARTESIAN_POINT('',(-0.0665995746110109,-0.0241973865483053,0.00317252759204143));
#15040=CARTESIAN_POINT('',(-0.0661206276349931,-0.0247053865483053,0.0034287005252961));
#15041=CARTESIAN_POINT('',(-0.0662896879982028,-0.0247053865483053,0.00323725946227245));
#15042=CARTESIAN_POINT('',(-0.0665995746110109,-0.0247053865483053,0.00317252759204143));
#15043=CARTESIAN_POINT('',(-0.0755050596800536,-0.0247053865483053,0.0271780461338835));
#15044=CARTESIAN_POINT('',(-0.0781314884289751,-0.0247053865483053,0.0029101569265306));
#15045=CARTESIAN_POINT('',(-0.0775977948180279,-0.0247053865483053,0.0015156671688943));
#15046=CARTESIAN_POINT('',(-0.0775977948180279,-0.0247053865483053,0.0015156671688943));
#15047=CARTESIAN_POINT('',(-0.0781314884289751,-0.0247053865483053,0.0029101569265306));
#15048=CARTESIAN_POINT('',(-0.0786651820399223,-0.0247053865483053,0.00430464668416691));
#15049=CARTESIAN_POINT('',(-0.0786651820399223,-0.0247053865483053,0.00430464668416691));
#15050=CARTESIAN_POINT('',(-0.0774504265177147,-0.0247053865483053,0.0015156671688943));
#15051=CARTESIAN_POINT('',(-0.0773030582174015,-0.0247053865483053,0.0015156671688943));
#15052=CARTESIAN_POINT('',(-0.0773030582174015,-0.0247053865483053,0.0015156671688943));
#15053=CARTESIAN_POINT('',(-0.0774504265177147,-0.0247053865483053,0.0015156671688943));
#15054=CARTESIAN_POINT('',(-0.0767648884664915,-0.0247053865483053,0.00290809101577855));
#15055=CARTESIAN_POINT('',(-0.0762267187155815,-0.0247053865483053,0.0043005148626628));
#15056=CARTESIAN_POINT('',(-0.0762267187155815,-0.0247053865483053,0.0043005148626628));
#15057=CARTESIAN_POINT('',(-0.0767648884664915,-0.0247053865483053,0.00290809101577855));
#15058=CARTESIAN_POINT('',(-0.0762181107541146,-0.0247053865483053,0.0043005148626628));
#15059=CARTESIAN_POINT('',(-0.076209315880708,-0.0247053865483053,0.0043005148626628));
#15060=CARTESIAN_POINT('',(-0.0762095027926477,-0.0247053865483053,0.0043005148626628));
#15061=CARTESIAN_POINT('',(-0.0762181107541146,-0.0247053865483053,0.0043005148626628));
#15062=CARTESIAN_POINT('',(-0.0659074317899336,-0.0247053865483053,0.00350383207250012));
#15063=CARTESIAN_POINT('',(-0.0762398028170112,-0.0247053865483053,0.00354301425357641));
#15064=CARTESIAN_POINT('',(-0.0762399018481361,-0.0247053862983053,0.00354301462911998));
#15065=CARTESIAN_POINT('',(-0.0659074317899336,-0.0247053865483053,0.00350383207250012));
#15066=CARTESIAN_POINT('',(-0.0762398028170112,-0.0247053865483053,0.00252934071123535));
#15067=CARTESIAN_POINT('',(-0.0762398028170112,-0.0247053865483053,0.0015156671688943));
#15068=CARTESIAN_POINT('',(-0.0762398028170112,-0.0247053865483053,0.0015156671688943));
#15069=CARTESIAN_POINT('',(-0.0762398028170112,-0.0247053865483053,0.00252934071123535));
#15070=CARTESIAN_POINT('',(-0.0760569697154544,-0.0247053865483053,0.0015156671688943));
#15071=CARTESIAN_POINT('',(-0.0758741366138977,-0.0247053865483053,0.0015156671688943));
#15072=CARTESIAN_POINT('',(-0.0758741366138977,-0.0247053865483053,0.0015156671688943));
#15073=CARTESIAN_POINT('',(-0.0760569697154544,-0.0247053865483053,0.0015156671688943));
#15074=CARTESIAN_POINT('',(-0.0758741366138977,-0.0247053865483053,0.00308885820658325));
#15075=CARTESIAN_POINT('',(-0.0758741366138977,-0.0247053865483053,0.00466204924427221));
#15076=CARTESIAN_POINT('',(-0.0758741366138977,-0.0247053865483053,0.00466204924427221));
#15077=CARTESIAN_POINT('',(-0.0758741366138977,-0.0247053865483053,0.00308885820658325));
#15078=CARTESIAN_POINT('',(-0.0761475254700861,-0.0247053865483053,0.00466204924427221));
#15079=CARTESIAN_POINT('',(-0.0764209143262746,-0.0247053865483053,0.00466204924427221));
#15080=CARTESIAN_POINT('',(-0.0764209143262746,-0.0247053865483053,0.00466204924427221));
#15081=CARTESIAN_POINT('',(-0.0761475254700861,-0.0247053865483053,0.00466204924427221));
#15082=CARTESIAN_POINT('',(-0.0769232749574823,-0.0247053865483053,0.00336431297352376));
#15083=CARTESIAN_POINT('',(-0.0774256355886901,-0.0247053865483053,0.00206657670277531));
#15084=CARTESIAN_POINT('',(-0.0774256355886901,-0.0247053865483053,0.00206657670277531));
#15085=CARTESIAN_POINT('',(-0.0769232749574823,-0.0247053865483053,0.00336431297352376));
#15086=CARTESIAN_POINT('',(-0.0774342435501569,-0.0247053865483053,0.00206657670277531));
#15087=CARTESIAN_POINT('',(-0.0774428515116238,-0.0247053865483053,0.00206657670277531));
#15088=CARTESIAN_POINT('',(-0.0774428515116238,-0.0247053865483053,0.00206657670277531));
#15089=CARTESIAN_POINT('',(-0.0774342435501569,-0.0247053865483053,0.00206657670277531));
#15090=CARTESIAN_POINT('',(-0.0779410803213275,-0.0247053865483053,0.00336431297352376));
#15091=CARTESIAN_POINT('',(-0.0784393091310311,-0.0247053865483053,0.00466204924427221));
#15092=CARTESIAN_POINT('',(-0.0784393091310311,-0.0247053865483053,0.00466204924427221));
#15093=CARTESIAN_POINT('',(-0.0779410803213275,-0.0247053865483053,0.00336431297352376));
#15094=CARTESIAN_POINT('',(-0.0787147638979716,-0.0247053865483053,0.00466204924427221));
#15095=CARTESIAN_POINT('',(-0.0789902186649121,-0.0247053865483053,0.00466204924427221));
#15096=CARTESIAN_POINT('',(-0.0789902186649121,-0.0247053865483053,0.00466204924427221));
#15097=CARTESIAN_POINT('',(-0.0787147638979716,-0.0247053865483053,0.00466204924427221));
#15098=CARTESIAN_POINT('',(-0.0789902186649121,-0.0247053865483053,0.00308885820658325));
#15099=CARTESIAN_POINT('',(-0.0789902186649121,-0.0247053865483053,0.0015156671688943));
#15100=CARTESIAN_POINT('',(-0.0789902186649121,-0.0247053865483053,0.0015156671688943));
#15101=CARTESIAN_POINT('',(-0.0789902186649121,-0.0247053865483053,0.00308885820658325));
#15102=CARTESIAN_POINT('',(-0.0788211583017024,-0.0247053865483053,0.0015156671688943));
#15103=CARTESIAN_POINT('',(-0.0786520979384927,-0.0247053865483053,0.0015156671688943));
#15104=CARTESIAN_POINT('',(-0.0786520979384927,-0.0247053865483053,0.0015156671688943));
#15105=CARTESIAN_POINT('',(-0.0788211583017024,-0.0247053865483053,0.0015156671688943));
#15106=CARTESIAN_POINT('',(-0.0786520979384927,-0.0247053865483053,0.00251625660980568));
#15107=CARTESIAN_POINT('',(-0.0786520979384927,-0.0247053865483053,0.00351684605071706));
#15108=CARTESIAN_POINT('',(-0.078652317248656,-0.0247053865483053,0.00351684759651507));
#15109=CARTESIAN_POINT('',(-0.0786520979384927,-0.0247053865483053,0.00251625660980568));
#15110=CARTESIAN_POINT('',(-0.0875521048515135,-0.0247053865483053,0.00357957735695069));
#15111=CARTESIAN_POINT('',(-0.078681900507984,-0.0247053865483053,0.00430464668416691));
#15112=CARTESIAN_POINT('',(-0.078681900507984,-0.0247053865483053,0.00430464668416691));
#15113=CARTESIAN_POINT('',(-0.0875521048515135,-0.0247053865483053,0.00357957735695069));
#15114=CARTESIAN_POINT('',(-0.0786737900013892,-0.0247053865483053,0.00430464668416691));
#15115=CARTESIAN_POINT('',(-0.0786737900013892,-0.0247053865483053,0.00430464668416691));
#15116=CARTESIAN_POINT('',(-0.0755050596800536,-0.0247053865483053,0.0271780461338835));
#15117=CARTESIAN_POINT('',(-0.065015709701103,-0.0247053865483053,0.00309333434654604));
#15118=CARTESIAN_POINT('',(-0.065015709701103,-0.0241973865483053,0.00309333434654604));
#15119=CARTESIAN_POINT('',(-0.065015709701103,-0.0247053865483053,0.00263562034214656));
#15120=CARTESIAN_POINT('',(-0.065015709701103,-0.0241973865483053,0.00263562034214656));
#15121=CARTESIAN_POINT('',(-0.06496188124873,-0.0247053865483053,0.00230232007414855));
#15122=CARTESIAN_POINT('',(-0.06496188124873,-0.0241973865483053,0.00230232007414855));
#15123=CARTESIAN_POINT('',(-0.0648542243439841,-0.0247053865483053,0.00209343354255201));
#15124=CARTESIAN_POINT('',(-0.0648542243439841,-0.0241973865483053,0.00209343354255201));
#15125=CARTESIAN_POINT('',(-0.065015709701103,-0.0241973865483053,0.00309333434654604));
#15126=CARTESIAN_POINT('',(-0.065015709701103,-0.0241973865483053,0.00240676333994683));
#15127=CARTESIAN_POINT('',(-0.0648542243439841,-0.0241973865483053,0.00209343354255201));
#15128=CARTESIAN_POINT('',(-0.065015709701103,-0.0241973865483053,0.00309333434654604));
#15129=CARTESIAN_POINT('',(-0.0648542243439841,-0.0241973865483053,0.00209343354255201));
#15130=CARTESIAN_POINT('',(-0.065015709701103,-0.0247053865483053,0.00309333434654604));
#15131=CARTESIAN_POINT('',(-0.065015709701103,-0.0247053865483053,0.00309333434654604));
#15132=CARTESIAN_POINT('',(-0.065015709701103,-0.0247053865483053,0.00309333434654604));
#15133=CARTESIAN_POINT('',(-0.065015709701103,-0.0247053865483053,0.00240676333994683));
#15134=CARTESIAN_POINT('',(-0.0648542243439841,-0.0247053865483053,0.00209343354255201));
#15135=CARTESIAN_POINT('',(-0.0648542243439841,-0.0247053865483053,0.00209343354255201));
#15136=CARTESIAN_POINT('',(-0.0648542243439841,-0.0247053865483053,0.00209343354255201));
#15137=CARTESIAN_POINT('',(-0.0648542243439841,-0.0247053865483053,0.00409082492132934));
#15138=CARTESIAN_POINT('',(-0.0648542243439841,-0.0241973865483053,0.00409082492132934));
#15139=CARTESIAN_POINT('',(-0.06496188124873,-0.0247053865483053,0.00388354520920661));
#15140=CARTESIAN_POINT('',(-0.06496188124873,-0.0241973865483053,0.00388354520920661));
#15141=CARTESIAN_POINT('',(-0.065015709701103,-0.0247053865483053,0.00355104835094551));
#15142=CARTESIAN_POINT('',(-0.065015709701103,-0.0241973865483053,0.00355104835094551));
#15143=CARTESIAN_POINT('',(-0.065015709701103,-0.0247053865483053,0.00309333434654604));
#15144=CARTESIAN_POINT('',(-0.065015709701103,-0.0241973865483053,0.00309333434654604));
#15145=CARTESIAN_POINT('',(-0.0648542243439841,-0.0241973865483053,0.00409082492132934));
#15146=CARTESIAN_POINT('',(-0.065015709701103,-0.0241973865483053,0.00377990535314524));
#15147=CARTESIAN_POINT('',(-0.065015709701103,-0.0241973865483053,0.00309333434654604));
#15148=CARTESIAN_POINT('',(-0.0648542243439841,-0.0241973865483053,0.00409082492132934));
#15149=CARTESIAN_POINT('',(-0.0648542243439841,-0.0247053865483053,0.00409082492132934));
#15150=CARTESIAN_POINT('',(-0.0648542243439841,-0.0247053865483053,0.00409082492132934));
#15151=CARTESIAN_POINT('',(-0.0648542243439841,-0.0247053865483053,0.00409082492132934));
#15152=CARTESIAN_POINT('',(-0.065015709701103,-0.0247053865483053,0.00377990535314524));
#15153=CARTESIAN_POINT('',(-0.065015709701103,-0.0247053865483053,0.00309333434654604));
#15154=CARTESIAN_POINT('',(-0.0643401568851814,-0.0247053865483053,0.00440174448951343));
#15155=CARTESIAN_POINT('',(-0.0643401568851814,-0.0241973865483053,0.00440174448951343));
#15156=CARTESIAN_POINT('',(-0.0645752116196373,-0.0247053865483053,0.00440174448951343));
#15157=CARTESIAN_POINT('',(-0.0645752116196373,-0.0241973865483053,0.00440174448951343));
#15158=CARTESIAN_POINT('',(-0.0647465674392382,-0.0247053865483053,0.00429810463345207));
#15159=CARTESIAN_POINT('',(-0.0647465674392382,-0.0241973865483053,0.00429810463345207));
#15160=CARTESIAN_POINT('',(-0.0648542243439841,-0.0247053865483053,0.00409082492132934));
#15161=CARTESIAN_POINT('',(-0.0648542243439841,-0.0241973865483053,0.00409082492132934));
#15162=CARTESIAN_POINT('',(-0.0643401568851814,-0.0241973865483053,0.00440174448951343));
#15163=CARTESIAN_POINT('',(-0.0646927389868652,-0.0241973865483053,0.00440174448951343));
#15164=CARTESIAN_POINT('',(-0.0648542243439841,-0.0241973865483053,0.00409082492132934));
#15165=CARTESIAN_POINT('',(-0.0643401568851814,-0.0241973865483053,0.00440174448951343));
#15166=CARTESIAN_POINT('',(-0.0643401568851814,-0.0247053865483053,0.00440174448951343));
#15167=CARTESIAN_POINT('',(-0.0643401568851814,-0.0247053865483053,0.00440174448951343));
#15168=CARTESIAN_POINT('',(-0.0643401568851814,-0.0247053865483053,0.00440174448951343));
#15169=CARTESIAN_POINT('',(-0.0646927389868652,-0.0247053865483053,0.00440174448951343));
#15170=CARTESIAN_POINT('',(-0.0648542243439841,-0.0247053865483053,0.00409082492132934));
#15171=CARTESIAN_POINT('',(-0.0638226462417919,-0.0247053865483053,0.00408634878136656));
#15172=CARTESIAN_POINT('',(-0.0638226462417919,-0.0241973865483053,0.00408634878136656));
#15173=CARTESIAN_POINT('',(-0.0639293849639814,-0.0247053865483053,0.00429661258679781));
#15174=CARTESIAN_POINT('',(-0.0639293849639814,-0.0241973865483053,0.00429661258679781));
#15175=CARTESIAN_POINT('',(-0.0641018885117779,-0.0247053865483053,0.00440174448951343));
#15176=CARTESIAN_POINT('',(-0.0641018885117779,-0.0241973865483053,0.00440174448951343));
#15177=CARTESIAN_POINT('',(-0.0643401568851814,-0.0247053865483053,0.00440174448951343));
#15178=CARTESIAN_POINT('',(-0.0643401568851814,-0.0241973865483053,0.00440174448951343));
#15179=CARTESIAN_POINT('',(-0.0638226462417919,-0.0241973865483053,0.00408634878136656));
#15180=CARTESIAN_POINT('',(-0.0639827543250761,-0.0241973865483053,0.00440174448951343));
#15181=CARTESIAN_POINT('',(-0.0643401568851814,-0.0241973865483053,0.00440174448951343));
#15182=CARTESIAN_POINT('',(-0.0638226462417919,-0.0241973865483053,0.00408634878136656));
#15183=CARTESIAN_POINT('',(-0.0638226462417919,-0.0247053865483053,0.00408634878136656));
#15184=CARTESIAN_POINT('',(-0.0638226462417919,-0.0247053865483053,0.00408634878136656));
#15185=CARTESIAN_POINT('',(-0.0638226462417919,-0.0247053865483053,0.00408634878136656));
#15186=CARTESIAN_POINT('',(-0.0639827543250761,-0.0247053865483053,0.00440174448951343));
#15187=CARTESIAN_POINT('',(-0.0643401568851814,-0.0247053865483053,0.00440174448951343));
#15188=CARTESIAN_POINT('',(-0.0636625381585077,-0.0247053865483053,0.00309333434654604));
#15189=CARTESIAN_POINT('',(-0.0636625381585077,-0.0241973865483053,0.00309333434654604));
#15190=CARTESIAN_POINT('',(-0.0636625381585077,-0.0247053865483053,0.00354508016432847));
#15191=CARTESIAN_POINT('',(-0.0636625381585077,-0.0241973865483053,0.00354508016432847));
#15192=CARTESIAN_POINT('',(-0.0637159075196024,-0.0247053865483053,0.00387608497593531));
#15193=CARTESIAN_POINT('',(-0.0637159075196024,-0.0241973865483053,0.00387608497593531));
#15194=CARTESIAN_POINT('',(-0.0638226462417919,-0.0247053865483053,0.00408634878136656));
#15195=CARTESIAN_POINT('',(-0.0638226462417919,-0.0241973865483053,0.00408634878136656));
#15196=CARTESIAN_POINT('',(-0.0636625381585077,-0.0241973865483053,0.00309333434654604));
#15197=CARTESIAN_POINT('',(-0.0636625381585077,-0.0241973865483053,0.00377095307321968));
#15198=CARTESIAN_POINT('',(-0.0638226462417919,-0.0241973865483053,0.00408634878136656));
#15199=CARTESIAN_POINT('',(-0.0636625381585077,-0.0241973865483053,0.00309333434654604));
#15200=CARTESIAN_POINT('',(-0.0636625381585077,-0.0247053865483053,0.00309333434654604));
#15201=CARTESIAN_POINT('',(-0.0636625381585077,-0.0247053865483053,0.00309333434654604));
#15202=CARTESIAN_POINT('',(-0.0636625381585077,-0.0247053865483053,0.00309333434654604));
#15203=CARTESIAN_POINT('',(-0.0636625381585077,-0.0247053865483053,0.00377095307321968));
#15204=CARTESIAN_POINT('',(-0.0638226462417919,-0.0247053865483053,0.00408634878136656));
#15205=CARTESIAN_POINT('',(-0.0638226462417919,-0.0247053865483053,0.00209756536405611));
#15206=CARTESIAN_POINT('',(-0.0638226462417919,-0.0241973865483053,0.00209756536405611));
#15207=CARTESIAN_POINT('',(-0.0637159075196024,-0.0247053865483053,0.00230920644332207));
#15208=CARTESIAN_POINT('',(-0.0637159075196024,-0.0241973865483053,0.00230920644332207));
#15209=CARTESIAN_POINT('',(-0.0636625381585077,-0.0247053865483053,0.00264112943748538));
#15210=CARTESIAN_POINT('',(-0.0636625381585077,-0.0241973865483053,0.00264112943748538));
#15211=CARTESIAN_POINT('',(-0.0636625381585077,-0.0247053865483053,0.00309333434654604));
#15212=CARTESIAN_POINT('',(-0.0636625381585077,-0.0241973865483053,0.00309333434654604));
#15213=CARTESIAN_POINT('',(-0.0638226462417919,-0.0241973865483053,0.00209756536405611));
#15214=CARTESIAN_POINT('',(-0.0636625381585077,-0.0241973865483053,0.00241502698295504));
#15215=CARTESIAN_POINT('',(-0.0636625381585077,-0.0241973865483053,0.00309333434654604));
#15216=CARTESIAN_POINT('',(-0.0638226462417919,-0.0241973865483053,0.00209756536405611));
#15217=CARTESIAN_POINT('',(-0.0638226462417919,-0.0247053865483053,0.00209756536405611));
#15218=CARTESIAN_POINT('',(-0.0638226462417919,-0.0247053865483053,0.00209756536405611));
#15219=CARTESIAN_POINT('',(-0.0638226462417919,-0.0247053865483053,0.00209756536405611));
#15220=CARTESIAN_POINT('',(-0.0636625381585077,-0.0247053865483053,0.00241502698295504));
#15221=CARTESIAN_POINT('',(-0.0636625381585077,-0.0247053865483053,0.00309333434654604));
#15222=CARTESIAN_POINT('',(-0.0643401568851814,-0.0247053865483053,0.00178010374515718));
#15223=CARTESIAN_POINT('',(-0.0643401568851814,-0.0241973865483053,0.00178010374515718));
#15224=CARTESIAN_POINT('',(-0.0641018885117779,-0.0247053865483053,0.00178010374515718));
#15225=CARTESIAN_POINT('',(-0.0641018885117779,-0.0241973865483053,0.00178010374515718));
#15226=CARTESIAN_POINT('',(-0.0639293849639814,-0.0247053865483053,0.00188592428479016));
#15227=CARTESIAN_POINT('',(-0.0639293849639814,-0.0241973865483053,0.00188592428479016));
#15228=CARTESIAN_POINT('',(-0.0638226462417919,-0.0247053865483053,0.00209756536405611));
#15229=CARTESIAN_POINT('',(-0.0638226462417919,-0.0241973865483053,0.00209756536405611));
#15230=CARTESIAN_POINT('',(-0.0643401568851814,-0.0241973865483053,0.00178010374515718));
#15231=CARTESIAN_POINT('',(-0.0639827543250761,-0.0241973865483053,0.00178010374515718));
#15232=CARTESIAN_POINT('',(-0.0638226462417919,-0.0241973865483053,0.00209756536405611));
#15233=CARTESIAN_POINT('',(-0.0643401568851814,-0.0241973865483053,0.00178010374515718));
#15234=CARTESIAN_POINT('',(-0.0643401568851814,-0.0247053865483053,0.00178010374515718));
#15235=CARTESIAN_POINT('',(-0.0643401568851814,-0.0247053865483053,0.00178010374515718));
#15236=CARTESIAN_POINT('',(-0.0643401568851814,-0.0247053865483053,0.00178010374515718));
#15237=CARTESIAN_POINT('',(-0.0639827543250761,-0.0247053865483053,0.00178010374515718));
#15238=CARTESIAN_POINT('',(-0.0638226462417919,-0.0247053865483053,0.00209756536405611));
#15239=CARTESIAN_POINT('',(-0.0632961833184769,-0.0247053865483053,0.00309333434654604));
#15240=CARTESIAN_POINT('',(-0.0632961833184769,-0.0241973865483053,0.00309333434654604));
#15241=CARTESIAN_POINT('',(-0.0632961833184769,-0.0247053865483053,0.00254931118183854));
#15242=CARTESIAN_POINT('',(-0.0632961833184769,-0.0241973865483053,0.00254931118183854));
#15243=CARTESIAN_POINT('',(-0.0633819186146871,-0.0247053865483053,0.00214313017342085));
#15244=CARTESIAN_POINT('',(-0.0633819186146871,-0.0241973865483053,0.00214313017342085));
#15245=CARTESIAN_POINT('',(-0.0635533892071076,-0.0247053865483053,0.00187479132129298));
#15246=CARTESIAN_POINT('',(-0.0635533892071076,-0.0241973865483053,0.00187479132129298));
#15247=CARTESIAN_POINT('',(-0.0632961833184769,-0.0247053865483053,0.00309333434654604));
#15248=CARTESIAN_POINT('',(-0.0632961833184769,-0.0247053865483053,0.00309333434654604));
#15249=CARTESIAN_POINT('',(-0.0632961833184769,-0.0247053865483053,0.00309333434654604));
#15250=CARTESIAN_POINT('',(-0.0632961833184769,-0.0247053865483053,0.00227729959948479));
#15251=CARTESIAN_POINT('',(-0.0635533892071076,-0.0247053865483053,0.00187479132129298));
#15252=CARTESIAN_POINT('',(-0.0635533892071076,-0.0247053865483053,0.00187479132129298));
#15253=CARTESIAN_POINT('',(-0.0635533892071076,-0.0247053865483053,0.00187479132129298));
#15254=CARTESIAN_POINT('',(-0.0635619971685744,-0.0247053865483053,0.00429603872270001));
#15255=CARTESIAN_POINT('',(-0.0635619971685744,-0.0241973865483053,0.00429603872270001));
#15256=CARTESIAN_POINT('',(-0.0633847879351761,-0.0247053865483053,0.00401897713628569));
#15257=CARTESIAN_POINT('',(-0.0633847879351761,-0.0241973865483053,0.00401897713628569));
#15258=CARTESIAN_POINT('',(-0.0632961833184769,-0.0247053865483053,0.0036180756775677));
#15259=CARTESIAN_POINT('',(-0.0632961833184769,-0.0241973865483053,0.0036180756775677));
#15260=CARTESIAN_POINT('',(-0.0632961833184769,-0.0247053865483053,0.00309333434654604));
#15261=CARTESIAN_POINT('',(-0.0632961833184769,-0.0241973865483053,0.00309333434654604));
#15262=CARTESIAN_POINT('',(-0.0635619971685744,-0.0247053865483053,0.00429603872270001));
#15263=CARTESIAN_POINT('',(-0.0635619971685744,-0.0247053865483053,0.00429603872270001));
#15264=CARTESIAN_POINT('',(-0.0635619971685744,-0.0247053865483053,0.00429603872270001));
#15265=CARTESIAN_POINT('',(-0.0632961833184769,-0.0247053865483053,0.00388044634307853));
#15266=CARTESIAN_POINT('',(-0.0632961833184769,-0.0247053865483053,0.00309333434654604));
#15267=CARTESIAN_POINT('',(-0.0643401568851814,-0.0247053865483053,0.0047116311023215));
#15268=CARTESIAN_POINT('',(-0.0643401568851814,-0.0241973865483053,0.0047116311023215));
#15269=CARTESIAN_POINT('',(-0.0639985929741751,-0.0247053865483053,0.0047116311023215));
#15270=CARTESIAN_POINT('',(-0.0639985929741751,-0.0241973865483053,0.0047116311023215));
#15271=CARTESIAN_POINT('',(-0.0637392064019728,-0.0247053865483053,0.00457310030911434));
#15272=CARTESIAN_POINT('',(-0.0637392064019728,-0.0241973865483053,0.00457310030911434));
#15273=CARTESIAN_POINT('',(-0.0635619971685744,-0.0247053865483053,0.00429603872270001));
#15274=CARTESIAN_POINT('',(-0.0635619971685744,-0.0241973865483053,0.00429603872270001));
#15275=CARTESIAN_POINT('',(-0.0643401568851814,-0.0247053865483053,0.0047116311023215));
#15276=CARTESIAN_POINT('',(-0.0643401568851814,-0.0247053865483053,0.0047116311023215));
#15277=CARTESIAN_POINT('',(-0.0643401568851814,-0.0247053865483053,0.0047116311023215));
#15278=CARTESIAN_POINT('',(-0.063827811018672,-0.0247053865483053,0.0047116311023215));
#15279=CARTESIAN_POINT('',(-0.0635619971685744,-0.0247053865483053,0.00429603872270001));
#15280=CARTESIAN_POINT('',(-0.0651210711494577,-0.0247053865483053,0.00431325464563379));
#15281=CARTESIAN_POINT('',(-0.0651210711494577,-0.0241973865483053,0.00431325464563379));
#15282=CARTESIAN_POINT('',(-0.0649502891939546,-0.0247053865483053,0.00457883895009226));
#15283=CARTESIAN_POINT('',(-0.0649502891939546,-0.0241973865483053,0.00457883895009226));
#15284=CARTESIAN_POINT('',(-0.0646899844391958,-0.0247053865483053,0.0047116311023215));
#15285=CARTESIAN_POINT('',(-0.0646899844391958,-0.0241973865483053,0.0047116311023215));
#15286=CARTESIAN_POINT('',(-0.0643401568851814,-0.0247053865483053,0.0047116311023215));
#15287=CARTESIAN_POINT('',(-0.0643401568851814,-0.0241973865483053,0.0047116311023215));
#15288=CARTESIAN_POINT('',(-0.0651210711494577,-0.0247053865483053,0.00431325464563379));
#15289=CARTESIAN_POINT('',(-0.0651210711494577,-0.0247053865483053,0.00431325464563379));
#15290=CARTESIAN_POINT('',(-0.0651210711494577,-0.0247053865483053,0.00431325464563379));
#15291=CARTESIAN_POINT('',(-0.064864898216203,-0.0247053865483053,0.0047116311023215));
#15292=CARTESIAN_POINT('',(-0.0643401568851814,-0.0247053865483053,0.0047116311023215));
#15293=CARTESIAN_POINT('',(-0.0653772440827124,-0.0247053865483053,0.00309333434654604));
#15294=CARTESIAN_POINT('',(-0.0653772440827124,-0.0241973865483053,0.00309333434654604));
#15295=CARTESIAN_POINT('',(-0.0653772440827124,-0.0247053865483053,0.00364103024147941));
#15296=CARTESIAN_POINT('',(-0.0653772440827124,-0.0241973865483053,0.00364103024147941));
#15297=CARTESIAN_POINT('',(-0.0652918531049608,-0.0247053865483053,0.00404767034117532));
#15298=CARTESIAN_POINT('',(-0.0652918531049608,-0.0241973865483053,0.00404767034117532));
#15299=CARTESIAN_POINT('',(-0.0651210711494577,-0.0247053865483053,0.00431325464563379));
#15300=CARTESIAN_POINT('',(-0.0651210711494577,-0.0241973865483053,0.00431325464563379));
#15301=CARTESIAN_POINT('',(-0.0653772440827124,-0.0247053865483053,0.00309333434654604));
#15302=CARTESIAN_POINT('',(-0.0653772440827124,-0.0247053865483053,0.00309333434654604));
#15303=CARTESIAN_POINT('',(-0.0653772440827124,-0.0247053865483053,0.00309333434654604));
#15304=CARTESIAN_POINT('',(-0.0653772440827124,-0.0247053865483053,0.00391487818894609));
#15305=CARTESIAN_POINT('',(-0.0651210711494577,-0.0247053865483053,0.00431325464563379));
#15306=CARTESIAN_POINT('',(-0.0651124631879908,-0.0247053865483053,0.0018844322381359));
#15307=CARTESIAN_POINT('',(-0.0651124631879908,-0.0241973865483053,0.0018844322381359));
#15308=CARTESIAN_POINT('',(-0.0652889837844719,-0.0247053865483053,0.00215919836815905));
#15309=CARTESIAN_POINT('',(-0.0652889837844719,-0.0241973865483053,0.00215919836815905));
#15310=CARTESIAN_POINT('',(-0.0653772440827124,-0.0247053865483053,0.00256216573762909));
#15311=CARTESIAN_POINT('',(-0.0653772440827124,-0.0241973865483053,0.00256216573762909));
#15312=CARTESIAN_POINT('',(-0.0653772440827124,-0.0247053865483053,0.00309333434654604));
#15313=CARTESIAN_POINT('',(-0.0653772440827124,-0.0241973865483053,0.00309333434654604));
#15314=CARTESIAN_POINT('',(-0.0651124631879908,-0.0247053865483053,0.0018844322381359));
#15315=CARTESIAN_POINT('',(-0.0651124631879908,-0.0247053865483053,0.0018844322381359));
#15316=CARTESIAN_POINT('',(-0.0651124631879908,-0.0247053865483053,0.0018844322381359));
#15317=CARTESIAN_POINT('',(-0.0653772440827124,-0.0247053865483053,0.00229658143317062));
#15318=CARTESIAN_POINT('',(-0.0653772440827124,-0.0247053865483053,0.00309333434654604));
#15319=CARTESIAN_POINT('',(-0.0643401568851814,-0.0247053865483053,0.00147228304310116));
#15320=CARTESIAN_POINT('',(-0.0643401568851814,-0.0241973865483053,0.00147228304310116));
#15321=CARTESIAN_POINT('',(-0.06467850715724,-0.0247053865483053,0.00147228304310116));
#15322=CARTESIAN_POINT('',(-0.06467850715724,-0.0241973865483053,0.00147228304310116));
#15323=CARTESIAN_POINT('',(-0.0649359425915098,-0.0247053865483053,0.00160966610811274));
#15324=CARTESIAN_POINT('',(-0.0649359425915098,-0.0241973865483053,0.00160966610811274));
#15325=CARTESIAN_POINT('',(-0.0651124631879908,-0.0247053865483053,0.0018844322381359));
#15326=CARTESIAN_POINT('',(-0.0651124631879908,-0.0241973865483053,0.0018844322381359));
#15327=CARTESIAN_POINT('',(-0.0643401568851814,-0.0247053865483053,0.00147228304310116));
#15328=CARTESIAN_POINT('',(-0.0643401568851814,-0.0247053865483053,0.00147228304310116));
#15329=CARTESIAN_POINT('',(-0.0643401568851814,-0.0247053865483053,0.00147228304310116));
#15330=CARTESIAN_POINT('',(-0.0648476822932693,-0.0247053865483053,0.00147228304310116));
#15331=CARTESIAN_POINT('',(-0.0651124631879908,-0.0247053865483053,0.0018844322381359));
#15332=CARTESIAN_POINT('',(-0.0635533892071076,-0.0247053865483053,0.00187479132129298));
#15333=CARTESIAN_POINT('',(-0.0635533892071076,-0.0241973865483053,0.00187479132129298));
#15334=CARTESIAN_POINT('',(-0.0637248597995281,-0.0247053865483053,0.0016064524691651));
#15335=CARTESIAN_POINT('',(-0.0637248597995281,-0.0241973865483053,0.0016064524691651));
#15336=CARTESIAN_POINT('',(-0.0639871156922193,-0.0247053865483053,0.00147228304310116));
#15337=CARTESIAN_POINT('',(-0.0639871156922193,-0.0241973865483053,0.00147228304310116));
#15338=CARTESIAN_POINT('',(-0.0643401568851814,-0.0247053865483053,0.00147228304310116));
#15339=CARTESIAN_POINT('',(-0.0643401568851814,-0.0241973865483053,0.00147228304310116));
#15340=CARTESIAN_POINT('',(-0.0635533892071076,-0.0247053865483053,0.00187479132129298));
#15341=CARTESIAN_POINT('',(-0.0638105950957383,-0.0247053865483053,0.00147228304310116));
#15342=CARTESIAN_POINT('',(-0.0643401568851814,-0.0247053865483053,0.00147228304310116));
#15343=CARTESIAN_POINT('',(-0.0648542243439841,-0.0247053865483053,0.00209343354255201));
#15344=CARTESIAN_POINT('',(-0.0648542243439841,-0.0241973865483053,0.00209343354255201));
#15345=CARTESIAN_POINT('',(-0.0647465674392382,-0.0247053865483053,0.00188454701095545));
#15346=CARTESIAN_POINT('',(-0.0647465674392382,-0.0241973865483053,0.00188454701095545));
#15347=CARTESIAN_POINT('',(-0.0645752116196373,-0.0247053865483053,0.00178010374515718));
#15348=CARTESIAN_POINT('',(-0.0645752116196373,-0.0241973865483053,0.00178010374515718));
#15349=CARTESIAN_POINT('',(-0.0643401568851814,-0.0247053865483053,0.00178010374515718));
#15350=CARTESIAN_POINT('',(-0.0643401568851814,-0.0241973865483053,0.00178010374515718));
#15351=CARTESIAN_POINT('',(-0.0648542243439841,-0.0241973865483053,0.00209343354255201));
#15352=CARTESIAN_POINT('',(-0.0646927389868652,-0.0241973865483053,0.00178010374515718));
#15353=CARTESIAN_POINT('',(-0.0643401568851814,-0.0241973865483053,0.00178010374515718));
#15354=CARTESIAN_POINT('',(-0.0648542243439841,-0.0247053865483053,0.00209343354255201));
#15355=CARTESIAN_POINT('',(-0.0646927389868652,-0.0247053865483053,0.00178010374515718));
#15356=CARTESIAN_POINT('',(-0.0643401568851814,-0.0247053865483053,0.00178010374515718));
#15357=CARTESIAN_POINT('',(-0.0755050596800536,-0.0247053865483053,0.0271780461338835));
#15358=CARTESIAN_POINT('',(-0.0700551546622795,-0.0247053865483053,0.00309333434654604));
#15359=CARTESIAN_POINT('',(-0.0700551546622795,-0.0241973865483053,0.00309333434654604));
#15360=CARTESIAN_POINT('',(-0.0700551546622795,-0.0247053865483053,0.00263562034214656));
#15361=CARTESIAN_POINT('',(-0.0700551546622795,-0.0241973865483053,0.00263562034214656));
#15362=CARTESIAN_POINT('',(-0.0700013262099065,-0.0247053865483053,0.00230232007414855));
#15363=CARTESIAN_POINT('',(-0.0700013262099065,-0.0241973865483053,0.00230232007414855));
#15364=CARTESIAN_POINT('',(-0.0698936693051606,-0.0247053865483053,0.00209343354255201));
#15365=CARTESIAN_POINT('',(-0.0698936693051606,-0.0241973865483053,0.00209343354255201));
#15366=CARTESIAN_POINT('',(-0.0700551546622795,-0.0241973865483053,0.00309333434654604));
#15367=CARTESIAN_POINT('',(-0.0700551546622795,-0.0241973865483053,0.00240676333994683));
#15368=CARTESIAN_POINT('',(-0.0698936693051606,-0.0241973865483053,0.00209343354255201));
#15369=CARTESIAN_POINT('',(-0.0700551546622795,-0.0241973865483053,0.00309333434654604));
#15370=CARTESIAN_POINT('',(-0.0698936693051606,-0.0241973865483053,0.00209343354255201));
#15371=CARTESIAN_POINT('',(-0.0700551546622795,-0.0247053865483053,0.00309333434654604));
#15372=CARTESIAN_POINT('',(-0.0700551546622795,-0.0247053865483053,0.00309333434654604));
#15373=CARTESIAN_POINT('',(-0.0700551546622795,-0.0247053865483053,0.00309333434654604));
#15374=CARTESIAN_POINT('',(-0.0700551546622795,-0.0247053865483053,0.00240676333994683));
#15375=CARTESIAN_POINT('',(-0.0698936693051606,-0.0247053865483053,0.00209343354255201));
#15376=CARTESIAN_POINT('',(-0.0698936693051606,-0.0247053865483053,0.00209343354255201));
#15377=CARTESIAN_POINT('',(-0.0698936693051606,-0.0247053865483053,0.00209343354255201));
#15378=CARTESIAN_POINT('',(-0.0698936693051606,-0.0247053865483053,0.00409082492132934));
#15379=CARTESIAN_POINT('',(-0.0698936693051606,-0.0241973865483053,0.00409082492132934));
#15380=CARTESIAN_POINT('',(-0.0700013262099065,-0.0247053865483053,0.00388354520920661));
#15381=CARTESIAN_POINT('',(-0.0700013262099065,-0.0241973865483053,0.00388354520920661));
#15382=CARTESIAN_POINT('',(-0.0700551546622795,-0.0247053865483053,0.00355104835094551));
#15383=CARTESIAN_POINT('',(-0.0700551546622795,-0.0241973865483053,0.00355104835094551));
#15384=CARTESIAN_POINT('',(-0.0700551546622795,-0.0247053865483053,0.00309333434654604));
#15385=CARTESIAN_POINT('',(-0.0700551546622795,-0.0241973865483053,0.00309333434654604));
#15386=CARTESIAN_POINT('',(-0.0698936693051606,-0.0241973865483053,0.00409082492132934));
#15387=CARTESIAN_POINT('',(-0.0700551546622795,-0.0241973865483053,0.00377990535314524));
#15388=CARTESIAN_POINT('',(-0.0700551546622795,-0.0241973865483053,0.00309333434654604));
#15389=CARTESIAN_POINT('',(-0.0698936693051606,-0.0241973865483053,0.00409082492132934));
#15390=CARTESIAN_POINT('',(-0.0698936693051606,-0.0247053865483053,0.00409082492132934));
#15391=CARTESIAN_POINT('',(-0.0698936693051606,-0.0247053865483053,0.00409082492132934));
#15392=CARTESIAN_POINT('',(-0.0698936693051606,-0.0247053865483053,0.00409082492132934));
#15393=CARTESIAN_POINT('',(-0.0700551546622795,-0.0247053865483053,0.00377990535314524));
#15394=CARTESIAN_POINT('',(-0.0700551546622795,-0.0247053865483053,0.00309333434654604));
#15395=CARTESIAN_POINT('',(-0.0693796018463579,-0.0247053865483053,0.00440174448951343));
#15396=CARTESIAN_POINT('',(-0.0693796018463579,-0.0241973865483053,0.00440174448951343));
#15397=CARTESIAN_POINT('',(-0.0696146565808138,-0.0247053865483053,0.00440174448951343));
#15398=CARTESIAN_POINT('',(-0.0696146565808138,-0.0241973865483053,0.00440174448951343));
#15399=CARTESIAN_POINT('',(-0.0697860124004147,-0.0247053865483053,0.00429810463345207));
#15400=CARTESIAN_POINT('',(-0.0697860124004147,-0.0241973865483053,0.00429810463345207));
#15401=CARTESIAN_POINT('',(-0.0698936693051606,-0.0247053865483053,0.00409082492132934));
#15402=CARTESIAN_POINT('',(-0.0698936693051606,-0.0241973865483053,0.00409082492132934));
#15403=CARTESIAN_POINT('',(-0.0693796018463579,-0.0241973865483053,0.00440174448951343));
#15404=CARTESIAN_POINT('',(-0.0697321839480418,-0.0241973865483053,0.00440174448951343));
#15405=CARTESIAN_POINT('',(-0.0698936693051606,-0.0241973865483053,0.00409082492132934));
#15406=CARTESIAN_POINT('',(-0.0693796018463579,-0.0241973865483053,0.00440174448951343));
#15407=CARTESIAN_POINT('',(-0.0693796018463579,-0.0247053865483053,0.00440174448951343));
#15408=CARTESIAN_POINT('',(-0.0693796018463579,-0.0247053865483053,0.00440174448951343));
#15409=CARTESIAN_POINT('',(-0.0693796018463579,-0.0247053865483053,0.00440174448951343));
#15410=CARTESIAN_POINT('',(-0.0697321839480418,-0.0247053865483053,0.00440174448951343));
#15411=CARTESIAN_POINT('',(-0.0698936693051606,-0.0247053865483053,0.00409082492132934));
#15412=CARTESIAN_POINT('',(-0.0688620912029684,-0.0247053865483053,0.00408634878136656));
#15413=CARTESIAN_POINT('',(-0.0688620912029684,-0.0241973865483053,0.00408634878136656));
#15414=CARTESIAN_POINT('',(-0.0689688299251579,-0.0247053865483053,0.00429661258679781));
#15415=CARTESIAN_POINT('',(-0.0689688299251579,-0.0241973865483053,0.00429661258679781));
#15416=CARTESIAN_POINT('',(-0.0691413334729544,-0.0247053865483053,0.00440174448951343));
#15417=CARTESIAN_POINT('',(-0.0691413334729544,-0.0241973865483053,0.00440174448951343));
#15418=CARTESIAN_POINT('',(-0.0693796018463579,-0.0247053865483053,0.00440174448951343));
#15419=CARTESIAN_POINT('',(-0.0693796018463579,-0.0241973865483053,0.00440174448951343));
#15420=CARTESIAN_POINT('',(-0.0688620912029684,-0.0241973865483053,0.00408634878136656));
#15421=CARTESIAN_POINT('',(-0.0690221992862526,-0.0241973865483053,0.00440174448951343));
#15422=CARTESIAN_POINT('',(-0.0693796018463579,-0.0241973865483053,0.00440174448951343));
#15423=CARTESIAN_POINT('',(-0.0688620912029684,-0.0241973865483053,0.00408634878136656));
#15424=CARTESIAN_POINT('',(-0.0688620912029684,-0.0247053865483053,0.00408634878136656));
#15425=CARTESIAN_POINT('',(-0.0688620912029684,-0.0247053865483053,0.00408634878136656));
#15426=CARTESIAN_POINT('',(-0.0688620912029684,-0.0247053865483053,0.00408634878136656));
#15427=CARTESIAN_POINT('',(-0.0690221992862526,-0.0247053865483053,0.00440174448951343));
#15428=CARTESIAN_POINT('',(-0.0693796018463579,-0.0247053865483053,0.00440174448951343));
#15429=CARTESIAN_POINT('',(-0.0687019831196843,-0.0247053865483053,0.00309333434654604));
#15430=CARTESIAN_POINT('',(-0.0687019831196843,-0.0241973865483053,0.00309333434654604));
#15431=CARTESIAN_POINT('',(-0.0687019831196843,-0.0247053865483053,0.00354508016432847));
#15432=CARTESIAN_POINT('',(-0.0687019831196843,-0.0241973865483053,0.00354508016432847));
#15433=CARTESIAN_POINT('',(-0.068755352480779,-0.0247053865483053,0.00387608497593531));
#15434=CARTESIAN_POINT('',(-0.068755352480779,-0.0241973865483053,0.00387608497593531));
#15435=CARTESIAN_POINT('',(-0.0688620912029684,-0.0247053865483053,0.00408634878136656));
#15436=CARTESIAN_POINT('',(-0.0688620912029684,-0.0241973865483053,0.00408634878136656));
#15437=CARTESIAN_POINT('',(-0.0687019831196843,-0.0241973865483053,0.00309333434654604));
#15438=CARTESIAN_POINT('',(-0.0687019831196843,-0.0241973865483053,0.00377095307321968));
#15439=CARTESIAN_POINT('',(-0.0688620912029684,-0.0241973865483053,0.00408634878136656));
#15440=CARTESIAN_POINT('',(-0.0687019831196843,-0.0241973865483053,0.00309333434654604));
#15441=CARTESIAN_POINT('',(-0.0687019831196843,-0.0247053865483053,0.00309333434654604));
#15442=CARTESIAN_POINT('',(-0.0687019831196843,-0.0247053865483053,0.00309333434654604));
#15443=CARTESIAN_POINT('',(-0.0687019831196843,-0.0247053865483053,0.00309333434654604));
#15444=CARTESIAN_POINT('',(-0.0687019831196843,-0.0247053865483053,0.00377095307321968));
#15445=CARTESIAN_POINT('',(-0.0688620912029684,-0.0247053865483053,0.00408634878136656));
#15446=CARTESIAN_POINT('',(-0.0688620912029684,-0.0247053865483053,0.00209756536405611));
#15447=CARTESIAN_POINT('',(-0.0688620912029684,-0.0241973865483053,0.00209756536405611));
#15448=CARTESIAN_POINT('',(-0.068755352480779,-0.0247053865483053,0.00230920644332207));
#15449=CARTESIAN_POINT('',(-0.068755352480779,-0.0241973865483053,0.00230920644332207));
#15450=CARTESIAN_POINT('',(-0.0687019831196843,-0.0247053865483053,0.00264112943748538));
#15451=CARTESIAN_POINT('',(-0.0687019831196843,-0.0241973865483053,0.00264112943748538));
#15452=CARTESIAN_POINT('',(-0.0687019831196843,-0.0247053865483053,0.00309333434654604));
#15453=CARTESIAN_POINT('',(-0.0687019831196843,-0.0241973865483053,0.00309333434654604));
#15454=CARTESIAN_POINT('',(-0.0688620912029684,-0.0241973865483053,0.00209756536405611));
#15455=CARTESIAN_POINT('',(-0.0687019831196843,-0.0241973865483053,0.00241502698295504));
#15456=CARTESIAN_POINT('',(-0.0687019831196843,-0.0241973865483053,0.00309333434654604));
#15457=CARTESIAN_POINT('',(-0.0688620912029684,-0.0241973865483053,0.00209756536405611));
#15458=CARTESIAN_POINT('',(-0.0688620912029684,-0.0247053865483053,0.00209756536405611));
#15459=CARTESIAN_POINT('',(-0.0688620912029684,-0.0247053865483053,0.00209756536405611));
#15460=CARTESIAN_POINT('',(-0.0688620912029684,-0.0247053865483053,0.00209756536405611));
#15461=CARTESIAN_POINT('',(-0.0687019831196843,-0.0247053865483053,0.00241502698295504));
#15462=CARTESIAN_POINT('',(-0.0687019831196843,-0.0247053865483053,0.00309333434654604));
#15463=CARTESIAN_POINT('',(-0.0693796018463579,-0.0247053865483053,0.00178010374515718));
#15464=CARTESIAN_POINT('',(-0.0693796018463579,-0.0241973865483053,0.00178010374515718));
#15465=CARTESIAN_POINT('',(-0.0691413334729544,-0.0247053865483053,0.00178010374515718));
#15466=CARTESIAN_POINT('',(-0.0691413334729544,-0.0241973865483053,0.00178010374515718));
#15467=CARTESIAN_POINT('',(-0.0689688299251579,-0.0247053865483053,0.00188592428479016));
#15468=CARTESIAN_POINT('',(-0.0689688299251579,-0.0241973865483053,0.00188592428479016));
#15469=CARTESIAN_POINT('',(-0.0688620912029684,-0.0247053865483053,0.00209756536405611));
#15470=CARTESIAN_POINT('',(-0.0688620912029684,-0.0241973865483053,0.00209756536405611));
#15471=CARTESIAN_POINT('',(-0.0693796018463579,-0.0241973865483053,0.00178010374515718));
#15472=CARTESIAN_POINT('',(-0.0690221992862526,-0.0241973865483053,0.00178010374515718));
#15473=CARTESIAN_POINT('',(-0.0688620912029684,-0.0241973865483053,0.00209756536405611));
#15474=CARTESIAN_POINT('',(-0.0693796018463579,-0.0241973865483053,0.00178010374515718));
#15475=CARTESIAN_POINT('',(-0.0693796018463579,-0.0247053865483053,0.00178010374515718));
#15476=CARTESIAN_POINT('',(-0.0693796018463579,-0.0247053865483053,0.00178010374515718));
#15477=CARTESIAN_POINT('',(-0.0693796018463579,-0.0247053865483053,0.00178010374515718));
#15478=CARTESIAN_POINT('',(-0.0690221992862526,-0.0247053865483053,0.00178010374515718));
#15479=CARTESIAN_POINT('',(-0.0688620912029684,-0.0247053865483053,0.00209756536405611));
#15480=CARTESIAN_POINT('',(-0.0683356282796534,-0.0247053865483053,0.00309333434654604));
#15481=CARTESIAN_POINT('',(-0.0683356282796534,-0.0241973865483053,0.00309333434654604));
#15482=CARTESIAN_POINT('',(-0.0683356282796534,-0.0247053865483053,0.00254931118183854));
#15483=CARTESIAN_POINT('',(-0.0683356282796534,-0.0241973865483053,0.00254931118183854));
#15484=CARTESIAN_POINT('',(-0.0684213635758636,-0.0247053865483053,0.00214313017342085));
#15485=CARTESIAN_POINT('',(-0.0684213635758636,-0.0241973865483053,0.00214313017342085));
#15486=CARTESIAN_POINT('',(-0.0685928341682841,-0.0247053865483053,0.00187479132129298));
#15487=CARTESIAN_POINT('',(-0.0685928341682841,-0.0241973865483053,0.00187479132129298));
#15488=CARTESIAN_POINT('',(-0.0683356282796534,-0.0247053865483053,0.00309333434654604));
#15489=CARTESIAN_POINT('',(-0.0683356282796534,-0.0247053865483053,0.00309333434654604));
#15490=CARTESIAN_POINT('',(-0.0683356282796534,-0.0247053865483053,0.00309333434654604));
#15491=CARTESIAN_POINT('',(-0.0683356282796534,-0.0247053865483053,0.00227729959948479));
#15492=CARTESIAN_POINT('',(-0.0685928341682841,-0.0247053865483053,0.00187479132129298));
#15493=CARTESIAN_POINT('',(-0.0685928341682841,-0.0247053865483053,0.00187479132129298));
#15494=CARTESIAN_POINT('',(-0.0685928341682841,-0.0247053865483053,0.00187479132129298));
#15495=CARTESIAN_POINT('',(-0.068601442129751,-0.0247053865483053,0.00429603872270001));
#15496=CARTESIAN_POINT('',(-0.068601442129751,-0.0241973865483053,0.00429603872270001));
#15497=CARTESIAN_POINT('',(-0.0684242328963526,-0.0247053865483053,0.00401897713628569));
#15498=CARTESIAN_POINT('',(-0.0684242328963526,-0.0241973865483053,0.00401897713628569));
#15499=CARTESIAN_POINT('',(-0.0683356282796534,-0.0247053865483053,0.0036180756775677));
#15500=CARTESIAN_POINT('',(-0.0683356282796534,-0.0241973865483053,0.0036180756775677));
#15501=CARTESIAN_POINT('',(-0.0683356282796534,-0.0247053865483053,0.00309333434654604));
#15502=CARTESIAN_POINT('',(-0.0683356282796534,-0.0241973865483053,0.00309333434654604));
#15503=CARTESIAN_POINT('',(-0.068601442129751,-0.0247053865483053,0.00429603872270001));
#15504=CARTESIAN_POINT('',(-0.068601442129751,-0.0247053865483053,0.00429603872270001));
#15505=CARTESIAN_POINT('',(-0.068601442129751,-0.0247053865483053,0.00429603872270001));
#15506=CARTESIAN_POINT('',(-0.0683356282796534,-0.0247053865483053,0.00388044634307853));
#15507=CARTESIAN_POINT('',(-0.0683356282796534,-0.0247053865483053,0.00309333434654604));
#15508=CARTESIAN_POINT('',(-0.0693796018463579,-0.0247053865483053,0.0047116311023215));
#15509=CARTESIAN_POINT('',(-0.0693796018463579,-0.0241973865483053,0.0047116311023215));
#15510=CARTESIAN_POINT('',(-0.0690380379353517,-0.0247053865483053,0.0047116311023215));
#15511=CARTESIAN_POINT('',(-0.0690380379353517,-0.0241973865483053,0.0047116311023215));
#15512=CARTESIAN_POINT('',(-0.0687786513631494,-0.0247053865483053,0.00457310030911434));
#15513=CARTESIAN_POINT('',(-0.0687786513631494,-0.0241973865483053,0.00457310030911434));
#15514=CARTESIAN_POINT('',(-0.068601442129751,-0.0247053865483053,0.00429603872270001));
#15515=CARTESIAN_POINT('',(-0.068601442129751,-0.0241973865483053,0.00429603872270001));
#15516=CARTESIAN_POINT('',(-0.0693796018463579,-0.0247053865483053,0.0047116311023215));
#15517=CARTESIAN_POINT('',(-0.0693796018463579,-0.0247053865483053,0.0047116311023215));
#15518=CARTESIAN_POINT('',(-0.0693796018463579,-0.0247053865483053,0.0047116311023215));
#15519=CARTESIAN_POINT('',(-0.0688672559798486,-0.0247053865483053,0.0047116311023215));
#15520=CARTESIAN_POINT('',(-0.068601442129751,-0.0247053865483053,0.00429603872270001));
#15521=CARTESIAN_POINT('',(-0.0701605161106342,-0.0247053865483053,0.00431325464563379));
#15522=CARTESIAN_POINT('',(-0.0701605161106342,-0.0241973865483053,0.00431325464563379));
#15523=CARTESIAN_POINT('',(-0.0699897341551311,-0.0247053865483053,0.00457883895009226));
#15524=CARTESIAN_POINT('',(-0.0699897341551311,-0.0241973865483053,0.00457883895009226));
#15525=CARTESIAN_POINT('',(-0.0697294294003724,-0.0247053865483053,0.0047116311023215));
#15526=CARTESIAN_POINT('',(-0.0697294294003724,-0.0241973865483053,0.0047116311023215));
#15527=CARTESIAN_POINT('',(-0.0693796018463579,-0.0247053865483053,0.0047116311023215));
#15528=CARTESIAN_POINT('',(-0.0693796018463579,-0.0241973865483053,0.0047116311023215));
#15529=CARTESIAN_POINT('',(-0.0701605161106342,-0.0247053865483053,0.00431325464563379));
#15530=CARTESIAN_POINT('',(-0.0701605161106342,-0.0247053865483053,0.00431325464563379));
#15531=CARTESIAN_POINT('',(-0.0701605161106342,-0.0247053865483053,0.00431325464563379));
#15532=CARTESIAN_POINT('',(-0.0699043431773796,-0.0247053865483053,0.0047116311023215));
#15533=CARTESIAN_POINT('',(-0.0693796018463579,-0.0247053865483053,0.0047116311023215));
#15534=CARTESIAN_POINT('',(-0.0704166890438889,-0.0247053865483053,0.00309333434654604));
#15535=CARTESIAN_POINT('',(-0.0704166890438889,-0.0241973865483053,0.00309333434654604));
#15536=CARTESIAN_POINT('',(-0.0704166890438889,-0.0247053865483053,0.00364103024147941));
#15537=CARTESIAN_POINT('',(-0.0704166890438889,-0.0241973865483053,0.00364103024147941));
#15538=CARTESIAN_POINT('',(-0.0703312980661373,-0.0247053865483053,0.00404767034117532));
#15539=CARTESIAN_POINT('',(-0.0703312980661373,-0.0241973865483053,0.00404767034117532));
#15540=CARTESIAN_POINT('',(-0.0701605161106342,-0.0247053865483053,0.00431325464563379));
#15541=CARTESIAN_POINT('',(-0.0701605161106342,-0.0241973865483053,0.00431325464563379));
#15542=CARTESIAN_POINT('',(-0.0704166890438889,-0.0247053865483053,0.00309333434654604));
#15543=CARTESIAN_POINT('',(-0.0704166890438889,-0.0247053865483053,0.00309333434654604));
#15544=CARTESIAN_POINT('',(-0.0704166890438889,-0.0247053865483053,0.00309333434654604));
#15545=CARTESIAN_POINT('',(-0.0704166890438889,-0.0247053865483053,0.00391487818894609));
#15546=CARTESIAN_POINT('',(-0.0701605161106342,-0.0247053865483053,0.00431325464563379));
#15547=CARTESIAN_POINT('',(-0.0701519081491673,-0.0247053865483053,0.0018844322381359));
#15548=CARTESIAN_POINT('',(-0.0701519081491673,-0.0241973865483053,0.0018844322381359));
#15549=CARTESIAN_POINT('',(-0.0703284287456484,-0.0247053865483053,0.00215919836815905));
#15550=CARTESIAN_POINT('',(-0.0703284287456484,-0.0241973865483053,0.00215919836815905));
#15551=CARTESIAN_POINT('',(-0.0704166890438889,-0.0247053865483053,0.00256216573762909));
#15552=CARTESIAN_POINT('',(-0.0704166890438889,-0.0241973865483053,0.00256216573762909));
#15553=CARTESIAN_POINT('',(-0.0704166890438889,-0.0247053865483053,0.00309333434654604));
#15554=CARTESIAN_POINT('',(-0.0704166890438889,-0.0241973865483053,0.00309333434654604));
#15555=CARTESIAN_POINT('',(-0.0701519081491673,-0.0247053865483053,0.0018844322381359));
#15556=CARTESIAN_POINT('',(-0.0701519081491673,-0.0247053865483053,0.0018844322381359));
#15557=CARTESIAN_POINT('',(-0.0701519081491673,-0.0247053865483053,0.0018844322381359));
#15558=CARTESIAN_POINT('',(-0.0704166890438889,-0.0247053865483053,0.00229658143317062));
#15559=CARTESIAN_POINT('',(-0.0704166890438889,-0.0247053865483053,0.00309333434654604));
#15560=CARTESIAN_POINT('',(-0.0693796018463579,-0.0247053865483053,0.00147228304310116));
#15561=CARTESIAN_POINT('',(-0.0693796018463579,-0.0241973865483053,0.00147228304310116));
#15562=CARTESIAN_POINT('',(-0.0697179521184165,-0.0247053865483053,0.00147228304310116));
#15563=CARTESIAN_POINT('',(-0.0697179521184165,-0.0241973865483053,0.00147228304310116));
#15564=CARTESIAN_POINT('',(-0.0699753875526863,-0.0247053865483053,0.00160966610811274));
#15565=CARTESIAN_POINT('',(-0.0699753875526863,-0.0241973865483053,0.00160966610811274));
#15566=CARTESIAN_POINT('',(-0.0701519081491673,-0.0247053865483053,0.0018844322381359));
#15567=CARTESIAN_POINT('',(-0.0701519081491673,-0.0241973865483053,0.0018844322381359));
#15568=CARTESIAN_POINT('',(-0.0693796018463579,-0.0247053865483053,0.00147228304310116));
#15569=CARTESIAN_POINT('',(-0.0693796018463579,-0.0247053865483053,0.00147228304310116));
#15570=CARTESIAN_POINT('',(-0.0693796018463579,-0.0247053865483053,0.00147228304310116));
#15571=CARTESIAN_POINT('',(-0.0698871272544458,-0.0247053865483053,0.00147228304310116));
#15572=CARTESIAN_POINT('',(-0.0701519081491673,-0.0247053865483053,0.0018844322381359));
#15573=CARTESIAN_POINT('',(-0.0685928341682841,-0.0247053865483053,0.00187479132129298));
#15574=CARTESIAN_POINT('',(-0.0685928341682841,-0.0241973865483053,0.00187479132129298));
#15575=CARTESIAN_POINT('',(-0.0687643047607046,-0.0247053865483053,0.0016064524691651));
#15576=CARTESIAN_POINT('',(-0.0687643047607046,-0.0241973865483053,0.0016064524691651));
#15577=CARTESIAN_POINT('',(-0.0690265606533958,-0.0247053865483053,0.00147228304310116));
#15578=CARTESIAN_POINT('',(-0.0690265606533958,-0.0241973865483053,0.00147228304310116));
#15579=CARTESIAN_POINT('',(-0.0693796018463579,-0.0247053865483053,0.00147228304310116));
#15580=CARTESIAN_POINT('',(-0.0693796018463579,-0.0241973865483053,0.00147228304310116));
#15581=CARTESIAN_POINT('',(-0.0685928341682841,-0.0247053865483053,0.00187479132129298));
#15582=CARTESIAN_POINT('',(-0.0688500400569148,-0.0247053865483053,0.00147228304310116));
#15583=CARTESIAN_POINT('',(-0.0693796018463579,-0.0247053865483053,0.00147228304310116));
#15584=CARTESIAN_POINT('',(-0.0698936693051606,-0.0247053865483053,0.00209343354255201));
#15585=CARTESIAN_POINT('',(-0.0698936693051606,-0.0241973865483053,0.00209343354255201));
#15586=CARTESIAN_POINT('',(-0.0697860124004147,-0.0247053865483053,0.00188454701095545));
#15587=CARTESIAN_POINT('',(-0.0697860124004147,-0.0241973865483053,0.00188454701095545));
#15588=CARTESIAN_POINT('',(-0.0696146565808138,-0.0247053865483053,0.00178010374515718));
#15589=CARTESIAN_POINT('',(-0.0696146565808138,-0.0241973865483053,0.00178010374515718));
#15590=CARTESIAN_POINT('',(-0.0693796018463579,-0.0247053865483053,0.00178010374515718));
#15591=CARTESIAN_POINT('',(-0.0693796018463579,-0.0241973865483053,0.00178010374515718));
#15592=CARTESIAN_POINT('',(-0.0698936693051606,-0.0241973865483053,0.00209343354255201));
#15593=CARTESIAN_POINT('',(-0.0697321839480418,-0.0241973865483053,0.00178010374515718));
#15594=CARTESIAN_POINT('',(-0.0693796018463579,-0.0241973865483053,0.00178010374515718));
#15595=CARTESIAN_POINT('',(-0.0698936693051606,-0.0247053865483053,0.00209343354255201));
#15596=CARTESIAN_POINT('',(-0.0697321839480418,-0.0247053865483053,0.00178010374515718));
#15597=CARTESIAN_POINT('',(-0.0693796018463579,-0.0247053865483053,0.00178010374515718));
#15598=CARTESIAN_POINT('',(-0.0755050596800536,-0.0247053865483053,0.0271780461338835));
#15599=CARTESIAN_POINT('',(-0.0718476765581448,-0.0247053865483053,0.00177597192365307));
#15600=CARTESIAN_POINT('',(-0.0718476765581448,-0.0241973865483053,0.00177597192365307));
#15601=CARTESIAN_POINT('',(-0.0716438400306089,-0.0247053865483053,0.00177597192365307));
#15602=CARTESIAN_POINT('',(-0.0716438400306089,-0.0241973865483053,0.00177597192365307));
#15603=CARTESIAN_POINT('',(-0.0714856830852572,-0.0247053865483053,0.00184024470260586));
#15604=CARTESIAN_POINT('',(-0.0714856830852572,-0.0241973865483053,0.00184024470260586));
#15605=CARTESIAN_POINT('',(-0.0713732057220898,-0.0247053865483053,0.00196879026051143));
#15606=CARTESIAN_POINT('',(-0.0713732057220898,-0.0241973865483053,0.00196879026051143));
#15607=CARTESIAN_POINT('',(-0.0718476765581448,-0.0241973865483053,0.00177597192365307));
#15608=CARTESIAN_POINT('',(-0.0715419217668409,-0.0241973865483053,0.00177597192365307));
#15609=CARTESIAN_POINT('',(-0.0713732057220898,-0.0241973865483053,0.00196879026051143));
#15610=CARTESIAN_POINT('',(-0.0718476765581448,-0.0241973865483053,0.00177597192365307));
#15611=CARTESIAN_POINT('',(-0.0713732057220898,-0.0241973865483053,0.00196879026051143));
#15612=CARTESIAN_POINT('',(-0.0718476765581448,-0.0247053865483053,0.00177597192365307));
#15613=CARTESIAN_POINT('',(-0.0718476765581448,-0.0247053865483053,0.00177597192365307));
#15614=CARTESIAN_POINT('',(-0.0718476765581448,-0.0247053865483053,0.00177597192365307));
#15615=CARTESIAN_POINT('',(-0.0715419217668409,-0.0247053865483053,0.00177597192365307));
#15616=CARTESIAN_POINT('',(-0.0713732057220898,-0.0247053865483053,0.00196879026051143));
#15617=CARTESIAN_POINT('',(-0.0713732057220898,-0.0247053865483053,0.00196879026051143));
#15618=CARTESIAN_POINT('',(-0.0713732057220898,-0.0247053865483053,0.00196879026051143));
#15619=CARTESIAN_POINT('',(-0.0718574266722551,-0.0247053865483053,0.00238384237839199));
#15620=CARTESIAN_POINT('',(-0.0718574266722551,-0.0241973865483053,0.00238384237839199));
#15621=CARTESIAN_POINT('',(-0.0722082681295265,-0.0241973865483053,0.00188774931294464));
#15622=CARTESIAN_POINT('',(-0.0722081779843782,-0.0247053865483053,0.00188787542272265));
#15623=CARTESIAN_POINT('',(-0.0722082681295265,-0.0247053865483053,0.00188774931294464));
#15624=CARTESIAN_POINT('',(-0.0718574266722551,-0.0247053865483053,0.00238384237839199));
#15625=CARTESIAN_POINT('',(-0.0717825717425374,-0.0247053865483053,0.00247845869156901));
#15626=CARTESIAN_POINT('',(-0.0717825717425374,-0.0241973865483053,0.00247845869156901));
#15627=CARTESIAN_POINT('',(-0.0724521721671377,-0.0241973865483053,0.00219127188338842));
#15628=CARTESIAN_POINT('',(-0.0724522997715792,-0.0247053865483053,0.00219121998481588));
#15629=CARTESIAN_POINT('',(-0.0724521721671377,-0.0247053865483053,0.00219127188338842));
#15630=CARTESIAN_POINT('',(-0.0717825717425374,-0.0247053865483053,0.00247845869156901));
#15631=CARTESIAN_POINT('',(-0.0715427349889859,-0.0247053865483053,0.00259522193072576));
#15632=CARTESIAN_POINT('',(-0.0715427349889859,-0.0241973865483053,0.00259522193072576));
#15633=CARTESIAN_POINT('',(-0.0725384615352273,-0.0241973865483053,0.00260440450632943));
#15634=CARTESIAN_POINT('',(-0.0725383793862481,-0.0247053865483053,0.00260440213522664));
#15635=CARTESIAN_POINT('',(-0.0725384615352273,-0.0247053865483053,0.00260440450632943));
#15636=CARTESIAN_POINT('',(-0.0715427349889859,-0.0247053865483053,0.00259522193072576));
#15637=CARTESIAN_POINT('',(-0.0720314427813688,-0.0247053865483053,0.00259675245057086));
#15638=CARTESIAN_POINT('',(-0.0720314427813688,-0.0241973865483053,0.00259675245057086));
#15639=CARTESIAN_POINT('',(-0.0724425038427217,-0.0241973865483053,0.00289488809965967));
#15640=CARTESIAN_POINT('',(-0.0724426588547363,-0.0247053865483053,0.00289500691434887));
#15641=CARTESIAN_POINT('',(-0.0724425038427217,-0.0247053865483053,0.00289488809965967));
#15642=CARTESIAN_POINT('',(-0.0720314427813688,-0.0247053865483053,0.00259675245057086));
#15643=CARTESIAN_POINT('',(-0.0719013783138897,-0.0247053865483053,0.00252021353302098));
#15644=CARTESIAN_POINT('',(-0.0719013783138897,-0.0241973865483053,0.00252021353302098));
#15645=CARTESIAN_POINT('',(-0.0721854382790015,-0.0241973865483053,0.00311464844624534));
#15646=CARTESIAN_POINT('',(-0.0721854529661056,-0.0247053865483053,0.00311468209098393));
#15647=CARTESIAN_POINT('',(-0.0721854382790015,-0.0247053865483053,0.00311464844624534));
#15648=CARTESIAN_POINT('',(-0.0719013783138897,-0.0247053865483053,0.00252021353302098));
#15649=CARTESIAN_POINT('',(-0.0718404640423366,-0.0247053865483053,0.00240499864644575));
#15650=CARTESIAN_POINT('',(-0.0718404640423366,-0.0241973865483053,0.00240499864644575));
#15651=CARTESIAN_POINT('',(-0.0718304606352111,-0.0241973865483053,0.00319456397339667));
#15652=CARTESIAN_POINT('',(-0.0718304606352111,-0.0247053865483053,0.00319456397339667));
#15653=CARTESIAN_POINT('',(-0.0718304606352111,-0.0247053865483053,0.00319456397339667));
#15654=CARTESIAN_POINT('',(-0.0718404640423366,-0.0247053865483053,0.00240499864644575));
#15655=CARTESIAN_POINT('',(-0.0713614988944948,-0.0247053865483053,0.00301586269334402));
#15656=CARTESIAN_POINT('',(-0.0713614988944948,-0.0241973865483053,0.00301586269334402));
#15657=CARTESIAN_POINT('',(-0.0714661717059322,-0.0247053865483053,0.00313499688004579));
#15658=CARTESIAN_POINT('',(-0.0714661717059322,-0.0241973865483053,0.00313499688004579));
#15659=CARTESIAN_POINT('',(-0.071622492286171,-0.0247053865483053,0.00319456397339667));
#15660=CARTESIAN_POINT('',(-0.071622492286171,-0.0241973865483053,0.00319456397339667));
#15661=CARTESIAN_POINT('',(-0.0718304606352111,-0.0247053865483053,0.00319456397339667));
#15662=CARTESIAN_POINT('',(-0.0718304606352111,-0.0241973865483053,0.00319456397339667));
#15663=CARTESIAN_POINT('',(-0.0713614988944948,-0.0241973865483053,0.00301586269334402));
#15664=CARTESIAN_POINT('',(-0.0715185081116509,-0.0241973865483053,0.00319456397339667));
#15665=CARTESIAN_POINT('',(-0.0718304606352111,-0.0241973865483053,0.00319456397339667));
#15666=CARTESIAN_POINT('',(-0.0713614988944948,-0.0241973865483053,0.00301586269334402));
#15667=CARTESIAN_POINT('',(-0.0713614988944948,-0.0247053865483053,0.00301586269334402));
#15668=CARTESIAN_POINT('',(-0.0713614988944948,-0.0247053865483053,0.00301586269334402));
#15669=CARTESIAN_POINT('',(-0.0713614988944948,-0.0247053865483053,0.00301586269334402));
#15670=CARTESIAN_POINT('',(-0.0715185081116509,-0.0247053865483053,0.00319456397339667));
#15671=CARTESIAN_POINT('',(-0.0718304606352111,-0.0247053865483053,0.00319456397339667));
#15672=CARTESIAN_POINT('',(-0.0712044896773388,-0.0247053865483053,0.00252520888973124));
#15673=CARTESIAN_POINT('',(-0.0712044896773388,-0.0241973865483053,0.00252520888973124));
#15674=CARTESIAN_POINT('',(-0.0712044896773388,-0.0247053865483053,0.00273317723877133));
#15675=CARTESIAN_POINT('',(-0.0712044896773388,-0.0241973865483053,0.00273317723877133));
#15676=CARTESIAN_POINT('',(-0.0712568260830575,-0.0247053865483053,0.00289672850664225));
#15677=CARTESIAN_POINT('',(-0.0712568260830575,-0.0241973865483053,0.00289672850664225));
#15678=CARTESIAN_POINT('',(-0.0713614988944948,-0.0247053865483053,0.00301586269334402));
#15679=CARTESIAN_POINT('',(-0.0713614988944948,-0.0241973865483053,0.00301586269334402));
#15680=CARTESIAN_POINT('',(-0.0712044896773388,-0.0241973865483053,0.00252520888973124));
#15681=CARTESIAN_POINT('',(-0.0712044896773388,-0.0241973865483053,0.00283716141329137));
#15682=CARTESIAN_POINT('',(-0.0713614988944948,-0.0241973865483053,0.00301586269334402));
#15683=CARTESIAN_POINT('',(-0.0712044896773388,-0.0241973865483053,0.00252520888973124));
#15684=CARTESIAN_POINT('',(-0.0712044896773388,-0.0247053865483053,0.00252520888973124));
#15685=CARTESIAN_POINT('',(-0.0712044896773388,-0.0247053865483053,0.00252520888973124));
#15686=CARTESIAN_POINT('',(-0.0712044896773388,-0.0247053865483053,0.00252520888973124));
#15687=CARTESIAN_POINT('',(-0.0712044896773388,-0.0247053865483053,0.00283716141329137));
#15688=CARTESIAN_POINT('',(-0.0713614988944948,-0.0247053865483053,0.00301586269334402));
#15689=CARTESIAN_POINT('',(-0.0729040455893617,-0.0247053865483053,0.00286057506848131));
#15690=CARTESIAN_POINT('',(-0.0729040455893617,-0.0241973865483053,0.00286057506848131));
#15691=CARTESIAN_POINT('',(-0.0729040455893617,-0.0247053865483053,0.00347897102026274));
#15692=CARTESIAN_POINT('',(-0.0729040455893617,-0.0241973865483053,0.00347897102026274));
#15693=CARTESIAN_POINT('',(-0.0727838784472839,-0.0247053865483053,0.00394127593744456));
#15694=CARTESIAN_POINT('',(-0.0727838784472839,-0.0241973865483053,0.00394127593744456));
#15695=CARTESIAN_POINT('',(-0.0725435441631283,-0.0247053865483053,0.00424748982002675));
#15696=CARTESIAN_POINT('',(-0.0725435441631283,-0.0241973865483053,0.00424748982002675));
#15697=CARTESIAN_POINT('',(-0.0729040455893617,-0.0247053865483053,0.00286057506848131));
#15698=CARTESIAN_POINT('',(-0.0729040455893617,-0.0247053865483053,0.00286057506848131));
#15699=CARTESIAN_POINT('',(-0.0729040455893617,-0.0247053865483053,0.00286057506848131));
#15700=CARTESIAN_POINT('',(-0.0729040455893617,-0.0247053865483053,0.00378816899615346));
#15701=CARTESIAN_POINT('',(-0.0725435441631283,-0.0247053865483053,0.00424748982002675));
#15702=CARTESIAN_POINT('',(-0.0725435441631283,-0.0247053865483053,0.00424748982002675));
#15703=CARTESIAN_POINT('',(-0.0725435441631283,-0.0247053865483053,0.00424748982002675));
#15704=CARTESIAN_POINT('',(-0.0726179169502022,-0.0247053865483053,0.00183932652004939));
#15705=CARTESIAN_POINT('',(-0.0726179169502022,-0.0241973865483053,0.00183932652004939));
#15706=CARTESIAN_POINT('',(-0.0728086693763085,-0.0247053865483053,0.0020840221713482));
#15707=CARTESIAN_POINT('',(-0.0728086693763085,-0.0241973865483053,0.0020840221713482));
#15708=CARTESIAN_POINT('',(-0.0729040455893617,-0.0247053865483053,0.00242443835415884));
#15709=CARTESIAN_POINT('',(-0.0729040455893617,-0.0241973865483053,0.00242443835415884));
#15710=CARTESIAN_POINT('',(-0.0729040455893617,-0.0247053865483053,0.00286057506848131));
#15711=CARTESIAN_POINT('',(-0.0729040455893617,-0.0241973865483053,0.00286057506848131));
#15712=CARTESIAN_POINT('',(-0.0726179169502022,-0.0247053865483053,0.00183932652004939));
#15713=CARTESIAN_POINT('',(-0.0726179169502022,-0.0247053865483053,0.00183932652004939));
#15714=CARTESIAN_POINT('',(-0.0726179169502022,-0.0247053865483053,0.00183932652004939));
#15715=CARTESIAN_POINT('',(-0.0729040455893617,-0.0247053865483053,0.00220636999699761));
#15716=CARTESIAN_POINT('',(-0.0729040455893617,-0.0247053865483053,0.00286057506848131));
#15717=CARTESIAN_POINT('',(-0.0718435447366407,-0.0247053865483053,0.00147228304310116));
#15718=CARTESIAN_POINT('',(-0.0718435447366407,-0.0241973865483053,0.00147228304310116));
#15719=CARTESIAN_POINT('',(-0.0721690404529088,-0.0247053865483053,0.00147228304310116));
#15720=CARTESIAN_POINT('',(-0.0721690404529088,-0.0241973865483053,0.00147228304310116));
#15721=CARTESIAN_POINT('',(-0.0724271645240959,-0.0247053865483053,0.00159463086875057));
#15722=CARTESIAN_POINT('',(-0.0724271645240959,-0.0241973865483053,0.00159463086875057));
#15723=CARTESIAN_POINT('',(-0.0726179169502022,-0.0247053865483053,0.00183932652004939));
#15724=CARTESIAN_POINT('',(-0.0726179169502022,-0.0241973865483053,0.00183932652004939));
#15725=CARTESIAN_POINT('',(-0.0718435447366407,-0.0247053865483053,0.00147228304310116));
#15726=CARTESIAN_POINT('',(-0.0718435447366407,-0.0247053865483053,0.00147228304310116));
#15727=CARTESIAN_POINT('',(-0.0718435447366407,-0.0247053865483053,0.00147228304310116));
#15728=CARTESIAN_POINT('',(-0.0723317883110428,-0.0247053865483053,0.00147228304310116));
#15729=CARTESIAN_POINT('',(-0.0726179169502022,-0.0247053865483053,0.00183932652004939));
#15730=CARTESIAN_POINT('',(-0.0711190986995872,-0.0247053865483053,0.00175324690538048));
#15731=CARTESIAN_POINT('',(-0.0711190986995872,-0.0241973865483053,0.00175324690538048));
#15732=CARTESIAN_POINT('',(-0.0712976852068203,-0.0247053865483053,0.00156593766386094));
#15733=CARTESIAN_POINT('',(-0.0712976852068203,-0.0241973865483053,0.00156593766386094));
#15734=CARTESIAN_POINT('',(-0.0715391672191714,-0.0247053865483053,0.00147228304310116));
#15735=CARTESIAN_POINT('',(-0.0715391672191714,-0.0241973865483053,0.00147228304310116));
#15736=CARTESIAN_POINT('',(-0.0718435447366407,-0.0247053865483053,0.00147228304310116));
#15737=CARTESIAN_POINT('',(-0.0718435447366407,-0.0241973865483053,0.00147228304310116));
#15738=CARTESIAN_POINT('',(-0.0711190986995872,-0.0247053865483053,0.00175324690538048));
#15739=CARTESIAN_POINT('',(-0.0711190986995872,-0.0247053865483053,0.00175324690538048));
#15740=CARTESIAN_POINT('',(-0.0711190986995872,-0.0247053865483053,0.00175324690538048));
#15741=CARTESIAN_POINT('',(-0.0713869784604368,-0.0247053865483053,0.00147228304310116));
#15742=CARTESIAN_POINT('',(-0.0718435447366407,-0.0247053865483053,0.00147228304310116));
#15743=CARTESIAN_POINT('',(-0.0708512189387376,-0.0247053865483053,0.00252520888973124));
#15744=CARTESIAN_POINT('',(-0.0708512189387376,-0.0241973865483053,0.00252520888973124));
#15745=CARTESIAN_POINT('',(-0.0708512189387376,-0.0247053865483053,0.00219787680835028));
#15746=CARTESIAN_POINT('',(-0.0708512189387376,-0.0241973865483053,0.00219787680835028));
#15747=CARTESIAN_POINT('',(-0.0709405121923541,-0.0247053865483053,0.00194055614690002));
#15748=CARTESIAN_POINT('',(-0.0709405121923541,-0.0241973865483053,0.00194055614690002));
#15749=CARTESIAN_POINT('',(-0.0711190986995872,-0.0247053865483053,0.00175324690538048));
#15750=CARTESIAN_POINT('',(-0.0711190986995872,-0.0241973865483053,0.00175324690538048));
#15751=CARTESIAN_POINT('',(-0.0708512189387376,-0.0247053865483053,0.00252520888973124));
#15752=CARTESIAN_POINT('',(-0.0708512189387376,-0.0247053865483053,0.00252520888973124));
#15753=CARTESIAN_POINT('',(-0.0708512189387376,-0.0247053865483053,0.00252520888973124));
#15754=CARTESIAN_POINT('',(-0.0708512189387376,-0.0247053865483053,0.00203421076765979));
#15755=CARTESIAN_POINT('',(-0.0711190986995872,-0.0247053865483053,0.00175324690538048));
#15756=CARTESIAN_POINT('',(-0.0710953407259386,-0.0247053865483053,0.00322004353933867));
#15757=CARTESIAN_POINT('',(-0.0710953407259386,-0.0241973865483053,0.00322004353933867));
#15758=CARTESIAN_POINT('',(-0.0709325928678046,-0.0247053865483053,0.00304926158383556));
#15759=CARTESIAN_POINT('',(-0.0709325928678046,-0.0241973865483053,0.00304926158383556));
#15760=CARTESIAN_POINT('',(-0.0708512189387376,-0.0247053865483053,0.00281765003396642));
#15761=CARTESIAN_POINT('',(-0.0708512189387376,-0.0241973865483053,0.00281765003396642));
#15762=CARTESIAN_POINT('',(-0.0708512189387376,-0.0247053865483053,0.00252520888973124));
#15763=CARTESIAN_POINT('',(-0.0708512189387376,-0.0241973865483053,0.00252520888973124));
#15764=CARTESIAN_POINT('',(-0.0710953407259386,-0.0247053865483053,0.00322004353933867));
#15765=CARTESIAN_POINT('',(-0.0710953407259386,-0.0247053865483053,0.00322004353933867));
#15766=CARTESIAN_POINT('',(-0.0710953407259386,-0.0247053865483053,0.00322004353933867));
#15767=CARTESIAN_POINT('',(-0.0708512189387376,-0.0247053865483053,0.002963870606084));
#15768=CARTESIAN_POINT('',(-0.0708512189387376,-0.0247053865483053,0.00252520888973124));
#15769=CARTESIAN_POINT('',(-0.071763662854228,-0.0247053865483053,0.00347621647259333));
#15770=CARTESIAN_POINT('',(-0.071763662854228,-0.0241973865483053,0.00347621647259333));
#15771=CARTESIAN_POINT('',(-0.0714808626268357,-0.0247053865483053,0.00347621647259333));
#15772=CARTESIAN_POINT('',(-0.0714808626268357,-0.0241973865483053,0.00347621647259333));
#15773=CARTESIAN_POINT('',(-0.0712580885840726,-0.0247053865483053,0.00339082549484178));
#15774=CARTESIAN_POINT('',(-0.0712580885840726,-0.0241973865483053,0.00339082549484178));
#15775=CARTESIAN_POINT('',(-0.0710953407259386,-0.0247053865483053,0.00322004353933867));
#15776=CARTESIAN_POINT('',(-0.0710953407259386,-0.0241973865483053,0.00322004353933867));
#15777=CARTESIAN_POINT('',(-0.071763662854228,-0.0247053865483053,0.00347621647259333));
#15778=CARTESIAN_POINT('',(-0.071763662854228,-0.0247053865483053,0.00347621647259333));
#15779=CARTESIAN_POINT('',(-0.071763662854228,-0.0247053865483053,0.00347621647259333));
#15780=CARTESIAN_POINT('',(-0.0713394625131396,-0.0247053865483053,0.00347621647259333));
#15781=CARTESIAN_POINT('',(-0.0710953407259386,-0.0247053865483053,0.00322004353933867));
#15782=CARTESIAN_POINT('',(-0.0725128998203062,-0.0247053865483053,0.00310572981105836));
#15783=CARTESIAN_POINT('',(-0.0725128998203062,-0.0241973865483053,0.00310572981105836));
#15784=CARTESIAN_POINT('',(-0.0723549724205936,-0.0247053865483053,0.00335272091874834));
#15785=CARTESIAN_POINT('',(-0.0723549724205936,-0.0241973865483053,0.00335272091874834));
#15786=CARTESIAN_POINT('',(-0.0721052267652342,-0.0247053865483053,0.00347621647259333));
#15787=CARTESIAN_POINT('',(-0.0721052267652342,-0.0241973865483053,0.00347621647259333));
#15788=CARTESIAN_POINT('',(-0.071763662854228,-0.0247053865483053,0.00347621647259333));
#15789=CARTESIAN_POINT('',(-0.071763662854228,-0.0241973865483053,0.00347621647259333));
#15790=CARTESIAN_POINT('',(-0.0725128998203062,-0.0247053865483053,0.00310572981105836));
#15791=CARTESIAN_POINT('',(-0.0725128998203062,-0.0247053865483053,0.00310572981105836));
#15792=CARTESIAN_POINT('',(-0.0725128998203062,-0.0247053865483053,0.00310572981105836));
#15793=CARTESIAN_POINT('',(-0.0722760087207373,-0.0247053865483053,0.00347621647259333));
#15794=CARTESIAN_POINT('',(-0.071763662854228,-0.0247053865483053,0.00347621647259333));
#15795=CARTESIAN_POINT('',(-0.0725256396032771,-0.0247053865483053,0.00310572981105836));
#15796=CARTESIAN_POINT('',(-0.0725383793862481,-0.0247053865483053,0.00310572981105836));
#15797=CARTESIAN_POINT('',(-0.0725383793862481,-0.0247053865483053,0.00310572981105836));
#15798=CARTESIAN_POINT('',(-0.0725256396032771,-0.0247053865483053,0.00310572981105836));
#15799=CARTESIAN_POINT('',(-0.0722460530148325,-0.0247053865483053,0.0040970226535855));
#15800=CARTESIAN_POINT('',(-0.0722460530148325,-0.0241973865483053,0.0040970226535855));
#15801=CARTESIAN_POINT('',(-0.0724239508851483,-0.0247053865483053,0.00388698839379337));
#15802=CARTESIAN_POINT('',(-0.0724239508851483,-0.0241973865483053,0.00388698839379337));
#15803=CARTESIAN_POINT('',(-0.0725213930089535,-0.0247053865483053,0.00355655744628432));
#15804=CARTESIAN_POINT('',(-0.0725213930089535,-0.0241973865483053,0.00355655744628432));
#15805=CARTESIAN_POINT('',(-0.0725383793862481,-0.0247053865483053,0.00310572981105836));
#15806=CARTESIAN_POINT('',(-0.0725383793862481,-0.0241973865483053,0.00310572981105836));
#15807=CARTESIAN_POINT('',(-0.0722460530148325,-0.0247053865483053,0.0040970226535855));
#15808=CARTESIAN_POINT('',(-0.0722460530148325,-0.0247053865483053,0.0040970226535855));
#15809=CARTESIAN_POINT('',(-0.0722460530148325,-0.0247053865483053,0.0040970226535855));
#15810=CARTESIAN_POINT('',(-0.0725128998203062,-0.0247053865483053,0.0037819712638973));
#15811=CARTESIAN_POINT('',(-0.0725383793862481,-0.0247053865483053,0.00310572981105836));
#15812=CARTESIAN_POINT('',(-0.0714730580751057,-0.0247053865483053,0.00441207404327371));
#15813=CARTESIAN_POINT('',(-0.0714730580751057,-0.0241973865483053,0.00441207404327371));
#15814=CARTESIAN_POINT('',(-0.0718104901646078,-0.0247053865483053,0.00441207404327371));
#15815=CARTESIAN_POINT('',(-0.0718104901646078,-0.0241973865483053,0.00441207404327371));
#15816=CARTESIAN_POINT('',(-0.0720681551445168,-0.0247053865483053,0.00430705691337764));
#15817=CARTESIAN_POINT('',(-0.0720681551445168,-0.0241973865483053,0.00430705691337764));
#15818=CARTESIAN_POINT('',(-0.0722460530148325,-0.0247053865483053,0.0040970226535855));
#15819=CARTESIAN_POINT('',(-0.0722460530148325,-0.0241973865483053,0.0040970226535855));
#15820=CARTESIAN_POINT('',(-0.0714730580751057,-0.0247053865483053,0.00441207404327371));
#15821=CARTESIAN_POINT('',(-0.0714730580751057,-0.0247053865483053,0.00441207404327371));
#15822=CARTESIAN_POINT('',(-0.0714730580751057,-0.0247053865483053,0.00441207404327371));
#15823=CARTESIAN_POINT('',(-0.0719792062093589,-0.0247053865483053,0.00441207404327371));
#15824=CARTESIAN_POINT('',(-0.0722460530148325,-0.0247053865483053,0.0040970226535855));
#15825=CARTESIAN_POINT('',(-0.0714515550740554,-0.0247053865483053,0.00317803912651178));
#15826=CARTESIAN_POINT('',(-0.0710943077705625,-0.0247053865483053,0.00435889995823066));
#15827=CARTESIAN_POINT('',(-0.0710943077705625,-0.0247053865483053,0.00435889995823066));
#15828=CARTESIAN_POINT('',(-0.0714515550740554,-0.0247053865483053,0.00317803912651178));
#15829=CARTESIAN_POINT('',(-0.0710943077705625,-0.0247053865483053,0.00451227071474831));
#15830=CARTESIAN_POINT('',(-0.0710943077705625,-0.0247053865483053,0.00466618106577632));
#15831=CARTESIAN_POINT('',(-0.0710943077705625,-0.0247053865483053,0.00466618106577632));
#15832=CARTESIAN_POINT('',(-0.0710943077705625,-0.0247053865483053,0.00451227071474831));
#15833=CARTESIAN_POINT('',(-0.0714771898966099,-0.0247053865483053,0.00470681064390004));
#15834=CARTESIAN_POINT('',(-0.0714771898966099,-0.0241973865483053,0.00470681064390004));
#15835=CARTESIAN_POINT('',(-0.0713151306753932,-0.0247053865483053,0.00470681064390004));
#15836=CARTESIAN_POINT('',(-0.0713151306753932,-0.0241973865483053,0.00470681064390004));
#15837=CARTESIAN_POINT('',(-0.0711875033000441,-0.0247053865483053,0.00469326745119213));
#15838=CARTESIAN_POINT('',(-0.0711875033000441,-0.0241973865483053,0.00469326745119213));
#15839=CARTESIAN_POINT('',(-0.0710943077705625,-0.0247053865483053,0.00466618106577632));
#15840=CARTESIAN_POINT('',(-0.0710943077705625,-0.0241973865483053,0.00466618106577632));
#15841=CARTESIAN_POINT('',(-0.0714771898966099,-0.0247053865483053,0.00470681064390004));
#15842=CARTESIAN_POINT('',(-0.0714771898966099,-0.0247053865483053,0.00470681064390004));
#15843=CARTESIAN_POINT('',(-0.0714771898966099,-0.0247053865483053,0.00470681064390004));
#15844=CARTESIAN_POINT('',(-0.0712341010647849,-0.0247053865483053,0.00470681064390004));
#15845=CARTESIAN_POINT('',(-0.0710943077705625,-0.0247053865483053,0.00466618106577632));
#15846=CARTESIAN_POINT('',(-0.0725435441631283,-0.0247053865483053,0.00424748982002675));
#15847=CARTESIAN_POINT('',(-0.0725435441631283,-0.0241973865483053,0.00424748982002675));
#15848=CARTESIAN_POINT('',(-0.0723032098789727,-0.0247053865483053,0.00455370370260894));
#15849=CARTESIAN_POINT('',(-0.0723032098789727,-0.0241973865483053,0.00455370370260894));
#15850=CARTESIAN_POINT('',(-0.0719477584567999,-0.0247053865483053,0.00470681064390004));
#15851=CARTESIAN_POINT('',(-0.0719477584567999,-0.0241973865483053,0.00470681064390004));
#15852=CARTESIAN_POINT('',(-0.0714771898966099,-0.0247053865483053,0.00470681064390004));
#15853=CARTESIAN_POINT('',(-0.0714771898966099,-0.0241973865483053,0.00470681064390004));
#15854=CARTESIAN_POINT('',(-0.0725435441631283,-0.0247053865483053,0.00424748982002675));
#15855=CARTESIAN_POINT('',(-0.0721830427368949,-0.0247053865483053,0.00470681064390004));
#15856=CARTESIAN_POINT('',(-0.0714771898966099,-0.0247053865483053,0.00470681064390004));
#15857=CARTESIAN_POINT('',(-0.0713732057220898,-0.0247053865483053,0.00196879026051143));
#15858=CARTESIAN_POINT('',(-0.0713732057220898,-0.0241973865483053,0.00196879026051143));
#15859=CARTESIAN_POINT('',(-0.0712607283589225,-0.0247053865483053,0.002097335818417));
#15860=CARTESIAN_POINT('',(-0.0712607283589225,-0.0241973865483053,0.002097335818417));
#15861=CARTESIAN_POINT('',(-0.0712044896773388,-0.0247053865483053,0.0022828086948236));
#15862=CARTESIAN_POINT('',(-0.0712044896773388,-0.0241973865483053,0.0022828086948236));
#15863=CARTESIAN_POINT('',(-0.0712044896773388,-0.0247053865483053,0.00252520888973124));
#15864=CARTESIAN_POINT('',(-0.0712044896773388,-0.0241973865483053,0.00252520888973124));
#15865=CARTESIAN_POINT('',(-0.0713732057220898,-0.0241973865483053,0.00196879026051143));
#15866=CARTESIAN_POINT('',(-0.0712044896773388,-0.0241973865483053,0.00216160859736978));
#15867=CARTESIAN_POINT('',(-0.0712044896773388,-0.0241973865483053,0.00252520888973124));
#15868=CARTESIAN_POINT('',(-0.0713732057220898,-0.0247053865483053,0.00196879026051143));
#15869=CARTESIAN_POINT('',(-0.0712044896773388,-0.0247053865483053,0.00216160859736978));
#15870=CARTESIAN_POINT('',(-0.0712044896773388,-0.0247053865483053,0.00252520888973124));
#15871=CARTESIAN_POINT('',(-0.0755050596800536,-0.0247053865483053,0.0271780461338835));
#15872=CARTESIAN_POINT('',(-0.0750112745564565,-0.0247053865483053,0.00308885820658325));
#15873=CARTESIAN_POINT('',(-0.0750112745564565,-0.0247053865483053,0.0015156671688943));
#15874=CARTESIAN_POINT('',(-0.0750112745564565,-0.0247053865483053,0.0015156671688943));
#15875=CARTESIAN_POINT('',(-0.0750112745564565,-0.0247053865483053,0.00308885820658325));
#15876=CARTESIAN_POINT('',(-0.0750112745564565,-0.0247053865483053,0.00466204924427221));
#15877=CARTESIAN_POINT('',(-0.0750112745564565,-0.0247053865483053,0.00466204924427221));
#15878=CARTESIAN_POINT('',(-0.0741342954422097,-0.0247053865483053,0.0015156671688943));
#15879=CARTESIAN_POINT('',(-0.0732573163279629,-0.0247053865483053,0.0015156671688943));
#15880=CARTESIAN_POINT('',(-0.0732573163279629,-0.0247053865483053,0.0015156671688943));
#15881=CARTESIAN_POINT('',(-0.0741342954422097,-0.0247053865483053,0.0015156671688943));
#15882=CARTESIAN_POINT('',(-0.0732573163279629,-0.0247053865483053,0.00168128434751728));
#15883=CARTESIAN_POINT('',(-0.0732573163279629,-0.0247053865483053,0.00184690152614025));
#15884=CARTESIAN_POINT('',(-0.0732573163279629,-0.0247053865483053,0.00184690152614025));
#15885=CARTESIAN_POINT('',(-0.0732573163279629,-0.0247053865483053,0.00168128434751728));
#15886=CARTESIAN_POINT('',(-0.0739514623406529,-0.0247053865483053,0.00184690152614025));
#15887=CARTESIAN_POINT('',(-0.074645608353343,-0.0247053865483053,0.00184690152614025));
#15888=CARTESIAN_POINT('',(-0.074645608353343,-0.0247053865483053,0.00184690152614025));
#15889=CARTESIAN_POINT('',(-0.0739514623406529,-0.0247053865483053,0.00184690152614025));
#15890=CARTESIAN_POINT('',(-0.074645608353343,-0.0247053865483053,0.00325447538520623));
#15891=CARTESIAN_POINT('',(-0.074645608353343,-0.0247053865483053,0.00466204924427221));
#15892=CARTESIAN_POINT('',(-0.074645608353343,-0.0247053865483053,0.00466204924427221));
#15893=CARTESIAN_POINT('',(-0.074645608353343,-0.0247053865483053,0.00325447538520623));
#15894=CARTESIAN_POINT('',(-0.0748284414548998,-0.0247053865483053,0.00466204924427221));
#15895=CARTESIAN_POINT('',(-0.0748284414548998,-0.0247053865483053,0.00466204924427221));
#15896=CARTESIAN_POINT('',(-0.0755050596800536,-0.0247053865483053,0.0271780461338835));
#15897=CARTESIAN_POINT('',(-0.0805640983395184,-0.0247053865483053,0.0015156671688943));
#15898=CARTESIAN_POINT('',(-0.0796871192252716,-0.0247053865483053,0.0015156671688943));
#15899=CARTESIAN_POINT('',(-0.0796871192252716,-0.0247053865483053,0.0015156671688943));
#15900=CARTESIAN_POINT('',(-0.0805640983395184,-0.0247053865483053,0.0015156671688943));
#15901=CARTESIAN_POINT('',(-0.0814410774537653,-0.0247053865483053,0.0015156671688943));
#15902=CARTESIAN_POINT('',(-0.0814410774537653,-0.0247053865483053,0.0015156671688943));
#15903=CARTESIAN_POINT('',(-0.0796871192252716,-0.0247053865483053,0.00167921843676522));
#15904=CARTESIAN_POINT('',(-0.0796871192252716,-0.0247053865483053,0.00184276970463614));
#15905=CARTESIAN_POINT('',(-0.0796871192252716,-0.0247053865483053,0.00184276970463614));
#15906=CARTESIAN_POINT('',(-0.0796871192252716,-0.0247053865483053,0.00167921843676522));
#15907=CARTESIAN_POINT('',(-0.0803812652379617,-0.0247053865483053,0.00184276970463614));
#15908=CARTESIAN_POINT('',(-0.0810754112506517,-0.0247053865483053,0.00184276970463614));
#15909=CARTESIAN_POINT('',(-0.0810754112506517,-0.0247053865483053,0.00184276970463614));
#15910=CARTESIAN_POINT('',(-0.0803812652379617,-0.0247053865483053,0.00184276970463614));
#15911=CARTESIAN_POINT('',(-0.0810754112506517,-0.0247053865483053,0.00242156903366988));
#15912=CARTESIAN_POINT('',(-0.0810754112506517,-0.0247053865483053,0.00300036836270362));
#15913=CARTESIAN_POINT('',(-0.0810754112506517,-0.0247053865483053,0.00300036836270362));
#15914=CARTESIAN_POINT('',(-0.0810754112506517,-0.0247053865483053,0.00242156903366988));
#15915=CARTESIAN_POINT('',(-0.0804232720899201,-0.0247053865483053,0.00300036836270362));
#15916=CARTESIAN_POINT('',(-0.0797711329291884,-0.0247053865483053,0.00300036836270362));
#15917=CARTESIAN_POINT('',(-0.0797711329291884,-0.0247053865483053,0.00300036836270362));
#15918=CARTESIAN_POINT('',(-0.0804232720899201,-0.0247053865483053,0.00300036836270362));
#15919=CARTESIAN_POINT('',(-0.0797711329291884,-0.0247053865483053,0.00316185371982248));
#15920=CARTESIAN_POINT('',(-0.0797711329291884,-0.0247053865483053,0.00332333907694136));
#15921=CARTESIAN_POINT('',(-0.0797711329291884,-0.0247053865483053,0.00332333907694136));
#15922=CARTESIAN_POINT('',(-0.0797711329291884,-0.0247053865483053,0.00316185371982248));
#15923=CARTESIAN_POINT('',(-0.0804232720899201,-0.0247053865483053,0.00332333907694136));
#15924=CARTESIAN_POINT('',(-0.0810754112506517,-0.0247053865483053,0.00332333907694136));
#15925=CARTESIAN_POINT('',(-0.0810754112506517,-0.0247053865483053,0.00332333907694136));
#15926=CARTESIAN_POINT('',(-0.0804232720899201,-0.0247053865483053,0.00332333907694136));
#15927=CARTESIAN_POINT('',(-0.0810754112506517,-0.0247053865483053,0.00383017584811188));
#15928=CARTESIAN_POINT('',(-0.0810754112506517,-0.0247053865483053,0.00433701261928241));
#15929=CARTESIAN_POINT('',(-0.0810754112506517,-0.0247053865483053,0.00433701261928241));
#15930=CARTESIAN_POINT('',(-0.0810754112506517,-0.0247053865483053,0.00383017584811188));
#15931=CARTESIAN_POINT('',(-0.0803812652379617,-0.0247053865483053,0.00433701261928241));
#15932=CARTESIAN_POINT('',(-0.0796871192252716,-0.0247053865483053,0.00433701261928241));
#15933=CARTESIAN_POINT('',(-0.0796871192252716,-0.0247053865483053,0.00433701261928241));
#15934=CARTESIAN_POINT('',(-0.0803812652379617,-0.0247053865483053,0.00433701261928241));
#15935=CARTESIAN_POINT('',(-0.0796871192252716,-0.0247053865483053,0.00449953093177731));
#15936=CARTESIAN_POINT('',(-0.0796871192252716,-0.0247053865483053,0.00466204924427221));
#15937=CARTESIAN_POINT('',(-0.0796871192252716,-0.0247053865483053,0.00466204924427221));
#15938=CARTESIAN_POINT('',(-0.0796871192252716,-0.0247053865483053,0.00449953093177731));
#15939=CARTESIAN_POINT('',(-0.0805640983395184,-0.0247053865483053,0.00466204924427221));
#15940=CARTESIAN_POINT('',(-0.0814410774537653,-0.0247053865483053,0.00466204924427221));
#15941=CARTESIAN_POINT('',(-0.0814410774537653,-0.0247053865483053,0.00466204924427221));
#15942=CARTESIAN_POINT('',(-0.0805640983395184,-0.0247053865483053,0.00466204924427221));
#15943=CARTESIAN_POINT('',(-0.0814410774537653,-0.0247053865483053,0.00308885820658325));
#15944=CARTESIAN_POINT('',(-0.0814410774537653,-0.0247053865483053,0.00308885820658325));
#15945=CARTESIAN_POINT('',(-0.0755050596800536,-0.0247053865483053,0.0271780461338835));
#15946=CARTESIAN_POINT('',(-0.0820701472777656,-0.0247053865483053,0.00466204924427221));
#15947=CARTESIAN_POINT('',(-0.0822667531176694,-0.0247053865483053,0.00466204924427221));
#15948=CARTESIAN_POINT('',(-0.0822667531176694,-0.0247053865483053,0.00466204924427221));
#15949=CARTESIAN_POINT('',(-0.0820701472777656,-0.0247053865483053,0.00466204924427221));
#15950=CARTESIAN_POINT('',(-0.0818735414378618,-0.0247053865483053,0.00466204924427222));
#15951=CARTESIAN_POINT('',(-0.0818735414378618,-0.0247053865483053,0.00466204924427222));
#15952=CARTESIAN_POINT('',(-0.0826262215885268,-0.0247053865483053,0.0036504416126832));
#15953=CARTESIAN_POINT('',(-0.0829856900593841,-0.0247053865483053,0.00263883398109421));
#15954=CARTESIAN_POINT('',(-0.0829856615124735,-0.0247053865483053,0.00263882367085838));
#15955=CARTESIAN_POINT('',(-0.0826262215885268,-0.0247053865483053,0.0036504416126832));
#15956=CARTESIAN_POINT('',(-0.0775709931146716,-0.0247053865483055,0.00068321772540961));
#15957=CARTESIAN_POINT('',(-0.0831881493130854,-0.0247053865483053,0.00194399933148678));
#15958=CARTESIAN_POINT('',(-0.0831881467268217,-0.0247053865483053,0.00194427157191055));
#15959=CARTESIAN_POINT('',(-0.0775709931146716,-0.0247053865483053,0.00068321772540961));
#15960=CARTESIAN_POINT('',(-0.0887858402448427,-0.0247053865483055,0.000689748768544175));
#15961=CARTESIAN_POINT('',(-0.0833857881083652,-0.0247053865483053,0.00262643851658188));
#15962=CARTESIAN_POINT('',(-0.0833858702666566,-0.0247053862983053,0.00262640905110328));
#15963=CARTESIAN_POINT('',(-0.0887858402448427,-0.0247053865483053,0.000689748768544175));
#15964=CARTESIAN_POINT('',(-0.0837473224899746,-0.0247053865483053,0.00364424388042705));
#15965=CARTESIAN_POINT('',(-0.084108856871584,-0.0247053865483053,0.00466204924427221));
#15966=CARTESIAN_POINT('',(-0.084108856871584,-0.0247053865483053,0.00466204924427221));
#15967=CARTESIAN_POINT('',(-0.0837473224899746,-0.0247053865483053,0.00364424388042705));
#15968=CARTESIAN_POINT('',(-0.0843027081638184,-0.0247053865483053,0.00466204924427221));
#15969=CARTESIAN_POINT('',(-0.0844965594560528,-0.0247053865483053,0.00466204924427221));
#15970=CARTESIAN_POINT('',(-0.0844965594560528,-0.0247053865483053,0.00466204924427221));
#15971=CARTESIAN_POINT('',(-0.0843027081638184,-0.0247053865483053,0.00466204924427221));
#15972=CARTESIAN_POINT('',(-0.0839325658207421,-0.0247053865483053,0.00308885820658326));
#15973=CARTESIAN_POINT('',(-0.0833685721854315,-0.0247053865483053,0.0015156671688943));
#15974=CARTESIAN_POINT('',(-0.0833685721854315,-0.0247053865483053,0.0015156671688943));
#15975=CARTESIAN_POINT('',(-0.0839325658207421,-0.0247053865483053,0.00308885820658326));
#15976=CARTESIAN_POINT('',(-0.0831878049946267,-0.0247053865483053,0.0015156671688943));
#15977=CARTESIAN_POINT('',(-0.083007037803822,-0.0247053865483053,0.0015156671688943));
#15978=CARTESIAN_POINT('',(-0.083007037803822,-0.0247053865483053,0.0015156671688943));
#15979=CARTESIAN_POINT('',(-0.0831878049946267,-0.0247053865483053,0.0015156671688943));
#15980=CARTESIAN_POINT('',(-0.0824402896208419,-0.0247053865483053,0.00308885820658325));
#15981=CARTESIAN_POINT('',(-0.0824402896208419,-0.0247053865483053,0.00308885820658325));
#15982=CARTESIAN_POINT('',(-0.0755050596800536,-0.0247053865483053,0.0271780461338835));
#15983=CARTESIAN_POINT('',(-0.0737567756041269,-0.0241973865483053,0.0651780461338835));
#15984=CARTESIAN_POINT('',(-0.0737567756041269,-0.0241973865483053,0.0651780461338835));
#15985=CARTESIAN_POINT('',(-0.0737567756041269,-0.0241973865483053,0.0651780461338835));
#15986=CARTESIAN_POINT('',(-0.0543482078919256,-0.00822319568011059,0.0876714422142951));
#15987=CARTESIAN_POINT('',(-0.0882760245889288,0.0726806135012253,0.0271780461338835));
#15988=CARTESIAN_POINT('',(0.199106314007573,-0.140550825336221,-0.352985603704938));
#15989=CARTESIAN_POINT('',(0.166501226114774,-0.140550825374835,-0.352985603797757));
#15990=CARTESIAN_POINT('',(-0.0519208164029855,-0.0151479849746376,0.0217523253405562));
#15991=CARTESIAN_POINT('',(-0.0519208164029855,-0.0146399849746376,0.0217523253405562));
#15992=CARTESIAN_POINT('',(-0.0519208164029855,-0.0146399849746376,0.0200953738103232));
#15993=CARTESIAN_POINT('',(-0.0519208164029855,-0.0146399849746376,0.0234092768707892));
#15994=CARTESIAN_POINT('',(-0.0519208164029855,-0.0151479849746376,0.0200953738103232));
#15995=CARTESIAN_POINT('',(-0.0519208164029855,-0.0151479849746376,0.0200953738103232));
#15996=CARTESIAN_POINT('',(-0.0519208164029855,-0.0151479849746376,0.0217523253405562));
#15997=CARTESIAN_POINT('',(-0.0519208164029855,-0.0151479849746376,0.0234092768707892));
#15998=CARTESIAN_POINT('',(-0.0519208164029855,-0.0151479849746376,0.0234092768707892));
#15999=CARTESIAN_POINT('',(-0.0509971448014308,-0.0151479849746376,0.0200953738103232));
#16000=CARTESIAN_POINT('',(-0.0509971448014308,-0.0146399849746376,0.0200953738103232));
#16001=CARTESIAN_POINT('',(-0.0500734731998761,-0.0146399849746376,0.0200953738103232));
#16002=CARTESIAN_POINT('',(-0.0500734731998761,-0.0151479849746376,0.0200953738103232));
#16003=CARTESIAN_POINT('',(-0.0500734731998761,-0.0151479849746376,0.0200953738103232));
#16004=CARTESIAN_POINT('',(-0.0509971448014308,-0.0151479849746376,0.0200953738103232));
#16005=CARTESIAN_POINT('',(-0.0500734731998761,-0.0151479849746376,0.0202698088477586));
#16006=CARTESIAN_POINT('',(-0.0500734731998761,-0.0146399849746376,0.0202698088477586));
#16007=CARTESIAN_POINT('',(-0.0500734731998761,-0.0146399849746376,0.0204442438851939));
#16008=CARTESIAN_POINT('',(-0.0500734731998761,-0.0151479849746376,0.0204442438851939));
#16009=CARTESIAN_POINT('',(-0.0500734731998761,-0.0151479849746376,0.0204442438851939));
#16010=CARTESIAN_POINT('',(-0.0500734731998761,-0.0151479849746376,0.0202698088477586));
#16011=CARTESIAN_POINT('',(-0.0508045772237215,-0.0151479849746376,0.0204442438851939));
#16012=CARTESIAN_POINT('',(-0.0508045772237215,-0.0146399849746376,0.0204442438851939));
#16013=CARTESIAN_POINT('',(-0.0515356812475669,-0.0146399849746376,0.0204442438851939));
#16014=CARTESIAN_POINT('',(-0.0515356812475669,-0.0151479849746376,0.0204442438851939));
#16015=CARTESIAN_POINT('',(-0.0515356812475669,-0.0151479849746376,0.0204442438851939));
#16016=CARTESIAN_POINT('',(-0.0508045772237215,-0.0151479849746376,0.0204442438851939));
#16017=CARTESIAN_POINT('',(-0.0515356812475669,-0.0151479849746376,0.0219267603779916));
#16018=CARTESIAN_POINT('',(-0.0515356812475669,-0.0146399849746376,0.0219267603779916));
#16019=CARTESIAN_POINT('',(-0.0515356812475669,-0.0146399849746376,0.0234092768707892));
#16020=CARTESIAN_POINT('',(-0.0515356812475669,-0.0151479849746376,0.0234092768707892));
#16021=CARTESIAN_POINT('',(-0.0515356812475669,-0.0151479849746376,0.0234092768707892));
#16022=CARTESIAN_POINT('',(-0.0515356812475669,-0.0151479849746376,0.0219267603779916));
#16023=CARTESIAN_POINT('',(-0.0517282488252762,-0.0151479849746376,0.0234092768707892));
#16024=CARTESIAN_POINT('',(-0.0517282488252762,-0.0146399849746376,0.0234092768707892));
#16025=CARTESIAN_POINT('',(-0.0517282488252762,-0.0151479849746376,0.0234092768707892));
#16026=CARTESIAN_POINT('',(-0.0539082512259484,-0.0151479849746376,0.0464011691510677));
#16027=CARTESIAN_POINT('',(-0.0539082512259484,-0.0146399849746376,0.0464011691510677));
#16028=CARTESIAN_POINT('',(0.111295403971406,-0.15010822714386,-0.372208726907476));
#16029=CARTESIAN_POINT('',(0.0775844021658373,-0.150108227183784,-0.372208727003443));
#16030=CARTESIAN_POINT('',(0.0775844021658373,-0.150108227183784,-0.372208727003443));
#16031=CARTESIAN_POINT('',(0.199106314007573,-0.140550825336221,-0.352985603704938));
#16032=CARTESIAN_POINT('',(0.0775844021658373,-0.150108227183784,-0.372208727003443));
#16033=CARTESIAN_POINT('',(-0.0737567756041269,-0.00819738654830529,0.0651780461338835));
#16034=CARTESIAN_POINT('',(-0.0918687861846089,0.00502517484405482,0.0651780461338835));
#16035=CARTESIAN_POINT('',(-0.0882760245889288,0.00502517484405482,0.0651780461338835));
#16036=CARTESIAN_POINT('',(-0.0877306175475014,0.00502517484405482,0.0651780461338835));
#16037=CARTESIAN_POINT('',(-0.0882760245889288,0.0726806135012253,0.0651780461338835));
#16038=CARTESIAN_POINT('',(-0.0882760245889288,-0.0216329826489782,0.0651780461338835));
#16039=CARTESIAN_POINT('',(-0.0918687861846089,-0.0216329826489782,0.0651780461338835));
#16040=CARTESIAN_POINT('',(-0.0877306175475014,-0.0216329826489782,0.0651780461338835));
#16041=CARTESIAN_POINT('',(-0.0877306175475014,-0.00830390390246165,0.0651780461338835));
#16042=CARTESIAN_POINT('',(-0.0918687861846089,-0.0216329826489782,0.0651800461338835));
#16043=CARTESIAN_POINT('',(-0.0882760245889288,-0.0216329826489782,0.0651800461338835));
#16044=CARTESIAN_POINT('',(-0.0882760245889288,-0.0216329826489782,-0.0108219538661165));
#16045=CARTESIAN_POINT('',(-0.0918687861846089,-0.0216329826489782,-0.0108219538661165));
#16046=CARTESIAN_POINT('',(-0.0877306175475014,-0.0216329826489782,-0.0108219538661165));
#16047=CARTESIAN_POINT('',(-0.0877306175475014,-0.0216329826489782,0.0651800461338835));
#16048=CARTESIAN_POINT('',(-0.0918687861846089,0.00502517484405482,0.0651800461338835));
#16049=CARTESIAN_POINT('',(-0.0918687861846089,0.00502517484405482,-0.0108219538661165));
#16050=CARTESIAN_POINT('',(-0.0882760245889288,0.00502517484405482,-0.0108219538661165));
#16051=CARTESIAN_POINT('',(-0.0877306175475014,0.00502517484405482,-0.0108219538661165));
#16052=CARTESIAN_POINT('',(-0.0882760245889288,0.00502517484405482,0.0651800461338835));
#16053=CARTESIAN_POINT('',(-0.0877306175475014,0.00502517484405482,0.0651800461338835));
#16054=CARTESIAN_POINT('',(-0.0877306175475014,-0.00830390390246165,0.0651800461338835));
#16055=CARTESIAN_POINT('',(-0.0877306175475014,-0.00830390390246165,-0.0108219538661165));
#16056=CARTESIAN_POINT('',(-0.0755050596800536,-0.00819738654830529,-0.0108219538661165));
#16057=CARTESIAN_POINT('',(-0.0882760245889288,0.0726806135012253,-0.0108219538661165));
#16058=CARTESIAN_POINT('',(-0.0882760245889288,0.0726806135012253,0.0271780461338835));
#16059=CARTESIAN_POINT('',(0.166501226114774,-0.140550825374835,-0.352985603797757));
#16060=CARTESIAN_POINT('',(0.199106314007573,-0.140550825336221,-0.352985603704938));
#16061=CARTESIAN_POINT('',(0.0775844021658373,-0.150108227183784,-0.372208727003443));
#16062=CARTESIAN_POINT('',(0.0775844021658373,-0.150108227183784,-0.372208727003443));
#16063=CARTESIAN_POINT('',(-0.0577692859429435,-0.0151479849746376,0.0200953738103232));
#16064=CARTESIAN_POINT('',(-0.0577692859429435,-0.0146399849746376,0.0200953738103232));
#16065=CARTESIAN_POINT('',(-0.0568456143413888,-0.0146399849746376,0.0200953738103232));
#16066=CARTESIAN_POINT('',(-0.0586929575444982,-0.0146399849746376,0.0200953738103232));
#16067=CARTESIAN_POINT('',(-0.0568456143413888,-0.0151479849746376,0.0200953738103232));
#16068=CARTESIAN_POINT('',(-0.0568456143413888,-0.0151479849746376,0.0200953738103232));
#16069=CARTESIAN_POINT('',(-0.0577692859429435,-0.0151479849746376,0.0200953738103232));
#16070=CARTESIAN_POINT('',(-0.0586929575444982,-0.0151479849746376,0.0200953738103232));
#16071=CARTESIAN_POINT('',(-0.0586929575444982,-0.0151479849746376,0.0200953738103232));
#16072=CARTESIAN_POINT('',(-0.0568456143413888,-0.0151479849746376,0.0202676329429256));
#16073=CARTESIAN_POINT('',(-0.0568456143413888,-0.0146399849746376,0.0202676329429256));
#16074=CARTESIAN_POINT('',(-0.0568456143413888,-0.0146399849746376,0.0204398920755282));
#16075=CARTESIAN_POINT('',(-0.0568456143413888,-0.0151479849746376,0.0204398920755282));
#16076=CARTESIAN_POINT('',(-0.0568456143413888,-0.0151479849746376,0.0204398920755282));
#16077=CARTESIAN_POINT('',(-0.0568456143413888,-0.0151479849746376,0.0202676329429256));
#16078=CARTESIAN_POINT('',(-0.0575767183652342,-0.0151479849746376,0.0204398920755282));
#16079=CARTESIAN_POINT('',(-0.0575767183652342,-0.0146399849746376,0.0204398920755282));
#16080=CARTESIAN_POINT('',(-0.0583078223890796,-0.0146399849746376,0.0204398920755282));
#16081=CARTESIAN_POINT('',(-0.0583078223890796,-0.0151479849746376,0.0204398920755282));
#16082=CARTESIAN_POINT('',(-0.0583078223890796,-0.0151479849746376,0.0204398920755282));
#16083=CARTESIAN_POINT('',(-0.0575767183652342,-0.0151479849746376,0.0204398920755282));
#16084=CARTESIAN_POINT('',(-0.0583078223890796,-0.0151479849746376,0.0210495080795382));
#16085=CARTESIAN_POINT('',(-0.0583078223890796,-0.0146399849746376,0.0210495080795382));
#16086=CARTESIAN_POINT('',(-0.0583078223890796,-0.0146399849746376,0.0216591240835481));
#16087=CARTESIAN_POINT('',(-0.0583078223890796,-0.0151479849746376,0.0216591240835481));
#16088=CARTESIAN_POINT('',(-0.0583078223890796,-0.0151479849746376,0.0216591240835481));
#16089=CARTESIAN_POINT('',(-0.0583078223890796,-0.0151479849746376,0.0210495080795382));
#16090=CARTESIAN_POINT('',(-0.0576209617635026,-0.0151479849746376,0.0216591240835481));
#16091=CARTESIAN_POINT('',(-0.0576209617635026,-0.0146399849746376,0.0216591240835481));
#16092=CARTESIAN_POINT('',(-0.0569341011379256,-0.0146399849746376,0.0216591240835481));
#16093=CARTESIAN_POINT('',(-0.0569341011379256,-0.0151479849746376,0.0216591240835481));
#16094=CARTESIAN_POINT('',(-0.0569341011379256,-0.0151479849746376,0.0216591240835481));
#16095=CARTESIAN_POINT('',(-0.0576209617635026,-0.0151479849746376,0.0216591240835481));
#16096=CARTESIAN_POINT('',(-0.0569341011379256,-0.0151479849746376,0.0218292073113177));
#16097=CARTESIAN_POINT('',(-0.0569341011379256,-0.0146399849746376,0.0218292073113177));
#16098=CARTESIAN_POINT('',(-0.0569341011379256,-0.0146399849746376,0.0219992905390874));
#16099=CARTESIAN_POINT('',(-0.0569341011379256,-0.0151479849746376,0.0219992905390874));
#16100=CARTESIAN_POINT('',(-0.0569341011379256,-0.0151479849746376,0.0219992905390874));
#16101=CARTESIAN_POINT('',(-0.0569341011379256,-0.0151479849746376,0.0218292073113177));
#16102=CARTESIAN_POINT('',(-0.0576209617635026,-0.0151479849746376,0.0219992905390874));
#16103=CARTESIAN_POINT('',(-0.0576209617635026,-0.0146399849746376,0.0219992905390874));
#16104=CARTESIAN_POINT('',(-0.0583078223890796,-0.0146399849746376,0.0219992905390874));
#16105=CARTESIAN_POINT('',(-0.0583078223890796,-0.0151479849746376,0.0219992905390874));
#16106=CARTESIAN_POINT('',(-0.0583078223890796,-0.0151479849746376,0.0219992905390874));
#16107=CARTESIAN_POINT('',(-0.0576209617635026,-0.0151479849746376,0.0219992905390874));
#16108=CARTESIAN_POINT('',(-0.0583078223890796,-0.0151479849746376,0.0225331125247522));
#16109=CARTESIAN_POINT('',(-0.0583078223890796,-0.0146399849746376,0.0225331125247522));
#16110=CARTESIAN_POINT('',(-0.0583078223890796,-0.0146399849746376,0.0230669345104172));
#16111=CARTESIAN_POINT('',(-0.0583078223890796,-0.0151479849746376,0.0230669345104172));
#16112=CARTESIAN_POINT('',(-0.0583078223890796,-0.0151479849746376,0.0230669345104172));
#16113=CARTESIAN_POINT('',(-0.0583078223890796,-0.0151479849746376,0.0225331125247522));
#16114=CARTESIAN_POINT('',(-0.0575767183652342,-0.0151479849746376,0.0230669345104172));
#16115=CARTESIAN_POINT('',(-0.0575767183652342,-0.0146399849746376,0.0230669345104172));
#16116=CARTESIAN_POINT('',(-0.0568456143413888,-0.0146399849746376,0.0230669345104172));
#16117=CARTESIAN_POINT('',(-0.0568456143413888,-0.0151479849746376,0.0230669345104172));
#16118=CARTESIAN_POINT('',(-0.0568456143413888,-0.0151479849746376,0.0230669345104172));
#16119=CARTESIAN_POINT('',(-0.0575767183652342,-0.0151479849746376,0.0230669345104172));
#16120=CARTESIAN_POINT('',(-0.0568456143413888,-0.0151479849746376,0.0232381056906032));
#16121=CARTESIAN_POINT('',(-0.0568456143413888,-0.0146399849746376,0.0232381056906032));
#16122=CARTESIAN_POINT('',(-0.0568456143413888,-0.0146399849746376,0.0234092768707892));
#16123=CARTESIAN_POINT('',(-0.0568456143413888,-0.0151479849746376,0.0234092768707892));
#16124=CARTESIAN_POINT('',(-0.0568456143413888,-0.0151479849746376,0.0234092768707892));
#16125=CARTESIAN_POINT('',(-0.0568456143413888,-0.0151479849746376,0.0232381056906032));
#16126=CARTESIAN_POINT('',(-0.0577692859429435,-0.0151479849746376,0.0234092768707892));
#16127=CARTESIAN_POINT('',(-0.0577692859429435,-0.0146399849746376,0.0234092768707892));
#16128=CARTESIAN_POINT('',(-0.0586929575444982,-0.0146399849746376,0.0234092768707892));
#16129=CARTESIAN_POINT('',(-0.0586929575444982,-0.0151479849746376,0.0234092768707892));
#16130=CARTESIAN_POINT('',(-0.0586929575444982,-0.0151479849746376,0.0234092768707892));
#16131=CARTESIAN_POINT('',(-0.0577692859429435,-0.0151479849746376,0.0234092768707892));
#16132=CARTESIAN_POINT('',(-0.0586929575444982,-0.0151479849746376,0.0217523253405562));
#16133=CARTESIAN_POINT('',(-0.0586929575444982,-0.0146399849746376,0.0217523253405562));
#16134=CARTESIAN_POINT('',(-0.0586929575444982,-0.0151479849746376,0.0217523253405562));
#16135=CARTESIAN_POINT('',(-0.0539082512259484,-0.0151479849746376,0.0464011691510677));
#16136=CARTESIAN_POINT('',(-0.0539082512259484,-0.0146399849746376,0.0464011691510677));
#16137=CARTESIAN_POINT('',(0.0775844021658373,-0.150108227183784,-0.372208727003443));
#16138=CARTESIAN_POINT('',(0.111295403971406,-0.15010822714386,-0.372208726907476));
#16139=CARTESIAN_POINT('',(0.199106314007573,-0.140550825336221,-0.352985603704938));
#16140=MECHANICAL_DESIGN_GEOMETRIC_PRESENTATION_REPRESENTATION('',(#9282,
#9283,#9284,#9285,#9286,#9287,#9288,#9289,#9290,#9291,#9292,#9293,#9294,
#9295,#9296,#9297,#9298,#9299,#9300,#9301),#16141);
#16141=(
GEOMETRIC_REPRESENTATION_CONTEXT(3)
GLOBAL_UNCERTAINTY_ASSIGNED_CONTEXT((#16162))
GLOBAL_UNIT_ASSIGNED_CONTEXT((#16185,#16184,#16183))
REPRESENTATION_CONTEXT('right half','TOP_LEVEL_ASSEMBLY_PART')
);
#16142=(
GEOMETRIC_REPRESENTATION_CONTEXT(3)
GLOBAL_UNCERTAINTY_ASSIGNED_CONTEXT((#16163))
GLOBAL_UNIT_ASSIGNED_CONTEXT((#16185,#16184,#16183))
REPRESENTATION_CONTEXT('Part 5','COMPONENT_PART')
);
#16143=(
GEOMETRIC_REPRESENTATION_CONTEXT(3)
GLOBAL_UNCERTAINTY_ASSIGNED_CONTEXT((#16164))
GLOBAL_UNIT_ASSIGNED_CONTEXT((#16185,#16184,#16183))
REPRESENTATION_CONTEXT('Part 9','COMPONENT_PART')
);
#16144=(
GEOMETRIC_REPRESENTATION_CONTEXT(3)
GLOBAL_UNCERTAINTY_ASSIGNED_CONTEXT((#16165))
GLOBAL_UNIT_ASSIGNED_CONTEXT((#16185,#16184,#16183))
REPRESENTATION_CONTEXT('Part 6','COMPONENT_PART')
);
#16145=(
GEOMETRIC_REPRESENTATION_CONTEXT(3)
GLOBAL_UNCERTAINTY_ASSIGNED_CONTEXT((#16166))
GLOBAL_UNIT_ASSIGNED_CONTEXT((#16185,#16184,#16183))
REPRESENTATION_CONTEXT('Part 13','COMPONENT_PART')
);
#16146=(
GEOMETRIC_REPRESENTATION_CONTEXT(3)
GLOBAL_UNCERTAINTY_ASSIGNED_CONTEXT((#16167))
GLOBAL_UNIT_ASSIGNED_CONTEXT((#16185,#16184,#16183))
REPRESENTATION_CONTEXT('Part 12','COMPONENT_PART')
);
#16147=(
GEOMETRIC_REPRESENTATION_CONTEXT(3)
GLOBAL_UNCERTAINTY_ASSIGNED_CONTEXT((#16168))
GLOBAL_UNIT_ASSIGNED_CONTEXT((#16185,#16184,#16183))
REPRESENTATION_CONTEXT('Part 4','COMPONENT_PART')
);
#16148=(
GEOMETRIC_REPRESENTATION_CONTEXT(3)
GLOBAL_UNCERTAINTY_ASSIGNED_CONTEXT((#16169))
GLOBAL_UNIT_ASSIGNED_CONTEXT((#16185,#16184,#16183))
REPRESENTATION_CONTEXT('Part 6','COMPONENT_PART')
);
#16149=(
GEOMETRIC_REPRESENTATION_CONTEXT(3)
GLOBAL_UNCERTAINTY_ASSIGNED_CONTEXT((#16170))
GLOBAL_UNIT_ASSIGNED_CONTEXT((#16185,#16184,#16183))
REPRESENTATION_CONTEXT('Part 4','COMPONENT_PART')
);
#16150=(
GEOMETRIC_REPRESENTATION_CONTEXT(3)
GLOBAL_UNCERTAINTY_ASSIGNED_CONTEXT((#16171))
GLOBAL_UNIT_ASSIGNED_CONTEXT((#16185,#16184,#16183))
REPRESENTATION_CONTEXT('Part 11','COMPONENT_PART')
);
#16151=(
GEOMETRIC_REPRESENTATION_CONTEXT(3)
GLOBAL_UNCERTAINTY_ASSIGNED_CONTEXT((#16172))
GLOBAL_UNIT_ASSIGNED_CONTEXT((#16185,#16184,#16183))
REPRESENTATION_CONTEXT('Part 7','COMPONENT_PART')
);
#16152=(
GEOMETRIC_REPRESENTATION_CONTEXT(3)
GLOBAL_UNCERTAINTY_ASSIGNED_CONTEXT((#16173))
GLOBAL_UNIT_ASSIGNED_CONTEXT((#16185,#16184,#16183))
REPRESENTATION_CONTEXT('Part 1','COMPONENT_PART')
);
#16153=(
GEOMETRIC_REPRESENTATION_CONTEXT(3)
GLOBAL_UNCERTAINTY_ASSIGNED_CONTEXT((#16174))
GLOBAL_UNIT_ASSIGNED_CONTEXT((#16185,#16184,#16183))
REPRESENTATION_CONTEXT('Part 14','COMPONENT_PART')
);
#16154=(
GEOMETRIC_REPRESENTATION_CONTEXT(3)
GLOBAL_UNCERTAINTY_ASSIGNED_CONTEXT((#16175))
GLOBAL_UNIT_ASSIGNED_CONTEXT((#16185,#16184,#16183))
REPRESENTATION_CONTEXT('Part 5','COMPONENT_PART')
);
#16155=(
GEOMETRIC_REPRESENTATION_CONTEXT(3)
GLOBAL_UNCERTAINTY_ASSIGNED_CONTEXT((#16176))
GLOBAL_UNIT_ASSIGNED_CONTEXT((#16185,#16184,#16183))
REPRESENTATION_CONTEXT('Part 1','COMPONENT_PART')
);
#16156=(
GEOMETRIC_REPRESENTATION_CONTEXT(3)
GLOBAL_UNCERTAINTY_ASSIGNED_CONTEXT((#16177))
GLOBAL_UNIT_ASSIGNED_CONTEXT((#16185,#16184,#16183))
REPRESENTATION_CONTEXT('Part 1','COMPONENT_PART')
);
#16157=(
GEOMETRIC_REPRESENTATION_CONTEXT(3)
GLOBAL_UNCERTAINTY_ASSIGNED_CONTEXT((#16178))
GLOBAL_UNIT_ASSIGNED_CONTEXT((#16185,#16184,#16183))
REPRESENTATION_CONTEXT('Part 3','COMPONENT_PART')
);
#16158=(
GEOMETRIC_REPRESENTATION_CONTEXT(3)
GLOBAL_UNCERTAINTY_ASSIGNED_CONTEXT((#16179))
GLOBAL_UNIT_ASSIGNED_CONTEXT((#16185,#16184,#16183))
REPRESENTATION_CONTEXT('Part 1','COMPONENT_PART')
);
#16159=(
GEOMETRIC_REPRESENTATION_CONTEXT(3)
GLOBAL_UNCERTAINTY_ASSIGNED_CONTEXT((#16180))
GLOBAL_UNIT_ASSIGNED_CONTEXT((#16185,#16184,#16183))
REPRESENTATION_CONTEXT('Part 10','COMPONENT_PART')
);
#16160=(
GEOMETRIC_REPRESENTATION_CONTEXT(3)
GLOBAL_UNCERTAINTY_ASSIGNED_CONTEXT((#16181))
GLOBAL_UNIT_ASSIGNED_CONTEXT((#16185,#16184,#16183))
REPRESENTATION_CONTEXT('Part 3','COMPONENT_PART')
);
#16161=(
GEOMETRIC_REPRESENTATION_CONTEXT(3)
GLOBAL_UNCERTAINTY_ASSIGNED_CONTEXT((#16182))
GLOBAL_UNIT_ASSIGNED_CONTEXT((#16185,#16184,#16183))
REPRESENTATION_CONTEXT('Part 8','COMPONENT_PART')
);
#16162=UNCERTAINTY_MEASURE_WITH_UNIT(LENGTH_MEASURE(1.E-8),#16185,
'DISTANCE_ACCURACY_VALUE','Maximum Tolerance applied to model');
#16163=UNCERTAINTY_MEASURE_WITH_UNIT(LENGTH_MEASURE(2.20000000003469E-7),
#16185,'DISTANCE_ACCURACY_VALUE','Maximum Tolerance applied to model');
#16164=UNCERTAINTY_MEASURE_WITH_UNIT(LENGTH_MEASURE(2.2E-6),#16185,
'DISTANCE_ACCURACY_VALUE','Maximum Tolerance applied to model');
#16165=UNCERTAINTY_MEASURE_WITH_UNIT(LENGTH_MEASURE(1.E-8),#16185,
'DISTANCE_ACCURACY_VALUE','Maximum Tolerance applied to model');
#16166=UNCERTAINTY_MEASURE_WITH_UNIT(LENGTH_MEASURE(2.E-5),#16185,
'DISTANCE_ACCURACY_VALUE','Maximum Tolerance applied to model');
#16167=UNCERTAINTY_MEASURE_WITH_UNIT(LENGTH_MEASURE(2.E-5),#16185,
'DISTANCE_ACCURACY_VALUE','Maximum Tolerance applied to model');
#16168=UNCERTAINTY_MEASURE_WITH_UNIT(LENGTH_MEASURE(1.E-8),#16185,
'DISTANCE_ACCURACY_VALUE','Maximum Tolerance applied to model');
#16169=UNCERTAINTY_MEASURE_WITH_UNIT(LENGTH_MEASURE(2.20000000003469E-7),
#16185,'DISTANCE_ACCURACY_VALUE','Maximum Tolerance applied to model');
#16170=UNCERTAINTY_MEASURE_WITH_UNIT(LENGTH_MEASURE(2.2E-7),#16185,
'DISTANCE_ACCURACY_VALUE','Maximum Tolerance applied to model');
#16171=UNCERTAINTY_MEASURE_WITH_UNIT(LENGTH_MEASURE(2.E-5),#16185,
'DISTANCE_ACCURACY_VALUE','Maximum Tolerance applied to model');
#16172=UNCERTAINTY_MEASURE_WITH_UNIT(LENGTH_MEASURE(1.32316995339208E-6),
#16185,'DISTANCE_ACCURACY_VALUE','Maximum Tolerance applied to model');
#16173=UNCERTAINTY_MEASURE_WITH_UNIT(LENGTH_MEASURE(1.E-6),#16185,
'DISTANCE_ACCURACY_VALUE','Maximum Tolerance applied to model');
#16174=UNCERTAINTY_MEASURE_WITH_UNIT(LENGTH_MEASURE(2.E-5),#16185,
'DISTANCE_ACCURACY_VALUE','Maximum Tolerance applied to model');
#16175=UNCERTAINTY_MEASURE_WITH_UNIT(LENGTH_MEASURE(1.E-8),#16185,
'DISTANCE_ACCURACY_VALUE','Maximum Tolerance applied to model');
#16176=UNCERTAINTY_MEASURE_WITH_UNIT(LENGTH_MEASURE(1.E-6),#16185,
'DISTANCE_ACCURACY_VALUE','Maximum Tolerance applied to model');
#16177=UNCERTAINTY_MEASURE_WITH_UNIT(LENGTH_MEASURE(1.E-6),#16185,
'DISTANCE_ACCURACY_VALUE','Maximum Tolerance applied to model');
#16178=UNCERTAINTY_MEASURE_WITH_UNIT(LENGTH_MEASURE(1.E-8),#16185,
'DISTANCE_ACCURACY_VALUE','Maximum Tolerance applied to model');
#16179=UNCERTAINTY_MEASURE_WITH_UNIT(LENGTH_MEASURE(2.E-5),#16185,
'DISTANCE_ACCURACY_VALUE','Maximum Tolerance applied to model');
#16180=UNCERTAINTY_MEASURE_WITH_UNIT(LENGTH_MEASURE(1.E-8),#16185,
'DISTANCE_ACCURACY_VALUE','Maximum Tolerance applied to model');
#16181=UNCERTAINTY_MEASURE_WITH_UNIT(LENGTH_MEASURE(2.2E-7),#16185,
'DISTANCE_ACCURACY_VALUE','Maximum Tolerance applied to model');
#16182=UNCERTAINTY_MEASURE_WITH_UNIT(LENGTH_MEASURE(1.E-8),#16185,
'DISTANCE_ACCURACY_VALUE','Maximum Tolerance applied to model');
#16183=(
NAMED_UNIT(*)
SI_UNIT($,.STERADIAN.)
SOLID_ANGLE_UNIT()
);
#16184=(
NAMED_UNIT(*)
PLANE_ANGLE_UNIT()
SI_UNIT($,.RADIAN.)
);
#16185=(
LENGTH_UNIT()
NAMED_UNIT(*)
SI_UNIT($,.METRE.)
);
#16186=PRODUCT_DEFINITION_SHAPE('','',#16247);
#16187=PRODUCT_DEFINITION_SHAPE('','',#16248);
#16188=PRODUCT_DEFINITION_SHAPE(' ','NAUO PRDDFN',#430);
#16189=PRODUCT_DEFINITION_SHAPE('','',#16249);
#16190=PRODUCT_DEFINITION_SHAPE(' ','NAUO PRDDFN',#431);
#16191=PRODUCT_DEFINITION_SHAPE('','',#16250);
#16192=PRODUCT_DEFINITION_SHAPE(' ','NAUO PRDDFN',#432);
#16193=PRODUCT_DEFINITION_SHAPE('','',#16251);
#16194=PRODUCT_DEFINITION_SHAPE(' ','NAUO PRDDFN',#433);
#16195=PRODUCT_DEFINITION_SHAPE('','',#16252);
#16196=PRODUCT_DEFINITION_SHAPE(' ','NAUO PRDDFN',#434);
#16197=PRODUCT_DEFINITION_SHAPE(' ','NAUO PRDDFN',#435);
#16198=PRODUCT_DEFINITION_SHAPE(' ','NAUO PRDDFN',#436);
#16199=PRODUCT_DEFINITION_SHAPE('','',#16253);
#16200=PRODUCT_DEFINITION_SHAPE(' ','NAUO PRDDFN',#437);
#16201=PRODUCT_DEFINITION_SHAPE('','',#16254);
#16202=PRODUCT_DEFINITION_SHAPE(' ','NAUO PRDDFN',#438);
#16203=PRODUCT_DEFINITION_SHAPE('','',#16255);
#16204=PRODUCT_DEFINITION_SHAPE(' ','NAUO PRDDFN',#439);
#16205=PRODUCT_DEFINITION_SHAPE('','',#16256);
#16206=PRODUCT_DEFINITION_SHAPE(' ','NAUO PRDDFN',#440);
#16207=PRODUCT_DEFINITION_SHAPE('','',#16257);
#16208=PRODUCT_DEFINITION_SHAPE(' ','NAUO PRDDFN',#441);
#16209=PRODUCT_DEFINITION_SHAPE('','',#16258);
#16210=PRODUCT_DEFINITION_SHAPE(' ','NAUO PRDDFN',#442);
#16211=PRODUCT_DEFINITION_SHAPE('','',#16259);
#16212=PRODUCT_DEFINITION_SHAPE(' ','NAUO PRDDFN',#443);
#16213=PRODUCT_DEFINITION_SHAPE(' ','NAUO PRDDFN',#444);
#16214=PRODUCT_DEFINITION_SHAPE(' ','NAUO PRDDFN',#445);
#16215=PRODUCT_DEFINITION_SHAPE(' ','NAUO PRDDFN',#446);
#16216=PRODUCT_DEFINITION_SHAPE(' ','NAUO PRDDFN',#447);
#16217=PRODUCT_DEFINITION_SHAPE('','',#16260);
#16218=PRODUCT_DEFINITION_SHAPE(' ','NAUO PRDDFN',#448);
#16219=PRODUCT_DEFINITION_SHAPE(' ','NAUO PRDDFN',#449);
#16220=PRODUCT_DEFINITION_SHAPE(' ','NAUO PRDDFN',#450);
#16221=PRODUCT_DEFINITION_SHAPE('','',#16261);
#16222=PRODUCT_DEFINITION_SHAPE(' ','NAUO PRDDFN',#451);
#16223=PRODUCT_DEFINITION_SHAPE(' ','NAUO PRDDFN',#452);
#16224=PRODUCT_DEFINITION_SHAPE(' ','NAUO PRDDFN',#453);
#16225=PRODUCT_DEFINITION_SHAPE('','',#16262);
#16226=PRODUCT_DEFINITION_SHAPE(' ','NAUO PRDDFN',#454);
#16227=PRODUCT_DEFINITION_SHAPE('','',#16263);
#16228=PRODUCT_DEFINITION_SHAPE(' ','NAUO PRDDFN',#455);
#16229=PRODUCT_DEFINITION_SHAPE('','',#16264);
#16230=PRODUCT_DEFINITION_SHAPE(' ','NAUO PRDDFN',#456);
#16231=PRODUCT_DEFINITION_SHAPE(' ','NAUO PRDDFN',#457);
#16232=PRODUCT_DEFINITION_SHAPE('','',#16265);
#16233=PRODUCT_DEFINITION_SHAPE(' ','NAUO PRDDFN',#458);
#16234=PRODUCT_DEFINITION_SHAPE(' ','NAUO PRDDFN',#459);
#16235=PRODUCT_DEFINITION_SHAPE(' ','NAUO PRDDFN',#460);
#16236=PRODUCT_DEFINITION_SHAPE(' ','NAUO PRDDFN',#461);
#16237=PRODUCT_DEFINITION_SHAPE(' ','NAUO PRDDFN',#462);
#16238=PRODUCT_DEFINITION_SHAPE('','',#16266);
#16239=PRODUCT_DEFINITION_SHAPE(' ','NAUO PRDDFN',#463);
#16240=PRODUCT_DEFINITION_SHAPE(' ','NAUO PRDDFN',#464);
#16241=PRODUCT_DEFINITION_SHAPE(' ','NAUO PRDDFN',#465);
#16242=PRODUCT_DEFINITION_SHAPE(' ','NAUO PRDDFN',#466);
#16243=PRODUCT_DEFINITION_SHAPE('','',#16267);
#16244=PRODUCT_DEFINITION_SHAPE(' ','NAUO PRDDFN',#467);
#16245=PRODUCT_DEFINITION_SHAPE(' ','NAUO PRDDFN',#468);
#16246=PRODUCT_DEFINITION_SHAPE(' ','NAUO PRDDFN',#469);
#16247=PRODUCT_DEFINITION('','',#16289,#16268);
#16248=PRODUCT_DEFINITION('','',#16290,#16269);
#16249=PRODUCT_DEFINITION('','',#16291,#16270);
#16250=PRODUCT_DEFINITION('','',#16292,#16271);
#16251=PRODUCT_DEFINITION('','',#16293,#16272);
#16252=PRODUCT_DEFINITION('','',#16294,#16273);
#16253=PRODUCT_DEFINITION('','',#16295,#16274);
#16254=PRODUCT_DEFINITION('','',#16296,#16275);
#16255=PRODUCT_DEFINITION('','',#16297,#16276);
#16256=PRODUCT_DEFINITION('','',#16298,#16277);
#16257=PRODUCT_DEFINITION('','',#16299,#16278);
#16258=PRODUCT_DEFINITION('','',#16300,#16279);
#16259=PRODUCT_DEFINITION('','',#16301,#16280);
#16260=PRODUCT_DEFINITION('','',#16302,#16281);
#16261=PRODUCT_DEFINITION('','',#16303,#16282);
#16262=PRODUCT_DEFINITION('','',#16304,#16283);
#16263=PRODUCT_DEFINITION('','',#16305,#16284);
#16264=PRODUCT_DEFINITION('','',#16306,#16285);
#16265=PRODUCT_DEFINITION('','',#16307,#16286);
#16266=PRODUCT_DEFINITION('','',#16308,#16287);
#16267=PRODUCT_DEFINITION('','',#16309,#16288);
#16268=PRODUCT_DEFINITION_CONTEXT('',#16395,'design');
#16269=PRODUCT_DEFINITION_CONTEXT('',#16395,'design');
#16270=PRODUCT_DEFINITION_CONTEXT('',#16395,'design');
#16271=PRODUCT_DEFINITION_CONTEXT('',#16395,'design');
#16272=PRODUCT_DEFINITION_CONTEXT('',#16395,'design');
#16273=PRODUCT_DEFINITION_CONTEXT('',#16395,'design');
#16274=PRODUCT_DEFINITION_CONTEXT('',#16395,'design');
#16275=PRODUCT_DEFINITION_CONTEXT('',#16395,'design');
#16276=PRODUCT_DEFINITION_CONTEXT('',#16395,'design');
#16277=PRODUCT_DEFINITION_CONTEXT('',#16395,'design');
#16278=PRODUCT_DEFINITION_CONTEXT('',#16395,'design');
#16279=PRODUCT_DEFINITION_CONTEXT('',#16395,'design');
#16280=PRODUCT_DEFINITION_CONTEXT('',#16395,'design');
#16281=PRODUCT_DEFINITION_CONTEXT('',#16395,'design');
#16282=PRODUCT_DEFINITION_CONTEXT('',#16395,'design');
#16283=PRODUCT_DEFINITION_CONTEXT('',#16395,'design');
#16284=PRODUCT_DEFINITION_CONTEXT('',#16395,'design');
#16285=PRODUCT_DEFINITION_CONTEXT('',#16395,'design');
#16286=PRODUCT_DEFINITION_CONTEXT('',#16395,'design');
#16287=PRODUCT_DEFINITION_CONTEXT('',#16395,'design');
#16288=PRODUCT_DEFINITION_CONTEXT('',#16395,'design');
#16289=PRODUCT_DEFINITION_FORMATION_WITH_SPECIFIED_SOURCE('','',#16331,
 .NOT_KNOWN.);
#16290=PRODUCT_DEFINITION_FORMATION_WITH_SPECIFIED_SOURCE('','',#16332,
 .NOT_KNOWN.);
#16291=PRODUCT_DEFINITION_FORMATION_WITH_SPECIFIED_SOURCE('','',#16333,
 .NOT_KNOWN.);
#16292=PRODUCT_DEFINITION_FORMATION_WITH_SPECIFIED_SOURCE('','',#16334,
 .NOT_KNOWN.);
#16293=PRODUCT_DEFINITION_FORMATION_WITH_SPECIFIED_SOURCE('','',#16335,
 .NOT_KNOWN.);
#16294=PRODUCT_DEFINITION_FORMATION_WITH_SPECIFIED_SOURCE('','',#16336,
 .NOT_KNOWN.);
#16295=PRODUCT_DEFINITION_FORMATION_WITH_SPECIFIED_SOURCE('','',#16337,
 .NOT_KNOWN.);
#16296=PRODUCT_DEFINITION_FORMATION_WITH_SPECIFIED_SOURCE('','',#16338,
 .NOT_KNOWN.);
#16297=PRODUCT_DEFINITION_FORMATION_WITH_SPECIFIED_SOURCE('','',#16339,
 .NOT_KNOWN.);
#16298=PRODUCT_DEFINITION_FORMATION_WITH_SPECIFIED_SOURCE('','',#16340,
 .NOT_KNOWN.);
#16299=PRODUCT_DEFINITION_FORMATION_WITH_SPECIFIED_SOURCE('','',#16341,
 .NOT_KNOWN.);
#16300=PRODUCT_DEFINITION_FORMATION_WITH_SPECIFIED_SOURCE('','',#16342,
 .NOT_KNOWN.);
#16301=PRODUCT_DEFINITION_FORMATION_WITH_SPECIFIED_SOURCE('','',#16343,
 .NOT_KNOWN.);
#16302=PRODUCT_DEFINITION_FORMATION_WITH_SPECIFIED_SOURCE('','',#16344,
 .NOT_KNOWN.);
#16303=PRODUCT_DEFINITION_FORMATION_WITH_SPECIFIED_SOURCE('','',#16345,
 .NOT_KNOWN.);
#16304=PRODUCT_DEFINITION_FORMATION_WITH_SPECIFIED_SOURCE('','',#16346,
 .NOT_KNOWN.);
#16305=PRODUCT_DEFINITION_FORMATION_WITH_SPECIFIED_SOURCE('','',#16347,
 .NOT_KNOWN.);
#16306=PRODUCT_DEFINITION_FORMATION_WITH_SPECIFIED_SOURCE('','',#16348,
 .NOT_KNOWN.);
#16307=PRODUCT_DEFINITION_FORMATION_WITH_SPECIFIED_SOURCE('','',#16349,
 .NOT_KNOWN.);
#16308=PRODUCT_DEFINITION_FORMATION_WITH_SPECIFIED_SOURCE('','',#16350,
 .NOT_KNOWN.);
#16309=PRODUCT_DEFINITION_FORMATION_WITH_SPECIFIED_SOURCE('','',#16351,
 .NOT_KNOWN.);
#16310=PRODUCT_RELATED_PRODUCT_CATEGORY('','',(#16331));
#16311=PRODUCT_RELATED_PRODUCT_CATEGORY('','',(#16332));
#16312=PRODUCT_RELATED_PRODUCT_CATEGORY('','',(#16333));
#16313=PRODUCT_RELATED_PRODUCT_CATEGORY('','',(#16334));
#16314=PRODUCT_RELATED_PRODUCT_CATEGORY('','',(#16335));
#16315=PRODUCT_RELATED_PRODUCT_CATEGORY('','',(#16336));
#16316=PRODUCT_RELATED_PRODUCT_CATEGORY('','',(#16337));
#16317=PRODUCT_RELATED_PRODUCT_CATEGORY('','',(#16338));
#16318=PRODUCT_RELATED_PRODUCT_CATEGORY('','',(#16339));
#16319=PRODUCT_RELATED_PRODUCT_CATEGORY('','',(#16340));
#16320=PRODUCT_RELATED_PRODUCT_CATEGORY('','',(#16341));
#16321=PRODUCT_RELATED_PRODUCT_CATEGORY('','',(#16342));
#16322=PRODUCT_RELATED_PRODUCT_CATEGORY('','',(#16343));
#16323=PRODUCT_RELATED_PRODUCT_CATEGORY('','',(#16344));
#16324=PRODUCT_RELATED_PRODUCT_CATEGORY('','',(#16345));
#16325=PRODUCT_RELATED_PRODUCT_CATEGORY('','',(#16346));
#16326=PRODUCT_RELATED_PRODUCT_CATEGORY('','',(#16347));
#16327=PRODUCT_RELATED_PRODUCT_CATEGORY('','',(#16348));
#16328=PRODUCT_RELATED_PRODUCT_CATEGORY('','',(#16349));
#16329=PRODUCT_RELATED_PRODUCT_CATEGORY('','',(#16350));
#16330=PRODUCT_RELATED_PRODUCT_CATEGORY('','',(#16351));
#16331=PRODUCT('right half','right half','right half',(#16373));
#16332=PRODUCT('Part 5','Part 5','Part 5',(#16374));
#16333=PRODUCT('Part 9','Part 9','Part 9',(#16375));
#16334=PRODUCT('Part 6','Part 6','Part 6',(#16376));
#16335=PRODUCT('Part 13','Part 13','Part 13',(#16377));
#16336=PRODUCT('Part 12','Part 12','Part 12',(#16378));
#16337=PRODUCT('Part 4','Part 4','Part 4',(#16379));
#16338=PRODUCT('Part 6','Part 6','Part 6',(#16380));
#16339=PRODUCT('Part 4','Part 4','Part 4',(#16381));
#16340=PRODUCT('Part 11','Part 11','Part 11',(#16382));
#16341=PRODUCT('Part 7','Part 7','Part 7',(#16383));
#16342=PRODUCT('Part 1','Part 1','Part 1',(#16384));
#16343=PRODUCT('Part 14','Part 14','Part 14',(#16385));
#16344=PRODUCT('Part 5','Part 5','Part 5',(#16386));
#16345=PRODUCT('Part 1','Part 1','Part 1',(#16387));
#16346=PRODUCT('Part 1','Part 1','Part 1',(#16388));
#16347=PRODUCT('Part 3','Part 3','Part 3',(#16389));
#16348=PRODUCT('Part 1','Part 1','Part 1',(#16390));
#16349=PRODUCT('Part 10','Part 10','Part 10',(#16391));
#16350=PRODUCT('Part 3','Part 3','Part 3',(#16392));
#16351=PRODUCT('Part 8','Part 8','Part 8',(#16393));
#16352=PRODUCT_CATEGORY('','');
#16353=PRODUCT_CATEGORY('','');
#16354=PRODUCT_CATEGORY('','');
#16355=PRODUCT_CATEGORY('','');
#16356=PRODUCT_CATEGORY('','');
#16357=PRODUCT_CATEGORY('','');
#16358=PRODUCT_CATEGORY('','');
#16359=PRODUCT_CATEGORY('','');
#16360=PRODUCT_CATEGORY('','');
#16361=PRODUCT_CATEGORY('','');
#16362=PRODUCT_CATEGORY('','');
#16363=PRODUCT_CATEGORY('','');
#16364=PRODUCT_CATEGORY('','');
#16365=PRODUCT_CATEGORY('','');
#16366=PRODUCT_CATEGORY('','');
#16367=PRODUCT_CATEGORY('','');
#16368=PRODUCT_CATEGORY('','');
#16369=PRODUCT_CATEGORY('','');
#16370=PRODUCT_CATEGORY('','');
#16371=PRODUCT_CATEGORY('','');
#16372=PRODUCT_CATEGORY('','');
#16373=PRODUCT_CONTEXT('',#16395,'mechanical');
#16374=PRODUCT_CONTEXT('',#16395,'mechanical');
#16375=PRODUCT_CONTEXT('',#16395,'mechanical');
#16376=PRODUCT_CONTEXT('',#16395,'mechanical');
#16377=PRODUCT_CONTEXT('',#16395,'mechanical');
#16378=PRODUCT_CONTEXT('',#16395,'mechanical');
#16379=PRODUCT_CONTEXT('',#16395,'mechanical');
#16380=PRODUCT_CONTEXT('',#16395,'mechanical');
#16381=PRODUCT_CONTEXT('',#16395,'mechanical');
#16382=PRODUCT_CONTEXT('',#16395,'mechanical');
#16383=PRODUCT_CONTEXT('',#16395,'mechanical');
#16384=PRODUCT_CONTEXT('',#16395,'mechanical');
#16385=PRODUCT_CONTEXT('',#16395,'mechanical');
#16386=PRODUCT_CONTEXT('',#16395,'mechanical');
#16387=PRODUCT_CONTEXT('',#16395,'mechanical');
#16388=PRODUCT_CONTEXT('',#16395,'mechanical');
#16389=PRODUCT_CONTEXT('',#16395,'mechanical');
#16390=PRODUCT_CONTEXT('',#16395,'mechanical');
#16391=PRODUCT_CONTEXT('',#16395,'mechanical');
#16392=PRODUCT_CONTEXT('',#16395,'mechanical');
#16393=PRODUCT_CONTEXT('',#16395,'mechanical');
#16394=APPLICATION_PROTOCOL_DEFINITION('international standard',
'ap242_managed_model_based_3d_engineering',2020,#16395);
#16395=APPLICATION_CONTEXT('managed model based 3d engineering');
ENDSEC;
END-ISO-10303-21;
